Distance;ShortName2;Time2;Speed2;Stroke2;ShortName3;Time3;Speed3;Stroke3;ShortName4;Time4;Speed4;Stroke4;ShortName5;Time5;Speed5;Stroke5;ShortName1;Time1;Speed1;Stroke1;
5;CAN;00:03.226;2.6;0.0;TUN;00:02.951;3.0;0.0;POL;00:02.901;2.9;0.0;MEX;00:02.753;3.0;0.0;IRL;00:02.897;3.1;0.0
10;CAN;00:04.914;2.8;41.0;TUN;00:04.378;3.4;45.0;POL;00:04.368;3.3;45.0;MEX;00:04.140;3.3;52.0;IRL;00:04.249;3.3;41.0
15;CAN;00:06.252;3.0;39.0;TUN;00:05.670;3.5;45.0;POL;00:05.654;3.5;44.0;MEX;00:05.332;3.6;53.0;IRL;00:05.441;3.6;42.0
20;CAN;00:07.468;3.7;39.0;TUN;00:06.917;3.8;45.0;POL;00:06.884;3.8;43.0;MEX;00:06.519;4.0;52.0;IRL;00:06.499;4.1;43.0
25;CAN;00:08.606;4.1;40.0;TUN;00:08.061;4.2;44.0;POL;00:08.020;4.1;43.0;MEX;00:07.655;4.3;52.0;IRL;00:07.661;4.4;43.0
30;CAN;00:09.645;4.4;40.0;TUN;00:09.174;4.3;44.0;POL;00:09.141;4.3;43.0;MEX;00:08.784;4.4;51.0;IRL;00:08.785;4.6;42.0
35;CAN;00:10.767;4.5;40.0;TUN;00:10.357;4.3;43.0;POL;00:10.324;4.3;42.0;MEX;00:09.902;4.5;50.0;IRL;00:09.892;4.6;42.0
40;CAN;00:11.912;4.5;42.0;TUN;00:11.546;4.3;43.0;POL;00:11.508;4.4;41.0;MEX;00:11.036;4.6;49.0;IRL;00:10.917;4.6;41.0
45;CAN;00:13.034;4.6;42.0;TUN;00:12.726;4.3;43.0;POL;00:12.661;4.4;41.0;MEX;00:12.141;4.6;47.0;IRL;00:12.087;4.5;40.0
50;CAN;00:14.130;4.6;42.0;TUN;00:13.865;4.4;42.0;POL;00:13.727;4.4;41.0;MEX;00:13.184;4.5;46.0;IRL;00:13.213;4.5;40.0
55;CAN;00:15.121;4.6;42.0;TUN;00:14.934;4.4;42.0;POL;00:14.849;4.4;40.0;MEX;00:14.239;4.5;45.0;IRL;00:14.273;4.5;40.0
60;CAN;00:16.265;4.6;42.0;TUN;00:16.086;4.4;42.0;POL;00:16.027;4.4;40.0;MEX;00:15.343;4.6;45.0;IRL;00:15.340;4.6;40.0
65;CAN;00:17.361;4.6;42.0;TUN;00:17.274;4.4;42.0;POL;00:17.174;4.5;40.0;MEX;00:16.452;4.6;45.0;IRL;00:16.510;4.6;40.0
70;CAN;00:18.436;4.6;42.0;TUN;00:18.438;4.4;42.0;POL;00:18.214;4.5;40.0;MEX;00:17.559;4.7;45.0;IRL;00:17.648;4.5;40.0
75;CAN;00:19.444;4.6;42.0;TUN;00:19.592;4.4;42.0;POL;00:19.350;4.4;40.0;MEX;00:18.644;4.6;46.0;IRL;00:18.687;4.5;39.0
80;CAN;00:20.632;4.6;41.0;TUN;00:20.701;4.4;42.0;POL;00:20.524;4.4;40.0;MEX;00:19.682;4.6;46.0;IRL;00:19.866;4.4;39.0
85;CAN;00:21.885;4.5;41.0;TUN;00:21.866;4.3;42.0;POL;00:21.686;4.4;40.0;MEX;00:20.882;4.5;45.0;IRL;00:21.041;4.4;38.0
90;CAN;00:23.055;4.3;40.0;TUN;00:23.114;4.2;42.0;POL;00:22.758;4.4;40.0;MEX;00:22.046;4.4;44.0;IRL;00:22.126;4.4;38.0
95;CAN;00:24.206;4.1;39.0;TUN;00:24.327;4.2;42.0;POL;00:23.917;4.4;40.0;MEX;00:23.212;4.4;43.0;IRL;00:23.275;4.4;37.0
100;CAN;00:25.425;4.1;38.0;TUN;00:25.518;4.2;42.0;POL;00:25.130;4.3;40.0;MEX;00:24.292;4.4;42.0;IRL;00:24.496;4.3;37.0
105;CAN;00:26.588;4.3;38.0;TUN;00:26.654;4.2;42.0;POL;00:26.321;4.3;40.0;MEX;00:25.440;4.3;42.0;IRL;00:25.683;4.3;37.0
110;CAN;00:27.689;4.4;38.0;TUN;00:27.778;4.2;42.0;POL;00:27.397;4.3;39.0;MEX;00:26.639;4.4;41.0;IRL;00:26.748;4.3;37.0
115;CAN;00:28.807;4.4;38.0;TUN;00:29.018;4.2;41.0;POL;00:28.584;4.3;39.0;MEX;00:27.817;4.4;40.0;IRL;00:27.979;4.3;37.0
120;CAN;00:30.016;4.4;38.0;TUN;00:30.215;4.3;41.0;POL;00:29.798;4.3;39.0;MEX;00:28.914;4.3;40.0;IRL;00:29.184;4.3;37.0
125;CAN;00:31.178;4.4;38.0;TUN;00:31.393;4.3;41.0;POL;00:30.977;4.3;38.0;MEX;00:30.057;4.3;39.0;IRL;00:30.284;4.3;37.0
130;CAN;00:32.230;4.4;38.0;TUN;00:32.532;4.3;41.0;POL;00:32.049;4.3;38.0;MEX;00:31.251;4.3;39.0;IRL;00:31.423;4.3;37.0
135;CAN;00:33.385;4.4;38.0;TUN;00:33.692;4.3;41.0;POL;00:33.274;4.3;38.0;MEX;00:32.456;4.3;39.0;IRL;00:32.626;4.3;36.0
140;CAN;00:34.552;4.4;38.0;TUN;00:34.898;4.2;41.0;POL;00:34.537;4.3;38.0;MEX;00:33.550;4.3;38.0;IRL;00:33.768;4.4;36.0
145;CAN;00:35.687;4.4;38.0;TUN;00:36.124;4.2;40.0;POL;00:35.819;4.1;38.0;MEX;00:34.758;4.2;38.0;IRL;00:34.840;4.4;36.0
150;CAN;00:36.791;4.4;38.0;TUN;00:37.347;4.2;40.0;POL;00:36.966;4.0;38.0;MEX;00:35.995;4.2;38.0;IRL;00:36.059;4.4;36.0
155;CAN;00:38.018;4.4;38.0;TUN;00:38.466;4.2;40.0;POL;00:38.205;4.0;38.0;MEX;00:37.219;4.2;38.0;IRL;00:37.236;4.4;36.0
160;CAN;00:39.200;4.3;38.0;TUN;00:39.668;4.1;40.0;POL;00:39.485;4.1;38.0;MEX;00:38.373;4.2;38.0;IRL;00:38.299;4.3;36.0
165;CAN;00:40.265;4.3;37.0;TUN;00:40.920;4.1;39.0;POL;00:40.726;4.1;37.0;MEX;00:39.581;4.1;38.0;IRL;00:39.560;4.3;36.0
170;CAN;00:41.465;4.3;37.0;TUN;00:42.166;4.2;39.0;POL;00:41.844;4.1;37.0;MEX;00:40.869;4.1;38.0;IRL;00:40.799;4.2;36.0
175;CAN;00:42.670;4.3;37.0;TUN;00:43.377;4.1;39.0;POL;00:43.149;4.1;36.0;MEX;00:42.142;4.0;38.0;IRL;00:41.952;4.2;36.0
180;CAN;00:43.836;4.3;37.0;TUN;00:44.533;4.1;38.0;POL;00:44.461;4.0;36.0;MEX;00:43.387;4.0;38.0;IRL;00:43.100;4.2;36.0
185;CAN;00:44.972;4.3;37.0;TUN;00:45.813;4.0;38.0;POL;00:45.753;4.0;36.0;MEX;00:44.497;4.0;38.0;IRL;00:44.369;4.2;36.0
190;CAN;00:46.232;4.2;36.0;TUN;00:47.073;4.0;38.0;POL;00:46.908;4.0;36.0;MEX;00:45.778;4.1;38.0;IRL;00:45.599;4.2;36.0
195;CAN;00:47.457;4.2;36.0;TUN;00:48.303;4.1;38.0;POL;00:48.172;4.0;36.0;MEX;00:47.022;4.1;37.0;IRL;00:46.692;4.2;36.0
200;CAN;00:48.557;4.2;36.0;TUN;00:49.422;4.1;38.0;POL;00:49.454;4.0;36.0;MEX;00:48.245;4.1;37.0;IRL;00:47.966;4.1;36.0
205;CAN;00:49.797;4.1;36.0;TUN;00:50.647;4.1;38.0;POL;00:50.689;4.1;36.0;MEX;00:49.347;4.1;37.0;IRL;00:49.236;4.1;35.0
210;CAN;00:51.037;4.2;36.0;TUN;00:51.912;4.2;38.0;POL;00:51.807;4.1;35.0;MEX;00:50.589;4.1;37.0;IRL;00:50.426;4.1;35.0
215;CAN;00:52.206;4.2;36.0;TUN;00:53.115;4.2;38.0;POL;00:53.089;4.1;35.0;MEX;00:51.835;4.2;37.0;IRL;00:51.577;4.1;35.0
220;CAN;00:53.356;4.2;36.0;TUN;00:54.207;4.2;38.0;POL;00:54.337;4.1;35.0;MEX;00:53.050;4.2;38.0;IRL;00:52.847;4.1;36.0
225;CAN;00:54.594;4.2;36.0;TUN;00:55.421;4.2;38.0;POL;00:55.438;4.1;35.0;MEX;00:54.172;4.2;38.0;IRL;00:54.026;4.2;35.0
230;CAN;00:55.788;4.2;35.0;TUN;00:56.653;4.2;38.0;POL;00:56.656;4.2;35.0;MEX;00:55.375;4.2;38.0;IRL;00:55.153;4.2;35.0
235;CAN;00:56.902;4.3;35.0;TUN;00:57.829;4.2;38.0;POL;00:57.907;4.2;35.0;MEX;00:56.601;4.2;38.0;IRL;00:56.409;4.2;34.0
240;CAN;00:58.116;4.3;35.0;TUN;00:58.928;4.2;37.0;POL;00:59.060;4.2;35.0;MEX;00:57.792;4.2;38.0;IRL;00:57.614;4.2;34.0
245;CAN;00:59.343;4.3;35.0;TUN;01:00.162;4.2;37.0;POL;01:00.233;4.2;35.0;MEX;00:58.885;4.3;38.0;IRL;00:58.747;4.2;34.0
250;CAN;01:00.456;4.2;35.0;TUN;01:01.390;4.2;37.0;POL;01:01.491;4.2;35.0;MEX;01:00.094;4.3;37.0;IRL;00:59.994;4.2;34.0
255;CAN;01:01.724;4.1;35.0;TUN;01:02.552;4.3;37.0;POL;01:02.689;4.2;35.0;MEX;01:01.293;4.3;37.0;IRL;01:01.255;4.1;35.0
260;CAN;01:02.992;4.1;35.0;TUN;01:03.661;4.3;37.0;POL;01:03.786;4.2;35.0;MEX;01:02.425;4.3;37.0;IRL;01:02.398;4.1;35.0
265;CAN;01:04.193;4.1;35.0;TUN;01:04.936;4.2;37.0;POL;01:05.051;4.2;35.0;MEX;01:03.508;4.3;37.0;IRL;01:03.615;4.1;35.0
270;CAN;01:05.411;4.0;35.0;TUN;01:06.202;4.2;37.0;POL;01:06.288;4.2;35.0;MEX;01:04.731;4.3;38.0;IRL;01:04.913;4.1;35.0
275;CAN;01:06.713;4.0;34.0;TUN;01:07.420;4.1;38.0;POL;01:07.401;4.2;35.0;MEX;01:05.927;4.3;38.0;IRL;01:06.126;4.1;35.0
280;CAN;01:07.969;4.0;34.0;TUN;01:08.544;4.1;38.0;POL;01:08.650;4.1;35.0;MEX;01:07.068;4.3;38.0;IRL;01:07.250;4.1;35.0
285;CAN;01:09.090;4.0;34.0;TUN;01:09.806;4.1;38.0;POL;01:09.916;4.1;35.0;MEX;01:08.183;4.3;38.0;IRL;01:08.526;4.1;35.0
290;CAN;01:10.378;4.1;34.0;TUN;01:11.062;4.1;38.0;POL;01:11.122;4.1;35.0;MEX;01:09.420;4.3;38.0;IRL;01:09.756;4.1;35.0
295;CAN;01:11.622;4.1;34.0;TUN;01:12.283;4.1;37.0;POL;01:12.273;4.1;35.0;MEX;01:10.622;4.3;38.0;IRL;01:10.842;4.2;35.0
300;CAN;01:12.709;4.1;34.0;TUN;01:13.395;4.1;37.0;POL;01:13.566;4.1;35.0;MEX;01:11.706;4.3;38.0;IRL;01:12.110;4.2;35.0
305;CAN;01:13.987;4.2;34.0;TUN;01:14.636;4.1;37.0;POL;01:14.802;4.1;35.0;MEX;01:12.885;4.3;38.0;IRL;01:13.367;4.2;35.0
310;CAN;01:15.262;4.2;34.0;TUN;01:15.863;4.2;37.0;POL;01:15.887;4.1;35.0;MEX;01:14.108;4.3;37.0;IRL;01:14.507;4.1;34.0
315;CAN;01:16.398;4.1;34.0;TUN;01:17.044;4.2;37.0;POL;01:17.171;4.1;35.0;MEX;01:15.277;4.3;37.0;IRL;01:15.796;4.1;34.0
320;CAN;01:17.705;4.0;34.0;TUN;01:18.176;4.2;37.0;POL;01:18.418;4.2;35.0;MEX;01:16.371;4.3;37.0;IRL;01:17.090;4.0;34.0
325;CAN;01:18.963;4.0;34.0;TUN;01:19.443;4.2;37.0;POL;01:19.553;4.1;34.0;MEX;01:17.618;4.2;37.0;IRL;01:18.227;4.0;34.0
330;CAN;01:20.090;4.1;34.0;TUN;01:20.710;4.1;37.0;POL;01:20.839;4.1;34.0;MEX;01:18.833;4.3;37.0;IRL;01:19.467;4.0;34.0
335;CAN;01:21.295;4.2;34.0;TUN;01:21.922;4.1;37.0;POL;01:22.133;4.0;34.0;MEX;01:20.057;4.2;37.0;IRL;01:20.741;4.1;33.0
340;CAN;01:22.562;4.2;34.0;TUN;01:23.054;4.1;37.0;POL;01:23.334;4.0;34.0;MEX;01:21.162;4.2;38.0;IRL;01:21.927;4.1;33.0
345;CAN;01:23.752;4.2;34.0;TUN;01:24.348;4.1;37.0;POL;01:24.536;4.0;34.0;MEX;01:22.407;4.1;38.0;IRL;01:23.072;4.2;33.0
350;CAN;01:24.983;4.1;34.0;TUN;01:25.609;4.1;37.0;POL;01:25.847;4.0;34.0;MEX;01:23.646;4.1;38.0;IRL;01:24.351;4.2;34.0
355;CAN;01:26.256;4.0;34.0;TUN;01:26.798;4.1;37.0;POL;01:27.091;4.0;33.0;MEX;01:24.840;4.2;38.0;IRL;01:25.591;4.1;34.0
360;CAN;01:27.464;4.0;34.0;TUN;01:27.933;4.1;37.0;POL;01:28.247;4.0;33.0;MEX;01:25.952;4.2;37.0;IRL;01:26.700;4.1;34.0
365;CAN;01:28.618;4.1;34.0;TUN;01:29.215;4.1;37.0;POL;01:29.576;4.0;33.0;MEX;01:27.220;4.2;37.0;IRL;01:27.982;4.1;34.0
370;CAN;01:29.884;4.2;34.0;TUN;01:30.509;4.1;37.0;POL;01:30.880;4.0;33.0;MEX;01:28.464;4.1;37.0;IRL;01:29.214;4.1;34.0
375;CAN;01:31.123;4.1;33.0;TUN;01:31.755;4.1;37.0;POL;01:32.055;3.9;33.0;MEX;01:29.624;4.1;37.0;IRL;01:30.294;4.2;34.0
380;CAN;01:32.300;4.1;33.0;TUN;01:32.890;4.0;37.0;POL;01:33.441;3.9;33.0;MEX;01:30.783;4.2;37.0;IRL;01:31.565;4.2;34.0
385;CAN;01:33.652;4.0;33.0;TUN;01:34.182;4.0;37.0;POL;01:34.801;3.8;33.0;MEX;01:32.049;4.2;37.0;IRL;01:32.807;4.2;34.0
390;CAN;01:34.971;3.9;33.0;TUN;01:35.458;4.1;37.0;POL;01:36.046;3.8;33.0;MEX;01:33.306;4.2;36.0;IRL;01:33.912;4.2;34.0
395;CAN;01:36.114;3.9;33.0;TUN;01:36.690;4.1;36.0;POL;01:37.299;3.8;33.0;MEX;01:34.399;4.1;36.0;IRL;01:35.180;4.2;34.0
400;CAN;01:37.450;3.9;33.0;TUN;01:37.839;4.1;36.0;POL;01:38.617;3.9;33.0;MEX;01:35.656;4.1;36.0;IRL;01:36.434;4.1;34.0
405;CAN;01:38.691;4.0;33.0;TUN;01:39.143;4.0;36.0;POL;01:39.838;4.0;33.0;MEX;01:36.906;4.1;36.0;IRL;01:37.570;4.1;34.0
410;CAN;01:39.824;4.1;33.0;TUN;01:40.424;4.0;36.0;POL;01:41.046;4.0;33.0;MEX;01:38.132;4.1;36.0;IRL;01:38.789;4.1;34.0
415;CAN;01:41.140;4.1;32.0;TUN;01:41.637;4.0;36.0;POL;01:42.381;4.0;33.0;MEX;01:39.254;4.2;36.0;IRL;01:40.066;4.1;34.0
420;CAN;01:42.426;4.1;32.0;TUN;01:42.784;4.1;36.0;POL;01:43.662;4.0;33.0;MEX;01:40.536;4.1;36.0;IRL;01:41.244;4.1;34.0
425;CAN;01:43.556;4.0;32.0;TUN;01:44.068;4.1;36.0;POL;01:44.791;4.0;33.0;MEX;01:41.791;4.1;36.0;IRL;01:42.464;4.1;34.0
430;CAN;01:44.898;4.0;32.0;TUN;01:45.333;4.1;36.0;POL;01:46.130;4.0;33.0;MEX;01:42.988;4.1;36.0;IRL;01:43.722;4.1;34.0
435;CAN;01:46.211;4.0;32.0;TUN;01:46.526;4.1;36.0;POL;01:47.437;4.0;33.0;MEX;01:44.095;4.1;36.0;IRL;01:44.962;4.1;34.0
440;CAN;01:47.360;3.9;32.0;TUN;01:47.717;4.1;36.0;POL;01:48.583;3.9;33.0;MEX;01:45.389;4.2;36.0;IRL;01:46.109;4.1;34.0
445;CAN;01:48.707;3.9;32.0;TUN;01:49.032;4.0;36.0;POL;01:49.909;3.9;33.0;MEX;01:46.648;4.1;36.0;IRL;01:47.424;4.1;34.0
450;CAN;01:50.050;3.9;32.0;TUN;01:50.335;4.0;36.0;POL;01:51.270;3.9;33.0;MEX;01:47.840;4.1;36.0;IRL;01:48.705;4.0;34.0
455;CAN;01:51.243;3.9;32.0;TUN;01:51.599;3.9;36.0;POL;01:52.507;3.9;33.0;MEX;01:49.024;4.1;36.0;IRL;01:49.861;4.0;34.0
460;CAN;01:52.625;3.8;32.0;TUN;01:52.815;3.9;36.0;POL;01:53.824;3.8;32.0;MEX;01:50.320;4.1;36.0;IRL;01:51.150;4.0;34.0
465;CAN;01:53.990;3.8;31.0;TUN;01:54.168;3.9;36.0;POL;01:55.209;3.8;32.0;MEX;01:51.604;4.0;36.0;IRL;01:52.452;4.0;34.0
470;CAN;01:55.262;3.8;31.0;TUN;01:55.507;3.8;36.0;POL;01:56.517;3.8;31.0;MEX;01:52.807;4.0;36.0;IRL;01:53.667;4.0;34.0
475;CAN;01:56.559;3.8;32.0;TUN;01:56.795;3.8;36.0;POL;01:57.788;3.8;31.0;MEX;01:54.040;4.0;36.0;IRL;01:54.872;4.0;34.0
480;CAN;01:57.918;3.8;32.0;TUN;01:57.974;3.9;36.0;POL;01:59.208;3.8;31.0;MEX;01:55.376;3.9;36.0;IRL;01:56.148;4.1;34.0
485;CAN;01:59.192;3.8;32.0;TUN;01:59.307;3.9;36.0;POL;02:00.564;3.7;31.0;MEX;01:56.701;3.9;36.0;IRL;01:57.412;4.1;34.0
490;CAN;02:00.397;3.9;32.0;TUN;02:00.654;3.9;36.0;POL;02:01.774;3.7;32.0;MEX;01:57.933;3.9;35.0;IRL;01:58.572;4.0;34.0
495;CAN;02:01.739;3.9;32.0;TUN;02:01.961;3.9;35.0;POL;02:03.204;3.8;32.0;MEX;01:59.181;3.9;35.0;IRL;01:59.925;4.0;34.0
500;CAN;02:03.037;3.9;32.0;TUN;02:03.120;3.9;35.0;POL;02:04.637;3.7;31.0;MEX;02:00.536;3.9;35.0;IRL;02:01.208;3.9;34.0
505;CAN;02:04.206;3.9;32.0;TUN;02:04.445;3.9;35.0;POL;02:05.863;3.6;31.0;MEX;02:01.821;3.9;35.0;IRL;02:02.348;3.9;33.0
510;CAN;02:05.537;3.9;32.0;TUN;02:05.778;3.9;35.0;POL;02:07.220;3.7;31.0;MEX;02:03.074;3.9;36.0;IRL;02:03.663;4.0;33.0
515;CAN;02:06.834;3.9;32.0;TUN;02:07.079;3.9;35.0;POL;02:08.587;3.8;31.0;MEX;02:04.232;4.0;36.0;IRL;02:04.958;4.0;33.0
520;CAN;02:08.030;3.9;32.0;TUN;02:08.273;3.9;35.0;POL;02:09.802;3.8;31.0;MEX;02:05.521;4.0;36.0;IRL;02:06.151;4.0;33.0
525;CAN;02:09.439;3.9;31.0;TUN;02:09.560;3.9;35.0;POL;02:11.094;3.9;31.0;MEX;02:06.801;4.0;37.0;IRL;02:07.383;4.0;33.0
530;CAN;02:10.761;3.8;31.0;TUN;02:10.880;3.9;35.0;POL;02:12.485;3.9;32.0;MEX;02:08.067;4.0;37.0;IRL;02:08.679;4.0;33.0
535;CAN;02:12.004;3.7;31.0;TUN;02:12.171;3.9;36.0;POL;02:13.812;3.8;32.0;MEX;02:09.245;4.0;37.0;IRL;02:09.896;4.0;33.0
540;CAN;02:13.377;3.8;31.0;TUN;02:13.373;3.9;36.0;POL;02:15.020;3.8;32.0;MEX;02:10.521;4.0;37.0;IRL;02:11.062;4.1;33.0
545;CAN;02:14.642;3.8;31.0;TUN;02:14.665;3.9;36.0;POL;02:16.403;3.8;32.0;MEX;02:11.851;3.9;37.0;IRL;02:12.368;4.1;33.0
550;CAN;02:15.876;3.9;31.0;TUN;02:15.966;3.9;36.0;POL;02:17.749;3.8;32.0;MEX;02:13.159;3.9;37.0;IRL;02:13.630;4.1;34.0
555;CAN;02:17.234;3.9;31.0;TUN;02:17.260;3.9;36.0;POL;02:18.913;3.8;32.0;MEX;02:14.358;3.9;37.0;IRL;02:14.771;4.0;34.0
560;CAN;02:18.513;3.9;31.0;TUN;02:18.454;3.9;36.0;POL;02:20.317;3.8;32.0;MEX;02:15.533;4.0;36.0;IRL;02:16.097;4.0;34.0
565;CAN;02:19.720;3.9;31.0;TUN;02:19.708;3.9;36.0;POL;02:21.653;3.9;32.0;MEX;02:16.840;4.0;36.0;IRL;02:17.391;4.0;34.0
570;CAN;02:21.076;3.9;31.0;TUN;02:21.031;4.0;35.0;POL;02:22.862;3.8;32.0;MEX;02:18.133;4.1;37.0;IRL;02:18.537;4.0;33.0
575;CAN;02:22.370;3.9;31.0;TUN;02:22.340;4.0;35.0;POL;02:24.301;3.8;31.0;MEX;02:19.387;4.0;37.0;IRL;02:19.841;4.0;33.0
580;CAN;02:23.693;3.8;31.0;TUN;02:23.540;3.9;35.0;POL;02:25.710;3.7;31.0;MEX;02:20.588;4.0;37.0;IRL;02:21.141;4.0;33.0
585;CAN;02:25.112;3.7;31.0;TUN;02:24.859;3.9;35.0;POL;02:26.928;3.6;31.0;MEX;02:21.952;3.9;37.0;IRL;02:22.360;4.0;33.0
590;CAN;02:26.480;3.6;30.0;TUN;02:26.187;3.9;35.0;POL;02:28.287;3.7;30.0;MEX;02:23.295;3.8;36.0;IRL;02:23.605;4.0;33.0
595;CAN;02:27.722;3.6;30.0;TUN;02:27.507;3.9;35.0;POL;02:29.661;3.8;31.0;MEX;02:24.626;3.8;36.0;IRL;02:24.913;4.0;33.0
600;CAN;02:29.140;3.7;30.0;TUN;02:28.753;3.9;35.0;POL;02:30.931;3.8;31.0;MEX;02:25.855;3.8;36.0;IRL;02:26.180;3.9;33.0
605;CAN;02:30.485;3.8;30.0;TUN;02:30.018;3.9;35.0;POL;02:32.197;3.8;31.0;MEX;02:27.101;3.9;36.0;IRL;02:27.347;4.0;33.0
610;CAN;02:31.742;3.7;30.0;TUN;02:31.383;3.8;35.0;POL;02:33.605;3.8;31.0;MEX;02:28.421;3.9;36.0;IRL;02:28.681;4.0;33.0
615;CAN;02:33.180;3.7;30.0;TUN;02:32.713;3.8;35.0;POL;02:34.933;3.8;31.0;MEX;02:29.719;3.9;36.0;IRL;02:29.979;3.9;33.0
620;CAN;02:34.570;3.7;31.0;TUN;02:33.950;3.8;35.0;POL;02:36.129;3.8;31.0;MEX;02:30.966;4.0;36.0;IRL;02:31.127;4.0;34.0
625;CAN;02:35.762;3.7;31.0;TUN;02:35.181;3.9;35.0;POL;02:37.498;3.8;31.0;MEX;02:32.138;4.0;36.0;IRL;02:32.413;4.0;34.0
630;CAN;02:37.145;3.8;31.0;TUN;02:36.506;3.9;35.0;POL;02:38.814;3.9;32.0;MEX;02:33.465;4.0;36.0;IRL;02:33.713;4.0;34.0
635;CAN;02:38.490;3.8;31.0;TUN;02:37.794;3.9;35.0;POL;02:39.963;3.9;32.0;MEX;02:34.762;3.9;36.0;IRL;02:34.929;4.0;34.0
640;CAN;02:39.650;3.8;31.0;TUN;02:38.962;4.0;35.0;POL;02:41.298;3.9;32.0;MEX;02:36.001;4.0;36.0;IRL;02:36.148;4.0;34.0
645;CAN;02:41.002;3.9;31.0;TUN;02:40.285;3.9;35.0;POL;02:42.607;4.0;32.0;MEX;02:37.183;4.0;36.0;IRL;02:37.454;4.0;34.0
650;CAN;02:42.298;3.9;31.0;TUN;02:41.569;3.9;35.0;POL;02:43.763;4.0;32.0;MEX;02:38.497;4.0;36.0;IRL;02:38.671;4.0;34.0
655;CAN;02:43.452;3.9;31.0;TUN;02:42.809;4.0;34.0;POL;02:45.133;3.9;32.0;MEX;02:39.809;4.0;35.0;IRL;02:39.809;4.1;33.0
660;CAN;02:44.779;4.0;31.0;TUN;02:43.985;4.0;34.0;POL;02:46.447;3.9;32.0;MEX;02:41.082;3.9;35.0;IRL;02:41.075;4.2;33.0
665;CAN;02:46.016;4.0;30.0;TUN;02:45.313;4.0;34.0;POL;02:47.585;3.9;32.0;MEX;02:42.265;3.9;35.0;IRL;02:42.276;4.2;33.0
670;CAN;02:47.222;4.0;30.0;TUN;02:46.601;4.0;34.0;POL;02:48.911;3.9;32.0;MEX;02:43.577;3.9;35.0;IRL;02:43.382;4.2;33.0
675;CAN;02:48.522;4.1;31.0;TUN;02:47.750;4.0;34.0;POL;02:50.225;3.9;32.0;MEX;02:44.830;4.0;35.0;IRL;02:44.676;4.2;34.0
680;CAN;02:49.713;4.0;31.0;TUN;02:49.026;4.0;34.0;POL;02:51.410;3.9;32.0;MEX;02:45.980;4.1;35.0;IRL;02:45.897;4.2;34.0
685;CAN;02:50.980;4.0;31.0;TUN;02:50.331;4.0;34.0;POL;02:52.639;4.0;32.0;MEX;02:47.180;4.1;35.0;IRL;02:46.999;4.1;34.0
690;CAN;02:52.276;4.0;31.0;TUN;02:51.572;4.0;34.0;POL;02:53.939;4.1;32.0;MEX;02:48.454;4.1;36.0;IRL;02:48.275;4.1;33.0
695;CAN;02:53.406;4.0;31.0;TUN;02:52.742;4.0;34.0;POL;02:55.129;4.1;32.0;MEX;02:49.698;4.1;36.0;IRL;02:49.497;4.2;33.0
700;CAN;02:54.731;4.0;31.0;TUN;02:54.056;4.0;34.0;POL;02:56.353;4.1;32.0;MEX;02:50.869;4.1;37.0;IRL;02:50.604;4.2;33.0
705;CAN;02:56.006;4.0;30.0;TUN;02:55.330;4.0;34.0;POL;02:57.652;4.0;33.0;MEX;02:52.066;4.1;37.0;IRL;02:51.890;4.2;33.0
710;CAN;02:57.169;4.0;30.0;TUN;02:56.454;4.0;34.0;POL;02:58.860;4.0;33.0;MEX;02:53.333;4.1;37.0;IRL;02:53.142;4.1;33.0
715;CAN;02:58.501;4.0;30.0;TUN;02:57.762;4.0;34.0;POL;03:00.049;4.0;33.0;MEX;02:54.564;4.1;37.0;IRL;02:54.280;4.1;33.0
720;CAN;02:59.701;4.0;30.0;TUN;02:59.051;4.0;34.0;POL;03:01.343;4.1;33.0;MEX;02:55.694;4.1;36.0;IRL;02:55.573;4.1;33.0
725;CAN;03:00.906;4.0;30.0;TUN;03:00.203;4.0;34.0;POL;03:02.539;4.1;33.0;MEX;02:56.907;4.1;36.0;IRL;02:56.843;4.0;33.0
730;CAN;03:02.237;4.1;31.0;TUN;03:01.442;4.1;34.0;POL;03:03.734;4.1;33.0;MEX;02:58.176;4.1;36.0;IRL;02:57.975;4.0;33.0
735;CAN;03:03.423;4.0;31.0;TUN;03:02.745;4.1;34.0;POL;03:05.027;4.1;33.0;MEX;02:59.407;4.1;36.0;IRL;02:59.260;4.1;34.0
740;CAN;03:04.760;3.9;31.0;TUN;03:04.021;4.0;34.0;POL;03:06.247;4.1;33.0;MEX;03:00.505;4.1;36.0;IRL;03:00.555;4.1;34.0
745;CAN;03:06.158;3.9;30.0;TUN;03:05.197;4.0;34.0;POL;03:07.442;4.1;33.0;MEX;03:01.811;4.1;36.0;IRL;03:01.767;4.0;34.0
750;CAN;03:07.374;3.8;30.0;TUN;03:06.529;3.9;34.0;POL;03:08.783;4.0;33.0;MEX;03:03.110;4.1;36.0;IRL;03:03.013;4.0;34.0
755;CAN;03:08.752;3.7;30.0;TUN;03:07.846;3.9;35.0;POL;03:10.045;3.9;33.0;MEX;03:04.371;4.0;36.0;IRL;03:04.340;3.9;34.0
760;CAN;03:10.096;3.8;30.0;TUN;03:09.078;3.9;35.0;POL;03:11.200;3.9;33.0;MEX;03:05.508;3.9;36.0;IRL;03:05.581;3.9;34.0
765;CAN;03:11.238;3.9;30.0;TUN;03:10.266;3.9;35.0;POL;03:12.516;4.0;33.0;MEX;03:06.805;4.0;36.0;IRL;03:06.733;4.0;33.0
770;CAN;03:12.555;3.9;30.0;TUN;03:11.584;4.0;34.0;POL;03:13.782;4.0;33.0;MEX;03:08.080;4.1;36.0;IRL;03:08.031;4.1;33.0
775;CAN;03:13.817;4.0;30.0;TUN;03:12.864;4.0;34.0;POL;03:14.930;4.0;33.0;MEX;03:09.221;4.1;36.0;IRL;03:09.272;4.1;33.0
780;CAN;03:14.970;4.0;30.0;TUN;03:14.010;4.0;34.0;POL;03:16.270;4.0;33.0;MEX;03:10.417;4.1;36.0;IRL;03:10.385;4.1;33.0
785;CAN;03:16.331;4.1;30.0;TUN;03:15.325;4.0;34.0;POL;03:17.559;4.0;33.0;MEX;03:11.702;4.1;35.0;IRL;03:11.665;4.1;33.0
790;CAN;03:17.626;3.9;30.0;TUN;03:16.635;4.0;34.0;POL;03:18.699;4.0;33.0;MEX;03:12.937;4.1;35.0;IRL;03:12.898;4.1;33.0
795;CAN;03:18.913;3.8;30.0;TUN;03:17.860;4.0;34.0;POL;03:20.075;3.9;33.0;MEX;03:14.065;4.1;35.0;IRL;03:13.994;4.2;34.0
800;CAN;03:20.260;3.8;30.0;TUN;03:19.106;3.9;34.0;POL;03:21.402;3.9;33.0;MEX;03:15.358;4.1;35.0;IRL;03:15.267;4.2;34.0
805;CAN;03:21.458;3.8;30.0;TUN;03:20.466;3.9;34.0;POL;03:22.582;3.9;33.0;MEX;03:16.621;4.1;35.0;IRL;03:16.511;4.2;34.0
810;CAN;03:22.798;3.8;30.0;TUN;03:21.783;3.9;34.0;POL;03:23.914;3.9;32.0;MEX;03:17.829;4.1;36.0;IRL;03:17.623;4.1;34.0
815;CAN;03:24.154;3.9;30.0;TUN;03:22.950;3.9;34.0;POL;03:25.254;3.9;32.0;MEX;03:18.999;4.1;36.0;IRL;03:18.930;4.1;34.0
820;CAN;03:25.338;3.9;30.0;TUN;03:24.273;3.9;34.0;POL;03:26.469;3.9;32.0;MEX;03:20.321;4.1;36.0;IRL;03:20.223;4.1;34.0
825;CAN;03:26.683;3.9;30.0;TUN;03:25.603;3.9;34.0;POL;03:27.761;3.9;32.0;MEX;03:21.632;4.0;36.0;IRL;03:21.364;4.0;33.0
830;CAN;03:27.991;3.9;30.0;TUN;03:26.862;3.9;34.0;POL;03:29.122;3.9;32.0;MEX;03:22.869;3.9;36.0;IRL;03:22.630;4.0;33.0
835;CAN;03:29.129;3.9;30.0;TUN;03:28.050;3.9;34.0;POL;03:30.365;3.9;32.0;MEX;03:24.088;3.9;35.0;IRL;03:23.914;4.0;34.0
840;CAN;03:30.520;3.9;30.0;TUN;03:29.385;3.9;34.0;POL;03:31.590;3.9;32.0;MEX;03:25.429;3.9;35.0;IRL;03:25.106;4.1;34.0
845;CAN;03:31.910;3.9;30.0;TUN;03:30.686;3.9;34.0;POL;03:32.926;3.9;32.0;MEX;03:26.723;3.9;35.0;IRL;03:26.301;4.1;34.0
850;CAN;03:33.121;3.8;30.0;TUN;03:31.880;3.9;34.0;POL;03:34.193;3.9;32.0;MEX;03:27.889;3.9;35.0;IRL;03:27.623;4.1;34.0
855;CAN;03:34.544;3.7;30.0;TUN;03:33.148;3.9;34.0;POL;03:35.382;3.9;32.0;MEX;03:29.142;4.0;35.0;IRL;03:28.932;4.0;34.0
860;CAN;03:35.879;3.7;30.0;TUN;03:34.494;3.9;34.0;POL;03:36.727;3.9;32.0;MEX;03:30.430;4.0;35.0;IRL;03:30.110;3.9;34.0
865;CAN;03:37.097;3.8;30.0;TUN;03:35.803;3.9;35.0;POL;03:38.044;3.9;32.0;MEX;03:31.693;4.0;35.0;IRL;03:31.425;3.9;34.0
870;CAN;03:38.514;3.8;30.0;TUN;03:36.987;3.9;35.0;POL;03:39.225;3.9;32.0;MEX;03:32.842;4.1;35.0;IRL;03:32.754;3.9;33.0
875;CAN;03:39.833;3.8;30.0;TUN;03:38.328;3.9;34.0;POL;03:40.628;3.9;32.0;MEX;03:34.143;4.0;35.0;IRL;03:33.948;3.9;33.0
880;CAN;03:41.088;3.8;29.0;TUN;03:39.683;3.9;34.0;POL;03:41.960;3.8;32.0;MEX;03:35.485;3.9;36.0;IRL;03:35.249;3.9;33.0
885;CAN;03:42.478;3.8;29.0;TUN;03:40.971;3.8;34.0;POL;03:43.114;3.8;32.0;MEX;03:36.792;3.9;36.0;IRL;03:36.539;3.9;33.0
890;CAN;03:43.763;3.8;29.0;TUN;03:42.148;3.9;34.0;POL;03:44.479;3.9;32.0;MEX;03:37.950;3.9;36.0;IRL;03:37.788;4.0;33.0
895;CAN;03:45.098;3.8;29.0;TUN;03:43.495;3.9;34.0;POL;03:45.831;3.9;32.0;MEX;03:39.242;3.9;36.0;IRL;03:38.969;4.0;33.0
900;CAN;03:46.470;3.8;29.0;TUN;03:44.800;3.9;34.0;POL;03:47.042;3.9;32.0;MEX;03:40.571;3.9;36.0;IRL;03:40.324;4.0;34.0
905;CAN;03:47.747;3.8;30.0;TUN;03:45.973;3.9;33.0;POL;03:48.347;3.8;32.0;MEX;03:41.868;3.9;36.0;IRL;03:41.636;3.9;34.0
910;CAN;03:49.062;3.8;30.0;TUN;03:47.283;3.9;33.0;POL;03:49.698;3.9;32.0;MEX;03:43.021;3.9;36.0;IRL;03:42.776;3.9;34.0
915;CAN;03:50.442;3.8;30.0;TUN;03:48.610;3.9;33.0;POL;03:50.926;3.9;32.0;MEX;03:44.300;3.9;35.0;IRL;03:44.069;3.9;33.0
920;CAN;03:51.671;3.8;30.0;TUN;03:49.879;3.9;33.0;POL;03:52.196;3.9;32.0;MEX;03:45.596;4.0;35.0;IRL;03:45.350;4.0;33.0
925;CAN;03:52.983;3.8;30.0;TUN;03:51.076;3.9;34.0;POL;03:53.557;3.9;32.0;MEX;03:46.859;4.0;35.0;IRL;03:46.509;4.1;34.0
930;CAN;03:54.334;3.9;30.0;TUN;03:52.455;3.9;34.0;POL;03:54.863;3.8;32.0;MEX;03:48.031;4.0;35.0;IRL;03:47.742;4.1;34.0
935;CAN;03:55.490;3.9;30.0;TUN;03:53.780;3.9;34.0;POL;03:56.092;3.8;32.0;MEX;03:49.394;3.9;35.0;IRL;03:49.033;4.1;34.0
940;CAN;03:56.854;3.9;30.0;TUN;03:55.015;3.8;34.0;POL;03:57.491;3.8;32.0;MEX;03:50.755;3.9;35.0;IRL;03:50.250;4.1;34.0
945;CAN;03:58.171;3.9;30.0;TUN;03:56.292;3.8;34.0;POL;03:58.808;3.8;31.0;MEX;03:52.082;3.8;35.0;IRL;03:51.417;4.1;34.0
950;CAN;03:59.333;3.9;30.0;TUN;03:57.660;3.8;34.0;POL;04:00.001;3.8;31.0;MEX;03:53.324;3.8;34.0;IRL;03:52.715;4.1;34.0
955;CAN;04:00.692;3.9;30.0;TUN;03:58.995;3.8;34.0;POL;04:01.371;3.9;31.0;MEX;03:54.681;3.8;34.0;IRL;03:53.956;4.1;34.0
960;CAN;04:01.955;3.9;30.0;TUN;04:00.196;3.8;34.0;POL;04:02.713;3.9;31.0;MEX;03:55.992;3.8;34.0;IRL;03:55.102;4.1;34.0
965;CAN;04:03.200;3.9;30.0;TUN;04:01.542;3.8;34.0;POL;04:03.886;3.9;31.0;MEX;03:57.246;3.9;34.0;IRL;03:56.430;4.1;33.0
970;CAN;04:04.596;3.9;30.0;TUN;04:02.915;3.8;34.0;POL;04:05.274;3.8;31.0;MEX;03:58.468;3.9;34.0;IRL;03:57.743;4.0;33.0
975;CAN;04:05.873;3.8;30.0;TUN;04:04.248;3.8;34.0;POL;04:06.639;3.8;32.0;MEX;03:59.849;3.9;34.0;IRL;03:58.902;3.9;33.0
980;CAN;04:07.197;3.7;30.0;TUN;04:05.452;3.8;34.0;POL;04:07.833;3.8;32.0;MEX;04:01.223;3.8;35.0;IRL;04:00.295;3.9;33.0
985;CAN;04:08.603;3.8;30.0;TUN;04:06.813;3.8;34.0;POL;04:09.197;3.8;32.0;MEX;04:02.561;3.8;35.0;IRL;04:01.644;3.8;33.0
990;CAN;04:09.870;3.7;30.0;TUN;04:08.179;3.8;33.0;POL;04:10.575;3.8;32.0;MEX;04:03.780;3.8;35.0;IRL;04:02.921;3.8;33.0
995;CAN;04:11.246;3.7;30.0;TUN;04:09.491;3.8;33.0;POL;04:11.853;3.8;32.0;MEX;04:05.158;3.8;34.0;IRL;04:04.139;3.8;33.0
1000;CAN;04:12.660;3.7;29.0;TUN;04:10.739;3.8;33.0;POL;04:13.122;3.8;32.0;MEX;04:06.529;3.8;34.0;IRL;04:05.504;3.9;33.0
1005;CAN;04:13.823;3.7;29.0;TUN;04:12.138;3.8;33.0;POL;04:14.532;3.8;32.0;MEX;04:07.881;3.8;34.0;IRL;04:06.823;3.9;33.0
1010;CAN;04:15.186;3.8;29.0;TUN;04:13.509;3.8;33.0;POL;04:15.887;3.8;32.0;MEX;04:09.052;3.8;34.0;IRL;04:07.993;3.9;33.0
1015;CAN;04:16.528;3.9;29.0;TUN;04:14.738;3.8;33.0;POL;04:17.085;3.7;32.0;MEX;04:10.422;3.8;34.0;IRL;04:09.358;3.9;33.0
1020;CAN;04:17.698;3.9;30.0;TUN;04:16.030;3.8;33.0;POL;04:18.488;3.8;32.0;MEX;04:11.759;3.9;34.0;IRL;04:10.683;3.9;33.0
1025;CAN;04:19.135;3.9;30.0;TUN;04:17.392;3.9;33.0;POL;04:19.829;3.8;31.0;MEX;04:13.077;3.9;34.0;IRL;04:11.883;3.9;33.0
1030;CAN;04:20.568;3.8;30.0;TUN;04:18.692;3.9;33.0;POL;04:20.999;3.8;31.0;MEX;04:14.279;3.8;34.0;IRL;04:13.162;3.9;33.0
1035;CAN;04:21.793;3.6;29.0;TUN;04:19.874;3.9;33.0;POL;04:22.349;3.9;32.0;MEX;04:15.643;3.8;35.0;IRL;04:14.486;3.9;33.0
1040;CAN;04:23.202;3.6;29.0;TUN;04:21.253;3.9;33.0;POL;04:23.673;3.9;32.0;MEX;04:16.980;3.8;35.0;IRL;04:15.628;4.0;33.0
1045;CAN;04:24.539;3.8;29.0;TUN;04:22.603;3.9;33.0;POL;04:24.836;3.9;32.0;MEX;04:18.264;3.9;35.0;IRL;04:16.927;4.0;32.0
1050;CAN;04:25.744;3.8;29.0;TUN;04:23.822;3.8;33.0;POL;04:26.173;3.9;32.0;MEX;04:19.429;3.9;35.0;IRL;04:18.261;4.0;32.0
1055;CAN;04:27.104;3.9;29.0;TUN;04:25.112;3.8;33.0;POL;04:27.499;3.9;32.0;MEX;04:20.738;3.9;35.0;IRL;04:19.509;3.9;33.0
1060;CAN;04:28.345;3.9;29.0;TUN;04:26.461;3.9;33.0;POL;04:28.645;3.9;32.0;MEX;04:22.040;4.0;35.0;IRL;04:20.671;3.9;33.0
1065;CAN;04:29.653;3.9;29.0;TUN;04:27.756;3.9;33.0;POL;04:30.000;3.9;32.0;MEX;04:23.327;4.0;35.0;IRL;04:21.986;4.0;33.0
1070;CAN;04:31.037;3.9;29.0;TUN;04:28.964;3.9;33.0;POL;04:31.368;3.9;32.0;MEX;04:24.525;3.9;35.0;IRL;04:23.239;4.1;33.0
1075;CAN;04:32.293;3.8;30.0;TUN;04:30.347;3.9;33.0;POL;04:32.635;3.8;32.0;MEX;04:25.948;3.8;35.0;IRL;04:24.435;4.0;33.0
1080;CAN;04:33.722;3.7;30.0;TUN;04:31.723;3.8;33.0;POL;04:33.887;3.8;32.0;MEX;04:27.337;3.8;35.0;IRL;04:25.767;3.9;33.0
1085;CAN;04:35.172;3.6;29.0;TUN;04:32.948;3.8;33.0;POL;04:35.279;3.8;32.0;MEX;04:28.653;3.7;34.0;IRL;04:27.069;3.9;33.0
1090;CAN;04:36.394;3.6;29.0;TUN;04:34.291;3.8;33.0;POL;04:36.581;3.8;32.0;MEX;04:29.934;3.7;34.0;IRL;04:28.248;3.9;33.0
1095;CAN;04:37.826;3.6;29.0;TUN;04:35.685;3.8;33.0;POL;04:37.824;3.8;31.0;MEX;04:31.312;3.8;34.0;IRL;04:29.560;3.9;33.0
1100;CAN;04:39.266;3.7;29.0;TUN;04:37.024;3.8;33.0;POL;04:39.222;3.8;31.0;MEX;04:32.689;3.8;33.0;IRL;04:30.916;3.9;33.0
1105;CAN;04:40.524;3.6;29.0;TUN;04:38.246;3.8;33.0;POL;04:40.623;3.8;31.0;MEX;04:33.948;3.8;33.0;IRL;04:32.212;3.9;33.0
1110;CAN;04:42.017;3.6;29.0;TUN;04:39.658;3.7;33.0;POL;04:41.847;3.7;31.0;MEX;04:35.194;3.8;34.0;IRL;04:33.419;3.8;33.0
1115;CAN;04:43.479;3.6;29.0;TUN;04:41.047;3.7;33.0;POL;04:43.304;3.6;31.0;MEX;04:36.595;3.8;34.0;IRL;04:34.782;3.8;33.0
1120;CAN;04:44.736;3.6;28.0;TUN;04:42.344;3.7;33.0;POL;04:44.737;3.6;31.0;MEX;04:37.981;3.8;34.0;IRL;04:36.084;3.9;33.0
1125;CAN;04:46.163;3.6;29.0;TUN;04:43.627;3.7;32.0;POL;04:46.042;3.6;31.0;MEX;04:39.345;3.7;34.0;IRL;04:37.258;3.9;33.0
1130;CAN;04:47.575;3.7;29.0;TUN;04:45.028;3.8;32.0;POL;04:47.293;3.7;31.0;MEX;04:40.632;3.6;34.0;IRL;04:38.565;3.9;33.0
1135;CAN;04:48.814;3.7;29.0;TUN;04:46.404;3.7;33.0;POL;04:48.692;3.8;31.0;MEX;04:42.095;3.6;34.0;IRL;04:39.880;3.9;34.0
1140;CAN;04:50.277;3.7;29.0;TUN;04:47.691;3.7;33.0;POL;04:50.049;3.8;31.0;MEX;04:43.480;3.6;34.0;IRL;04:41.112;3.9;34.0
1145;CAN;04:51.708;3.6;29.0;TUN;04:49.014;3.7;33.0;POL;04:51.242;3.8;31.0;MEX;04:44.857;3.6;34.0;IRL;04:42.308;4.0;34.0
1150;CAN;04:52.931;3.6;29.0;TUN;04:50.433;3.7;33.0;POL;04:52.629;3.8;32.0;MEX;04:46.091;3.7;33.0;IRL;04:43.619;4.0;33.0
1155;CAN;04:54.381;3.6;29.0;TUN;04:51.815;3.7;33.0;POL;04:54.001;3.8;32.0;MEX;04:47.475;3.7;33.0;IRL;04:44.906;4.0;33.0
1160;CAN;04:55.793;3.7;29.0;TUN;04:53.073;3.7;33.0;POL;04:55.230;3.8;32.0;MEX;04:48.860;3.8;33.0;IRL;04:46.082;4.0;33.0
1165;CAN;04:57.028;3.6;29.0;TUN;04:54.433;3.7;33.0;POL;04:56.601;3.8;32.0;MEX;04:50.206;3.8;33.0;IRL;04:47.449;3.9;33.0
1170;CAN;04:58.481;3.6;29.0;TUN;04:55.833;3.7;33.0;POL;04:57.959;3.8;32.0;MEX;04:51.448;3.7;33.0;IRL;04:48.796;3.9;33.0
1175;CAN;04:59.844;3.7;29.0;TUN;04:57.189;3.7;33.0;POL;04:59.244;3.8;32.0;MEX;04:52.912;3.7;34.0;IRL;04:50.049;3.8;33.0
1180;CAN;05:01.059;3.7;30.0;TUN;04:58.416;3.7;33.0;POL;05:00.486;3.8;32.0;MEX;04:54.338;3.6;34.0;IRL;04:51.333;3.8;33.0
1185;CAN;05:02.446;3.8;30.0;TUN;04:59.795;3.8;33.0;POL;05:01.867;3.8;32.0;MEX;04:55.683;3.6;34.0;IRL;04:52.691;3.8;33.0
1190;CAN;05:03.794;3.8;30.0;TUN;05:01.185;3.8;33.0;POL;05:03.193;3.8;32.0;MEX;04:56.875;3.7;34.0;IRL;04:53.988;3.8;33.0
1195;CAN;05:04.990;3.8;30.0;TUN;05:02.509;3.8;32.0;POL;05:04.384;3.8;32.0;MEX;04:58.248;3.8;34.0;IRL;04:55.164;3.9;33.0
1200;CAN;05:06.384;3.9;30.0;TUN;05:03.799;3.7;32.0;POL;05:05.768;3.8;32.0;MEX;04:59.604;3.9;34.0;IRL;04:56.515;3.9;33.0
1205;CAN;05:07.682;3.8;29.0;TUN;05:05.207;3.7;32.0;POL;05:07.130;3.8;32.0;MEX;05:00.950;3.8;33.0;IRL;04:57.861;3.9;33.0
1210;CAN;05:08.927;3.8;29.0;TUN;05:06.582;3.7;32.0;POL;05:08.329;3.8;32.0;MEX;05:02.147;3.8;33.0;IRL;04:59.134;3.9;33.0
1215;CAN;05:10.317;3.8;29.0;TUN;05:07.784;3.7;32.0;POL;05:09.689;3.8;32.0;MEX;05:03.528;3.8;34.0;IRL;05:00.429;3.8;33.0
1220;CAN;05:11.554;3.8;29.0;TUN;05:09.183;3.8;32.0;POL;05:11.050;3.8;32.0;MEX;05:04.888;3.8;34.0;IRL;05:01.749;3.8;33.0
1225;CAN;05:12.874;3.8;30.0;TUN;05:10.567;3.8;32.0;POL;05:12.324;3.8;32.0;MEX;05:06.196;3.8;34.0;IRL;05:02.995;3.9;33.0
1230;CAN;05:14.239;3.8;29.0;TUN;05:11.887;3.8;32.0;POL;05:13.588;3.8;32.0;MEX;05:07.419;3.8;34.0;IRL;05:04.198;3.9;33.0
1235;CAN;05:15.420;3.8;29.0;TUN;05:13.097;3.8;32.0;POL;05:14.943;3.8;32.0;MEX;05:08.773;3.8;34.0;IRL;05:05.552;4.0;33.0
1240;CAN;05:16.823;3.8;29.0;TUN;05:14.475;3.8;32.0;POL;05:16.227;3.9;32.0;MEX;05:10.140;3.8;34.0;IRL;05:06.871;3.9;33.0
1245;CAN;05:18.191;3.8;29.0;TUN;05:15.814;3.8;33.0;POL;05:17.443;3.9;32.0;MEX;05:11.518;3.8;34.0;IRL;05:08.031;3.9;33.0
1250;CAN;05:19.413;3.8;29.0;TUN;05:17.010;3.8;33.0;POL;05:18.806;3.9;32.0;MEX;05:12.717;3.8;34.0;IRL;05:09.370;3.9;33.0
1255;CAN;05:20.887;3.7;29.0;TUN;05:18.338;3.9;33.0;POL;05:20.122;3.9;32.0;MEX;05:14.112;3.7;34.0;IRL;05:10.696;3.9;33.0
1260;CAN;05:22.351;3.6;29.0;TUN;05:19.701;3.9;33.0;POL;05:21.255;3.9;32.0;MEX;05:15.499;3.8;34.0;IRL;05:11.953;3.9;33.0
1265;CAN;05:23.644;3.5;29.0;TUN;05:21.029;3.8;33.0;POL;05:22.584;3.9;32.0;MEX;05:16.756;3.8;34.0;IRL;05:13.211;3.9;33.0
1270;CAN;05:25.130;3.5;29.0;TUN;05:22.272;3.8;33.0;POL;05:23.889;4.0;33.0;MEX;05:17.964;3.9;33.0;IRL;05:14.609;3.8;33.0
1275;CAN;05:26.585;3.5;28.0;TUN;05:23.736;3.7;33.0;POL;05:25.043;4.0;33.0;MEX;05:19.337;3.9;33.0;IRL;05:16.004;3.8;33.0
1280;CAN;05:27.835;3.5;28.0;TUN;05:25.124;3.6;33.0;POL;05:26.374;4.0;33.0;MEX;05:20.681;3.9;33.0;IRL;05:17.230;3.7;33.0
1285;CAN;05:29.293;3.6;28.0;TUN;05:26.447;3.6;33.0;POL;05:27.735;3.9;33.0;MEX;05:21.958;3.8;34.0;IRL;05:18.648;3.6;33.0
1290;CAN;05:30.699;3.7;29.0;TUN;05:27.728;3.7;33.0;POL;05:29.009;3.8;33.0;MEX;05:23.208;3.8;34.0;IRL;05:20.063;3.7;33.0
1295;CAN;05:31.936;3.6;29.0;TUN;05:29.150;3.7;33.0;POL;05:30.289;3.8;32.0;MEX;05:24.577;3.8;34.0;IRL;05:21.421;3.7;33.0
1300;CAN;05:33.384;3.7;29.0;TUN;05:30.546;3.7;33.0;POL;05:31.676;3.8;32.0;MEX;05:25.912;3.8;34.0;IRL;05:22.610;3.7;33.0
1305;CAN;05:34.764;3.7;29.0;TUN;05:31.827;3.7;32.0;POL;05:33.003;3.8;32.0;MEX;05:27.085;3.8;33.0;IRL;05:23.961;3.8;33.0
1310;CAN;05:36.023;3.6;29.0;TUN;05:33.135;3.7;32.0;POL;05:34.199;3.8;32.0;MEX;05:28.442;3.9;33.0;IRL;05:25.290;3.9;33.0
1315;CAN;05:37.447;3.7;29.0;TUN;05:34.539;3.8;33.0;POL;05:35.595;3.8;32.0;MEX;05:29.803;3.9;33.0;IRL;05:26.498;3.9;33.0
1320;CAN;05:38.770;3.7;29.0;TUN;05:35.917;3.7;33.0;POL;05:36.967;3.8;32.0;MEX;05:31.116;3.8;33.0;IRL;05:27.774;3.9;33.0
1325;CAN;05:40.064;3.7;29.0;TUN;05:37.128;3.7;33.0;POL;05:38.151;3.8;32.0;MEX;05:32.297;3.8;34.0;IRL;05:29.125;3.9;33.0
1330;CAN;05:41.465;3.8;29.0;TUN;05:38.499;3.7;33.0;POL;05:39.524;3.8;32.0;MEX;05:33.670;3.8;34.0;IRL;05:30.416;3.9;33.0
1335;CAN;05:42.680;3.8;29.0;TUN;05:39.872;3.8;33.0;POL;05:40.887;3.8;32.0;MEX;05:35.049;3.8;34.0;IRL;05:31.592;3.9;33.0
1340;CAN;05:44.111;3.7;28.0;TUN;05:41.176;3.8;33.0;POL;05:42.116;3.8;32.0;MEX;05:36.388;3.8;34.0;IRL;05:32.933;3.9;33.0
1345;CAN;05:45.498;3.8;28.0;TUN;05:42.392;3.8;33.0;POL;05:43.390;3.9;32.0;MEX;05:37.596;3.8;34.0;IRL;05:34.234;3.9;33.0
1350;CAN;05:46.728;3.7;29.0;TUN;05:43.777;3.8;33.0;POL;05:44.758;3.9;32.0;MEX;05:38.960;3.8;34.0;IRL;05:35.385;3.9;33.0
1355;CAN;05:48.144;3.7;29.0;TUN;05:45.151;3.8;33.0;POL;05:46.077;3.8;32.0;MEX;05:40.339;3.8;34.0;IRL;05:36.736;4.0;33.0
1360;CAN;05:49.472;3.8;29.0;TUN;05:46.406;3.8;33.0;POL;05:47.267;3.8;32.0;MEX;05:41.680;3.8;34.0;IRL;05:38.122;3.9;33.0
1365;CAN;05:50.679;3.8;29.0;TUN;05:47.688;3.8;33.0;POL;05:48.642;3.8;32.0;MEX;05:42.895;3.8;34.0;IRL;05:39.449;3.8;33.0
1370;CAN;05:52.053;3.9;29.0;TUN;05:49.059;3.8;33.0;POL;05:49.947;3.9;32.0;MEX;05:44.213;3.8;34.0;IRL;05:40.647;3.7;33.0
1375;CAN;05:53.366;3.8;29.0;TUN;05:50.413;3.8;33.0;POL;05:51.100;3.9;32.0;MEX;05:45.573;3.8;34.0;IRL;05:42.002;3.8;33.0
1380;CAN;05:54.646;3.8;29.0;TUN;05:51.613;3.8;33.0;POL;05:52.449;3.9;33.0;MEX;05:46.921;3.8;34.0;IRL;05:43.301;3.9;33.0
1385;CAN;05:56.003;3.8;29.0;TUN;05:52.998;3.8;33.0;POL;05:53.780;3.9;33.0;MEX;05:48.091;3.8;34.0;IRL;05:44.434;4.0;34.0
1390;CAN;05:57.202;3.8;29.0;TUN;05:54.364;3.8;33.0;POL;05:54.976;3.9;33.0;MEX;05:49.485;3.8;34.0;IRL;05:45.772;4.0;34.0
1395;CAN;05:58.588;3.8;29.0;TUN;05:55.629;3.8;33.0;POL;05:56.263;3.9;32.0;MEX;05:50.858;3.8;34.0;IRL;05:47.106;3.9;33.0
1400;CAN;05:59.993;3.8;29.0;TUN;05:56.911;3.8;33.0;POL;05:57.623;3.9;32.0;MEX;05:52.174;3.8;33.0;IRL;05:48.360;3.9;33.0
1405;CAN;06:01.192;3.7;29.0;TUN;05:58.331;3.8;33.0;POL;05:58.921;3.9;32.0;MEX;05:53.386;3.8;33.0;IRL;05:49.575;3.9;33.0
1410;CAN;06:02.582;3.8;29.0;TUN;05:59.726;3.7;33.0;POL;06:00.158;3.8;32.0;MEX;05:54.770;3.8;34.0;IRL;05:50.930;3.9;33.0
1415;CAN;06:03.953;3.8;29.0;TUN;06:00.947;3.7;33.0;POL;06:01.539;3.8;32.0;MEX;05:56.142;3.8;34.0;IRL;05:52.266;3.9;33.0
1420;CAN;06:05.181;3.8;29.0;TUN;06:02.305;3.7;33.0;POL;06:02.877;3.8;32.0;MEX;05:57.452;3.8;34.0;IRL;05:53.472;3.8;33.0
1425;CAN;06:06.645;3.7;29.0;TUN;06:03.694;3.8;33.0;POL;06:04.051;3.8;32.0;MEX;05:58.755;3.7;34.0;IRL;05:54.865;3.8;33.0
1430;CAN;06:08.046;3.7;29.0;TUN;06:05.025;3.8;32.0;POL;06:05.449;3.8;32.0;MEX;06:00.188;3.6;34.0;IRL;05:56.205;3.8;33.0
1435;CAN;06:09.305;3.6;28.0;TUN;06:06.295;3.7;32.0;POL;06:06.844;3.8;32.0;MEX;06:01.588;3.6;34.0;IRL;05:57.443;3.8;33.0
1440;CAN;06:10.749;3.6;28.0;TUN;06:07.723;3.7;32.0;POL;06:08.127;3.7;32.0;MEX;06:02.910;3.7;33.0;IRL;05:58.702;3.8;33.0
1445;CAN;06:12.043;3.7;28.0;TUN;06:09.094;3.7;33.0;POL;06:09.496;3.7;32.0;MEX;06:04.149;3.7;33.0;IRL;06:00.057;3.9;33.0
1450;CAN;06:13.377;3.7;28.0;TUN;06:10.418;3.7;33.0;POL;06:10.930;3.6;31.0;MEX;06:05.576;3.8;33.0;IRL;06:01.368;3.9;33.0
1455;CAN;06:14.817;3.7;28.0;TUN;06:11.654;3.7;33.0;POL;06:12.261;3.6;31.0;MEX;06:06.987;3.7;33.0;IRL;06:02.553;3.9;33.0
1460;CAN;06:16.136;3.7;29.0;TUN;06:13.065;3.8;33.0;POL;06:13.525;3.7;31.0;MEX;06:08.364;3.6;33.0;IRL;06:03.926;3.9;33.0
1465;CAN;06:17.461;3.6;29.0;TUN;06:14.423;3.8;33.0;POL;06:14.968;3.7;31.0;MEX;06:09.621;3.6;33.0;IRL;06:05.311;3.8;33.0
1470;CAN;06:18.861;3.7;29.0;TUN;06:15.639;3.8;33.0;POL;06:16.344;3.7;31.0;MEX;06:11.062;3.6;34.0;IRL;06:06.674;3.7;33.0
1475;CAN;06:20.078;3.8;29.0;TUN;06:16.997;3.8;33.0;POL;06:17.537;3.7;31.0;MEX;06:12.486;3.6;34.0;IRL;06:07.919;3.7;33.0
1480;CAN;06:21.525;3.7;29.0;TUN;06:18.388;3.8;33.0;POL;06:18.880;3.8;31.0;MEX;06:13.823;3.6;33.0;IRL;06:09.338;3.7;33.0
1485;CAN;06:22.952;3.7;29.0;TUN;06:19.749;3.8;33.0;POL;06:20.220;3.9;32.0;MEX;06:15.042;3.7;33.0;IRL;06:10.725;3.7;33.0
1490;CAN;06:24.183;3.6;29.0;TUN;06:20.976;3.8;33.0;POL;06:21.435;3.9;32.0;MEX;06:16.439;3.8;33.0;IRL;06:12.053;3.7;33.0
1495;CAN;06:25.637;3.6;29.0;TUN;06:22.371;3.8;33.0;POL;06:22.744;3.9;32.0;MEX;06:17.827;3.8;33.0;IRL;06:13.308;3.7;33.0
1500;CAN;06:27.075;3.6;28.0;TUN;06:23.779;3.7;33.0;POL;06:24.124;3.9;32.0;MEX;06:19.179;3.7;34.0;IRL;06:14.711;3.7;33.0
1505;CAN;06:28.331;3.6;28.0;TUN;06:25.164;3.7;33.0;POL;06:25.424;3.8;32.0;MEX;06:20.395;3.7;34.0;IRL;06:16.055;3.8;33.0
1510;CAN;06:29.778;3.6;28.0;TUN;06:26.398;3.7;33.0;POL;06:26.679;3.8;32.0;MEX;06:21.793;3.8;34.0;IRL;06:17.218;3.8;33.0
1515;CAN;06:31.252;3.6;28.0;TUN;06:27.819;3.7;33.0;POL;06:28.082;3.8;32.0;MEX;06:23.170;3.8;33.0;IRL;06:18.512;3.9;33.0
1520;CAN;06:32.542;3.6;28.0;TUN;06:29.257;3.7;33.0;POL;06:29.499;3.8;31.0;MEX;06:24.449;3.8;33.0;IRL;06:19.822;4.0;33.0
1525;CAN;06:33.972;3.5;28.0;TUN;06:30.652;3.6;32.0;POL;06:30.722;3.7;31.0;MEX;06:25.717;3.8;33.0;IRL;06:21.080;4.0;34.0
1530;CAN;06:35.405;3.6;29.0;TUN;06:31.901;3.6;32.0;POL;06:32.170;3.6;31.0;MEX;06:27.192;3.8;33.0;IRL;06:22.218;4.0;34.0
1535;CAN;06:36.640;3.6;29.0;TUN;06:33.339;3.6;32.0;POL;06:33.557;3.7;31.0;MEX;06:28.642;3.6;34.0;IRL;06:23.529;4.0;35.0
1540;CAN;06:38.075;3.6;29.0;TUN;06:34.760;3.7;32.0;POL;06:34.750;3.7;31.0;MEX;06:30.040;3.5;34.0;IRL;06:24.828;4.0;35.0
1545;CAN;06:39.468;3.7;29.0;TUN;06:36.045;3.7;32.0;POL;06:36.159;3.8;31.0;MEX;06:31.368;3.6;34.0;IRL;06:26.025;4.0;35.0
1550;CAN;06:40.662;3.7;30.0;TUN;06:37.378;3.7;32.0;POL;06:37.556;3.8;31.0;MEX;06:32.691;3.6;34.0;IRL;06:27.271;4.0;35.0
1555;CAN;06:42.085;3.8;30.0;TUN;06:38.786;3.7;32.0;POL;06:38.837;3.7;31.0;MEX;06:34.105;3.7;34.0;IRL;06:28.598;3.9;34.0
1560;CAN;06:43.499;3.8;30.0;TUN;06:40.159;3.7;32.0;POL;06:40.166;3.7;31.0;MEX;06:35.457;3.8;34.0;IRL;06:29.889;3.9;34.0
1565;CAN;06:44.748;3.7;30.0;TUN;06:41.395;3.7;32.0;POL;06:41.558;3.7;31.0;MEX;06:36.815;3.8;35.0;IRL;06:31.046;3.9;34.0
1570;CAN;06:46.237;3.6;30.0;TUN;06:42.797;3.7;32.0;POL;06:42.853;3.8;31.0;MEX;06:38.045;3.7;35.0;IRL;06:32.356;4.0;34.0
1575;CAN;06:47.675;3.6;29.0;TUN;06:44.195;3.7;32.0;POL;06:44.110;3.8;31.0;MEX;06:39.450;3.7;34.0;IRL;06:33.669;3.9;34.0
1580;CAN;06:48.906;3.6;29.0;TUN;06:45.532;3.7;32.0;POL;06:45.531;3.8;31.0;MEX;06:40.819;3.8;34.0;IRL;06:34.931;3.9;34.0
1585;CAN;06:50.342;3.6;29.0;TUN;06:46.804;3.7;32.0;POL;06:46.920;3.8;31.0;MEX;06:42.134;3.8;34.0;IRL;06:36.110;3.9;34.0
1590;CAN;06:51.769;3.7;29.0;TUN;06:48.219;3.7;32.0;POL;06:48.131;3.7;31.0;MEX;06:43.380;3.8;34.0;IRL;06:37.434;3.9;34.0
1595;CAN;06:52.979;3.7;29.0;TUN;06:49.621;3.7;32.0;POL;06:49.596;3.7;31.0;MEX;06:44.769;3.8;34.0;IRL;06:38.734;4.0;34.0
1600;CAN;06:54.384;3.7;29.0;TUN;06:50.954;3.7;33.0;POL;06:51.042;3.6;31.0;MEX;06:46.129;3.8;34.0;IRL;06:39.902;4.0;34.0
1605;CAN;06:55.747;3.8;29.0;TUN;06:52.285;3.6;33.0;POL;06:52.372;3.6;31.0;MEX;06:47.484;3.8;34.0;IRL;06:41.214;4.0;34.0
1610;CAN;06:56.919;3.8;29.0;TUN;06:53.672;3.7;33.0;POL;06:53.715;3.6;31.0;MEX;06:48.739;3.8;34.0;IRL;06:42.525;3.9;34.0
1615;CAN;06:58.305;3.9;29.0;TUN;06:55.064;3.7;33.0;POL;06:55.145;3.6;31.0;MEX;06:50.157;3.6;34.0;IRL;06:43.803;3.9;34.0
1620;CAN;06:59.612;3.9;29.0;TUN;06:56.335;3.7;33.0;POL;06:56.545;3.7;31.0;MEX;06:51.562;3.6;34.0;IRL;06:45.028;3.9;34.0
1625;CAN;07:00.887;3.8;29.0;TUN;06:57.658;3.7;33.0;POL;06:57.792;3.6;31.0;MEX;06:52.953;3.7;34.0;IRL;06:46.427;3.8;34.0
1630;CAN;07:02.274;3.8;29.0;TUN;06:59.058;3.7;33.0;POL;06:59.234;3.6;31.0;MEX;06:54.289;3.7;34.0;IRL;06:47.805;3.7;34.0
1635;CAN;07:03.653;3.8;29.0;TUN;07:00.417;3.7;33.0;POL;07:00.633;3.7;31.0;MEX;06:55.575;3.6;34.0;IRL;06:49.071;3.7;34.0
1640;CAN;07:04.976;3.6;29.0;TUN;07:01.628;3.8;33.0;POL;07:01.892;3.7;31.0;MEX;06:56.966;3.7;34.0;IRL;06:50.326;3.8;34.0
1645;CAN;07:06.414;3.6;29.0;TUN;07:02.972;3.8;33.0;POL;07:03.253;3.7;31.0;MEX;06:58.325;3.8;34.0;IRL;06:51.687;3.8;33.0
1650;CAN;07:07.727;3.6;29.0;TUN;07:04.355;3.8;33.0;POL;07:04.651;3.7;31.0;MEX;06:59.621;3.8;34.0;IRL;06:53.018;3.9;33.0
1655;CAN;07:09.045;3.7;29.0;TUN;07:05.691;3.8;33.0;POL;07:05.988;3.7;31.0;MEX;07:00.895;3.8;34.0;IRL;06:54.239;3.9;34.0
1660;CAN;07:10.435;3.8;29.0;TUN;07:06.908;3.8;33.0;POL;07:07.255;3.7;31.0;MEX;07:02.296;3.8;34.0;IRL;06:55.556;3.9;34.0
1665;CAN;07:11.626;3.8;29.0;TUN;07:08.308;3.8;33.0;POL;07:08.693;3.7;31.0;MEX;07:03.678;3.8;34.0;IRL;06:56.968;3.8;34.0
1670;CAN;07:13.018;3.8;29.0;TUN;07:09.704;3.8;33.0;POL;07:10.070;3.7;32.0;MEX;07:04.992;3.7;34.0;IRL;06:58.352;3.7;34.0
1675;CAN;07:14.367;3.8;29.0;TUN;07:10.983;3.8;33.0;POL;07:11.302;3.7;32.0;MEX;07:06.252;3.7;34.0;IRL;06:59.663;3.7;34.0
1680;CAN;07:15.527;3.8;29.0;TUN;07:12.333;3.7;33.0;POL;07:12.701;3.7;32.0;MEX;07:07.645;3.7;34.0;IRL;07:00.941;3.7;33.0
1685;CAN;07:16.913;3.9;29.0;TUN;07:13.769;3.6;33.0;POL;07:14.104;3.7;32.0;MEX;07:09.005;3.8;34.0;IRL;07:02.314;3.7;33.0
1690;CAN;07:18.198;3.9;29.0;TUN;07:15.150;3.6;33.0;POL;07:15.345;3.8;32.0;MEX;07:10.304;3.8;34.0;IRL;07:03.625;3.8;33.0
1695;CAN;07:19.356;3.9;30.0;TUN;07:16.412;3.7;33.0;POL;07:16.591;3.8;32.0;MEX;07:11.555;3.8;34.0;IRL;07:04.793;3.9;33.0
1700;CAN;07:20.715;4.0;30.0;TUN;07:17.700;3.8;33.0;POL;07:17.936;3.9;32.0;MEX;07:12.930;3.8;34.0;IRL;07:06.117;3.9;33.0
1705;CAN;07:22.005;3.9;30.0;TUN;07:19.035;3.9;33.0;POL;07:19.159;3.9;32.0;MEX;07:14.246;3.8;34.0;IRL;07:07.411;3.9;33.0
1710;CAN;07:23.266;3.9;30.0;TUN;07:20.365;3.9;33.0;POL;07:20.377;3.9;32.0;MEX;07:15.496;3.9;34.0;IRL;07:08.617;4.0;33.0
1715;CAN;07:24.594;3.9;30.0;TUN;07:21.549;3.8;33.0;POL;07:21.690;4.0;32.0;MEX;07:16.757;3.9;34.0;IRL;07:09.822;4.0;34.0
1720;CAN;07:25.795;3.9;30.0;TUN;07:22.923;3.8;33.0;POL;07:22.934;4.0;32.0;MEX;07:18.119;3.9;34.0;IRL;07:11.125;4.0;34.0
1725;CAN;07:27.113;3.9;30.0;TUN;07:24.266;3.8;33.0;POL;07:24.145;4.0;32.0;MEX;07:19.439;3.8;34.0;IRL;07:12.360;4.0;34.0
1730;CAN;07:28.445;3.9;30.0;TUN;07:25.495;3.8;33.0;POL;07:25.532;4.0;32.0;MEX;07:20.671;3.9;34.0;IRL;07:13.522;4.0;34.0
1735;CAN;07:29.600;3.9;30.0;TUN;07:26.786;3.9;33.0;POL;07:26.896;3.8;32.0;MEX;07:21.970;3.9;34.0;IRL;07:14.841;4.0;34.0
1740;CAN;07:30.961;3.9;30.0;TUN;07:28.165;3.9;33.0;POL;07:28.141;3.7;32.0;MEX;07:23.369;3.8;34.0;IRL;07:16.132;4.0;34.0
1745;CAN;07:32.286;3.9;30.0;TUN;07:29.477;3.8;33.0;POL;07:29.501;3.7;31.0;MEX;07:24.755;3.8;34.0;IRL;07:17.292;4.0;33.0
1750;CAN;07:33.452;3.9;30.0;TUN;07:30.650;3.8;33.0;POL;07:30.833;3.8;31.0;MEX;07:26.062;3.7;34.0;IRL;07:18.614;3.9;33.0
1755;CAN;07:34.837;3.9;30.0;TUN;07:32.004;3.9;33.0;POL;07:31.987;3.8;32.0;MEX;07:27.338;3.7;34.0;IRL;07:19.941;3.9;33.0
1760;CAN;07:36.159;3.9;30.0;TUN;07:33.356;3.9;33.0;POL;07:33.311;3.9;32.0;MEX;07:28.713;3.7;34.0;IRL;07:21.181;3.9;33.0
1765;CAN;07:37.436;3.8;30.0;TUN;07:34.608;3.8;33.0;POL;07:34.615;4.0;32.0;MEX;07:30.035;3.8;34.0;IRL;07:22.416;3.9;33.0
1770;CAN;07:38.867;3.7;30.0;TUN;07:35.914;3.8;33.0;POL;07:35.761;4.0;33.0;MEX;07:31.197;3.9;34.0;IRL;07:23.765;3.9;33.0
1775;CAN;07:40.227;3.7;30.0;TUN;07:37.274;3.8;33.0;POL;07:37.059;4.0;33.0;MEX;07:32.527;3.9;34.0;IRL;07:25.078;3.9;34.0
1780;CAN;07:41.449;3.7;30.0;TUN;07:38.628;3.8;33.0;POL;07:38.413;4.0;33.0;MEX;07:33.844;4.0;34.0;IRL;07:26.260;3.9;34.0
1785;CAN;07:42.819;3.8;30.0;TUN;07:39.844;3.8;33.0;POL;07:39.643;3.9;33.0;MEX;07:35.158;3.9;34.0;IRL;07:27.629;3.9;34.0
1790;CAN;07:44.046;3.9;30.0;TUN;07:41.177;3.8;33.0;POL;07:40.935;3.8;32.0;MEX;07:36.330;3.9;34.0;IRL;07:29.009;3.8;34.0
1795;CAN;07:45.314;3.9;30.0;TUN;07:42.536;3.8;33.0;POL;07:42.284;3.8;32.0;MEX;07:37.660;3.9;34.0;IRL;07:30.383;3.8;34.0
1800;CAN;07:46.649;3.9;30.0;TUN;07:43.847;3.8;33.0;POL;07:43.570;3.9;32.0;MEX;07:38.965;3.9;34.0;IRL;07:31.629;3.7;33.0
1805;CAN;07:47.814;3.9;30.0;TUN;07:45.041;3.8;33.0;POL;07:44.698;3.9;32.0;MEX;07:40.218;4.0;34.0;IRL;07:33.031;3.7;33.0
1810;CAN;07:49.147;3.9;30.0;TUN;07:46.425;3.8;33.0;POL;07:46.032;4.0;33.0;MEX;07:41.369;4.0;35.0;IRL;07:34.391;3.7;33.0
1815;CAN;07:50.465;3.9;30.0;TUN;07:47.785;3.8;33.0;POL;07:47.341;4.0;33.0;MEX;07:42.695;4.0;35.0;IRL;07:35.632;3.8;33.0
1820;CAN;07:51.622;3.9;30.0;TUN;07:49.047;3.8;33.0;POL;07:48.477;4.0;33.0;MEX;07:44.020;4.0;35.0;IRL;07:36.913;3.8;32.0
1825;CAN;07:52.985;3.9;30.0;TUN;07:50.295;3.8;33.0;POL;07:49.792;3.9;33.0;MEX;07:45.260;3.9;35.0;IRL;07:38.264;3.9;32.0
1830;CAN;07:54.373;3.9;30.0;TUN;07:51.642;3.9;33.0;POL;07:51.075;4.0;33.0;MEX;07:46.480;3.9;35.0;IRL;07:39.560;3.9;32.0
1835;CAN;07:55.721;3.7;30.0;TUN;07:52.963;3.9;33.0;POL;07:52.203;4.0;33.0;MEX;07:47.827;3.9;35.0;IRL;07:40.730;3.9;33.0
1840;CAN;07:57.301;3.4;29.0;TUN;07:54.214;3.9;33.0;POL;07:53.433;4.1;33.0;MEX;07:49.147;3.9;35.0;IRL;07:42.081;3.9;33.0
1845;CAN;07:58.735;3.3;29.0;TUN;07:55.535;3.8;34.0;POL;07:54.702;4.2;33.0;MEX;07:50.404;3.9;35.0;IRL;07:43.416;3.9;33.0
1850;CAN;07:59.939;3.4;28.0;TUN;07:56.925;3.8;34.0;POL;07:55.835;4.2;33.0;MEX;07:51.592;3.9;35.0;IRL;07:44.613;3.9;33.0
1855;CAN;08:01.353;3.7;29.0;TUN;07:58.278;3.7;34.0;POL;07:57.038;4.2;34.0;MEX;07:52.922;3.9;35.0;IRL;07:45.985;3.8;33.0
1860;CAN;08:02.711;3.8;30.0;TUN;07:59.518;3.8;34.0;POL;07:58.340;4.1;34.0;MEX;07:54.235;4.0;35.0;IRL;07:47.383;3.8;33.0
1865;CAN;08:03.866;3.8;30.0;TUN;08:00.811;3.8;34.0;POL;07:59.581;4.1;34.0;MEX;07:55.474;3.9;35.0;IRL;07:48.754;3.7;33.0
1870;CAN;08:05.218;3.9;30.0;TUN;08:02.168;3.8;34.0;POL;08:00.783;4.0;34.0;MEX;07:56.745;3.9;35.0;IRL;07:49.962;3.7;33.0
1875;CAN;08:06.545;3.9;30.0;TUN;08:03.477;3.9;34.0;POL;08:02.064;4.0;33.0;MEX;07:58.093;3.8;35.0;IRL;07:51.338;3.7;33.0
1880;CAN;08:07.686;3.9;30.0;TUN;08:04.648;3.9;34.0;POL;08:03.260;4.0;33.0;MEX;07:59.368;3.8;35.0;IRL;07:52.682;3.8;33.0
1885;CAN;08:09.036;3.9;30.0;TUN;08:05.980;3.9;34.0;POL;08:04.433;4.1;33.0;MEX;08:00.468;4.0;35.0;IRL;07:53.861;3.9;32.0
1890;CAN;08:10.325;4.0;30.0;TUN;08:07.299;3.9;34.0;POL;08:05.728;4.1;33.0;MEX;08:01.736;4.1;35.0;IRL;07:55.227;3.9;32.0
1895;CAN;08:11.478;3.9;30.0;TUN;08:08.527;3.9;34.0;POL;08:06.981;4.1;33.0;MEX;08:03.037;4.1;35.0;IRL;07:56.565;3.9;32.0
1900;CAN;08:12.788;4.0;30.0;TUN;08:09.752;3.9;34.0;POL;08:08.120;4.1;33.0;MEX;08:04.297;4.1;35.0;IRL;07:57.776;3.8;32.0
1905;CAN;08:13.943;4.0;30.0;TUN;08:11.075;4.0;34.0;POL;08:09.443;4.0;33.0;MEX;08:05.453;4.0;36.0;IRL;07:59.040;3.9;32.0
1910;CAN;08:15.187;4.1;30.0;TUN;08:12.338;4.0;34.0;POL;08:10.688;4.0;33.0;MEX;08:06.727;4.1;36.0;IRL;08:00.403;3.9;32.0
1915;CAN;08:16.470;4.1;30.0;TUN;08:13.496;4.0;33.0;POL;08:11.786;4.1;33.0;MEX;08:07.976;4.1;36.0;IRL;08:01.710;3.9;32.0
1920;CAN;08:17.577;4.1;30.0;TUN;08:14.837;4.0;33.0;POL;08:13.070;4.1;33.0;MEX;08:09.212;4.1;36.0;IRL;08:02.875;3.9;32.0
1925;CAN;08:18.856;4.1;31.0;TUN;08:16.133;4.0;33.0;POL;08:14.331;4.1;33.0;MEX;08:10.364;4.1;36.0;IRL;08:04.233;3.9;33.0
1930;CAN;08:20.067;4.1;31.0;TUN;08:17.279;3.9;33.0;POL;08:15.465;4.1;33.0;MEX;08:11.586;4.1;37.0;IRL;08:05.542;3.9;33.0
1935;CAN;08:21.213;4.1;31.0;TUN;08:18.602;3.9;33.0;POL;08:16.726;4.1;33.0;MEX;08:12.887;4.1;37.0;IRL;08:06.686;3.9;33.0
1940;CAN;08:22.505;4.2;31.0;TUN;08:19.936;3.9;33.0;POL;08:18.013;4.1;33.0;MEX;08:14.141;4.1;37.0;IRL;08:07.979;4.0;33.0
1945;CAN;08:23.678;4.1;31.0;TUN;08:21.184;3.9;33.0;POL;08:19.188;4.1;34.0;MEX;08:15.337;4.1;37.0;IRL;08:09.284;4.0;33.0
1950;CAN;08:24.912;4.1;31.0;TUN;08:22.389;3.9;33.0;POL;08:20.430;4.0;34.0;MEX;08:16.543;4.0;37.0;IRL;08:10.502;4.0;33.0
1955;CAN;08:26.155;4.1;31.0;TUN;08:23.707;3.9;34.0;POL;08:21.706;4.0;34.0;MEX;08:17.843;4.0;37.0;IRL;08:11.720;4.0;33.0
1960;CAN;08:27.230;4.1;31.0;TUN;08:24.965;4.0;34.0;POL;08:22.893;4.1;34.0;MEX;08:19.076;4.1;37.0;IRL;08:13.039;4.0;33.0
1965;CAN;08:28.510;4.2;31.0;TUN;08:26.098;4.0;34.0;POL;08:23.996;4.2;34.0;MEX;08:20.241;4.1;37.0;IRL;08:14.259;4.0;33.0
1970;CAN;08:29.740;4.2;31.0;TUN;08:27.417;4.0;34.0;POL;08:25.243;4.3;34.0;MEX;08:21.411;4.1;37.0;IRL;08:15.453;4.0;33.0
1975;CAN;08:30.901;4.1;31.0;TUN;08:28.710;4.0;34.0;POL;08:26.421;4.3;34.0;MEX;08:22.683;4.1;37.0;IRL;08:16.779;4.0;33.0
1980;CAN;08:32.147;4.1;31.0;TUN;08:29.905;4.0;34.0;POL;08:27.519;4.3;34.0;MEX;08:23.914;4.1;37.0;IRL;08:18.031;4.0;33.0
1985;CAN;08:33.267;4.1;31.0;TUN;08:31.157;4.0;34.0;POL;08:28.772;4.3;34.0;MEX;08:25.074;4.1;37.0;IRL;08:19.190;4.0;33.0
1990;CAN;08:34.504;4.2;31.0;TUN;08:32.470;4.0;34.0;POL;08:29.970;4.3;34.0;MEX;08:26.223;4.2;37.0;IRL;08:20.528;4.0;33.0
1995;CAN;08:35.768;4.2;31.0;TUN;08:33.764;3.9;34.0;POL;08:31.075;4.2;34.0;MEX;08:27.499;4.2;37.0;IRL;08:21.820;4.0;32.0
2000;CAN;08:36.857;4.1;31.0;TUN;08:34.947;3.9;34.0;POL;08:32.350;4.2;34.0;MEX;08:28.762;4.1;37.0;IRL;08:23.070;3.9;32.0
