Distance;ShortName1;Time1;Speed1;Stroke1;ShortName2;Time2;Speed2;Stroke2;ShortName3;Time3;Speed3;Stroke3;ShortName4;Time4;Speed4;Stroke4;
5;NED;00:03.015;2.4;0.0;LTU;00:03.070;2.7;0.0;ROU;00:02.960;2.6;0.0;ITA;00:02.818;2.8;0.0
10;NED;00:04.348;3.4;46.0;LTU;00:04.198;3.9;50.0;ROU;00:04.290;3.5;48.0;ITA;00:04.131;3.6;46.0
15;NED;00:05.526;3.9;46.0;LTU;00:05.389;4.3;49.0;ROU;00:05.447;3.9;48.0;ITA;00:05.265;3.9;46.0
20;NED;00:06.591;4.1;46.0;LTU;00:06.430;4.3;49.0;ROU;00:06.540;4.2;49.0;ITA;00:06.317;4.2;47.0
25;NED;00:07.542;4.5;46.0;LTU;00:07.424;4.7;48.0;ROU;00:07.526;4.6;49.0;ITA;00:07.238;4.5;47.0
30;NED;00:08.622;4.8;45.0;LTU;00:08.362;4.9;48.0;ROU;00:08.436;4.8;49.0;ITA;00:08.225;4.9;47.0
35;NED;00:09.612;5.0;45.0;LTU;00:09.361;5.1;47.0;ROU;00:09.404;5.1;49.0;ITA;00:09.219;5.1;47.0
40;NED;00:10.510;5.1;44.0;LTU;00:10.351;5.2;46.0;ROU;00:10.407;5.2;49.0;ITA;00:10.178;5.3;47.0
45;NED;00:11.520;5.1;44.0;LTU;00:11.234;5.2;45.0;ROU;00:11.345;5.3;49.0;ITA;00:11.024;5.3;47.0
50;NED;00:12.534;5.2;43.0;LTU;00:12.194;5.2;44.0;ROU;00:12.204;5.3;48.0;ITA;00:11.998;5.4;47.0
55;NED;00:13.479;5.2;43.0;LTU;00:13.189;5.3;44.0;ROU;00:13.194;5.4;48.0;ITA;00:12.965;5.4;47.0
60;NED;00:14.442;5.1;42.0;LTU;00:14.079;5.3;44.0;ROU;00:14.129;5.4;48.0;ITA;00:13.871;5.4;46.0
65;NED;00:15.484;5.1;41.0;LTU;00:15.045;5.3;44.0;ROU;00:15.042;5.4;47.0;ITA;00:14.753;5.4;46.0
70;NED;00:16.438;5.1;41.0;LTU;00:16.055;5.3;44.0;ROU;00:15.906;5.4;47.0;ITA;00:15.739;5.4;46.0
75;NED;00:17.375;5.1;41.0;LTU;00:17.021;5.3;44.0;ROU;00:16.891;5.4;47.0;ITA;00:16.665;5.4;46.0
80;NED;00:18.434;5.1;41.0;LTU;00:17.933;5.2;43.0;ROU;00:17.834;5.4;46.0;ITA;00:17.518;5.4;45.0
85;NED;00:19.379;5.1;41.0;LTU;00:18.974;5.1;43.0;ROU;00:18.684;5.4;46.0;ITA;00:18.507;5.4;45.0
90;NED;00:20.349;5.1;41.0;LTU;00:19.952;5.1;43.0;ROU;00:19.662;5.4;46.0;ITA;00:19.445;5.4;45.0
95;NED;00:21.406;5.1;40.0;LTU;00:20.851;5.1;42.0;ROU;00:20.604;5.4;46.0;ITA;00:20.296;5.4;45.0
100;NED;00:22.329;5.1;40.0;LTU;00:21.884;5.2;42.0;ROU;00:21.469;5.4;46.0;ITA;00:21.284;5.4;45.0
105;NED;00:23.357;5.0;40.0;LTU;00:22.869;5.2;42.0;ROU;00:22.404;5.4;45.0;ITA;00:22.243;5.4;44.0
110;NED;00:24.409;5.0;39.0;LTU;00:23.785;5.1;41.0;ROU;00:23.382;5.4;45.0;ITA;00:23.102;5.4;44.0
115;NED;00:25.326;5.0;39.0;LTU;00:24.842;5.1;41.0;ROU;00:24.282;5.4;45.0;ITA;00:24.105;5.3;44.0
120;NED;00:26.412;5.0;39.0;LTU;00:25.810;5.1;41.0;ROU;00:25.179;5.4;45.0;ITA;00:25.060;5.3;44.0
125;NED;00:27.464;4.9;39.0;LTU;00:26.737;5.1;41.0;ROU;00:26.172;5.4;45.0;ITA;00:25.928;5.3;44.0
130;NED;00:28.378;4.9;39.0;LTU;00:27.797;5.1;41.0;ROU;00:27.094;5.4;44.0;ITA;00:26.938;5.3;43.0
135;NED;00:29.482;4.9;39.0;LTU;00:28.785;5.1;40.0;ROU;00:27.983;5.3;44.0;ITA;00:27.904;5.3;43.0
140;NED;00:30.498;4.9;38.0;LTU;00:29.719;5.1;40.0;ROU;00:28.988;5.3;44.0;ITA;00:28.776;5.3;43.0
145;NED;00:31.449;4.9;38.0;LTU;00:30.775;5.0;40.0;ROU;00:29.924;5.3;44.0;ITA;00:29.771;5.3;43.0
150;NED;00:32.554;4.9;38.0;LTU;00:31.757;5.0;40.0;ROU;00:30.797;5.3;44.0;ITA;00:30.762;5.3;43.0
155;NED;00:33.572;4.9;38.0;LTU;00:32.692;5.0;40.0;ROU;00:31.808;5.3;43.0;ITA;00:31.625;5.2;43.0
160;NED;00:34.550;4.9;38.0;LTU;00:33.740;5.1;40.0;ROU;00:32.763;5.3;43.0;ITA;00:32.646;5.3;42.0
165;NED;00:35.673;4.9;38.0;LTU;00:34.688;5.1;40.0;ROU;00:33.628;5.3;43.0;ITA;00:33.630;5.3;42.0
170;NED;00:36.646;4.8;38.0;LTU;00:35.665;5.1;40.0;ROU;00:34.652;5.3;43.0;ITA;00:34.528;5.2;42.0
175;NED;00:37.701;4.8;37.0;LTU;00:36.716;5.1;40.0;ROU;00:35.609;5.3;43.0;ITA;00:35.512;5.2;42.0
180;NED;00:38.799;4.8;37.0;LTU;00:37.645;5.1;40.0;ROU;00:36.476;5.3;43.0;ITA;00:36.514;5.2;42.0
185;NED;00:39.759;4.8;37.0;LTU;00:38.657;5.0;40.0;ROU;00:37.492;5.3;43.0;ITA;00:37.396;5.2;42.0
190;NED;00:40.832;4.8;37.0;LTU;00:39.711;5.0;40.0;ROU;00:38.468;5.2;43.0;ITA;00:38.402;5.2;42.0
195;NED;00:41.927;4.8;37.0;LTU;00:40.638;5.0;40.0;ROU;00:39.336;5.2;43.0;ITA;00:39.406;5.2;42.0
200;NED;00:42.882;4.8;37.0;LTU;00:41.647;5.0;40.0;ROU;00:40.360;5.2;43.0;ITA;00:40.298;5.2;41.0
205;NED;00:44.006;4.8;37.0;LTU;00:42.699;5.0;40.0;ROU;00:41.331;5.3;43.0;ITA;00:41.303;5.2;41.0
210;NED;00:45.099;4.8;37.0;LTU;00:43.620;5.0;40.0;ROU;00:42.209;5.2;43.0;ITA;00:42.310;5.2;41.0
215;NED;00:46.052;4.7;37.0;LTU;00:44.671;5.0;40.0;ROU;00:43.233;5.2;42.0;ITA;00:43.192;5.2;41.0
220;NED;00:47.183;4.7;37.0;LTU;00:45.728;5.0;40.0;ROU;00:44.232;5.2;42.0;ITA;00:44.217;5.1;41.0
225;NED;00:48.265;4.7;37.0;LTU;00:46.645;4.9;39.0;ROU;00:45.106;5.2;42.0;ITA;00:45.224;5.1;41.0
230;NED;00:49.214;4.7;37.0;LTU;00:47.720;4.9;39.0;ROU;00:46.126;5.2;42.0;ITA;00:46.108;5.1;41.0
235;NED;00:50.348;4.7;37.0;LTU;00:48.764;4.9;39.0;ROU;00:47.129;5.2;42.0;ITA;00:47.140;5.1;41.0
240;NED;00:51.410;4.8;37.0;LTU;00:49.677;4.9;39.0;ROU;00:48.012;5.2;42.0;ITA;00:48.146;5.2;41.0
245;NED;00:52.377;4.8;37.0;LTU;00:50.769;4.9;39.0;ROU;00:49.037;5.2;42.0;ITA;00:49.033;5.1;41.0
250;NED;00:53.521;4.8;37.0;LTU;00:51.789;5.0;39.0;ROU;00:50.040;5.2;42.0;ITA;00:50.074;5.1;41.0
255;NED;00:54.573;4.8;37.0;LTU;00:52.721;5.0;39.0;ROU;00:50.947;5.1;42.0;ITA;00:51.078;5.1;41.0
260;NED;00:55.572;4.7;37.0;LTU;00:53.782;5.0;39.0;ROU;00:51.958;5.1;42.0;ITA;00:51.963;5.1;41.0
265;NED;00:56.723;4.7;37.0;LTU;00:54.822;5.0;39.0;ROU;00:52.988;5.1;42.0;ITA;00:53.023;5.1;41.0
270;NED;00:57.741;4.7;37.0;LTU;00:55.753;4.9;39.0;ROU;00:53.914;5.1;42.0;ITA;00:54.030;5.1;41.0
275;NED;00:58.784;4.7;37.0;LTU;00:56.858;4.9;39.0;ROU;00:54.900;5.1;41.0;ITA;00:54.923;5.1;41.0
280;NED;00:59.911;4.7;37.0;LTU;00:57.876;4.9;39.0;ROU;00:55.933;5.1;41.0;ITA;00:55.986;5.1;40.0
285;NED;01:00.895;4.7;37.0;LTU;00:58.866;4.9;39.0;ROU;00:56.855;5.1;41.0;ITA;00:56.991;5.1;40.0
290;NED;01:01.986;4.7;37.0;LTU;00:59.979;4.8;38.0;ROU;00:57.846;5.1;41.0;ITA;00:57.891;5.1;40.0
295;NED;01:03.109;4.7;37.0;LTU;01:01.012;4.8;38.0;ROU;00:58.883;5.1;41.0;ITA;00:58.954;5.1;40.0
300;NED;01:04.091;4.7;37.0;LTU;01:01.999;4.8;38.0;ROU;00:59.808;5.1;41.0;ITA;00:59.948;5.1;40.0
305;NED;01:05.224;4.7;37.0;LTU;01:03.109;4.8;38.0;ROU;01:00.805;5.1;41.0;ITA;01:00.859;5.1;40.0
310;NED;01:06.341;4.6;37.0;LTU;01:04.110;4.8;38.0;ROU;01:01.846;5.1;41.0;ITA;01:01.920;5.1;40.0
315;NED;01:07.307;4.6;36.0;LTU;01:05.130;4.8;38.0;ROU;01:02.782;5.1;41.0;ITA;01:02.910;5.1;40.0
320;NED;01:08.467;4.6;36.0;LTU;01:06.225;4.8;38.0;ROU;01:03.779;5.1;41.0;ITA;01:03.840;5.0;40.0
325;NED;01:09.573;4.7;36.0;LTU;01:07.157;4.8;37.0;ROU;01:04.823;5.1;41.0;ITA;01:04.905;5.0;40.0
330;NED;01:10.559;4.7;36.0;LTU;01:08.252;4.8;37.0;ROU;01:05.742;5.1;40.0;ITA;01:05.875;5.1;40.0
335;NED;01:11.739;4.6;36.0;LTU;01:09.321;4.8;37.0;ROU;01:06.771;5.0;40.0;ITA;01:06.822;5.0;40.0
340;NED;01:12.819;4.6;36.0;LTU;01:10.258;4.8;37.0;ROU;01:07.815;5.0;40.0;ITA;01:07.886;5.0;40.0
345;NED;01:13.874;4.6;36.0;LTU;01:11.367;4.8;37.0;ROU;01:08.727;5.0;40.0;ITA;01:08.845;5.0;40.0
350;NED;01:15.020;4.6;36.0;LTU;01:12.411;4.8;37.0;ROU;01:09.775;5.0;40.0;ITA;01:09.816;5.0;40.0
355;NED;01:16.062;4.6;36.0;LTU;01:13.371;4.8;37.0;ROU;01:10.815;5.0;40.0;ITA;01:10.870;5.0;40.0
360;NED;01:17.144;4.6;36.0;LTU;01:14.483;4.8;37.0;ROU;01:11.722;5.0;40.0;ITA;01:11.820;5.0;40.0
365;NED;01:18.303;4.6;36.0;LTU;01:15.504;4.8;37.0;ROU;01:12.794;5.0;40.0;ITA;01:12.821;5.0;40.0
370;NED;01:19.307;4.6;35.0;LTU;01:16.509;4.8;37.0;ROU;01:13.832;5.0;40.0;ITA;01:13.879;5.0;40.0
375;NED;01:20.438;4.6;35.0;LTU;01:17.622;4.8;37.0;ROU;01:14.740;5.0;40.0;ITA;01:14.815;5.0;40.0
380;NED;01:21.571;4.6;35.0;LTU;01:18.626;4.8;37.0;ROU;01:15.819;4.9;39.0;ITA;01:15.841;4.9;39.0
385;NED;01:22.541;4.6;35.0;LTU;01:19.660;4.8;37.0;ROU;01:16.853;4.9;39.0;ITA;01:16.891;4.9;39.0
390;NED;01:23.713;4.6;35.0;LTU;01:20.771;4.8;37.0;ROU;01:17.761;4.9;39.0;ITA;01:17.808;5.0;39.0
395;NED;01:24.818;4.6;35.0;LTU;01:21.747;4.8;37.0;ROU;01:18.851;5.0;39.0;ITA;01:18.868;5.0;39.0
400;NED;01:25.818;4.6;35.0;LTU;01:22.842;4.8;37.0;ROU;01:19.867;5.0;39.0;ITA;01:19.909;5.0;39.0
405;NED;01:26.985;4.6;35.0;LTU;01:23.938;4.7;37.0;ROU;01:20.797;4.9;39.0;ITA;01:20.823;4.9;39.0
410;NED;01:28.043;4.6;35.0;LTU;01:24.895;4.7;37.0;ROU;01:21.889;4.9;39.0;ITA;01:21.898;4.9;39.0
415;NED;01:29.079;4.6;35.0;LTU;01:26.011;4.8;37.0;ROU;01:22.905;4.9;39.0;ITA;01:22.934;5.0;39.0
420;NED;01:30.234;4.6;35.0;LTU;01:27.084;4.8;37.0;ROU;01:23.844;4.9;39.0;ITA;01:23.851;5.0;39.0
425;NED;01:31.236;4.6;36.0;LTU;01:28.043;4.8;37.0;ROU;01:24.930;4.9;39.0;ITA;01:24.938;5.0;39.0
430;NED;01:32.350;4.6;36.0;LTU;01:29.172;4.8;37.0;ROU;01:25.919;4.9;39.0;ITA;01:25.970;5.0;39.0
435;NED;01:33.501;4.6;36.0;LTU;01:30.235;4.8;37.0;ROU;01:26.912;4.9;39.0;ITA;01:26.895;4.9;39.0
440;NED;01:34.499;4.6;36.0;LTU;01:31.231;4.7;37.0;ROU;01:27.965;5.0;39.0;ITA;01:27.986;4.9;39.0
445;NED;01:35.643;4.6;36.0;LTU;01:32.363;4.7;37.0;ROU;01:28.889;5.0;39.0;ITA;01:28.997;4.9;39.0
450;NED;01:36.781;4.6;36.0;LTU;01:33.401;4.7;37.0;ROU;01:29.929;5.0;39.0;ITA;01:29.949;4.9;39.0
455;NED;01:37.762;4.6;36.0;LTU;01:34.419;4.8;37.0;ROU;01:31.004;4.9;39.0;ITA;01:31.036;4.9;38.0
460;NED;01:38.947;4.6;36.0;LTU;01:35.532;4.8;37.0;ROU;01:31.967;4.9;39.0;ITA;01:32.020;4.9;38.0
465;NED;01:40.077;4.6;36.0;LTU;01:36.536;4.7;37.0;ROU;01:32.989;4.9;39.0;ITA;01:33.025;4.9;38.0
470;NED;01:41.080;4.5;36.0;LTU;01:37.594;4.7;37.0;ROU;01:34.062;4.9;39.0;ITA;01:34.102;4.9;38.0
475;NED;01:42.278;4.5;36.0;LTU;01:38.702;4.8;37.0;ROU;01:35.004;4.9;39.0;ITA;01:35.057;4.9;38.0
480;NED;01:43.394;4.5;35.0;LTU;01:39.657;4.8;37.0;ROU;01:36.058;4.9;39.0;ITA;01:36.100;4.9;38.0
485;NED;01:44.415;4.5;35.0;LTU;01:40.796;4.8;36.0;ROU;01:37.123;4.9;39.0;ITA;01:37.171;4.9;38.0
490;NED;01:45.604;4.5;35.0;LTU;01:41.885;4.7;36.0;ROU;01:38.060;4.9;39.0;ITA;01:38.092;4.9;38.0
495;NED;01:46.674;4.5;35.0;LTU;01:42.869;4.7;36.0;ROU;01:39.126;4.9;39.0;ITA;01:39.181;4.9;38.0
500;NED;01:47.757;4.5;35.0;LTU;01:44.024;4.7;36.0;ROU;01:40.196;4.9;39.0;ITA;01:40.248;4.9;38.0
505;NED;01:48.938;4.5;35.0;LTU;01:45.103;4.7;36.0;ROU;01:41.132;4.9;39.0;ITA;01:41.176;4.9;38.0
510;NED;01:49.980;4.5;35.0;LTU;01:46.111;4.6;36.0;ROU;01:42.215;4.9;39.0;ITA;01:42.275;4.9;38.0
515;NED;01:51.119;4.5;35.0;LTU;01:47.257;4.6;36.0;ROU;01:43.288;4.8;39.0;ITA;01:43.336;4.9;38.0
520;NED;01:52.248;4.5;35.0;LTU;01:48.300;4.6;36.0;ROU;01:44.210;4.8;39.0;ITA;01:44.266;4.9;38.0
525;NED;01:53.241;4.5;35.0;LTU;01:49.351;4.7;36.0;ROU;01:45.314;4.8;39.0;ITA;01:45.367;4.9;38.0
530;NED;01:54.410;4.6;35.0;LTU;01:50.485;4.7;36.0;ROU;01:46.372;4.8;38.0;ITA;01:46.414;4.9;38.0
535;NED;01:55.520;4.6;35.0;LTU;01:51.474;4.6;36.0;ROU;01:47.298;4.8;38.0;ITA;01:47.350;4.9;38.0
540;NED;01:56.566;4.6;35.0;LTU;01:52.575;4.6;36.0;ROU;01:48.408;4.9;38.0;ITA;01:48.459;4.9;38.0
545;NED;01:57.736;4.6;35.0;LTU;01:53.709;4.7;36.0;ROU;01:49.453;4.9;38.0;ITA;01:49.492;4.9;38.0
550;NED;01:58.826;4.5;35.0;LTU;01:54.690;4.7;36.0;ROU;01:50.395;4.9;38.0;ITA;01:50.462;4.9;38.0
555;NED;01:59.868;4.5;35.0;LTU;01:55.809;4.7;36.0;ROU;01:51.517;4.8;38.0;ITA;01:51.575;4.8;38.0
560;NED;02:01.038;4.5;35.0;LTU;01:56.932;4.7;36.0;ROU;01:52.535;4.8;38.0;ITA;01:52.582;4.8;38.0
565;NED;02:02.058;4.6;35.0;LTU;01:57.907;4.6;36.0;ROU;01:53.493;4.8;38.0;ITA;01:53.572;4.8;38.0
570;NED;02:03.178;4.6;35.0;LTU;01:59.067;4.6;36.0;ROU;01:54.598;4.9;38.0;ITA;01:54.672;4.8;38.0
575;NED;02:04.324;4.6;35.0;LTU;02:00.165;4.6;36.0;ROU;01:55.606;4.9;38.0;ITA;01:55.648;4.9;38.0
580;NED;02:05.309;4.6;35.0;LTU;02:01.137;4.7;36.0;ROU;01:56.584;4.9;38.0;ITA;01:56.684;4.9;38.0
585;NED;02:06.492;4.6;35.0;LTU;02:02.286;4.7;36.0;ROU;01:57.689;4.9;38.0;ITA;01:57.772;4.9;38.0
590;NED;02:07.616;4.6;35.0;LTU;02:03.373;4.7;36.0;ROU;01:58.657;4.9;38.0;ITA;01:58.717;4.8;38.0
595;NED;02:08.629;4.5;35.0;LTU;02:04.366;4.7;36.0;ROU;01:59.678;4.9;38.0;ITA;01:59.810;4.8;38.0
600;NED;02:09.817;4.5;35.0;LTU;02:05.509;4.7;36.0;ROU;02:00.757;4.9;38.0;ITA;02:00.881;4.8;37.0
605;NED;02:10.906;4.5;35.0;LTU;02:06.503;4.6;36.0;ROU;02:01.695;4.9;38.0;ITA;02:01.817;4.8;37.0
610;NED;02:11.977;4.5;35.0;LTU;02:07.585;4.6;36.0;ROU;02:02.768;4.9;38.0;ITA;02:02.935;4.8;37.0
615;NED;02:13.166;4.5;35.0;LTU;02:08.715;4.7;36.0;ROU;02:03.831;4.9;38.0;ITA;02:03.985;4.8;37.0
620;NED;02:14.217;4.5;35.0;LTU;02:09.712;4.7;36.0;ROU;02:04.755;4.9;38.0;ITA;02:04.973;4.8;37.0
625;NED;02:15.325;4.5;35.0;LTU;02:10.818;4.7;36.0;ROU;02:05.878;4.9;38.0;ITA;02:06.047;4.8;37.0
630;NED;02:16.491;4.5;35.0;LTU;02:11.926;4.6;36.0;ROU;02:06.913;4.8;38.0;ITA;02:07.055;4.9;37.0
635;NED;02:17.505;4.5;35.0;LTU;02:12.894;4.7;36.0;ROU;02:07.849;4.8;38.0;ITA;02:08.070;4.8;37.0
640;NED;02:18.652;4.5;35.0;LTU;02:14.013;4.7;36.0;ROU;02:08.955;4.9;38.0;ITA;02:09.168;4.8;37.0
645;NED;02:19.798;4.5;35.0;LTU;02:15.097;4.8;37.0;ROU;02:09.979;4.9;38.0;ITA;02:10.134;4.8;37.0
650;NED;02:20.790;4.5;35.0;LTU;02:16.060;4.8;37.0;ROU;02:10.925;4.9;38.0;ITA;02:11.209;4.8;37.0
655;NED;02:21.984;4.6;35.0;LTU;02:17.194;4.8;37.0;ROU;02:12.019;4.9;38.0;ITA;02:12.287;4.8;37.0
660;NED;02:23.123;4.5;35.0;LTU;02:18.284;4.8;37.0;ROU;02:13.011;4.9;38.0;ITA;02:13.228;4.8;37.0
665;NED;02:24.117;4.5;35.0;LTU;02:19.271;4.7;37.0;ROU;02:13.985;4.9;38.0;ITA;02:14.357;4.8;37.0
670;NED;02:25.305;4.5;35.0;LTU;02:20.399;4.7;37.0;ROU;02:15.058;4.9;38.0;ITA;02:15.404;4.8;37.0
675;NED;02:26.406;4.5;35.0;LTU;02:21.461;4.7;37.0;ROU;02:16.008;5.0;38.0;ITA;02:16.355;4.8;37.0
680;NED;02:27.420;4.6;35.0;LTU;02:22.464;4.7;36.0;ROU;02:17.018;5.0;38.0;ITA;02:17.478;4.8;37.0
685;NED;02:28.600;4.6;35.0;LTU;02:23.592;4.7;36.0;ROU;02:18.078;5.0;38.0;ITA;02:18.507;4.8;37.0
690;NED;02:29.669;4.6;35.0;LTU;02:24.617;4.7;36.0;ROU;02:19.000;5.0;38.0;ITA;02:19.504;4.8;37.0
695;NED;02:30.737;4.6;35.0;LTU;02:25.661;4.7;36.0;ROU;02:20.062;5.0;38.0;ITA;02:20.613;4.8;37.0
700;NED;02:31.906;4.6;35.0;LTU;02:26.786;4.7;36.0;ROU;02:21.114;4.9;39.0;ITA;02:21.596;4.8;37.0
705;NED;02:32.935;4.5;35.0;LTU;02:27.762;4.7;36.0;ROU;02:22.031;4.9;39.0;ITA;02:22.650;4.8;37.0
710;NED;02:34.075;4.5;35.0;LTU;02:28.896;4.7;36.0;ROU;02:23.119;4.9;39.0;ITA;02:23.741;4.8;37.0
715;NED;02:35.236;4.5;35.0;LTU;02:30.007;4.7;36.0;ROU;02:24.159;4.9;38.0;ITA;02:24.687;4.8;37.0
720;NED;02:36.227;4.5;35.0;LTU;02:30.965;4.7;36.0;ROU;02:25.081;4.9;38.0;ITA;02:25.797;4.8;37.0
725;NED;02:37.419;4.5;35.0;LTU;02:32.107;4.6;36.0;ROU;02:26.181;4.9;38.0;ITA;02:26.867;4.8;37.0
730;NED;02:38.568;4.5;35.0;LTU;02:33.172;4.7;36.0;ROU;02:27.193;4.9;38.0;ITA;02:27.821;4.8;37.0
735;NED;02:39.570;4.5;35.0;LTU;02:34.199;4.8;36.0;ROU;02:28.187;4.9;38.0;ITA;02:28.951;4.8;37.0
740;NED;02:40.781;4.5;35.0;LTU;02:35.299;4.7;36.0;ROU;02:29.234;4.9;38.0;ITA;02:29.995;4.8;37.0
745;NED;02:41.903;4.5;35.0;LTU;02:36.307;4.7;36.0;ROU;02:30.214;4.9;38.0;ITA;02:30.980;4.8;37.0
750;NED;02:42.931;4.5;35.0;LTU;02:37.391;4.7;36.0;ROU;02:31.210;4.9;38.0;ITA;02:32.097;4.8;37.0
755;NED;02:44.125;4.5;35.0;LTU;02:38.503;4.7;36.0;ROU;02:32.290;4.9;38.0;ITA;02:33.095;4.8;37.0
760;NED;02:45.202;4.5;35.0;LTU;02:39.473;4.7;36.0;ROU;02:33.229;4.9;38.0;ITA;02:34.156;4.8;37.0
765;NED;02:46.269;4.5;35.0;LTU;02:40.615;4.7;36.0;ROU;02:34.277;4.9;38.0;ITA;02:35.257;4.8;37.0
770;NED;02:47.445;4.5;35.0;LTU;02:41.720;4.7;36.0;ROU;02:35.332;4.9;38.0;ITA;02:36.212;4.8;37.0
775;NED;02:48.468;4.5;35.0;LTU;02:42.704;4.6;36.0;ROU;02:36.248;4.9;38.0;ITA;02:37.339;4.8;37.0
780;NED;02:49.600;4.5;35.0;LTU;02:43.872;4.6;36.0;ROU;02:37.329;4.9;38.0;ITA;02:38.431;4.8;36.0
785;NED;02:50.753;4.5;35.0;LTU;02:44.982;4.6;36.0;ROU;02:38.374;4.9;38.0;ITA;02:39.380;4.7;36.0
790;NED;02:51.741;4.5;35.0;LTU;02:46.000;4.6;36.0;ROU;02:39.295;4.9;38.0;ITA;02:40.525;4.7;36.0
795;NED;02:52.924;4.6;35.0;LTU;02:47.170;4.6;36.0;ROU;02:40.398;4.9;38.0;ITA;02:41.593;4.7;36.0
800;NED;02:54.046;4.6;35.0;LTU;02:48.232;4.6;35.0;ROU;02:41.413;4.9;38.0;ITA;02:42.570;4.7;36.0
805;NED;02:55.043;4.6;35.0;LTU;02:49.326;4.5;35.0;ROU;02:42.360;4.9;38.0;ITA;02:43.702;4.7;36.0
810;NED;02:56.226;4.6;35.0;LTU;02:50.489;4.5;35.0;ROU;02:43.459;4.9;38.0;ITA;02:44.725;4.8;36.0
815;NED;02:57.317;4.6;35.0;LTU;02:51.523;4.5;35.0;ROU;02:44.447;4.9;38.0;ITA;02:45.754;4.8;36.0
820;NED;02:58.357;4.6;35.0;LTU;02:52.645;4.6;35.0;ROU;02:45.453;4.9;38.0;ITA;02:46.867;4.7;36.0
825;NED;02:59.542;4.5;35.0;LTU;02:53.796;4.6;35.0;ROU;02:46.525;4.9;38.0;ITA;02:47.822;4.7;36.0
830;NED;03:00.591;4.5;35.0;LTU;02:54.802;4.5;35.0;ROU;02:47.496;4.9;38.0;ITA;02:48.935;4.8;36.0
835;NED;03:01.710;4.5;35.0;LTU;02:55.935;4.5;36.0;ROU;02:48.516;4.9;38.0;ITA;02:50.027;4.8;36.0
840;NED;03:02.879;4.5;35.0;LTU;02:57.063;4.6;36.0;ROU;02:49.589;4.9;38.0;ITA;02:50.965;4.8;36.0
845;NED;03:03.885;4.5;35.0;LTU;02:58.045;4.6;36.0;ROU;02:50.524;4.9;38.0;ITA;02:52.108;4.8;36.0
850;NED;03:05.049;4.5;35.0;LTU;02:59.189;4.6;36.0;ROU;02:51.580;4.9;38.0;ITA;02:53.186;4.8;36.0
855;NED;03:06.187;4.5;35.0;LTU;03:00.307;4.6;36.0;ROU;02:52.638;4.9;38.0;ITA;02:54.150;4.8;36.0
860;NED;03:07.178;4.6;35.0;LTU;03:01.297;4.6;36.0;ROU;02:53.552;4.9;38.0;ITA;02:55.287;4.7;36.0
865;NED;03:08.380;4.6;35.0;LTU;03:02.451;4.6;36.0;ROU;02:54.647;4.9;38.0;ITA;02:56.289;4.7;36.0
870;NED;03:09.498;4.5;35.0;LTU;03:03.556;4.7;36.0;ROU;02:55.694;4.9;38.0;ITA;02:57.343;4.7;36.0
875;NED;03:10.557;4.5;35.0;LTU;03:04.574;4.6;36.0;ROU;02:56.619;4.9;38.0;ITA;02:58.468;4.8;36.0
880;NED;03:11.724;4.5;35.0;LTU;03:05.700;4.6;36.0;ROU;02:57.723;4.9;38.0;ITA;02:59.445;4.8;36.0
885;NED;03:12.811;4.5;35.0;LTU;03:06.771;4.6;36.0;ROU;02:58.762;4.9;38.0;ITA;03:00.538;4.7;36.0
890;NED;03:13.914;4.5;35.0;LTU;03:07.812;4.6;36.0;ROU;02:59.697;4.9;38.0;ITA;03:01.639;4.7;36.0
895;NED;03:15.081;4.5;35.0;LTU;03:08.972;4.6;36.0;ROU;03:00.807;4.9;38.0;ITA;03:02.588;4.7;36.0
900;NED;03:16.129;4.5;35.0;LTU;03:10.019;4.6;36.0;ROU;03:01.818;4.9;38.0;ITA;03:03.725;4.7;36.0
905;NED;03:17.256;4.5;35.0;LTU;03:11.123;4.6;36.0;ROU;03:02.792;4.9;38.0;ITA;03:04.802;4.7;36.0
910;NED;03:18.424;4.5;35.0;LTU;03:12.241;4.6;36.0;ROU;03:03.888;4.8;38.0;ITA;03:05.756;4.7;36.0
915;NED;03:19.426;4.5;35.0;LTU;03:13.225;4.6;36.0;ROU;03:04.856;4.9;38.0;ITA;03:06.892;4.8;36.0
920;NED;03:20.597;4.5;35.0;LTU;03:14.373;4.6;35.0;ROU;03:05.890;4.9;38.0;ITA;03:07.944;4.8;36.0
925;NED;03:21.739;4.5;35.0;LTU;03:15.485;4.6;35.0;ROU;03:06.970;4.9;38.0;ITA;03:08.942;4.8;36.0
930;NED;03:22.734;4.5;35.0;LTU;03:16.464;4.6;35.0;ROU;03:07.901;4.9;38.0;ITA;03:10.068;4.7;36.0
935;NED;03:23.929;4.6;35.0;LTU;03:17.613;4.6;35.0;ROU;03:08.991;4.9;38.0;ITA;03:11.072;4.7;36.0
940;NED;03:25.051;4.5;35.0;LTU;03:18.710;4.6;35.0;ROU;03:10.050;4.9;38.0;ITA;03:12.136;4.7;36.0
945;NED;03:26.058;4.5;35.0;LTU;03:19.724;4.6;35.0;ROU;03:10.967;4.9;38.0;ITA;03:13.241;4.7;36.0
950;NED;03:27.245;4.5;35.0;LTU;03:20.890;4.6;36.0;ROU;03:12.075;4.9;38.0;ITA;03:14.194;4.7;36.0
955;NED;03:28.327;4.5;35.0;LTU;03:21.949;4.6;36.0;ROU;03:13.115;4.9;38.0;ITA;03:15.318;4.8;36.0
960;NED;03:29.366;4.6;35.0;LTU;03:23.016;4.6;36.0;ROU;03:14.044;4.9;38.0;ITA;03:16.407;4.8;36.0
965;NED;03:30.533;4.6;35.0;LTU;03:24.170;4.6;35.0;ROU;03:15.148;4.9;38.0;ITA;03:17.355;4.8;36.0
970;NED;03:31.560;4.6;35.0;LTU;03:25.167;4.6;35.0;ROU;03:16.162;4.9;38.0;ITA;03:18.500;4.8;36.0
975;NED;03:32.667;4.6;35.0;LTU;03:26.321;4.6;35.0;ROU;03:17.168;4.9;38.0;ITA;03:19.569;4.7;36.0
980;NED;03:33.810;4.6;35.0;LTU;03:27.438;4.6;35.0;ROU;03:18.228;4.9;38.0;ITA;03:20.582;4.7;36.0
985;NED;03:34.791;4.6;35.0;LTU;03:28.435;4.6;35.0;ROU;03:19.203;4.9;38.0;ITA;03:21.677;4.8;36.0
990;NED;03:35.967;4.6;35.0;LTU;03:29.614;4.6;35.0;ROU;03:20.241;4.9;38.0;ITA;03:22.717;4.8;36.0
995;NED;03:37.086;4.6;35.0;LTU;03:30.737;4.6;35.0;ROU;03:21.323;4.9;38.0;ITA;03:23.784;4.7;36.0
1000;NED;03:38.087;4.6;35.0;LTU;03:31.745;4.5;35.0;ROU;03:22.263;4.9;38.0;ITA;03:24.874;4.7;36.0
1005;NED;03:39.276;4.5;35.0;LTU;03:32.932;4.5;35.0;ROU;03:23.352;4.9;37.0;ITA;03:25.863;4.7;36.0
1010;NED;03:40.371;4.5;35.0;LTU;03:34.038;4.5;35.0;ROU;03:24.416;4.9;37.0;ITA;03:26.973;4.7;36.0
1015;NED;03:41.418;4.6;35.0;LTU;03:35.074;4.5;35.0;ROU;03:25.340;4.8;37.0;ITA;03:28.083;4.7;36.0
1020;NED;03:42.604;4.6;35.0;LTU;03:36.252;4.5;35.0;ROU;03:26.450;4.8;37.0;ITA;03:29.050;4.7;36.0
1025;NED;03:43.670;4.5;35.0;LTU;03:37.339;4.5;35.0;ROU;03:27.492;4.9;37.0;ITA;03:30.189;4.6;36.0
1030;NED;03:44.772;4.5;35.0;LTU;03:38.376;4.5;35.0;ROU;03:28.437;4.9;37.0;ITA;03:31.283;4.7;36.0
1035;NED;03:45.949;4.5;35.0;LTU;03:39.529;4.6;36.0;ROU;03:29.544;4.9;37.0;ITA;03:32.251;4.7;36.0
1040;NED;03:46.983;4.4;35.0;LTU;03:40.569;4.6;36.0;ROU;03:30.553;4.9;37.0;ITA;03:33.399;4.7;36.0
1045;NED;03:48.136;4.5;35.0;LTU;03:41.656;4.6;36.0;ROU;03:31.535;4.9;37.0;ITA;03:34.472;4.7;36.0
1050;NED;03:49.311;4.5;35.0;LTU;03:42.795;4.6;36.0;ROU;03:32.635;4.9;37.0;ITA;03:35.460;4.7;36.0
1055;NED;03:50.322;4.4;35.0;LTU;03:43.777;4.6;36.0;ROU;03:33.604;4.9;37.0;ITA;03:36.602;4.7;36.0
1060;NED;03:51.535;4.4;35.0;LTU;03:44.940;4.6;35.0;ROU;03:34.665;4.9;37.0;ITA;03:37.643;4.7;36.0
1065;NED;03:52.717;4.4;35.0;LTU;03:46.049;4.6;35.0;ROU;03:35.729;4.8;37.0;ITA;03:38.677;4.7;36.0
1070;NED;03:53.747;4.4;35.0;LTU;03:47.043;4.6;35.0;ROU;03:36.668;4.8;37.0;ITA;03:39.805;4.7;36.0
1075;NED;03:54.985;4.4;35.0;LTU;03:48.197;4.6;35.0;ROU;03:37.757;4.8;37.0;ITA;03:40.813;4.7;36.0
1080;NED;03:56.142;4.4;35.0;LTU;03:49.262;4.6;35.0;ROU;03:38.818;4.9;37.0;ITA;03:41.891;4.7;36.0
1085;NED;03:57.160;4.4;35.0;LTU;03:50.298;4.6;35.0;ROU;03:39.740;4.9;37.0;ITA;03:43.007;4.7;36.0
1090;NED;03:58.376;4.4;35.0;LTU;03:51.438;4.6;35.0;ROU;03:40.853;4.9;37.0;ITA;03:43.969;4.7;36.0
1095;NED;03:59.540;4.4;35.0;LTU;03:52.459;4.6;35.0;ROU;03:41.874;4.9;37.0;ITA;03:45.090;4.7;36.0
1100;NED;04:00.576;4.4;35.0;LTU;03:53.550;4.6;36.0;ROU;03:42.837;4.9;37.0;ITA;03:46.188;4.7;36.0
1105;NED;04:01.771;4.4;35.0;LTU;03:54.682;4.6;36.0;ROU;03:43.943;4.9;37.0;ITA;03:47.156;4.7;36.0
1110;NED;04:02.900;4.4;35.0;LTU;03:55.666;4.6;36.0;ROU;03:44.940;4.9;37.0;ITA;03:48.270;4.8;37.0
1115;NED;04:03.943;4.4;35.0;LTU;03:56.795;4.7;36.0;ROU;03:45.937;4.9;37.0;ITA;03:49.348;4.8;37.0
1120;NED;04:05.151;4.4;35.0;LTU;03:57.900;4.7;36.0;ROU;03:47.030;4.9;37.0;ITA;03:50.339;4.8;37.0
1125;NED;04:06.250;4.5;35.0;LTU;03:58.889;4.6;36.0;ROU;03:47.972;4.9;37.0;ITA;03:51.451;4.7;37.0
1130;NED;04:07.308;4.5;34.0;LTU;04:00.045;4.6;35.0;ROU;03:49.060;4.9;37.0;ITA;03:52.502;4.7;36.0
1135;NED;04:08.510;4.5;34.0;LTU;04:01.104;4.6;35.0;ROU;03:50.125;4.8;37.0;ITA;03:53.523;4.7;36.0
1140;NED;04:09.583;4.5;35.0;LTU;04:02.148;4.6;35.0;ROU;03:51.053;4.8;37.0;ITA;03:54.657;4.7;36.0
1145;NED;04:10.698;4.5;35.0;LTU;04:03.297;4.6;35.0;ROU;03:52.161;4.8;37.0;ITA;03:55.654;4.7;36.0
1150;NED;04:11.896;4.4;35.0;LTU;04:04.322;4.6;35.0;ROU;03:53.189;4.9;37.0;ITA;03:56.755;4.7;36.0
1155;NED;04:12.967;4.4;35.0;LTU;04:05.433;4.6;35.0;ROU;03:54.141;4.9;37.0;ITA;03:57.873;4.7;36.0
1160;NED;04:14.109;4.4;35.0;LTU;04:06.562;4.6;35.0;ROU;03:55.246;4.9;37.0;ITA;03:58.847;4.7;36.0
1165;NED;04:15.298;4.4;35.0;LTU;04:07.546;4.6;35.0;ROU;03:56.232;4.9;37.0;ITA;03:59.991;4.6;36.0
1170;NED;04:16.338;4.4;35.0;LTU;04:08.707;4.6;35.0;ROU;03:57.253;4.9;37.0;ITA;04:01.095;4.7;36.0
1175;NED;04:17.531;4.5;35.0;LTU;04:09.828;4.6;35.0;ROU;03:58.338;4.9;37.0;ITA;04:02.066;4.7;36.0
1180;NED;04:18.683;4.4;35.0;LTU;04:10.825;4.6;35.0;ROU;03:59.275;4.9;37.0;ITA;04:03.223;4.7;36.0
1185;NED;04:19.699;4.4;35.0;LTU;04:12.001;4.6;35.0;ROU;04:00.364;4.8;37.0;ITA;04:04.305;4.7;36.0
1190;NED;04:20.903;4.4;35.0;LTU;04:13.105;4.6;35.0;ROU;04:01.417;4.9;37.0;ITA;04:05.303;4.6;36.0
1195;NED;04:22.059;4.4;35.0;LTU;04:14.159;4.6;35.0;ROU;04:02.344;4.9;37.0;ITA;04:06.460;4.6;36.0
1200;NED;04:23.076;4.4;35.0;LTU;04:15.338;4.5;35.0;ROU;04:03.462;4.9;37.0;ITA;04:07.519;4.6;36.0
1205;NED;04:24.286;4.4;35.0;LTU;04:16.379;4.5;35.0;ROU;04:04.456;4.9;37.0;ITA;04:08.565;4.6;36.0
1210;NED;04:25.424;4.4;35.0;LTU;04:17.507;4.5;34.0;ROU;04:05.459;4.8;37.0;ITA;04:09.710;4.6;36.0
1215;NED;04:26.454;4.4;35.0;LTU;04:18.673;4.5;34.0;ROU;04:06.563;4.8;37.0;ITA;04:10.685;4.6;36.0
1220;NED;04:27.660;4.4;35.0;LTU;04:19.682;4.5;34.0;ROU;04:07.539;4.8;37.0;ITA;04:11.825;4.6;36.0
1225;NED;04:28.759;4.4;35.0;LTU;04:20.855;4.5;34.0;ROU;04:08.597;4.8;37.0;ITA;04:12.956;4.6;36.0
1230;NED;04:29.823;4.5;35.0;LTU;04:21.995;4.5;34.0;ROU;04:09.674;4.9;37.0;ITA;04:13.931;4.6;36.0
1235;NED;04:31.016;4.5;35.0;LTU;04:23.011;4.5;34.0;ROU;04:10.600;4.8;37.0;ITA;04:15.075;4.6;36.0
1240;NED;04:32.078;4.5;35.0;LTU;04:24.203;4.5;34.0;ROU;04:11.719;4.8;37.0;ITA;04:16.187;4.7;36.0
1245;NED;04:33.211;4.5;35.0;LTU;04:25.272;4.5;34.0;ROU;04:12.783;4.8;37.0;ITA;04:17.153;4.7;36.0
1250;NED;04:34.388;4.4;34.0;LTU;04:26.382;4.5;34.0;ROU;04:13.723;4.8;37.0;ITA;04:18.322;4.6;36.0
1255;NED;04:35.392;4.4;34.0;LTU;04:27.555;4.5;34.0;ROU;04:14.842;4.8;37.0;ITA;04:19.417;4.6;36.0
1260;NED;04:36.596;4.5;34.0;LTU;04:28.562;4.5;34.0;ROU;04:15.846;4.8;37.0;ITA;04:20.406;4.6;36.0
1265;NED;04:37.748;4.5;34.0;LTU;04:29.753;4.5;34.0;ROU;04:16.863;4.8;37.0;ITA;04:21.573;4.6;36.0
1270;NED;04:38.759;4.4;34.0;LTU;04:30.880;4.5;34.0;ROU;04:17.961;4.8;36.0;ITA;04:22.644;4.6;36.0
1275;NED;04:39.971;4.5;34.0;LTU;04:31.890;4.5;34.0;ROU;04:18.898;4.8;36.0;ITA;04:23.670;4.6;36.0
1280;NED;04:41.087;4.5;34.0;LTU;04:33.086;4.5;34.0;ROU;04:20.013;4.8;36.0;ITA;04:24.817;4.6;36.0
1285;NED;04:42.114;4.5;34.0;LTU;04:34.180;4.5;34.0;ROU;04:21.076;4.8;36.0;ITA;04:25.852;4.6;36.0
1290;NED;04:43.309;4.5;35.0;LTU;04:35.223;4.5;34.0;ROU;04:22.025;4.8;36.0;ITA;04:26.934;4.6;36.0
1295;NED;04:44.383;4.5;35.0;LTU;04:36.388;4.5;34.0;ROU;04:23.154;4.8;36.0;ITA;04:28.075;4.6;36.0
1300;NED;04:45.465;4.6;35.0;LTU;04:37.402;4.6;34.0;ROU;04:24.165;4.8;36.0;ITA;04:29.072;4.6;36.0
1305;NED;04:46.646;4.5;35.0;LTU;04:38.539;4.6;34.0;ROU;04:25.173;4.8;36.0;ITA;04:30.214;4.6;36.0
1310;NED;04:47.696;4.5;35.0;LTU;04:39.680;4.6;34.0;ROU;04:26.269;4.8;36.0;ITA;04:31.339;4.6;36.0
1315;NED;04:48.838;4.4;35.0;LTU;04:40.678;4.6;34.0;ROU;04:27.208;4.8;36.0;ITA;04:32.318;4.6;36.0
1320;NED;04:50.026;4.4;35.0;LTU;04:41.860;4.6;34.0;ROU;04:28.311;4.8;36.0;ITA;04:33.486;4.6;36.0
1325;NED;04:51.055;4.4;35.0;LTU;04:42.947;4.6;34.0;ROU;04:29.385;4.8;36.0;ITA;04:34.600;4.6;36.0
1330;NED;04:52.229;4.4;35.0;LTU;04:44.011;4.6;34.0;ROU;04:30.322;4.8;36.0;ITA;04:35.582;4.6;36.0
1335;NED;04:53.396;4.4;35.0;LTU;04:45.170;4.5;34.0;ROU;04:31.452;4.8;36.0;ITA;04:36.761;4.6;36.0
1340;NED;04:54.405;4.4;35.0;LTU;04:46.160;4.6;34.0;ROU;04:32.478;4.8;36.0;ITA;04:37.843;4.6;36.0
1345;NED;04:55.591;4.4;35.0;LTU;04:47.319;4.6;34.0;ROU;04:33.475;4.8;36.0;ITA;04:38.873;4.6;36.0
1350;NED;04:56.740;4.5;35.0;LTU;04:48.455;4.6;34.0;ROU;04:34.584;4.8;36.0;ITA;04:40.042;4.6;36.0
1355;NED;04:57.735;4.5;35.0;LTU;04:49.462;4.6;34.0;ROU;04:35.533;4.8;36.0;ITA;04:41.106;4.6;36.0
1360;NED;04:58.929;4.5;35.0;LTU;04:50.643;4.5;34.0;ROU;04:36.640;4.8;36.0;ITA;04:42.170;4.6;36.0
1365;NED;05:00.059;4.5;35.0;LTU;04:51.730;4.5;34.0;ROU;04:37.706;4.8;36.0;ITA;04:43.332;4.6;36.0
1370;NED;05:01.064;4.5;35.0;LTU;04:52.783;4.6;34.0;ROU;04:38.662;4.8;36.0;ITA;04:44.373;4.6;36.0
1375;NED;05:02.258;4.5;35.0;LTU;04:53.938;4.6;34.0;ROU;04:39.792;4.8;36.0;ITA;04:45.484;4.6;36.0
1380;NED;05:03.365;4.5;35.0;LTU;04:54.944;4.6;34.0;ROU;04:40.812;4.8;36.0;ITA;04:46.609;4.6;36.0
1385;NED;05:04.397;4.5;35.0;LTU;04:56.085;4.6;34.0;ROU;04:41.830;4.8;36.0;ITA;04:47.606;4.6;36.0
1390;NED;05:05.584;4.5;35.0;LTU;04:57.219;4.6;34.0;ROU;04:42.951;4.8;36.0;ITA;04:48.745;4.6;36.0
1395;NED;05:06.658;4.5;35.0;LTU;04:58.220;4.6;34.0;ROU;04:43.913;4.8;36.0;ITA;04:49.871;4.6;36.0
1400;NED;05:07.719;4.6;35.0;LTU;04:59.402;4.6;34.0;ROU;04:45.036;4.8;36.0;ITA;04:50.853;4.6;36.0
1405;NED;05:08.881;4.6;35.0;LTU;05:00.477;4.5;34.0;ROU;04:46.118;4.7;36.0;ITA;04:52.028;4.6;36.0
1410;NED;05:09.907;4.6;35.0;LTU;05:01.596;4.5;34.0;ROU;04:47.078;4.7;35.0;ITA;04:53.143;4.6;35.0
1415;NED;05:11.022;4.6;35.0;LTU;05:02.745;4.5;34.0;ROU;04:48.223;4.7;35.0;ITA;04:54.175;4.6;35.0
1420;NED;05:12.176;4.6;35.0;LTU;05:03.794;4.5;34.0;ROU;04:49.222;4.7;35.0;ITA;04:55.320;4.6;35.0
1425;NED;05:13.174;4.6;35.0;LTU;05:04.901;4.5;34.0;ROU;04:50.296;4.7;35.0;ITA;04:56.414;4.6;35.0
1430;NED;05:14.334;4.6;35.0;LTU;05:06.051;4.5;34.0;ROU;04:51.406;4.7;35.0;ITA;04:57.439;4.6;35.0
1435;NED;05:15.467;4.6;35.0;LTU;05:07.048;4.6;34.0;ROU;04:52.354;4.7;35.0;ITA;04:58.612;4.6;36.0
1440;NED;05:16.452;4.6;35.0;LTU;05:08.219;4.6;35.0;ROU;04:53.513;4.7;35.0;ITA;04:59.682;4.6;36.0
1445;NED;05:17.619;4.6;35.0;LTU;05:09.356;4.6;35.0;ROU;04:54.557;4.7;35.0;ITA;05:00.772;4.6;36.0
1450;NED;05:18.728;4.6;35.0;LTU;05:10.363;4.5;35.0;ROU;04:55.587;4.7;35.0;ITA;05:01.893;4.6;36.0
1455;NED;05:19.725;4.6;35.0;LTU;05:11.555;4.5;34.0;ROU;04:56.699;4.7;35.0;ITA;05:02.938;4.6;36.0
1460;NED;05:20.910;4.6;35.0;LTU;05:12.639;4.5;34.0;ROU;04:57.646;4.7;34.0;ITA;05:04.035;4.6;36.0
1465;NED;05:22.014;4.6;35.0;LTU;05:13.735;4.5;34.0;ROU;04:58.793;4.8;34.0;ITA;05:05.187;4.6;36.0
1470;NED;05:23.034;4.5;35.0;LTU;05:14.878;4.5;34.0;ROU;04:59.817;4.8;34.0;ITA;05:06.188;4.5;36.0
1475;NED;05:24.209;4.5;36.0;LTU;05:15.899;4.5;34.0;ROU;05:00.867;4.8;34.0;ITA;05:07.337;4.6;36.0
1480;NED;05:25.279;4.6;36.0;LTU;05:17.034;4.5;35.0;ROU;05:01.975;4.8;34.0;ITA;05:08.487;4.6;36.0
1485;NED;05:26.309;4.6;36.0;LTU;05:18.166;4.6;35.0;ROU;05:02.924;4.8;34.0;ITA;05:09.497;4.6;36.0
1490;NED;05:27.476;4.6;36.0;LTU;05:19.147;4.6;35.0;ROU;05:04.070;4.8;34.0;ITA;05:10.649;4.6;36.0
1495;NED;05:28.533;4.6;36.0;LTU;05:20.320;4.6;35.0;ROU;05:05.068;4.7;34.0;ITA;05:11.787;4.6;36.0
1500;NED;05:29.597;4.6;36.0;LTU;05:21.426;4.6;35.0;ROU;05:06.153;4.7;34.0;ITA;05:12.769;4.5;36.0
1505;NED;05:30.756;4.6;36.0;LTU;05:22.442;4.6;35.0;ROU;05:07.253;4.8;34.0;ITA;05:13.979;4.6;36.0
1510;NED;05:31.793;4.6;36.0;LTU;05:23.614;4.6;35.0;ROU;05:08.225;4.7;34.0;ITA;05:15.099;4.6;36.0
1515;NED;05:32.874;4.6;36.0;LTU;05:24.673;4.6;35.0;ROU;05:09.376;4.7;34.0;ITA;05:16.095;4.5;36.0
1520;NED;05:34.021;4.6;36.0;LTU;05:25.745;4.6;35.0;ROU;05:10.357;4.7;34.0;ITA;05:17.281;4.5;36.0
1525;NED;05:35.023;4.6;36.0;LTU;05:26.897;4.6;35.0;ROU;05:11.474;4.7;34.0;ITA;05:18.401;4.5;36.0
1530;NED;05:36.155;4.6;36.0;LTU;05:27.882;4.6;35.0;ROU;05:12.576;4.7;34.0;ITA;05:19.398;4.5;36.0
1535;NED;05:37.294;4.6;36.0;LTU;05:29.050;4.6;35.0;ROU;05:13.562;4.7;34.0;ITA;05:20.582;4.5;36.0
1540;NED;05:38.297;4.6;36.0;LTU;05:30.184;4.6;35.0;ROU;05:14.721;4.7;34.0;ITA;05:21.692;4.6;36.0
1545;NED;05:39.442;4.6;36.0;LTU;05:31.172;4.6;35.0;ROU;05:15.694;4.6;33.0;ITA;05:22.712;4.6;36.0
1550;NED;05:40.571;4.6;36.0;LTU;05:32.348;4.6;35.0;ROU;05:16.842;4.7;33.0;ITA;05:23.899;4.5;36.0
1555;NED;05:41.551;4.6;36.0;LTU;05:33.436;4.6;35.0;ROU;05:17.928;4.6;33.0;ITA;05:25.005;4.5;36.0
1560;NED;05:42.738;4.6;36.0;LTU;05:34.474;4.6;35.0;ROU;05:18.927;4.7;33.0;ITA;05:26.031;4.5;36.0
1565;NED;05:43.878;4.6;36.0;LTU;05:35.614;4.6;35.0;ROU;05:20.069;4.7;33.0;ITA;05:27.220;4.6;36.0
1570;NED;05:44.884;4.5;36.0;LTU;05:36.611;4.6;35.0;ROU;05:21.019;4.7;33.0;ITA;05:28.329;4.5;36.0
1575;NED;05:46.076;4.5;36.0;LTU;05:37.756;4.7;35.0;ROU;05:22.182;4.7;33.0;ITA;05:29.377;4.5;36.0
1580;NED;05:47.210;4.5;36.0;LTU;05:38.890;4.6;35.0;ROU;05:23.246;4.7;33.0;ITA;05:30.577;4.5;36.0
1585;NED;05:48.219;4.5;36.0;LTU;05:39.879;4.6;34.0;ROU;05:24.283;4.7;33.0;ITA;05:31.651;4.5;36.0
1590;NED;05:49.412;4.5;36.0;LTU;05:41.045;4.6;34.0;ROU;05:25.415;4.7;33.0;ITA;05:32.725;4.5;36.0
1595;NED;05:50.535;4.5;35.0;LTU;05:42.126;4.6;34.0;ROU;05:26.370;4.7;33.0;ITA;05:33.923;4.5;36.0
1600;NED;05:51.552;4.5;35.0;LTU;05:43.166;4.6;34.0;ROU;05:27.540;4.7;33.0;ITA;05:35.037;4.5;36.0
1605;NED;05:52.759;4.5;35.0;LTU;05:44.313;4.6;34.0;ROU;05:28.541;4.7;33.0;ITA;05:36.101;4.5;36.0
1610;NED;05:53.842;4.5;35.0;LTU;05:45.301;4.6;34.0;ROU;05:29.658;4.7;33.0;ITA;05:37.307;4.4;36.0
1615;NED;05:54.878;4.5;35.0;LTU;05:46.442;4.6;34.0;ROU;05:30.760;4.6;33.0;ITA;05:38.429;4.4;36.0
1620;NED;05:56.062;4.5;35.0;LTU;05:47.569;4.6;34.0;ROU;05:31.754;4.6;33.0;ITA;05:39.480;4.4;36.0
1625;NED;05:57.124;4.6;35.0;LTU;05:48.590;4.6;34.0;ROU;05:32.909;4.6;33.0;ITA;05:40.685;4.4;36.0
1630;NED;05:58.203;4.6;35.0;LTU;05:49.732;4.6;35.0;ROU;05:33.878;4.6;33.0;ITA;05:41.777;4.4;36.0
1635;NED;05:59.360;4.5;35.0;LTU;05:50.794;4.6;35.0;ROU;05:35.051;4.7;32.0;ITA;05:42.833;4.5;36.0
1640;NED;06:00.392;4.6;35.0;LTU;05:51.855;4.6;35.0;ROU;05:36.069;4.6;32.0;ITA;05:44.014;4.5;35.0
1645;NED;06:01.496;4.6;35.0;LTU;05:52.997;4.6;35.0;ROU;05:37.181;4.6;32.0;ITA;05:45.077;4.5;35.0
1650;NED;06:02.650;4.6;35.0;LTU;05:53.980;4.6;35.0;ROU;05:38.303;4.6;32.0;ITA;05:46.166;4.5;35.0
1655;NED;06:03.666;4.6;35.0;LTU;05:55.117;4.6;35.0;ROU;05:39.285;4.6;32.0;ITA;05:47.328;4.5;35.0
1660;NED;06:04.818;4.6;35.0;LTU;05:56.231;4.6;35.0;ROU;05:40.457;4.6;32.0;ITA;05:48.319;4.5;35.0
1665;NED;06:05.970;4.5;35.0;LTU;05:57.213;4.6;35.0;ROU;05:41.432;4.6;32.0;ITA;05:49.477;4.6;35.0
1670;NED;06:06.969;4.5;35.0;LTU;05:58.367;4.6;35.0;ROU;05:42.597;4.6;32.0;ITA;05:50.631;4.6;35.0
1675;NED;06:08.134;4.5;36.0;LTU;05:59.409;4.6;35.0;ROU;05:43.686;4.6;32.0;ITA;05:51.642;4.6;36.0
1680;NED;06:09.281;4.5;36.0;LTU;06:00.471;4.7;35.0;ROU;05:44.724;4.6;32.0;ITA;05:52.805;4.5;36.0
1685;NED;06:10.294;4.5;36.0;LTU;06:01.606;4.7;35.0;ROU;05:45.869;4.6;32.0;ITA;05:53.950;4.5;36.0
1690;NED;06:11.442;4.5;36.0;LTU;06:02.575;4.6;35.0;ROU;05:46.843;4.6;32.0;ITA;05:54.949;4.5;36.0
1695;NED;06:12.592;4.5;36.0;LTU;06:03.739;4.6;34.0;ROU;05:48.023;4.6;32.0;ITA;05:56.111;4.5;36.0
1700;NED;06:13.593;4.5;36.0;LTU;06:04.840;4.6;34.0;ROU;05:49.022;4.6;32.0;ITA;05:57.244;4.5;36.0
1705;NED;06:14.741;4.6;36.0;LTU;06:05.855;4.6;34.0;ROU;05:50.163;4.6;32.0;ITA;05:58.232;4.6;36.0
1710;NED;06:15.892;4.5;36.0;LTU;06:07.011;4.6;34.0;ROU;05:51.266;4.6;32.0;ITA;05:59.418;4.6;36.0
1715;NED;06:16.905;4.6;36.0;LTU;06:08.033;4.6;34.0;ROU;05:52.285;4.6;32.0;ITA;06:00.555;4.6;36.0
1720;NED;06:18.038;4.6;37.0;LTU;06:09.141;4.6;34.0;ROU;05:53.442;4.6;32.0;ITA;06:01.542;4.5;36.0
1725;NED;06:19.185;4.6;37.0;LTU;06:10.266;4.6;34.0;ROU;05:54.406;4.6;32.0;ITA;06:02.723;4.6;36.0
1730;NED;06:20.208;4.6;37.0;LTU;06:11.238;4.6;34.0;ROU;05:55.584;4.6;32.0;ITA;06:03.837;4.6;36.0
1735;NED;06:21.312;4.6;37.0;LTU;06:12.398;4.6;34.0;ROU;05:56.622;4.6;32.0;ITA;06:04.823;4.6;36.0
1740;NED;06:22.459;4.6;37.0;LTU;06:13.465;4.6;34.0;ROU;05:57.725;4.7;32.0;ITA;06:05.998;4.6;36.0
1745;NED;06:23.496;4.6;37.0;LTU;06:14.510;4.7;34.0;ROU;05:58.859;4.6;32.0;ITA;06:07.120;4.6;36.0
1750;NED;06:24.576;4.6;37.0;LTU;06:15.657;4.6;34.0;ROU;05:59.841;4.6;32.0;ITA;06:08.157;4.6;36.0
1755;NED;06:25.725;4.6;37.0;LTU;06:16.651;4.6;34.0;ROU;06:01.020;4.6;33.0;ITA;06:09.314;4.5;36.0
1760;NED;06:26.768;4.6;37.0;LTU;06:17.784;4.6;34.0;ROU;06:02.003;4.6;33.0;ITA;06:10.425;4.5;36.0
1765;NED;06:27.840;4.6;37.0;LTU;06:18.903;4.6;34.0;ROU;06:03.158;4.6;33.0;ITA;06:11.440;4.5;36.0
1770;NED;06:28.986;4.6;37.0;LTU;06:19.887;4.6;35.0;ROU;06:04.247;4.6;33.0;ITA;06:12.638;4.5;36.0
1775;NED;06:30.036;4.6;37.0;LTU;06:21.032;4.6;35.0;ROU;06:05.266;4.7;32.0;ITA;06:13.754;4.5;36.0
1780;NED;06:31.074;4.6;37.0;LTU;06:22.117;4.6;35.0;ROU;06:06.413;4.7;32.0;ITA;06:14.758;4.5;36.0
1785;NED;06:32.226;4.6;37.0;LTU;06:23.158;4.6;35.0;ROU;06:07.378;4.6;32.0;ITA;06:15.942;4.5;36.0
1790;NED;06:33.295;4.6;37.0;LTU;06:24.268;4.6;35.0;ROU;06:08.555;4.6;32.0;ITA;06:17.034;4.5;36.0
1795;NED;06:34.313;4.6;37.0;LTU;06:25.292;4.6;35.0;ROU;06:09.541;4.6;32.0;ITA;06:18.068;4.6;36.0
1800;NED;06:35.464;4.6;38.0;LTU;06:26.374;4.6;35.0;ROU;06:10.697;4.6;32.0;ITA;06:19.244;4.6;36.0
1805;NED;06:36.538;4.6;38.0;LTU;06:27.503;4.7;35.0;ROU;06:11.765;4.6;32.0;ITA;06:20.330;4.6;36.0
1810;NED;06:37.540;4.6;37.0;LTU;06:28.482;4.7;35.0;ROU;06:12.809;4.7;32.0;ITA;06:21.375;4.6;36.0
1815;NED;06:38.693;4.6;37.0;LTU;06:29.631;4.6;35.0;ROU;06:13.929;4.7;32.0;ITA;06:22.545;4.6;36.0
1820;NED;06:39.789;4.6;38.0;LTU;06:30.742;4.6;35.0;ROU;06:14.933;4.6;32.0;ITA;06:23.606;4.6;36.0
1825;NED;06:40.764;4.6;38.0;LTU;06:31.727;4.6;35.0;ROU;06:16.073;4.7;32.0;ITA;06:24.669;4.6;36.0
1830;NED;06:41.918;4.6;38.0;LTU;06:32.885;4.6;35.0;ROU;06:17.034;4.6;32.0;ITA;06:25.822;4.6;36.0
1835;NED;06:43.025;4.6;38.0;LTU;06:33.949;4.6;35.0;ROU;06:18.206;4.7;32.0;ITA;06:26.852;4.6;36.0
1840;NED;06:44.009;4.6;38.0;LTU;06:34.980;4.6;35.0;ROU;06:19.240;4.6;32.0;ITA;06:27.953;4.6;36.0
1845;NED;06:45.163;4.6;38.0;LTU;06:36.112;4.7;35.0;ROU;06:20.336;4.6;31.0;ITA;06:29.097;4.6;36.0
1850;NED;06:46.287;4.6;38.0;LTU;06:37.076;4.7;35.0;ROU;06:21.441;4.6;31.0;ITA;06:30.111;4.6;36.0
1855;NED;06:47.299;4.6;38.0;LTU;06:38.214;4.7;35.0;ROU;06:22.468;4.7;31.0;ITA;06:31.257;4.6;36.0
1860;NED;06:48.417;4.6;38.0;LTU;06:39.336;4.7;35.0;ROU;06:23.618;4.6;31.0;ITA;06:32.388;4.6;36.0
1865;NED;06:49.557;4.6;38.0;LTU;06:40.322;4.7;35.0;ROU;06:24.599;4.6;31.0;ITA;06:33.380;4.6;36.0
1870;NED;06:50.597;4.6;38.0;LTU;06:41.450;4.6;36.0;ROU;06:25.769;4.6;31.0;ITA;06:34.546;4.6;36.0
1875;NED;06:51.693;4.6;38.0;LTU;06:42.553;4.6;36.0;ROU;06:26.749;4.6;31.0;ITA;06:35.682;4.6;36.0
1880;NED;06:52.829;4.6;38.0;LTU;06:43.521;4.7;37.0;ROU;06:27.917;4.6;31.0;ITA;06:36.692;4.6;36.0
1885;NED;06:53.895;4.6;38.0;LTU;06:44.667;4.7;37.0;ROU;06:28.924;4.6;31.0;ITA;06:37.862;4.5;36.0
1890;NED;06:54.918;4.6;38.0;LTU;06:45.769;4.7;37.0;ROU;06:30.072;4.6;31.0;ITA;06:39.010;4.5;36.0
1895;NED;06:56.078;4.6;38.0;LTU;06:46.737;4.6;37.0;ROU;06:31.158;4.6;31.0;ITA;06:40.006;4.5;36.0
1900;NED;06:57.175;4.6;38.0;LTU;06:47.879;4.6;37.0;ROU;06:32.232;4.6;30.0;ITA;06:41.180;4.5;36.0
1905;NED;06:58.164;4.6;38.0;LTU;06:48.971;4.7;37.0;ROU;06:33.358;4.6;30.0;ITA;06:42.324;4.5;36.0
1910;NED;06:59.318;4.6;38.0;LTU;06:49.936;4.7;37.0;ROU;06:34.401;4.6;30.0;ITA;06:43.340;4.5;36.0
1915;NED;07:00.445;4.6;38.0;LTU;06:51.064;4.7;37.0;ROU;06:35.535;4.6;30.0;ITA;06:44.496;4.5;36.0
1920;NED;07:01.435;4.6;38.0;LTU;06:52.113;4.7;37.0;ROU;06:36.542;4.6;30.0;ITA;06:45.650;4.5;36.0
1925;NED;07:02.562;4.6;38.0;LTU;06:53.119;4.8;37.0;ROU;06:37.705;4.6;30.0;ITA;06:46.683;4.5;36.0
1930;NED;07:03.696;4.6;38.0;LTU;06:54.224;4.8;37.0;ROU;06:38.690;4.6;30.0;ITA;06:47.837;4.5;36.0
1935;NED;07:04.741;4.6;38.0;LTU;06:55.283;4.8;37.0;ROU;06:39.872;4.6;30.0;ITA;06:49.003;4.5;36.0
1940;NED;07:05.804;4.6;38.0;LTU;06:56.269;4.8;37.0;ROU;06:40.885;4.6;30.0;ITA;06:50.047;4.5;36.0
1945;NED;07:06.957;4.6;38.0;LTU;06:57.393;4.7;37.0;ROU;06:42.038;4.6;30.0;ITA;06:51.187;4.5;36.0
1950;NED;07:08.042;4.6;38.0;LTU;06:58.451;4.7;37.0;ROU;06:43.174;4.6;31.0;ITA;06:52.356;4.5;36.0
1955;NED;07:09.028;4.6;39.0;LTU;06:59.460;4.8;37.0;ROU;06:44.193;4.6;31.0;ITA;06:53.401;4.5;36.0
1960;NED;07:10.184;4.6;39.0;LTU;07:00.596;4.7;37.0;ROU;06:45.362;4.5;31.0;ITA;06:54.530;4.5;36.0
1965;NED;07:11.295;4.6;39.0;LTU;07:01.635;4.7;37.0;ROU;06:46.343;4.5;31.0;ITA;06:55.708;4.5;36.0
1970;NED;07:12.308;4.6;39.0;LTU;07:02.659;4.7;37.0;ROU;06:47.543;4.6;31.0;ITA;06:56.774;4.5;36.0
1975;NED;07:13.465;4.6;38.0;LTU;07:03.788;4.7;37.0;ROU;06:48.538;4.5;31.0;ITA;06:57.885;4.4;36.0
1980;NED;07:14.590;4.6;38.0;LTU;07:04.822;4.7;37.0;ROU;06:49.717;4.6;31.0;ITA;06:59.076;4.5;36.0
1985;NED;07:15.621;4.6;38.0;LTU;07:05.849;4.7;37.0;ROU;06:50.793;4.6;31.0;ITA;07:00.182;4.5;36.0
1990;NED;07:16.704;4.6;38.0;LTU;07:06.974;4.7;37.0;ROU;06:51.894;4.6;31.0;ITA;07:01.266;4.4;36.0
1995;NED;07:17.863;4.6;38.0;LTU;07:08.008;4.7;37.0;ROU;06:53.014;4.6;31.0;ITA;07:02.478;4.4;36.0
2000;NED;07:18.962;4.6;39.0;LTU;07:09.044;4.7;37.0;ROU;06:54.049;4.6;30.0;ITA;07:03.609;4.4;36.0
