Distance;ShortName1;Time1;Speed1;Stroke1;ShortName2;Time2;Speed2;Stroke2;ShortName3;Time3;Speed3;Stroke3;ShortName4;Time4;Speed4;Stroke4;ShortName5;Time5;Speed5;Stroke5;ShortName6;Time6;Speed6;Stroke6;
5;ITA;00:02.765;2.7;0.0;BEL;00:02.594;1.4;0.0;GBR;00:02.918;2.0;0.0;CZE;00:02.702;2.8;0.0;NZL;00:02.835;1.7;0.0;POR;00:02.677;2.7;0.0
10;ITA;00:03.990;4.0;48.0;BEL;00:03.697;3.4;56.0;GBR;00:04.031;3.9;46.0;CZE;00:03.921;3.8;49.0;NZL;00:03.936;3.8;53.0;POR;00:03.933;3.7;44.0
15;ITA;00:05.041;4.3;48.0;BEL;00:04.773;4.3;56.0;GBR;00:05.047;4.3;46.0;CZE;00:04.993;4.3;49.0;NZL;00:04.978;4.6;55.0;POR;00:04.978;4.2;45.0
20;ITA;00:06.044;4.4;49.0;BEL;00:05.764;4.8;55.0;GBR;00:05.960;4.6;47.0;CZE;00:05.954;4.6;50.0;NZL;00:05.936;4.8;55.0;POR;00:05.899;4.3;46.0
25;ITA;00:06.938;4.8;50.0;BEL;00:06.696;5.0;55.0;GBR;00:06.947;4.8;47.0;CZE;00:06.839;4.9;50.0;NZL;00:06.850;5.0;56.0;POR;00:06.873;4.8;46.0
30;ITA;00:07.888;5.1;50.0;BEL;00:07.610;5.3;55.0;GBR;00:07.853;5.2;47.0;CZE;00:07.767;5.3;50.0;NZL;00:07.742;5.4;56.0;POR;00:07.835;5.2;47.0
35;ITA;00:08.816;5.4;50.0;BEL;00:08.467;5.4;55.0;GBR;00:08.699;5.5;48.0;CZE;00:08.689;5.4;50.0;NZL;00:08.558;5.6;56.0;POR;00:08.721;5.4;47.0
40;ITA;00:09.720;5.5;51.0;BEL;00:09.378;5.6;54.0;GBR;00:09.569;5.7;48.0;CZE;00:09.569;5.6;50.0;NZL;00:09.447;5.7;56.0;POR;00:09.553;5.6;47.0
45;ITA;00:10.563;5.6;51.0;BEL;00:10.289;5.6;53.0;GBR;00:10.477;5.8;48.0;CZE;00:10.411;5.7;50.0;NZL;00:10.388;5.7;56.0;POR;00:10.497;5.6;47.0
50;ITA;00:11.459;5.6;51.0;BEL;00:11.196;5.6;53.0;GBR;00:11.345;5.8;48.0;CZE;00:11.339;5.7;49.0;NZL;00:11.271;5.7;55.0;POR;00:11.402;5.7;48.0
55;ITA;00:12.386;5.6;51.0;BEL;00:12.038;5.6;52.0;GBR;00:12.139;5.8;48.0;CZE;00:12.257;5.7;49.0;NZL;00:12.122;5.7;55.0;POR;00:12.216;5.7;48.0
60;ITA;00:13.281;5.6;51.0;BEL;00:12.903;5.7;51.0;GBR;00:13.066;5.8;48.0;CZE;00:13.078;5.6;48.0;NZL;00:12.997;5.7;54.0;POR;00:13.145;5.7;47.0
65;ITA;00:14.125;5.6;50.0;BEL;00:13.830;5.7;51.0;GBR;00:13.932;5.8;48.0;CZE;00:13.963;5.6;48.0;NZL;00:13.902;5.7;53.0;POR;00:14.092;5.6;47.0
70;ITA;00:14.983;5.6;50.0;BEL;00:14.704;5.7;50.0;GBR;00:14.716;5.8;48.0;CZE;00:14.884;5.7;48.0;NZL;00:14.795;5.7;52.0;POR;00:14.944;5.6;47.0
75;ITA;00:15.931;5.7;50.0;BEL;00:15.512;5.7;50.0;GBR;00:15.639;5.8;47.0;CZE;00:15.703;5.7;47.0;NZL;00:15.606;5.7;51.0;POR;00:15.851;5.6;46.0
80;ITA;00:16.831;5.7;50.0;BEL;00:16.439;5.7;50.0;GBR;00:16.500;5.8;47.0;CZE;00:16.573;5.7;47.0;NZL;00:16.515;5.7;50.0;POR;00:16.807;5.5;46.0
85;ITA;00:17.628;5.6;49.0;BEL;00:17.322;5.7;49.0;GBR;00:17.282;5.9;47.0;CZE;00:17.484;5.8;47.0;NZL;00:17.437;5.7;50.0;POR;00:17.683;5.5;46.0
90;ITA;00:18.561;5.6;49.0;BEL;00:18.121;5.8;49.0;GBR;00:18.205;5.9;47.0;CZE;00:18.270;5.8;46.0;NZL;00:18.286;5.7;49.0;POR;00:18.530;5.5;46.0
95;ITA;00:19.484;5.6;49.0;BEL;00:19.016;5.8;49.0;GBR;00:19.049;5.9;46.0;CZE;00:19.186;5.8;46.0;NZL;00:19.127;5.7;49.0;POR;00:19.487;5.5;46.0
100;ITA;00:20.314;5.6;49.0;BEL;00:19.917;5.8;48.0;GBR;00:19.854;5.9;46.0;CZE;00:20.094;5.8;46.0;NZL;00:20.056;5.7;49.0;POR;00:20.344;5.6;46.0
105;ITA;00:21.186;5.7;48.0;BEL;00:20.715;5.8;48.0;GBR;00:20.778;5.9;46.0;CZE;00:20.882;5.8;45.0;NZL;00:20.923;5.7;48.0;POR;00:21.195;5.6;46.0
110;ITA;00:22.130;5.6;48.0;BEL;00:21.609;5.8;48.0;GBR;00:21.608;5.9;46.0;CZE;00:21.831;5.8;45.0;NZL;00:21.754;5.7;48.0;POR;00:22.145;5.7;45.0
115;ITA;00:23.007;5.6;48.0;BEL;00:22.514;5.8;47.0;GBR;00:22.436;5.9;46.0;CZE;00:22.702;5.7;45.0;NZL;00:22.700;5.7;48.0;POR;00:22.992;5.6;45.0
120;ITA;00:23.819;5.6;48.0;BEL;00:23.312;5.8;47.0;GBR;00:23.350;5.8;46.0;CZE;00:23.509;5.7;45.0;NZL;00:23.599;5.7;47.0;POR;00:23.885;5.6;45.0
125;ITA;00:24.771;5.7;48.0;BEL;00:24.212;5.8;47.0;GBR;00:24.146;5.8;45.0;CZE;00:24.436;5.8;44.0;NZL;00:24.411;5.6;47.0;POR;00:24.822;5.6;44.0
130;ITA;00:25.686;5.7;48.0;BEL;00:25.120;5.8;47.0;GBR;00:25.035;5.8;45.0;CZE;00:25.284;5.8;44.0;NZL;00:25.370;5.6;46.0;POR;00:25.646;5.6;44.0
135;ITA;00:26.505;5.6;48.0;BEL;00:25.926;5.8;46.0;GBR;00:25.936;5.8;45.0;CZE;00:26.162;5.7;44.0;NZL;00:26.275;5.6;46.0;POR;00:26.576;5.6;44.0
140;ITA;00:27.450;5.6;47.0;BEL;00:26.848;5.8;46.0;GBR;00:26.724;5.8;45.0;CZE;00:27.070;5.7;44.0;NZL;00:27.104;5.6;46.0;POR;00:27.523;5.6;44.0
145;ITA;00:28.385;5.6;47.0;BEL;00:27.757;5.7;46.0;GBR;00:27.664;5.8;45.0;CZE;00:27.870;5.7;43.0;NZL;00:28.071;5.6;46.0;POR;00:28.354;5.6;44.0
150;ITA;00:29.231;5.5;47.0;BEL;00:28.559;5.7;45.0;GBR;00:28.552;5.8;44.0;CZE;00:28.829;5.7;43.0;NZL;00:28.979;5.6;45.0;POR;00:29.338;5.5;43.0
155;ITA;00:30.133;5.6;47.0;BEL;00:29.504;5.7;45.0;GBR;00:29.364;5.7;44.0;CZE;00:29.723;5.7;43.0;NZL;00:29.805;5.5;45.0;POR;00:30.277;5.5;43.0
160;ITA;00:31.092;5.6;46.0;BEL;00:30.412;5.6;45.0;GBR;00:30.318;5.7;44.0;CZE;00:30.548;5.6;43.0;NZL;00:30.792;5.5;45.0;POR;00:31.105;5.4;43.0
165;ITA;00:31.960;5.6;46.0;BEL;00:31.219;5.6;44.0;GBR;00:31.155;5.6;44.0;CZE;00:31.505;5.6;43.0;NZL;00:31.692;5.5;45.0;POR;00:32.090;5.4;43.0
170;ITA;00:32.844;5.5;46.0;BEL;00:32.187;5.6;44.0;GBR;00:32.043;5.7;43.0;CZE;00:32.383;5.6;43.0;NZL;00:32.546;5.5;44.0;POR;00:33.030;5.4;43.0
175;ITA;00:33.816;5.5;46.0;BEL;00:33.074;5.6;44.0;GBR;00:32.986;5.7;43.0;CZE;00:33.256;5.6;42.0;NZL;00:33.508;5.5;44.0;POR;00:33.869;5.4;43.0
180;ITA;00:34.692;5.5;46.0;BEL;00:33.941;5.6;44.0;GBR;00:33.789;5.7;43.0;CZE;00:34.210;5.6;42.0;NZL;00:34.424;5.5;44.0;POR;00:34.863;5.4;42.0
185;ITA;00:35.562;5.5;45.0;BEL;00:34.886;5.6;44.0;GBR;00:34.768;5.6;42.0;CZE;00:35.024;5.6;42.0;NZL;00:35.273;5.5;44.0;POR;00:35.777;5.4;42.0
190;ITA;00:36.544;5.5;45.0;BEL;00:35.725;5.6;43.0;GBR;00:35.661;5.6;42.0;CZE;00:35.995;5.5;42.0;NZL;00:36.257;5.5;44.0;POR;00:36.646;5.4;42.0
195;ITA;00:37.450;5.5;45.0;BEL;00:36.651;5.5;43.0;GBR;00:36.492;5.6;42.0;CZE;00:36.925;5.5;42.0;NZL;00:37.168;5.4;43.0;POR;00:37.637;5.4;42.0
200;ITA;00:38.308;5.5;45.0;BEL;00:37.618;5.5;43.0;GBR;00:37.464;5.6;42.0;CZE;00:37.761;5.5;41.0;NZL;00:38.042;5.4;43.0;POR;00:38.528;5.4;42.0
205;ITA;00:39.308;5.5;45.0;BEL;00:38.458;5.5;43.0;GBR;00:38.311;5.6;42.0;CZE;00:38.756;5.5;41.0;NZL;00:39.037;5.4;43.0;POR;00:39.432;5.4;42.0
210;ITA;00:40.237;5.4;45.0;BEL;00:39.427;5.5;43.0;GBR;00:39.232;5.5;42.0;CZE;00:39.632;5.5;41.0;NZL;00:39.936;5.4;43.0;POR;00:40.427;5.4;42.0
215;ITA;00:41.085;5.4;44.0;BEL;00:40.355;5.5;43.0;GBR;00:40.178;5.6;42.0;CZE;00:40.550;5.4;41.0;NZL;00:40.837;5.4;43.0;POR;00:41.280;5.4;42.0
220;ITA;00:42.086;5.4;44.0;BEL;00:41.193;5.5;43.0;GBR;00:40.989;5.5;42.0;CZE;00:41.522;5.5;41.0;NZL;00:41.832;5.4;43.0;POR;00:42.258;5.3;42.0
225;ITA;00:43.049;5.4;44.0;BEL;00:42.172;5.5;42.0;GBR;00:41.990;5.5;41.0;CZE;00:42.357;5.4;41.0;NZL;00:42.704;5.4;42.0;POR;00:43.244;5.4;42.0
230;ITA;00:43.898;5.3;44.0;BEL;00:43.112;5.5;42.0;GBR;00:42.863;5.5;41.0;CZE;00:43.378;5.4;40.0;NZL;00:43.654;5.4;42.0;POR;00:44.101;5.3;42.0
235;ITA;00:44.900;5.3;44.0;BEL;00:43.981;5.4;42.0;GBR;00:43.747;5.5;41.0;CZE;00:44.291;5.4;40.0;NZL;00:44.639;5.4;42.0;POR;00:45.087;5.3;42.0
240;ITA;00:45.874;5.3;44.0;BEL;00:44.953;5.4;42.0;GBR;00:44.732;5.5;41.0;CZE;00:45.187;5.3;40.0;NZL;00:45.498;5.3;42.0;POR;00:46.060;5.3;42.0
245;ITA;00:46.733;5.3;44.0;BEL;00:45.863;5.4;42.0;GBR;00:45.562;5.5;41.0;CZE;00:46.185;5.3;40.0;NZL;00:46.467;5.3;42.0;POR;00:46.897;5.3;42.0
250;ITA;00:47.718;5.3;43.0;BEL;00:46.764;5.4;42.0;GBR;00:46.561;5.4;40.0;CZE;00:47.032;5.3;40.0;NZL;00:47.443;5.3;42.0;POR;00:47.901;5.3;42.0
255;ITA;00:48.699;5.3;43.0;BEL;00:47.763;5.4;42.0;GBR;00:47.477;5.4;40.0;CZE;00:48.034;5.3;40.0;NZL;00:48.294;5.3;42.0;POR;00:48.862;5.4;42.0
260;ITA;00:49.552;5.3;43.0;BEL;00:48.648;5.4;41.0;GBR;00:48.350;5.4;40.0;CZE;00:49.005;5.4;40.0;NZL;00:49.293;5.3;42.0;POR;00:49.710;5.3;42.0
265;ITA;00:50.558;5.3;43.0;BEL;00:49.603;5.3;41.0;GBR;00:49.346;5.4;40.0;CZE;00:49.871;5.3;39.0;NZL;00:50.262;5.4;42.0;POR;00:50.715;5.3;41.0
270;ITA;00:51.564;5.3;43.0;BEL;00:50.596;5.4;41.0;GBR;00:50.196;5.4;40.0;CZE;00:50.898;5.3;39.0;NZL;00:51.121;5.3;42.0;POR;00:51.638;5.4;41.0
275;ITA;00:52.471;5.3;43.0;BEL;00:51.448;5.3;41.0;GBR;00:51.201;5.3;40.0;CZE;00:51.840;5.3;39.0;NZL;00:52.146;5.3;41.0;POR;00:52.538;5.3;41.0
280;ITA;00:53.467;5.2;43.0;BEL;00:52.461;5.3;41.0;GBR;00:52.142;5.3;40.0;CZE;00:52.774;5.3;39.0;NZL;00:53.109;5.3;41.0;POR;00:53.552;5.3;41.0
285;ITA;00:54.449;5.2;43.0;BEL;00:53.444;5.3;41.0;GBR;00:52.993;5.3;40.0;CZE;00:53.796;5.2;39.0;NZL;00:53.999;5.3;41.0;POR;00:54.451;5.3;41.0
290;ITA;00:55.372;5.2;43.0;BEL;00:54.296;5.3;41.0;GBR;00:54.019;5.3;40.0;CZE;00:54.662;5.2;39.0;NZL;00:55.035;5.2;41.0;POR;00:55.394;5.3;41.0
295;ITA;00:56.305;5.1;43.0;BEL;00:55.314;5.3;41.0;GBR;00:54.917;5.4;40.0;CZE;00:55.696;5.2;39.0;NZL;00:55.967;5.2;41.0;POR;00:56.400;5.3;41.0
300;ITA;00:57.339;5.2;43.0;BEL;00:56.242;5.3;40.0;GBR;00:55.840;5.4;40.0;CZE;00:56.677;5.2;39.0;NZL;00:56.885;5.2;41.0;POR;00:57.266;5.3;41.0
305;ITA;00:58.280;5.2;42.0;BEL;00:57.154;5.3;40.0;GBR;00:56.834;5.4;39.0;CZE;00:57.562;5.2;39.0;NZL;00:57.902;5.2;41.0;POR;00:58.274;5.3;41.0
310;ITA;00:59.195;5.2;42.0;BEL;00:58.165;5.3;40.0;GBR;00:57.662;5.3;39.0;CZE;00:58.611;5.2;39.0;NZL;00:58.764;5.3;41.0;POR;00:59.278;5.3;41.0
315;ITA;01:00.238;5.1;42.0;BEL;00:59.018;5.3;40.0;GBR;00:58.681;5.3;39.0;CZE;00:59.504;5.2;39.0;NZL;00:59.773;5.3;40.0;POR;01:00.145;5.3;41.0
320;ITA;01:01.200;5.1;42.0;BEL;01:00.014;5.3;40.0;GBR;00:59.592;5.4;39.0;CZE;01:00.482;5.2;38.0;NZL;01:00.782;5.3;40.0;POR;01:01.192;5.2;40.0
325;ITA;01:02.114;5.1;42.0;BEL;01:00.990;5.3;40.0;GBR;01:00.510;5.4;39.0;CZE;01:01.478;5.2;38.0;NZL;01:01.647;5.2;40.0;POR;01:02.157;5.2;40.0
330;ITA;01:03.160;5.2;42.0;BEL;01:01.851;5.3;40.0;GBR;01:01.507;5.4;39.0;CZE;01:02.357;5.3;38.0;NZL;01:02.674;5.2;40.0;POR;01:03.029;5.1;40.0
335;ITA;01:04.150;5.1;42.0;BEL;01:02.895;5.3;40.0;GBR;01:02.350;5.4;39.0;CZE;01:03.387;5.3;38.0;NZL;01:03.667;5.2;40.0;POR;01:04.070;5.2;40.0
340;ITA;01:05.039;5.1;42.0;BEL;01:03.850;5.3;40.0;GBR;01:03.382;5.3;38.0;CZE;01:04.342;5.2;38.0;NZL;01:04.540;5.2;40.0;POR;01:05.024;5.2;40.0
345;ITA;01:06.119;5.1;42.0;BEL;01:04.764;5.2;40.0;GBR;01:04.320;5.3;38.0;CZE;01:05.294;5.2;38.0;NZL;01:05.585;5.2;40.0;POR;01:05.960;5.2;40.0
350;ITA;01:07.122;5.1;42.0;BEL;01:05.814;5.2;40.0;GBR;01:05.240;5.3;38.0;CZE;01:06.340;5.1;38.0;NZL;01:06.563;5.2;40.0;POR;01:06.979;5.2;40.0
355;ITA;01:08.022;5.0;42.0;BEL;01:06.735;5.2;40.0;GBR;01:06.267;5.3;38.0;CZE;01:07.233;5.1;38.0;NZL;01:07.480;5.1;40.0;POR;01:07.914;5.2;40.0
360;ITA;01:09.100;5.0;42.0;BEL;01:07.757;5.1;39.0;GBR;01:07.123;5.2;38.0;CZE;01:08.297;5.1;38.0;NZL;01:08.532;5.1;40.0;POR;01:08.872;5.2;40.0
365;ITA;01:10.159;5.0;41.0;BEL;01:08.795;5.1;39.0;GBR;01:08.161;5.2;38.0;CZE;01:09.321;5.0;38.0;NZL;01:09.471;5.1;40.0;POR;01:09.912;5.1;40.0
370;ITA;01:11.091;5.0;41.0;BEL;01:09.711;5.0;39.0;GBR;01:09.123;5.2;38.0;CZE;01:10.219;5.0;38.0;NZL;01:10.431;5.1;40.0;POR;01:10.822;5.1;40.0
375;ITA;01:12.119;4.9;41.0;BEL;01:10.750;5.0;39.0;GBR;01:10.055;5.2;38.0;CZE;01:11.300;5.0;38.0;NZL;01:11.473;5.1;40.0;POR;01:11.820;5.1;40.0
380;ITA;01:13.178;4.9;41.0;BEL;01:11.793;5.0;39.0;GBR;01:11.097;5.2;38.0;CZE;01:12.273;5.0;38.0;NZL;01:12.346;5.1;40.0;POR;01:12.849;5.1;40.0
385;ITA;01:14.133;4.9;41.0;BEL;01:12.697;5.0;39.0;GBR;01:11.960;5.1;38.0;CZE;01:13.225;5.0;38.0;NZL;01:13.383;5.1;40.0;POR;01:13.742;5.1;40.0
390;ITA;01:15.120;4.9;41.0;BEL;01:13.754;5.0;39.0;GBR;01:13.020;5.1;38.0;CZE;01:14.273;5.0;38.0;NZL;01:14.417;5.1;40.0;POR;01:14.790;5.1;40.0
395;ITA;01:16.196;4.9;41.0;BEL;01:14.772;5.0;39.0;GBR;01:13.975;5.1;37.0;CZE;01:15.158;5.1;38.0;NZL;01:15.316;5.1;40.0;POR;01:15.791;5.1;40.0
400;ITA;01:17.123;5.0;41.0;BEL;01:15.650;5.0;39.0;GBR;01:14.924;5.1;37.0;CZE;01:16.219;5.1;38.0;NZL;01:16.358;5.1;39.0;POR;01:16.696;5.1;40.0
405;ITA;01:18.107;5.0;41.0;BEL;01:16.696;5.1;39.0;GBR;01:15.978;5.1;37.0;CZE;01:17.236;5.1;38.0;NZL;01:17.375;5.1;39.0;POR;01:17.750;5.0;40.0
410;ITA;01:19.156;5.1;41.0;BEL;01:17.673;5.1;39.0;GBR;01:16.852;5.1;37.0;CZE;01:18.117;5.1;38.0;NZL;01:18.266;5.1;39.0;POR;01:18.730;5.1;39.0
415;ITA;01:20.106;5.1;41.0;BEL;01:18.582;5.1;39.0;GBR;01:17.883;5.1;37.0;CZE;01:19.176;5.1;38.0;NZL;01:19.336;5.1;39.0;POR;01:19.633;5.1;39.0
420;ITA;01:21.072;5.0;41.0;BEL;01:19.640;5.1;39.0;GBR;01:18.871;5.2;37.0;CZE;01:20.162;5.1;38.0;NZL;01:20.323;5.1;39.0;POR;01:20.685;5.1;39.0
425;ITA;01:22.133;5.0;41.0;BEL;01:20.604;5.2;39.0;GBR;01:19.775;5.2;37.0;CZE;01:21.109;5.1;38.0;NZL;01:21.264;5.1;39.0;POR;01:21.621;5.1;39.0
430;ITA;01:23.112;5.0;41.0;BEL;01:21.590;5.1;39.0;GBR;01:20.851;5.2;37.0;CZE;01:22.189;5.0;38.0;NZL;01:22.296;5.1;39.0;POR;01:22.581;5.1;39.0
435;ITA;01:24.052;5.0;41.0;BEL;01:22.619;5.1;39.0;GBR;01:21.764;5.1;37.0;CZE;01:23.146;5.0;38.0;NZL;01:23.285;5.1;39.0;POR;01:23.627;5.1;39.0
440;ITA;01:25.132;5.0;41.0;BEL;01:23.549;5.0;39.0;GBR;01:22.789;5.1;37.0;CZE;01:24.167;4.9;38.0;NZL;01:24.225;5.1;39.0;POR;01:24.529;5.1;39.0
445;ITA;01:26.111;5.0;41.0;BEL;01:24.549;5.0;39.0;GBR;01:23.818;5.0;37.0;CZE;01:25.237;4.9;38.0;NZL;01:25.293;5.0;39.0;POR;01:25.560;5.1;39.0
450;ITA;01:27.035;5.0;41.0;BEL;01:25.580;5.0;39.0;GBR;01:24.701;5.1;37.0;CZE;01:26.165;4.9;38.0;NZL;01:26.251;5.0;39.0;POR;01:26.581;5.1;39.0
455;ITA;01:28.099;5.0;40.0;BEL;01:26.453;5.1;39.0;GBR;01:25.768;5.1;37.0;CZE;01:27.233;4.9;38.0;NZL;01:27.253;5.0;39.0;POR;01:27.459;5.1;39.0
460;ITA;01:29.068;5.1;40.0;BEL;01:27.514;5.1;39.0;GBR;01:26.693;5.1;37.0;CZE;01:28.254;5.0;38.0;NZL;01:28.268;5.1;39.0;POR;01:28.525;5.1;39.0
465;ITA;01:29.987;5.0;40.0;BEL;01:28.500;5.1;39.0;GBR;01:27.685;5.1;37.0;CZE;01:29.159;5.0;38.0;NZL;01:29.191;5.1;39.0;POR;01:29.503;5.1;39.0
470;ITA;01:31.038;5.1;40.0;BEL;01:29.386;5.1;39.0;GBR;01:28.695;5.1;37.0;CZE;01:30.233;5.0;38.0;NZL;01:30.208;5.0;39.0;POR;01:30.439;5.1;39.0
475;ITA;01:31.953;5.1;40.0;BEL;01:30.430;5.1;39.0;GBR;01:29.602;5.2;37.0;CZE;01:31.249;5.0;38.0;NZL;01:31.247;5.1;39.0;POR;01:31.501;5.1;39.0
480;ITA;01:32.914;5.1;40.0;BEL;01:31.342;5.2;39.0;GBR;01:30.625;5.1;37.0;CZE;01:32.192;5.0;38.0;NZL;01:32.151;5.1;39.0;POR;01:32.446;5.1;39.0
485;ITA;01:33.959;5.2;40.0;BEL;01:32.334;5.2;39.0;GBR;01:31.513;5.2;37.0;CZE;01:33.235;5.0;38.0;NZL;01:33.203;5.0;39.0;POR;01:33.424;5.1;39.0
490;ITA;01:34.886;5.2;40.0;BEL;01:33.329;5.2;39.0;GBR;01:32.526;5.2;37.0;CZE;01:34.185;5.1;38.0;NZL;01:34.205;5.0;39.0;POR;01:34.465;5.1;38.0
495;ITA;01:35.832;5.2;40.0;BEL;01:34.209;5.2;39.0;GBR;01:33.505;5.2;37.0;CZE;01:35.161;5.1;38.0;NZL;01:35.122;5.0;39.0;POR;01:35.360;5.1;38.0
500;ITA;01:36.863;5.2;40.0;BEL;01:35.237;5.2;38.0;GBR;01:34.396;5.2;37.0;CZE;01:36.192;5.1;38.0;NZL;01:36.200;5.1;39.0;POR;01:36.401;5.1;38.0
505;ITA;01:37.778;5.1;41.0;BEL;01:36.199;5.2;38.0;GBR;01:35.439;5.2;37.0;CZE;01:37.065;5.1;38.0;NZL;01:37.184;5.1;39.0;POR;01:37.420;5.1;38.0
510;ITA;01:38.742;5.1;41.0;BEL;01:37.109;5.2;38.0;GBR;01:36.307;5.2;37.0;CZE;01:38.110;5.1;38.0;NZL;01:38.102;5.1;39.0;POR;01:38.319;5.0;39.0
515;ITA;01:39.773;5.1;41.0;BEL;01:38.142;5.2;38.0;GBR;01:37.335;5.2;37.0;CZE;01:39.084;5.1;38.0;NZL;01:39.177;5.0;39.0;POR;01:39.379;5.1;39.0
520;ITA;01:40.665;5.2;41.0;BEL;01:39.029;5.2;38.0;GBR;01:38.289;5.2;37.0;CZE;01:39.978;5.2;38.0;NZL;01:40.144;5.0;39.0;POR;01:40.335;5.1;39.0
525;ITA;01:41.675;5.2;41.0;BEL;01:40.058;5.2;38.0;GBR;01:39.211;5.3;37.0;CZE;01:41.012;5.2;38.0;NZL;01:41.094;5.0;39.0;POR;01:41.289;5.1;39.0
530;ITA;01:42.709;5.2;41.0;BEL;01:41.068;5.2;38.0;GBR;01:40.217;5.3;37.0;CZE;01:41.898;5.2;38.0;NZL;01:42.150;5.0;39.0;POR;01:42.341;5.1;39.0
535;ITA;01:43.582;5.1;40.0;BEL;01:41.960;5.1;38.0;GBR;01:41.083;5.3;37.0;CZE;01:42.913;5.2;38.0;NZL;01:43.088;5.1;39.0;POR;01:43.284;5.1;39.0
540;ITA;01:44.634;5.1;40.0;BEL;01:43.026;5.1;38.0;GBR;01:42.123;5.2;37.0;CZE;01:43.913;5.2;38.0;NZL;01:44.085;5.1;39.0;POR;01:44.268;5.1;39.0
545;ITA;01:45.665;5.1;40.0;BEL;01:43.975;5.1;38.0;GBR;01:43.100;5.2;37.0;CZE;01:44.800;5.2;38.0;NZL;01:45.136;5.1;39.0;POR;01:45.319;5.1;39.0
550;ITA;01:46.551;5.1;40.0;BEL;01:44.951;5.1;38.0;GBR;01:44.018;5.2;37.0;CZE;01:45.859;5.2;38.0;NZL;01:46.040;5.0;39.0;POR;01:46.214;5.1;39.0
555;ITA;01:47.595;5.1;40.0;BEL;01:45.989;5.1;38.0;GBR;01:45.071;5.1;37.0;CZE;01:46.804;5.2;38.0;NZL;01:47.101;5.0;39.0;POR;01:47.275;5.1;39.0
560;ITA;01:48.595;5.1;40.0;BEL;01:46.881;5.1;38.0;GBR;01:45.953;5.1;37.0;CZE;01:47.782;5.1;38.0;NZL;01:48.144;5.0;39.0;POR;01:48.303;5.1;39.0
565;ITA;01:49.501;5.1;40.0;BEL;01:47.941;5.1;38.0;GBR;01:47.006;5.1;37.0;CZE;01:48.824;5.1;38.0;NZL;01:49.044;5.0;39.0;POR;01:49.202;5.0;38.0
570;ITA;01:50.561;5.1;40.0;BEL;01:48.950;5.1;38.0;GBR;01:48.003;5.1;37.0;CZE;01:49.717;5.1;38.0;NZL;01:50.123;4.9;39.0;POR;01:50.289;5.0;38.0
575;ITA;01:51.570;5.1;40.0;BEL;01:49.868;5.1;38.0;GBR;01:48.945;5.1;37.0;CZE;01:50.787;5.1;38.0;NZL;01:51.153;5.0;39.0;POR;01:51.271;5.0;38.0
580;ITA;01:52.460;5.1;40.0;BEL;01:50.948;5.0;38.0;GBR;01:49.998;5.1;37.0;CZE;01:51.806;5.1;38.0;NZL;01:52.060;5.0;39.0;POR;01:52.234;5.0;38.0
585;ITA;01:53.540;5.1;40.0;BEL;01:51.900;5.0;38.0;GBR;01:50.907;5.1;37.0;CZE;01:52.743;5.0;38.0;NZL;01:53.157;5.0;39.0;POR;01:53.314;5.0;38.0
590;ITA;01:54.564;5.1;40.0;BEL;01:52.897;5.0;38.0;GBR;01:51.960;5.1;37.0;CZE;01:53.844;5.0;38.0;NZL;01:54.177;5.0;39.0;POR;01:54.254;5.0;38.0
595;ITA;01:55.475;5.0;40.0;BEL;01:53.961;5.0;38.0;GBR;01:52.990;5.0;37.0;CZE;01:54.832;4.9;37.0;NZL;01:55.109;4.9;39.0;POR;01:55.287;5.0;38.0
600;ITA;01:56.558;4.9;40.0;BEL;01:54.863;5.0;38.0;GBR;01:53.894;5.0;37.0;CZE;01:55.844;4.9;37.0;NZL;01:56.213;4.9;39.0;POR;01:56.350;5.0;38.0
605;ITA;01:57.595;4.9;40.0;BEL;01:55.944;5.0;38.0;GBR;01:54.980;5.0;37.0;CZE;01:56.921;4.9;37.0;NZL;01:57.177;4.9;39.0;POR;01:57.254;4.9;38.0
610;ITA;01:58.503;4.9;40.0;BEL;01:56.974;5.0;38.0;GBR;01:55.916;5.0;37.0;CZE;01:57.829;4.9;37.0;NZL;01:58.157;4.9;39.0;POR;01:58.332;4.9;38.0
615;ITA;01:59.601;4.9;40.0;BEL;01:57.891;5.0;38.0;GBR;01:56.929;5.0;37.0;CZE;01:58.918;4.9;37.0;NZL;01:59.244;4.9;39.0;POR;01:59.372;4.9;38.0
620;ITA;02:00.614;5.0;40.0;BEL;01:58.964;5.0;37.0;GBR;01:57.965;5.1;37.0;CZE;01:59.958;4.9;37.0;NZL;02:00.225;5.0;39.0;POR;02:00.288;5.0;38.0
625;ITA;02:01.515;5.0;40.0;BEL;01:59.915;5.0;37.0;GBR;01:58.852;5.0;37.0;CZE;02:00.875;4.9;37.0;NZL;02:01.190;5.0;39.0;POR;02:01.377;5.0;38.0
630;ITA;02:02.580;5.0;40.0;BEL;02:00.919;5.0;37.0;GBR;01:59.934;5.0;37.0;CZE;02:01.961;4.9;37.0;NZL;02:02.266;4.9;39.0;POR;02:02.387;5.0;38.0
635;ITA;02:03.587;5.0;40.0;BEL;02:01.941;5.0;37.0;GBR;02:00.866;5.1;37.0;CZE;02:02.915;5.0;37.0;NZL;02:03.216;4.9;39.0;POR;02:03.340;4.9;38.0
640;ITA;02:04.488;5.0;40.0;BEL;02:02.816;5.0;37.0;GBR;02:01.872;5.1;37.0;CZE;02:03.917;5.0;37.0;NZL;02:04.219;4.9;39.0;POR;02:04.431;4.9;38.0
645;ITA;02:05.554;5.1;40.0;BEL;02:03.874;5.1;37.0;GBR;02:02.883;5.1;37.0;CZE;02:04.957;5.0;37.0;NZL;02:05.272;5.0;39.0;POR;02:05.392;4.9;38.0
650;ITA;02:06.557;5.1;40.0;BEL;02:04.847;5.1;37.0;GBR;02:03.767;5.1;37.0;CZE;02:05.847;5.0;37.0;NZL;02:06.185;5.0;39.0;POR;02:06.393;4.9;38.0
655;ITA;02:07.472;5.1;40.0;BEL;02:05.773;5.1;38.0;GBR;02:04.838;5.1;37.0;CZE;02:06.924;5.0;37.0;NZL;02:07.239;5.0;39.0;POR;02:07.458;4.9;38.0
660;ITA;02:08.549;5.0;40.0;BEL;02:06.821;5.1;38.0;GBR;02:05.753;5.1;36.0;CZE;02:07.921;5.0;37.0;NZL;02:08.293;5.0;39.0;POR;02:08.372;5.0;38.0
665;ITA;02:09.549;5.0;40.0;BEL;02:07.718;5.1;38.0;GBR;02:06.788;5.1;36.0;CZE;02:08.877;5.0;37.0;NZL;02:09.208;5.0;39.0;POR;02:09.437;5.0;38.0
670;ITA;02:10.464;5.0;40.0;BEL;02:08.743;5.1;38.0;GBR;02:07.785;5.1;36.0;CZE;02:09.947;5.0;37.0;NZL;02:10.305;4.9;39.0;POR;02:10.480;5.0;38.0
675;ITA;02:11.529;5.0;40.0;BEL;02:09.752;5.1;38.0;GBR;02:08.680;5.1;36.0;CZE;02:10.849;5.0;37.0;NZL;02:11.322;4.9;39.0;POR;02:11.387;5.0;38.0
680;ITA;02:12.487;5.0;40.0;BEL;02:10.629;5.1;38.0;GBR;02:09.755;5.1;36.0;CZE;02:11.898;5.0;37.0;NZL;02:12.228;4.9;39.0;POR;02:12.481;5.0;38.0
685;ITA;02:13.414;5.1;40.0;BEL;02:11.687;5.1;38.0;GBR;02:10.647;5.1;36.0;CZE;02:12.914;5.0;37.0;NZL;02:13.322;4.9;39.0;POR;02:13.478;4.9;38.0
690;ITA;02:14.464;5.1;40.0;BEL;02:12.612;5.2;38.0;GBR;02:11.676;5.1;36.0;CZE;02:13.846;5.1;37.0;NZL;02:14.299;5.0;39.0;POR;02:14.440;4.9;38.0
695;ITA;02:15.372;5.1;40.0;BEL;02:13.612;5.1;38.0;GBR;02:12.679;5.1;36.0;CZE;02:14.877;5.1;37.0;NZL;02:15.247;5.0;39.0;POR;02:15.514;4.9;38.0
700;ITA;02:16.361;5.1;40.0;BEL;02:14.614;5.1;38.0;GBR;02:13.591;5.1;36.0;CZE;02:15.830;5.1;37.0;NZL;02:16.317;5.0;39.0;POR;02:16.432;5.0;38.0
705;ITA;02:17.422;5.1;40.0;BEL;02:15.495;5.1;38.0;GBR;02:14.669;5.1;36.0;CZE;02:16.810;5.1;37.0;NZL;02:17.271;5.0;39.0;POR;02:17.480;5.0;37.0
710;ITA;02:18.342;5.1;40.0;BEL;02:16.555;5.1;38.0;GBR;02:15.552;5.1;36.0;CZE;02:17.854;5.1;37.0;NZL;02:18.257;5.0;39.0;POR;02:18.521;5.0;37.0
715;ITA;02:19.330;5.1;40.0;BEL;02:17.530;5.1;38.0;GBR;02:16.629;5.0;36.0;CZE;02:18.744;5.1;37.0;NZL;02:19.323;5.0;39.0;POR;02:19.420;5.0;37.0
720;ITA;02:20.379;5.1;40.0;BEL;02:18.470;5.1;38.0;GBR;02:17.645;5.0;36.0;CZE;02:19.801;5.1;38.0;NZL;02:20.244;5.0;39.0;POR;02:20.506;5.0;37.0
725;ITA;02:21.302;5.1;40.0;BEL;02:19.522;5.1;38.0;GBR;02:18.554;5.0;36.0;CZE;02:20.793;5.0;38.0;NZL;02:21.281;4.9;39.0;POR;02:21.491;5.0;37.0
730;ITA;02:22.311;5.1;40.0;BEL;02:20.408;5.1;37.0;GBR;02:19.630;5.1;36.0;CZE;02:21.713;5.0;38.0;NZL;02:22.317;4.9;39.0;POR;02:22.427;5.0;37.0
735;ITA;02:23.366;5.1;40.0;BEL;02:21.466;5.1;37.0;GBR;02:20.513;5.0;36.0;CZE;02:22.758;5.1;38.0;NZL;02:23.209;5.0;39.0;POR;02:23.488;5.0;38.0
740;ITA;02:24.277;5.1;40.0;BEL;02:22.476;5.1;37.0;GBR;02:21.585;5.0;36.0;CZE;02:23.639;5.1;38.0;NZL;02:24.291;5.0;39.0;POR;02:24.401;5.0;38.0
745;ITA;02:25.299;5.0;40.0;BEL;02:23.389;5.1;37.0;GBR;02:22.582;5.0;36.0;CZE;02:24.684;5.1;38.0;NZL;02:25.301;5.1;39.0;POR;02:25.428;5.1;38.0
750;ITA;02:26.338;5.0;40.0;BEL;02:24.450;5.1;37.0;GBR;02:23.503;5.1;36.0;CZE;02:25.690;5.1;37.0;NZL;02:26.218;5.1;39.0;POR;02:26.466;5.1;38.0
755;ITA;02:27.239;5.0;40.0;BEL;02:25.346;5.1;37.0;GBR;02:24.562;5.1;36.0;CZE;02:26.592;5.1;37.0;NZL;02:27.301;5.0;39.0;POR;02:27.360;5.1;38.0
760;ITA;02:28.294;5.0;40.0;BEL;02:26.390;5.1;37.0;GBR;02:25.450;5.1;36.0;CZE;02:27.650;5.1;37.0;NZL;02:28.281;5.0;39.0;POR;02:28.438;5.0;38.0
765;ITA;02:29.344;5.0;40.0;BEL;02:27.370;5.1;37.0;GBR;02:26.517;5.1;36.0;CZE;02:28.574;5.1;37.0;NZL;02:29.241;4.9;39.0;POR;02:29.438;5.0;38.0
770;ITA;02:30.316;5.0;40.0;BEL;02:28.274;5.1;37.0;GBR;02:27.511;5.1;36.0;CZE;02:29.598;5.1;37.0;NZL;02:30.318;5.0;39.0;POR;02:30.367;5.0;38.0
775;ITA;02:31.345;4.9;40.0;BEL;02:29.348;5.1;37.0;GBR;02:28.449;5.0;36.0;CZE;02:30.641;5.1;37.0;NZL;02:31.280;5.0;39.0;POR;02:31.438;5.0;38.0
780;ITA;02:32.408;4.9;40.0;BEL;02:30.277;5.1;37.0;GBR;02:29.523;5.0;36.0;CZE;02:31.537;5.0;37.0;NZL;02:32.266;5.0;39.0;POR;02:32.374;5.0;38.0
785;ITA;02:33.302;4.9;40.0;BEL;02:31.294;5.1;37.0;GBR;02:30.411;5.0;36.0;CZE;02:32.608;5.0;37.0;NZL;02:33.318;5.0;39.0;POR;02:33.365;5.0;38.0
790;ITA;02:34.362;4.9;40.0;BEL;02:32.317;5.0;37.0;GBR;02:31.476;5.1;36.0;CZE;02:33.592;5.0;37.0;NZL;02:34.226;5.0;39.0;POR;02:34.409;5.0;38.0
795;ITA;02:35.419;5.0;40.0;BEL;02:33.209;5.0;37.0;GBR;02:32.453;5.1;36.0;CZE;02:34.550;5.0;37.0;NZL;02:35.274;5.0;39.0;POR;02:35.304;5.1;38.0
800;ITA;02:36.340;5.0;40.0;BEL;02:34.289;5.1;37.0;GBR;02:33.405;5.1;36.0;CZE;02:35.589;5.1;37.0;NZL;02:36.314;5.0;39.0;POR;02:36.365;5.1;38.0
805;ITA;02:37.385;5.0;40.0;BEL;02:35.277;5.1;37.0;GBR;02:34.467;5.1;36.0;CZE;02:36.495;5.1;37.0;NZL;02:37.212;5.0;39.0;POR;02:37.376;5.1;38.0
810;ITA;02:38.434;5.0;40.0;BEL;02:36.230;5.0;37.0;GBR;02:35.355;5.1;36.0;CZE;02:37.556;5.1;37.0;NZL;02:38.297;5.0;39.0;POR;02:38.286;5.0;38.0
815;ITA;02:39.339;5.0;40.0;BEL;02:37.287;5.0;37.0;GBR;02:36.431;5.1;36.0;CZE;02:38.588;5.0;37.0;NZL;02:39.320;5.0;39.0;POR;02:39.373;5.0;38.0
820;ITA;02:40.397;5.0;40.0;BEL;02:38.186;5.0;37.0;GBR;02:37.414;5.0;36.0;CZE;02:39.496;5.0;37.0;NZL;02:40.246;5.0;39.0;POR;02:40.334;5.0;38.0
825;ITA;02:41.435;5.0;39.0;BEL;02:39.251;5.0;37.0;GBR;02:38.375;5.0;36.0;CZE;02:40.574;5.0;37.0;NZL;02:41.344;4.9;39.0;POR;02:41.313;5.0;38.0
830;ITA;02:42.345;5.0;39.0;BEL;02:40.268;5.1;37.0;GBR;02:39.446;5.0;36.0;CZE;02:41.552;5.0;37.0;NZL;02:42.365;4.9;39.0;POR;02:42.378;5.0;38.0
835;ITA;02:43.409;5.0;39.0;BEL;02:41.191;5.1;37.0;GBR;02:40.337;5.0;36.0;CZE;02:42.537;5.0;37.0;NZL;02:43.304;4.9;39.0;POR;02:43.292;5.0;38.0
840;ITA;02:44.452;5.0;39.0;BEL;02:42.264;5.0;37.0;GBR;02:41.442;5.0;36.0;CZE;02:43.606;5.0;37.0;NZL;02:44.389;4.9;39.0;POR;02:44.346;5.0;38.0
845;ITA;02:45.358;5.0;39.0;BEL;02:43.184;5.0;37.0;GBR;02:42.404;5.0;36.0;CZE;02:44.519;5.0;37.0;NZL;02:45.370;4.9;39.0;POR;02:45.367;5.0;38.0
850;ITA;02:46.445;5.0;39.0;BEL;02:44.223;5.0;37.0;GBR;02:43.380;5.0;36.0;CZE;02:45.585;5.0;37.0;NZL;02:46.334;4.9;39.0;POR;02:46.288;5.0;38.0
855;ITA;02:47.479;5.0;39.0;BEL;02:45.258;5.0;37.0;GBR;02:44.445;5.0;36.0;CZE;02:46.620;5.0;37.0;NZL;02:47.403;5.0;39.0;POR;02:47.384;5.0;38.0
860;ITA;02:48.391;4.9;39.0;BEL;02:46.159;5.0;37.0;GBR;02:45.341;5.0;36.0;CZE;02:47.529;5.0;37.0;NZL;02:48.334;5.0;38.0;POR;02:48.355;5.0;38.0
865;ITA;02:49.487;4.9;39.0;BEL;02:47.241;5.0;37.0;GBR;02:46.442;5.0;36.0;CZE;02:48.610;5.0;37.0;NZL;02:49.393;5.0;38.0;POR;02:49.325;5.0;38.0
870;ITA;02:50.520;4.9;39.0;BEL;02:48.189;5.0;37.0;GBR;02:47.413;5.0;36.0;CZE;02:49.575;5.0;37.0;NZL;02:50.418;5.0;38.0;POR;02:50.388;5.0;38.0
875;ITA;02:51.466;4.9;39.0;BEL;02:49.201;5.0;37.0;GBR;02:48.443;5.0;36.0;CZE;02:50.561;5.0;37.0;NZL;02:51.314;5.0;38.0;POR;02:51.282;5.0;37.0
880;ITA;02:52.526;4.9;39.0;BEL;02:50.254;5.0;37.0;GBR;02:49.475;4.9;36.0;CZE;02:51.615;5.0;37.0;NZL;02:52.387;5.0;38.0;POR;02:52.330;5.0;37.0
885;ITA;02:53.559;4.9;39.0;BEL;02:51.150;5.0;37.0;GBR;02:50.369;4.9;36.0;CZE;02:52.514;5.0;37.0;NZL;02:53.402;5.0;38.0;POR;02:53.328;5.0;37.0
890;ITA;02:54.474;4.9;39.0;BEL;02:52.225;5.0;37.0;GBR;02:51.460;5.0;36.0;CZE;02:53.588;5.0;37.0;NZL;02:54.333;5.0;38.0;POR;02:54.247;5.1;37.0
895;ITA;02:55.586;4.9;39.0;BEL;02:53.205;5.0;37.0;GBR;02:52.421;5.0;36.0;CZE;02:54.591;5.0;37.0;NZL;02:55.392;5.0;38.0;POR;02:55.312;5.1;37.0
900;ITA;02:56.606;4.9;39.0;BEL;02:54.154;5.0;37.0;GBR;02:53.408;5.0;36.0;CZE;02:55.510;5.0;37.0;NZL;02:56.342;5.0;38.0;POR;02:56.251;5.1;37.0
905;ITA;02:57.519;4.9;39.0;BEL;02:55.208;5.0;37.0;GBR;02:54.459;5.0;36.0;CZE;02:56.557;5.0;37.0;NZL;02:57.323;5.0;38.0;POR;02:57.254;5.1;37.0
910;ITA;02:58.605;4.9;39.0;BEL;02:56.091;5.1;37.0;GBR;02:55.343;5.0;36.0;CZE;02:57.450;5.1;37.0;NZL;02:58.368;5.1;38.0;POR;02:58.298;5.0;37.0
915;ITA;02:59.652;4.9;40.0;BEL;02:57.163;5.1;37.0;GBR;02:56.419;5.0;36.0;CZE;02:58.466;5.1;37.0;NZL;02:59.258;5.1;38.0;POR;02:59.181;5.0;37.0
920;ITA;03:00.570;4.9;40.0;BEL;02:58.166;5.1;37.0;GBR;02:57.336;5.1;36.0;CZE;02:59.465;5.2;37.0;NZL;03:00.315;5.0;38.0;POR;03:00.247;5.1;37.0
925;ITA;03:01.665;4.9;40.0;BEL;02:59.107;5.0;37.0;GBR;02:58.351;5.1;36.0;CZE;03:00.344;5.2;37.0;NZL;03:01.331;5.1;38.0;POR;03:01.240;5.1;38.0
930;ITA;03:02.715;4.9;40.0;BEL;03:00.193;5.0;37.0;GBR;02:59.351;5.1;36.0;CZE;03:01.384;5.2;38.0;NZL;03:02.227;5.1;38.0;POR;03:02.156;5.1;38.0
935;ITA;03:03.627;4.9;40.0;BEL;03:01.115;5.0;37.0;GBR;03:00.277;5.1;36.0;CZE;03:02.293;5.2;38.0;NZL;03:03.299;5.1;38.0;POR;03:03.206;5.1;38.0
940;ITA;03:04.731;4.9;40.0;BEL;03:02.151;5.0;37.0;GBR;03:01.361;5.1;36.0;CZE;03:03.253;5.2;38.0;NZL;03:04.247;5.1;38.0;POR;03:04.084;5.1;38.0
945;ITA;03:05.775;4.9;39.0;BEL;03:03.180;5.0;37.0;GBR;03:02.268;5.1;36.0;CZE;03:04.245;5.2;38.0;NZL;03:05.213;5.1;38.0;POR;03:05.136;5.1;38.0
950;ITA;03:06.704;4.9;39.0;BEL;03:04.079;5.0;37.0;GBR;03:03.310;5.0;36.0;CZE;03:05.106;5.3;38.0;NZL;03:06.259;5.1;38.0;POR;03:06.154;5.1;38.0
955;ITA;03:07.808;4.9;39.0;BEL;03:05.164;5.0;37.0;GBR;03:04.325;5.0;36.0;CZE;03:06.143;5.3;38.0;NZL;03:07.163;5.1;38.0;POR;03:07.045;5.1;38.0
960;ITA;03:08.837;4.9;39.0;BEL;03:06.102;5.1;37.0;GBR;03:05.224;5.0;36.0;CZE;03:07.075;5.3;38.0;NZL;03:08.206;5.1;38.0;POR;03:08.118;5.1;38.0
965;ITA;03:09.744;4.9;39.0;BEL;03:07.108;5.1;37.0;GBR;03:06.293;5.1;36.0;CZE;03:08.040;5.2;38.0;NZL;03:09.209;5.0;38.0;POR;03:09.063;5.1;38.0
970;ITA;03:10.840;4.9;39.0;BEL;03:08.157;5.0;37.0;GBR;03:07.199;5.1;36.0;CZE;03:09.056;5.2;38.0;NZL;03:10.119;5.0;38.0;POR;03:10.034;5.1;38.0
975;ITA;03:11.901;4.9;39.0;BEL;03:09.059;5.0;37.0;GBR;03:08.235;5.1;36.0;CZE;03:09.940;5.2;38.0;NZL;03:11.186;5.1;38.0;POR;03:11.076;5.1;38.0
980;ITA;03:12.828;4.9;39.0;BEL;03:10.164;5.0;37.0;GBR;03:09.243;5.1;36.0;CZE;03:10.958;5.2;38.0;NZL;03:12.169;5.1;38.0;POR;03:11.954;5.1;38.0
985;ITA;03:13.951;4.8;39.0;BEL;03:11.158;5.0;37.0;GBR;03:10.160;5.1;36.0;CZE;03:11.938;5.2;38.0;NZL;03:13.105;5.1;38.0;POR;03:12.999;5.1;38.0
990;ITA;03:15.023;4.8;39.0;BEL;03:12.132;5.0;37.0;GBR;03:11.245;5.1;36.0;CZE;03:12.819;5.2;39.0;NZL;03:14.163;5.1;38.0;POR;03:13.985;5.1;38.0
995;ITA;03:15.988;4.8;39.0;BEL;03:13.217;4.9;37.0;GBR;03:12.167;5.0;36.0;CZE;03:13.869;5.2;39.0;NZL;03:15.097;5.1;38.0;POR;03:14.899;5.1;38.0
1000;ITA;03:17.050;4.8;39.0;BEL;03:14.143;4.9;37.0;GBR;03:13.236;5.0;36.0;CZE;03:14.788;5.2;39.0;NZL;03:16.087;5.0;38.0;POR;03:15.951;5.1;38.0
1005;ITA;03:18.142;4.8;39.0;BEL;03:15.215;4.9;37.0;GBR;03:14.272;4.9;36.0;CZE;03:15.785;5.2;39.0;NZL;03:17.120;5.1;38.0;POR;03:16.855;5.1;38.0
1010;ITA;03:19.108;4.8;39.0;BEL;03:16.254;4.9;37.0;GBR;03:15.181;4.9;36.0;CZE;03:16.812;5.1;38.0;NZL;03:18.015;5.1;39.0;POR;03:17.872;5.1;38.0
1015;ITA;03:20.137;4.8;39.0;BEL;03:17.163;4.9;37.0;GBR;03:16.271;5.0;36.0;CZE;03:17.702;5.1;38.0;NZL;03:19.061;5.1;39.0;POR;03:18.891;5.1;38.0
1020;ITA;03:21.226;4.9;39.0;BEL;03:18.243;5.0;37.0;GBR;03:17.165;5.0;36.0;CZE;03:18.771;5.1;38.0;NZL;03:20.082;5.1;39.0;POR;03:19.799;5.1;38.0
1025;ITA;03:22.189;4.9;39.0;BEL;03:19.176;5.0;37.0;GBR;03:18.226;5.0;36.0;CZE;03:19.738;5.1;38.0;NZL;03:20.978;5.1;39.0;POR;03:20.845;5.1;38.0
1030;ITA;03:23.189;4.9;39.0;BEL;03:20.175;5.0;37.0;GBR;03:19.262;5.0;36.0;CZE;03:20.684;5.1;38.0;NZL;03:22.050;5.1;39.0;POR;03:21.822;5.1;38.0
1035;ITA;03:24.244;4.9;39.0;BEL;03:21.197;5.1;37.0;GBR;03:20.152;5.0;36.0;CZE;03:21.722;5.1;38.0;NZL;03:23.038;5.0;39.0;POR;03:22.763;5.1;38.0
1040;ITA;03:25.136;5.0;39.0;BEL;03:22.069;5.1;37.0;GBR;03:21.228;5.1;36.0;CZE;03:22.595;5.1;38.0;NZL;03:23.945;5.0;39.0;POR;03:23.813;5.1;38.0
1045;ITA;03:26.200;5.0;39.0;BEL;03:23.117;5.1;37.0;GBR;03:22.145;5.1;36.0;CZE;03:23.644;5.1;38.0;NZL;03:24.998;5.1;39.0;POR;03:24.712;5.1;38.0
1050;ITA;03:27.214;5.1;39.0;BEL;03:24.038;5.2;37.0;GBR;03:23.145;5.1;36.0;CZE;03:24.584;5.2;38.0;NZL;03:25.933;5.1;39.0;POR;03:25.737;5.1;38.0
1055;ITA;03:28.093;5.1;40.0;BEL;03:25.020;5.2;37.0;GBR;03:24.161;5.1;36.0;CZE;03:25.524;5.2;38.0;NZL;03:26.909;5.1;39.0;POR;03:26.756;5.1;38.0
1060;ITA;03:29.144;5.1;40.0;BEL;03:26.035;5.2;37.0;GBR;03:25.052;5.1;36.0;CZE;03:26.566;5.2;38.0;NZL;03:27.933;5.2;39.0;POR;03:27.639;5.1;38.0
1065;ITA;03:30.179;5.1;40.0;BEL;03:26.902;5.2;37.0;GBR;03:26.126;5.1;36.0;CZE;03:27.452;5.2;38.0;NZL;03:28.824;5.1;39.0;POR;03:28.705;5.1;38.0
1070;ITA;03:31.071;5.1;40.0;BEL;03:27.945;5.2;37.0;GBR;03:27.032;5.1;36.0;CZE;03:28.478;5.2;38.0;NZL;03:29.870;5.1;39.0;POR;03:29.678;5.1;38.0
1075;ITA;03:32.128;5.0;40.0;BEL;03:28.864;5.2;37.0;GBR;03:28.054;5.1;36.0;CZE;03:29.477;5.2;38.0;NZL;03:30.891;5.1;39.0;POR;03:30.624;5.1;38.0
1080;ITA;03:33.164;5.0;40.0;BEL;03:29.853;5.2;37.0;GBR;03:29.059;5.1;36.0;CZE;03:30.395;5.1;38.0;NZL;03:31.776;5.1;39.0;POR;03:31.680;5.1;38.0
1085;ITA;03:34.079;5.0;40.0;BEL;03:30.867;5.2;37.0;GBR;03:29.952;5.1;36.0;CZE;03:31.415;5.1;38.0;NZL;03:32.837;5.1;39.0;POR;03:32.586;5.1;38.0
1090;ITA;03:35.150;5.0;40.0;BEL;03:31.743;5.2;37.0;GBR;03:31.009;5.1;36.0;CZE;03:32.296;5.1;38.0;NZL;03:33.823;5.1;39.0;POR;03:33.622;5.1;38.0
1095;ITA;03:36.178;4.9;40.0;BEL;03:32.801;5.1;37.0;GBR;03:31.893;5.1;36.0;CZE;03:33.336;5.2;38.0;NZL;03:34.735;5.1;39.0;POR;03:34.646;5.1;38.0
1100;ITA;03:37.091;4.9;40.0;BEL;03:33.718;5.1;37.0;GBR;03:32.953;5.1;36.0;CZE;03:34.353;5.2;37.0;NZL;03:35.791;5.1;39.0;POR;03:35.543;5.1;38.0
1105;ITA;03:38.161;5.0;40.0;BEL;03:34.724;5.1;37.0;GBR;03:33.914;5.1;36.0;CZE;03:35.250;5.1;37.0;NZL;03:36.733;5.1;39.0;POR;03:36.631;5.0;38.0
1110;ITA;03:39.200;5.0;40.0;BEL;03:35.746;5.1;37.0;GBR;03:34.869;5.1;36.0;CZE;03:36.317;5.1;37.0;NZL;03:37.705;5.1;39.0;POR;03:37.560;5.0;38.0
1115;ITA;03:40.097;5.0;40.0;BEL;03:36.628;5.1;37.0;GBR;03:35.934;5.1;36.0;CZE;03:37.250;5.1;37.0;NZL;03:38.741;5.1;39.0;POR;03:38.550;5.0;38.0
1120;ITA;03:41.203;4.9;40.0;BEL;03:37.693;5.1;37.0;GBR;03:36.810;5.1;36.0;CZE;03:38.233;5.1;37.0;NZL;03:39.628;5.1;39.0;POR;03:39.618;5.1;38.0
1125;ITA;03:42.216;5.0;40.0;BEL;03:38.576;5.1;37.0;GBR;03:37.874;5.0;36.0;CZE;03:39.251;5.1;37.0;NZL;03:40.672;5.1;39.0;POR;03:40.535;5.1;38.0
1130;ITA;03:43.118;5.0;39.0;BEL;03:39.623;5.1;37.0;GBR;03:38.860;5.1;36.0;CZE;03:40.124;5.1;37.0;NZL;03:41.691;5.1;39.0;POR;03:41.586;5.0;38.0
1135;ITA;03:44.197;5.0;39.0;BEL;03:40.657;5.1;37.0;GBR;03:39.790;5.1;36.0;CZE;03:41.181;5.2;37.0;NZL;03:42.581;5.1;39.0;POR;03:42.611;5.0;38.0
1140;ITA;03:45.220;5.0;39.0;BEL;03:41.550;5.1;37.0;GBR;03:40.849;5.1;36.0;CZE;03:42.142;5.2;37.0;NZL;03:43.650;5.1;39.0;POR;03:43.508;5.0;38.0
1145;ITA;03:46.126;5.0;39.0;BEL;03:42.623;5.1;37.0;GBR;03:41.730;5.1;36.0;CZE;03:43.083;5.2;38.0;NZL;03:44.652;5.1;39.0;POR;03:44.587;5.0;38.0
1150;ITA;03:47.205;5.0;39.0;BEL;03:43.545;5.1;37.0;GBR;03:42.785;5.1;36.0;CZE;03:44.115;5.1;38.0;NZL;03:45.567;5.0;39.0;POR;03:45.587;5.0;38.0
1155;ITA;03:48.208;5.0;39.0;BEL;03:44.571;5.1;36.0;GBR;03:43.759;5.1;36.0;CZE;03:44.982;5.1;38.0;NZL;03:46.633;5.0;39.0;POR;03:46.528;5.0;38.0
1160;ITA;03:49.123;5.0;39.0;BEL;03:45.607;5.1;36.0;GBR;03:44.690;5.1;36.0;CZE;03:46.035;5.1;38.0;NZL;03:47.596;5.1;39.0;POR;03:47.602;5.0;38.0
1165;ITA;03:50.208;5.0;39.0;BEL;03:46.502;5.0;36.0;GBR;03:45.736;5.1;36.0;CZE;03:47.020;5.2;38.0;NZL;03:48.555;5.1;39.0;POR;03:48.535;5.0;38.0
1170;ITA;03:51.194;5.0;39.0;BEL;03:47.574;5.0;36.0;GBR;03:46.605;5.1;36.0;CZE;03:47.961;5.1;38.0;NZL;03:49.612;5.1;39.0;POR;03:49.540;5.0;38.0
1175;ITA;03:52.133;5.0;39.0;BEL;03:48.503;5.0;36.0;GBR;03:47.684;5.1;37.0;CZE;03:48.987;5.1;38.0;NZL;03:50.541;5.0;39.0;POR;03:50.585;5.0;38.0
1180;ITA;03:53.223;5.0;39.0;BEL;03:49.521;5.1;36.0;GBR;03:48.637;5.1;36.0;CZE;03:49.877;5.1;38.0;NZL;03:51.552;5.0;39.0;POR;03:51.471;5.1;38.0
1185;ITA;03:54.226;5.0;39.0;BEL;03:50.559;5.1;36.0;GBR;03:49.616;5.1;36.0;CZE;03:50.922;5.1;38.0;NZL;03:52.585;5.0;39.0;POR;03:52.529;5.1;38.0
1190;ITA;03:55.210;4.9;39.0;BEL;03:51.457;5.1;36.0;GBR;03:50.659;5.1;36.0;CZE;03:51.934;5.1;38.0;NZL;03:53.470;5.0;39.0;POR;03:53.523;5.1;38.0
1195;ITA;03:56.270;4.9;39.0;BEL;03:52.538;5.1;36.0;GBR;03:51.538;5.1;36.0;CZE;03:52.833;5.1;38.0;NZL;03:54.531;5.1;39.0;POR;03:54.430;5.1;38.0
1200;ITA;03:57.274;4.9;39.0;BEL;03:53.469;5.0;36.0;GBR;03:52.629;5.1;36.0;CZE;03:53.909;5.1;37.0;NZL;03:55.550;5.1;39.0;POR;03:55.491;5.1;38.0
1205;ITA;03:58.237;4.9;39.0;BEL;03:54.498;5.0;36.0;GBR;03:53.556;5.1;36.0;CZE;03:54.845;5.1;37.0;NZL;03:56.447;5.1;39.0;POR;03:56.421;5.1;38.0
1210;ITA;03:59.342;4.9;39.0;BEL;03:55.543;5.0;36.0;GBR;03:54.558;5.1;36.0;CZE;03:55.840;5.1;37.0;NZL;03:57.521;5.0;39.0;POR;03:57.426;5.1;38.0
1215;ITA;04:00.345;4.9;39.0;BEL;03:56.434;5.0;36.0;GBR;03:55.604;5.1;36.0;CZE;03:56.873;5.1;37.0;NZL;03:58.519;5.0;39.0;POR;03:58.471;5.1;38.0
1220;ITA;04:01.306;4.9;39.0;BEL;03:57.510;5.0;36.0;GBR;03:56.496;5.1;36.0;CZE;03:57.760;5.1;37.0;NZL;03:59.445;5.0;39.0;POR;03:59.361;5.0;38.0
1225;ITA;04:02.401;4.9;39.0;BEL;03:58.469;5.1;36.0;GBR;03:57.585;5.0;36.0;CZE;03:58.837;5.1;37.0;NZL;04:00.513;5.0;39.0;POR;04:00.422;5.0;38.0
1230;ITA;04:03.397;4.9;39.0;BEL;03:59.444;5.1;37.0;GBR;03:58.525;5.0;36.0;CZE;03:59.815;5.0;37.0;NZL;04:01.472;5.0;39.0;POR;04:01.413;5.0;38.0
1235;ITA;04:04.364;4.9;39.0;BEL;04:00.490;5.1;37.0;GBR;03:59.540;5.0;36.0;CZE;04:00.763;5.0;37.0;NZL;04:02.456;5.0;39.0;POR;04:02.333;5.1;38.0
1240;ITA;04:05.464;4.9;39.0;BEL;04:01.379;5.1;37.0;GBR;04:00.588;5.0;36.0;CZE;04:01.819;5.1;37.0;NZL;04:03.520;5.0;39.0;POR;04:03.400;5.1;38.0
1245;ITA;04:06.454;4.9;39.0;BEL;04:02.462;5.0;37.0;GBR;04:01.480;5.0;36.0;CZE;04:02.709;5.1;37.0;NZL;04:04.445;5.0;39.0;POR;04:04.333;5.1;38.0
1250;ITA;04:07.408;4.9;39.0;BEL;04:03.438;5.0;37.0;GBR;04:02.568;5.0;36.0;CZE;04:03.763;5.1;37.0;NZL;04:05.482;5.0;39.0;POR;04:05.354;5.0;38.0
1255;ITA;04:08.499;4.9;39.0;BEL;04:04.412;5.0;37.0;GBR;04:03.513;5.0;36.0;CZE;04:04.768;5.1;37.0;NZL;04:06.528;5.0;39.0;POR;04:06.369;5.0;38.0
1260;ITA;04:09.475;4.9;39.0;BEL;04:05.466;5.0;37.0;GBR;04:04.502;5.0;36.0;CZE;04:05.675;5.1;37.0;NZL;04:07.424;5.0;39.0;POR;04:07.256;5.1;38.0
1265;ITA;04:10.439;4.9;39.0;BEL;04:06.355;5.1;37.0;GBR;04:05.527;5.1;36.0;CZE;04:06.733;5.1;37.0;NZL;04:08.496;5.0;39.0;POR;04:08.313;5.1;38.0
1270;ITA;04:11.517;5.0;39.0;BEL;04:07.430;5.1;36.0;GBR;04:06.417;5.1;36.0;CZE;04:07.653;5.1;37.0;NZL;04:09.515;5.0;39.0;POR;04:09.322;5.1;38.0
1275;ITA;04:12.488;5.0;39.0;BEL;04:08.404;5.1;36.0;GBR;04:07.494;5.1;36.0;CZE;04:08.672;5.1;37.0;NZL;04:10.405;5.0;39.0;POR;04:10.219;5.1;38.0
1280;ITA;04:13.462;5.0;39.0;BEL;04:09.371;5.1;36.0;GBR;04:08.422;5.1;36.0;CZE;04:09.688;5.1;37.0;NZL;04:11.471;5.1;39.0;POR;04:11.285;5.1;38.0
1285;ITA;04:14.535;5.0;39.0;BEL;04:10.424;5.1;36.0;GBR;04:09.411;5.1;36.0;CZE;04:10.571;5.1;37.0;NZL;04:12.468;5.1;39.0;POR;04:12.243;5.1;38.0
1290;ITA;04:15.494;5.0;39.0;BEL;04:11.312;5.0;36.0;GBR;04:10.441;5.1;36.0;CZE;04:11.637;5.1;37.0;NZL;04:13.374;5.1;39.0;POR;04:13.191;5.1;38.0
1295;ITA;04:16.488;4.9;39.0;BEL;04:12.383;5.0;36.0;GBR;04:11.319;5.1;37.0;CZE;04:12.572;5.1;37.0;NZL;04:14.443;5.1;39.0;POR;04:14.237;5.1;39.0
1300;ITA;04:17.555;4.9;39.0;BEL;04:13.353;5.1;36.0;GBR;04:12.386;5.1;37.0;CZE;04:13.555;5.1;37.0;NZL;04:15.420;5.1;39.0;POR;04:15.135;5.1;39.0
1305;ITA;04:18.486;5.0;39.0;BEL;04:14.307;5.1;36.0;GBR;04:13.290;5.1;37.0;CZE;04:14.589;5.1;37.0;NZL;04:16.362;5.1;39.0;POR;04:16.148;5.1;39.0
1310;ITA;04:19.521;4.9;39.0;BEL;04:15.345;5.1;36.0;GBR;04:14.307;5.1;37.0;CZE;04:15.471;5.1;37.0;NZL;04:17.419;5.1;39.0;POR;04:17.158;5.1;39.0
1315;ITA;04:20.549;5.0;39.0;BEL;04:16.214;5.1;36.0;GBR;04:15.310;5.1;36.0;CZE;04:16.545;5.1;37.0;NZL;04:18.354;5.1;39.0;POR;04:18.036;5.2;39.0
1320;ITA;04:21.444;5.0;39.0;BEL;04:17.279;5.1;37.0;GBR;04:16.206;5.2;36.0;CZE;04:17.503;5.1;37.0;NZL;04:19.346;5.1;39.0;POR;04:19.098;5.2;39.0
1325;ITA;04:22.502;5.0;39.0;BEL;04:18.236;5.1;37.0;GBR;04:17.260;5.2;36.0;CZE;04:18.443;5.1;37.0;NZL;04:20.392;5.1;39.0;POR;04:20.076;5.1;39.0
1330;ITA;04:23.524;5.1;39.0;BEL;04:19.195;5.1;37.0;GBR;04:18.136;5.1;36.0;CZE;04:19.478;5.1;37.0;NZL;04:21.303;5.0;39.0;POR;04:21.001;5.1;39.0
1335;ITA;04:24.407;5.1;39.0;BEL;04:20.233;5.1;37.0;GBR;04:19.177;5.1;36.0;CZE;04:20.344;5.1;37.0;NZL;04:22.327;5.0;39.0;POR;04:22.053;5.1;39.0
1340;ITA;04:25.478;5.1;39.0;BEL;04:21.112;5.1;37.0;GBR;04:20.120;5.2;36.0;CZE;04:21.386;5.1;38.0;NZL;04:23.353;5.1;39.0;POR;04:22.970;5.1;39.0
1345;ITA;04:26.478;5.0;39.0;BEL;04:22.173;5.1;37.0;GBR;04:21.068;5.2;36.0;CZE;04:22.367;5.2;38.0;NZL;04:24.232;5.1;39.0;POR;04:23.970;5.1;39.0
1350;ITA;04:27.385;5.1;39.0;BEL;04:23.109;5.1;37.0;GBR;04:22.107;5.2;36.0;CZE;04:23.269;5.2;38.0;NZL;04:25.296;5.1;39.0;POR;04:25.001;5.1;39.0
1355;ITA;04:28.422;5.1;39.0;BEL;04:24.099;5.1;37.0;GBR;04:22.972;5.2;36.0;CZE;04:24.303;5.2;38.0;NZL;04:26.294;5.1;39.0;POR;04:25.881;5.1;39.0
1360;ITA;04:29.394;5.1;39.0;BEL;04:25.139;5.1;37.0;GBR;04:24.035;5.2;36.0;CZE;04:25.208;5.2;38.0;NZL;04:27.185;5.1;39.0;POR;04:26.918;5.1;39.0
1365;ITA;04:30.302;5.1;39.0;BEL;04:26.011;5.1;37.0;GBR;04:24.973;5.1;36.0;CZE;04:26.204;5.2;38.0;NZL;04:28.240;5.1;39.0;POR;04:27.891;5.1;39.0
1370;ITA;04:31.355;5.2;39.0;BEL;04:27.072;5.1;37.0;GBR;04:25.953;5.1;36.0;CZE;04:27.197;5.2;38.0;NZL;04:29.196;5.1;39.0;POR;04:28.773;5.2;39.0
1375;ITA;04:32.303;5.2;40.0;BEL;04:28.015;5.1;37.0;GBR;04:26.976;5.1;36.0;CZE;04:28.065;5.2;38.0;NZL;04:30.134;5.1;39.0;POR;04:29.813;5.2;39.0
1380;ITA;04:33.250;5.1;40.0;BEL;04:28.983;5.1;37.0;GBR;04:27.852;5.1;36.0;CZE;04:29.107;5.2;38.0;NZL;04:31.180;5.1;39.0;POR;04:30.701;5.3;39.0
1385;ITA;04:34.294;5.1;40.0;BEL;04:30.011;5.1;37.0;GBR;04:28.917;5.1;36.0;CZE;04:30.018;5.2;38.0;NZL;04:32.083;5.1;39.0;POR;04:31.676;5.2;39.0
1390;ITA;04:35.230;5.1;40.0;BEL;04:30.894;5.1;37.0;GBR;04:29.787;5.1;36.0;CZE;04:30.989;5.2;38.0;NZL;04:33.102;5.1;39.0;POR;04:32.691;5.3;39.0
1395;ITA;04:36.210;5.1;40.0;BEL;04:31.957;5.1;37.0;GBR;04:30.843;5.1;36.0;CZE;04:31.982;5.3;38.0;NZL;04:34.115;5.1;39.0;POR;04:33.557;5.2;39.0
1400;ITA;04:37.255;5.1;40.0;BEL;04:32.914;5.1;37.0;GBR;04:31.834;5.2;36.0;CZE;04:32.863;5.3;38.0;NZL;04:35.002;5.1;39.0;POR;04:34.604;5.2;39.0
1405;ITA;04:38.132;5.1;40.0;BEL;04:33.884;5.1;37.0;GBR;04:32.743;5.2;36.0;CZE;04:33.910;5.2;38.0;NZL;04:36.056;5.1;39.0;POR;04:35.573;5.2;39.0
1410;ITA;04:39.169;5.1;40.0;BEL;04:34.923;5.1;37.0;GBR;04:33.783;5.1;36.0;CZE;04:34.839;5.2;38.0;NZL;04:37.070;5.1;39.0;POR;04:36.462;5.2;39.0
1415;ITA;04:40.203;5.1;40.0;BEL;04:35.802;5.1;37.0;GBR;04:34.639;5.1;36.0;CZE;04:35.810;5.2;38.0;NZL;04:37.959;5.1;39.0;POR;04:37.517;5.2;39.0
1420;ITA;04:41.093;5.1;40.0;BEL;04:36.870;5.1;37.0;GBR;04:35.700;5.2;36.0;CZE;04:36.833;5.2;38.0;NZL;04:39.021;5.1;39.0;POR;04:38.452;5.2;39.0
1425;ITA;04:42.148;5.1;40.0;BEL;04:37.802;5.1;36.0;GBR;04:36.638;5.2;36.0;CZE;04:37.705;5.2;38.0;NZL;04:40.012;5.1;39.0;POR;04:39.418;5.1;39.0
1430;ITA;04:43.152;5.1;40.0;BEL;04:38.783;5.1;36.0;GBR;04:37.592;5.2;36.0;CZE;04:38.756;5.1;38.0;NZL;04:40.921;5.1;39.0;POR;04:40.451;5.1;39.0
1435;ITA;04:44.034;5.1;40.0;BEL;04:39.803;5.1;36.0;GBR;04:38.615;5.2;36.0;CZE;04:39.716;5.1;38.0;NZL;04:41.976;5.1;39.0;POR;04:41.338;5.1;39.0
1440;ITA;04:45.111;5.1;40.0;BEL;04:40.676;5.1;36.0;GBR;04:39.477;5.2;36.0;CZE;04:40.657;5.1;38.0;NZL;04:42.929;5.1;39.0;POR;04:42.375;5.1;39.0
1445;ITA;04:46.136;5.1;40.0;BEL;04:41.717;5.2;37.0;GBR;04:40.532;5.2;37.0;CZE;04:41.695;5.1;38.0;NZL;04:43.881;5.1;39.0;POR;04:43.387;5.1;39.0
1450;ITA;04:47.034;5.0;40.0;BEL;04:42.643;5.2;37.0;GBR;04:41.443;5.2;37.0;CZE;04:42.575;5.1;38.0;NZL;04:44.904;5.1;39.0;POR;04:44.279;5.1;39.0
1455;ITA;04:48.120;5.0;40.0;BEL;04:43.634;5.2;37.0;GBR;04:42.430;5.2;37.0;CZE;04:43.624;5.1;38.0;NZL;04:45.818;5.1;39.0;POR;04:45.343;5.1;39.0
1460;ITA;04:49.142;5.0;40.0;BEL;04:44.628;5.2;37.0;GBR;04:43.432;5.2;37.0;CZE;04:44.613;5.1;38.0;NZL;04:46.805;5.1;39.0;POR;04:46.310;5.1;39.0
1465;ITA;04:50.048;5.0;40.0;BEL;04:45.502;5.2;37.0;GBR;04:44.307;5.2;37.0;CZE;04:45.509;5.2;38.0;NZL;04:47.832;5.1;40.0;POR;04:47.260;5.1;39.0
1470;ITA;04:51.135;5.0;40.0;BEL;04:46.552;5.2;38.0;GBR;04:45.357;5.2;37.0;CZE;04:46.546;5.2;38.0;NZL;04:48.727;5.1;40.0;POR;04:48.306;5.1;39.0
1475;ITA;04:52.159;5.0;40.0;BEL;04:47.514;5.1;38.0;GBR;04:46.236;5.2;37.0;CZE;04:47.438;5.2;38.0;NZL;04:49.749;5.1;40.0;POR;04:49.223;5.1;39.0
1480;ITA;04:53.075;5.0;40.0;BEL;04:48.460;5.2;38.0;GBR;04:47.258;5.2;37.0;CZE;04:48.461;5.2;38.0;NZL;04:50.761;5.1;40.0;POR;04:50.257;5.1;39.0
1485;ITA;04:54.169;4.9;40.0;BEL;04:49.512;5.1;38.0;GBR;04:48.235;5.2;37.0;CZE;04:49.466;5.2;38.0;NZL;04:51.636;5.1;40.0;POR;04:51.253;5.1;39.0
1490;ITA;04:55.180;4.9;40.0;BEL;04:50.409;5.1;38.0;GBR;04:49.127;5.2;37.0;CZE;04:50.353;5.2;38.0;NZL;04:52.690;5.1;40.0;POR;04:52.130;5.1;39.0
1495;ITA;04:56.128;4.9;40.0;BEL;04:51.460;5.1;38.0;GBR;04:50.170;5.2;37.0;CZE;04:51.428;5.1;38.0;NZL;04:53.682;5.1;40.0;POR;04:53.173;5.1;39.0
1500;ITA;04:57.225;4.9;40.0;BEL;04:52.475;5.1;38.0;GBR;04:51.038;5.2;37.0;CZE;04:52.378;5.1;38.0;NZL;04:54.578;5.1;40.0;POR;04:54.154;5.1;39.0
1505;ITA;04:58.274;4.9;40.0;BEL;04:53.378;5.0;38.0;GBR;04:52.075;5.2;37.0;CZE;04:53.336;5.1;38.0;NZL;04:55.641;5.1;40.0;POR;04:55.055;5.1;39.0
1510;ITA;04:59.196;4.9;40.0;BEL;04:54.446;5.1;38.0;GBR;04:53.059;5.2;37.0;CZE;04:54.377;5.1;38.0;NZL;04:56.613;5.1;40.0;POR;04:56.101;5.1;39.0
1515;ITA;05:00.301;4.9;40.0;BEL;04:55.339;5.1;37.0;GBR;04:53.969;5.2;37.0;CZE;04:55.266;5.1;38.0;NZL;04:57.541;5.1;40.0;POR;04:57.029;5.2;39.0
1520;ITA;05:01.371;4.9;40.0;BEL;04:56.394;5.1;37.0;GBR;04:55.025;5.1;37.0;CZE;04:56.327;5.1;38.0;NZL;04:58.596;5.1;40.0;POR;04:57.999;5.1;39.0
1525;ITA;05:02.286;4.8;40.0;BEL;04:57.437;5.1;37.0;GBR;04:55.908;5.1;37.0;CZE;04:57.338;5.1;38.0;NZL;04:59.547;5.1;40.0;POR;04:59.036;5.1;39.0
1530;ITA;05:03.384;4.8;40.0;BEL;04:58.342;5.0;37.0;GBR;04:56.948;5.1;37.0;CZE;04:58.223;5.1;38.0;NZL;05:00.509;5.1;40.0;POR;04:59.927;5.1;39.0
1535;ITA;05:04.463;4.9;40.0;BEL;04:59.411;5.0;37.0;GBR;04:57.934;5.1;37.0;CZE;04:59.281;5.1;38.0;NZL;05:01.563;5.1;40.0;POR;05:00.948;5.1;39.0
1540;ITA;05:05.405;4.9;40.0;BEL;05:00.339;5.0;37.0;GBR;04:58.836;5.1;37.0;CZE;05:00.179;5.1;38.0;NZL;05:02.491;5.1;40.0;POR;05:01.941;5.1;39.0
1545;ITA;05:06.466;4.8;39.0;BEL;05:01.346;5.0;37.0;GBR;04:59.881;5.1;37.0;CZE;05:01.163;5.1;38.0;NZL;05:03.490;5.1;40.0;POR;05:02.812;5.1;39.0
1550;ITA;05:07.533;4.9;39.0;BEL;05:02.393;5.0;37.0;GBR;05:00.755;5.2;37.0;CZE;05:02.180;5.2;38.0;NZL;05:04.515;5.1;40.0;POR;05:03.860;5.2;39.0
1555;ITA;05:08.473;4.9;39.0;BEL;05:03.283;5.1;37.0;GBR;05:01.785;5.2;37.0;CZE;05:03.041;5.2;38.0;NZL;05:05.421;5.1;40.0;POR;05:04.781;5.2;39.0
1560;ITA;05:09.510;4.9;39.0;BEL;05:04.351;5.1;37.0;GBR;05:02.760;5.2;37.0;CZE;05:04.098;5.2;38.0;NZL;05:06.447;5.1;40.0;POR;05:05.758;5.2;39.0
1565;ITA;05:10.571;4.9;39.0;BEL;05:05.320;5.1;37.0;GBR;05:03.673;5.2;37.0;CZE;05:05.075;5.2;38.0;NZL;05:07.483;5.1;40.0;POR;05:06.768;5.2;39.0
1570;ITA;05:11.504;4.9;39.0;BEL;05:06.270;5.1;37.0;GBR;05:04.718;5.2;37.0;CZE;05:05.982;5.1;38.0;NZL;05:08.387;5.1;40.0;POR;05:07.681;5.2;39.0
1575;ITA;05:12.522;4.9;40.0;BEL;05:07.319;5.1;37.0;GBR;05:05.579;5.2;37.0;CZE;05:07.025;5.1;38.0;NZL;05:09.438;5.0;40.0;POR;05:08.664;5.1;39.0
1580;ITA;05:13.585;5.0;40.0;BEL;05:08.185;5.1;37.0;GBR;05:06.623;5.2;37.0;CZE;05:07.929;5.2;38.0;NZL;05:10.471;5.0;40.0;POR;05:09.686;5.2;39.0
1585;ITA;05:14.512;5.0;40.0;BEL;05:09.242;5.1;37.0;GBR;05:07.561;5.2;37.0;CZE;05:08.904;5.2;38.0;NZL;05:11.366;5.0;40.0;POR;05:10.572;5.1;39.0
1590;ITA;05:15.521;5.0;40.0;BEL;05:10.187;5.1;37.0;GBR;05:08.499;5.2;37.0;CZE;05:09.904;5.2;38.0;NZL;05:12.413;5.0;40.0;POR;05:11.610;5.1;39.0
1595;ITA;05:16.582;5.0;40.0;BEL;05:11.141;5.2;37.0;GBR;05:09.493;5.3;37.0;CZE;05:10.758;5.2;39.0;NZL;05:13.431;5.1;40.0;POR;05:12.606;5.1;39.0
1600;ITA;05:17.510;5.0;40.0;BEL;05:12.164;5.2;37.0;GBR;05:10.339;5.3;37.0;CZE;05:11.798;5.2;39.0;NZL;05:14.321;5.1;40.0;POR;05:13.485;5.1;39.0
1605;ITA;05:18.527;5.0;40.0;BEL;05:13.027;5.2;37.0;GBR;05:11.384;5.3;37.0;CZE;05:12.746;5.3;39.0;NZL;05:15.362;5.1;40.0;POR;05:14.528;5.1;39.0
1610;ITA;05:19.590;5.0;40.0;BEL;05:14.073;5.2;37.0;GBR;05:12.258;5.3;37.0;CZE;05:13.671;5.2;39.0;NZL;05:16.369;5.1;40.0;POR;05:15.470;5.2;39.0
1615;ITA;05:20.515;5.0;40.0;BEL;05:15.001;5.2;37.0;GBR;05:13.232;5.3;37.0;CZE;05:14.711;5.2;39.0;NZL;05:17.249;5.1;40.0;POR;05:16.420;5.2;39.0
1620;ITA;05:21.512;5.0;40.0;BEL;05:15.958;5.2;37.0;GBR;05:14.210;5.3;37.0;CZE;05:15.595;5.2;39.0;NZL;05:18.299;5.1;40.0;POR;05:17.460;5.2;39.0
1625;ITA;05:22.573;5.0;40.0;BEL;05:16.983;5.2;37.0;GBR;05:15.075;5.3;37.0;CZE;05:16.619;5.1;39.0;NZL;05:19.288;5.1;40.0;POR;05:18.360;5.2;39.0
1630;ITA;05:23.529;5.0;40.0;BEL;05:17.855;5.2;37.0;GBR;05:16.117;5.3;37.0;CZE;05:17.592;5.1;39.0;NZL;05:20.178;5.1;40.0;POR;05:19.373;5.1;39.0
1635;ITA;05:24.447;5.0;41.0;BEL;05:18.910;5.2;37.0;GBR;05:16.962;5.3;37.0;CZE;05:18.487;5.1;39.0;NZL;05:21.230;5.1;40.0;POR;05:20.388;5.1;39.0
1640;ITA;05:25.479;5.1;41.0;BEL;05:19.852;5.1;37.0;GBR;05:18.004;5.2;37.0;CZE;05:19.531;5.2;39.0;NZL;05:22.220;5.1;40.0;POR;05:21.262;5.1;39.0
1645;ITA;05:26.393;5.2;41.0;BEL;05:20.804;5.1;37.0;GBR;05:18.953;5.3;37.0;CZE;05:20.466;5.2;39.0;NZL;05:23.112;5.1;40.0;POR;05:22.320;5.1;39.0
1650;ITA;05:27.311;5.2;42.0;BEL;05:21.819;5.1;37.0;GBR;05:19.866;5.3;37.0;CZE;05:21.446;5.2;39.0;NZL;05:24.158;5.1;40.0;POR;05:23.293;5.1;39.0
1655;ITA;05:28.313;5.3;42.0;BEL;05:22.678;5.2;37.0;GBR;05:20.891;5.3;37.0;CZE;05:22.432;5.2;39.0;NZL;05:25.138;5.1;40.0;POR;05:24.213;5.1;39.0
1660;ITA;05:29.246;5.3;42.0;BEL;05:23.715;5.2;37.0;GBR;05:21.738;5.3;37.0;CZE;05:23.303;5.2;39.0;NZL;05:26.043;5.1;41.0;POR;05:25.259;5.1;39.0
1665;ITA;05:30.134;5.3;42.0;BEL;05:24.645;5.2;37.0;GBR;05:22.781;5.2;37.0;CZE;05:24.341;5.2;39.0;NZL;05:27.095;5.1;41.0;POR;05:26.175;5.1;39.0
1670;ITA;05:31.182;5.3;42.0;BEL;05:25.613;5.3;37.0;GBR;05:23.701;5.3;37.0;CZE;05:25.324;5.2;39.0;NZL;05:28.053;5.1;41.0;POR;05:27.157;5.1;39.0
1675;ITA;05:32.143;5.3;42.0;BEL;05:26.602;5.3;38.0;GBR;05:24.659;5.3;37.0;CZE;05:26.216;5.2;39.0;NZL;05:28.984;5.1;40.0;POR;05:28.175;5.1;39.0
1680;ITA;05:33.034;5.2;42.0;BEL;05:27.463;5.2;38.0;GBR;05:25.670;5.3;37.0;CZE;05:27.266;5.2;39.0;NZL;05:30.031;5.1;40.0;POR;05:29.036;5.1;39.0
1685;ITA;05:34.088;5.2;42.0;BEL;05:28.509;5.2;38.0;GBR;05:26.529;5.2;37.0;CZE;05:28.184;5.2;38.0;NZL;05:30.973;5.1;40.0;POR;05:30.076;5.1;39.0
1690;ITA;05:35.052;5.2;42.0;BEL;05:29.453;5.2;38.0;GBR;05:27.573;5.2;37.0;CZE;05:29.171;5.1;38.0;NZL;05:31.944;5.1;40.0;POR;05:31.049;5.2;39.0
1695;ITA;05:35.943;5.1;42.0;BEL;05:30.388;5.2;38.0;GBR;05:28.479;5.2;37.0;CZE;05:30.189;5.1;38.0;NZL;05:32.962;5.1;40.0;POR;05:31.913;5.2;39.0
1700;ITA;05:36.999;5.1;42.0;BEL;05:31.406;5.2;38.0;GBR;05:29.449;5.2;37.0;CZE;05:31.056;5.1;38.0;NZL;05:33.896;5.1;40.0;POR;05:32.934;5.3;40.0
1705;ITA;05:37.955;5.2;41.0;BEL;05:32.267;5.2;38.0;GBR;05:30.439;5.3;37.0;CZE;05:32.087;5.1;39.0;NZL;05:34.843;5.1;40.0;POR;05:33.883;5.3;40.0
1710;ITA;05:38.852;5.2;41.0;BEL;05:33.305;5.3;38.0;GBR;05:31.295;5.3;37.0;CZE;05:33.070;5.2;39.0;NZL;05:35.868;5.1;41.0;POR;05:34.781;5.3;40.0
1715;ITA;05:39.915;5.2;41.0;BEL;05:34.246;5.3;38.0;GBR;05:32.326;5.3;37.0;CZE;05:33.931;5.2;39.0;NZL;05:36.781;5.1;41.0;POR;05:35.824;5.3;40.0
1720;ITA;05:40.889;5.1;41.0;BEL;05:35.153;5.2;38.0;GBR;05:33.211;5.3;37.0;CZE;05:34.958;5.3;39.0;NZL;05:37.763;5.2;41.0;POR;05:36.725;5.2;40.0
1725;ITA;05:41.797;5.1;41.0;BEL;05:36.152;5.2;38.0;GBR;05:34.213;5.3;37.0;CZE;05:35.883;5.3;39.0;NZL;05:38.757;5.2;41.0;POR;05:37.690;5.2;40.0
1730;ITA;05:42.870;5.1;41.0;BEL;05:37.008;5.3;38.0;GBR;05:35.159;5.3;38.0;CZE;05:36.838;5.3;39.0;NZL;05:39.666;5.2;41.0;POR;05:38.709;5.2;40.0
1735;ITA;05:43.866;5.1;41.0;BEL;05:38.007;5.3;38.0;GBR;05:36.046;5.3;38.0;CZE;05:37.813;5.3;39.0;NZL;05:40.638;5.2;41.0;POR;05:39.581;5.2;40.0
1740;ITA;05:44.777;5.1;41.0;BEL;05:38.943;5.4;38.0;GBR;05:37.095;5.3;38.0;CZE;05:38.682;5.3;39.0;NZL;05:41.667;5.2;41.0;POR;05:40.630;5.2;39.0
1745;ITA;05:45.866;5.0;41.0;BEL;05:39.849;5.4;38.0;GBR;05:37.946;5.2;38.0;CZE;05:39.690;5.3;39.0;NZL;05:42.589;5.1;41.0;POR;05:41.635;5.2;39.0
1750;ITA;05:46.884;5.0;41.0;BEL;05:40.860;5.3;38.0;GBR;05:39.012;5.2;38.0;CZE;05:40.676;5.3;40.0;NZL;05:43.539;5.1;41.0;POR;05:42.523;5.1;39.0
1755;ITA;05:47.786;5.0;41.0;BEL;05:41.715;5.3;38.0;GBR;05:39.988;5.2;38.0;CZE;05:41.529;5.2;40.0;NZL;05:44.556;5.1;41.0;POR;05:43.573;5.1;39.0
1760;ITA;05:48.863;4.9;41.0;BEL;05:42.738;5.3;38.0;GBR;05:40.861;5.2;37.0;CZE;05:42.564;5.3;40.0;NZL;05:45.474;5.2;41.0;POR;05:44.537;5.1;39.0
1765;ITA;05:49.890;5.0;41.0;BEL;05:43.686;5.3;38.0;GBR;05:41.905;5.2;37.0;CZE;05:43.489;5.3;40.0;NZL;05:46.411;5.2;41.0;POR;05:45.465;5.1;39.0
1770;ITA;05:50.806;5.0;41.0;BEL;05:44.590;5.3;38.0;GBR;05:42.788;5.2;37.0;CZE;05:44.390;5.3;40.0;NZL;05:47.425;5.2;42.0;POR;05:46.512;5.1;39.0
1775;ITA;05:51.863;5.0;41.0;BEL;05:45.607;5.3;38.0;GBR;05:43.790;5.2;37.0;CZE;05:45.416;5.3;40.0;NZL;05:48.344;5.2;42.0;POR;05:47.434;5.1;39.0
1780;ITA;05:52.897;5.0;40.0;BEL;05:46.464;5.3;38.0;GBR;05:44.744;5.2;37.0;CZE;05:46.327;5.3;40.0;NZL;05:49.277;5.2;42.0;POR;05:48.394;5.1;39.0
1785;ITA;05:53.803;5.0;40.0;BEL;05:47.479;5.3;38.0;GBR;05:45.644;5.2;37.0;CZE;05:47.279;5.2;40.0;NZL;05:50.295;5.3;42.0;POR;05:49.421;5.2;40.0
1790;ITA;05:54.865;5.0;40.0;BEL;05:48.445;5.3;38.0;GBR;05:46.678;5.2;37.0;CZE;05:48.286;5.2;40.0;NZL;05:51.170;5.3;42.0;POR;05:50.316;5.2;40.0
1795;ITA;05:55.907;5.0;40.0;BEL;05:49.342;5.3;38.0;GBR;05:47.540;5.3;37.0;CZE;05:49.173;5.2;40.0;NZL;05:52.168;5.2;42.0;POR;05:51.330;5.2;40.0
1800;ITA;05:56.806;5.0;40.0;BEL;05:50.348;5.3;38.0;GBR;05:48.549;5.3;37.0;CZE;05:50.181;5.2;40.0;NZL;05:53.157;5.2;42.0;POR;05:52.329;5.2;40.0
1805;ITA;05:57.872;5.0;40.0;BEL;05:51.222;5.3;38.0;GBR;05:49.507;5.3;37.0;CZE;05:51.183;5.2;40.0;NZL;05:54.090;5.2;42.0;POR;05:53.209;5.1;40.0
1810;ITA;05:58.938;5.0;41.0;BEL;05:52.220;5.3;38.0;GBR;05:50.440;5.3;37.0;CZE;05:52.051;5.2;40.0;NZL;05:54.993;5.2;42.0;POR;05:54.235;5.1;40.0
1815;ITA;05:59.882;5.0;41.0;BEL;05:53.172;5.3;38.0;GBR;05:51.423;5.3;37.0;CZE;05:53.101;5.1;40.0;NZL;05:56.001;5.3;42.0;POR;05:55.227;5.1;40.0
1820;ITA;06:00.920;4.9;41.0;BEL;05:54.056;5.3;38.0;GBR;05:52.265;5.3;37.0;CZE;05:54.097;5.2;40.0;NZL;05:56.906;5.3;42.0;POR;05:56.079;5.2;40.0
1825;ITA;06:01.964;4.9;41.0;BEL;05:55.076;5.3;38.0;GBR;05:53.294;5.3;37.0;CZE;05:54.980;5.1;40.0;NZL;05:57.863;5.3;42.0;POR;05:57.103;5.2;40.0
1830;ITA;06:02.932;4.9;41.0;BEL;05:55.954;5.3;38.0;GBR;05:54.221;5.3;37.0;CZE;05:56.036;5.1;40.0;NZL;05:58.831;5.3;42.0;POR;05:58.059;5.3;40.0
1835;ITA;06:03.936;4.9;41.0;BEL;05:56.925;5.3;38.0;GBR;05:55.152;5.3;37.0;CZE;05:57.012;5.1;40.0;NZL;05:59.762;5.3;42.0;POR;05:58.952;5.3;40.0
1840;ITA;06:05.003;5.0;41.0;BEL;05:57.906;5.3;38.0;GBR;05:56.161;5.3;37.0;CZE;05:57.922;5.1;40.0;NZL;06:00.673;5.3;42.0;POR;05:59.979;5.3;40.0
1845;ITA;06:06.003;5.0;41.0;BEL;05:58.762;5.3;38.0;GBR;05:57.011;5.3;37.0;CZE;05:58.972;5.1;40.0;NZL;06:01.701;5.3;42.0;POR;06:00.886;5.3;40.0
1850;ITA;06:06.946;4.9;41.0;BEL;05:59.782;5.3;38.0;GBR;05:58.062;5.2;37.0;CZE;05:59.925;5.2;40.0;NZL;06:02.637;5.2;42.0;POR;06:01.861;5.2;40.0
1855;ITA;06:08.033;4.9;41.0;BEL;06:00.682;5.3;38.0;GBR;05:58.966;5.2;37.0;CZE;06:00.865;5.1;40.0;NZL;06:03.536;5.2;42.0;POR;06:02.884;5.2;40.0
1860;ITA;06:09.054;4.9;41.0;BEL;06:01.616;5.3;39.0;GBR;05:59.940;5.2;37.0;CZE;06:01.913;5.1;40.0;NZL;06:04.560;5.2;42.0;POR;06:03.789;5.2;40.0
1865;ITA;06:09.978;4.9;41.0;BEL;06:02.588;5.3;39.0;GBR;06:00.934;5.2;37.0;CZE;06:02.872;5.1;40.0;NZL;06:05.507;5.3;42.0;POR;06:04.757;5.2;40.0
1870;ITA;06:11.070;4.9;41.0;BEL;06:03.414;5.4;39.0;GBR;06:01.795;5.3;37.0;CZE;06:03.844;5.1;40.0;NZL;06:06.448;5.2;42.0;POR;06:05.776;5.2;40.0
1875;ITA;06:12.124;4.9;41.0;BEL;06:04.428;5.4;39.0;GBR;06:02.840;5.3;37.0;CZE;06:04.904;5.0;40.0;NZL;06:07.449;5.2;42.0;POR;06:06.669;5.2;41.0
1880;ITA;06:13.060;4.9;41.0;BEL;06:05.333;5.4;39.0;GBR;06:03.736;5.3;37.0;CZE;06:05.868;5.0;40.0;NZL;06:08.378;5.2;42.0;POR;06:07.679;5.1;41.0
1885;ITA;06:14.117;4.9;41.0;BEL;06:06.264;5.4;39.0;GBR;06:04.726;5.2;37.0;CZE;06:06.822;5.0;40.0;NZL;06:09.293;5.2;42.0;POR;06:08.686;5.2;41.0
1890;ITA;06:15.200;4.9;41.0;BEL;06:07.259;5.4;39.0;GBR;06:05.729;5.2;37.0;CZE;06:07.874;5.0;40.0;NZL;06:10.315;5.2;42.0;POR;06:09.554;5.2;41.0
1895;ITA;06:16.168;4.9;41.0;BEL;06:08.110;5.3;39.0;GBR;06:06.590;5.2;38.0;CZE;06:08.778;5.1;40.0;NZL;06:11.256;5.2;42.0;POR;06:10.567;5.1;41.0
1900;ITA;06:17.139;4.9;41.0;BEL;06:09.135;5.3;39.0;GBR;06:07.643;5.2;38.0;CZE;06:09.766;5.1;40.0;NZL;06:12.116;5.3;42.0;POR;06:11.589;5.2;41.0
1905;ITA;06:18.214;4.9;41.0;BEL;06:10.069;5.3;39.0;GBR;06:08.558;5.2;38.0;CZE;06:10.797;5.1;40.0;NZL;06:13.121;5.4;43.0;POR;06:12.497;5.2;41.0
1910;ITA;06:19.199;5.0;41.0;BEL;06:10.957;5.3;39.0;GBR;06:09.498;5.2;38.0;CZE;06:11.696;5.1;40.0;NZL;06:14.077;5.4;43.0;POR;06:13.489;5.1;41.0
1915;ITA;06:20.148;5.0;41.0;BEL;06:11.963;5.3;39.0;GBR;06:10.499;5.3;38.0;CZE;06:12.686;5.1;40.0;NZL;06:14.940;5.3;43.0;POR;06:14.507;5.1;41.0
1920;ITA;06:21.245;5.0;41.0;BEL;06:12.807;5.3;39.0;GBR;06:11.345;5.3;38.0;CZE;06:13.712;5.2;41.0;NZL;06:15.948;5.3;43.0;POR;06:15.395;5.1;41.0
1925;ITA;06:22.257;5.0;41.0;BEL;06:13.810;5.3;39.0;GBR;06:12.376;5.3;38.0;CZE;06:14.625;5.2;41.0;NZL;06:16.880;5.3;43.0;POR;06:16.400;5.1;41.0
1930;ITA;06:23.198;4.9;40.0;BEL;06:14.757;5.4;39.0;GBR;06:13.300;5.3;38.0;CZE;06:15.607;5.1;41.0;NZL;06:17.745;5.3;43.0;POR;06:17.356;5.2;41.0
1935;ITA;06:24.305;4.9;40.0;BEL;06:15.628;5.4;39.0;GBR;06:14.226;5.3;38.0;CZE;06:16.625;5.1;41.0;NZL;06:18.751;5.4;43.0;POR;06:18.210;5.3;41.0
1940;ITA;06:25.339;4.9;40.0;BEL;06:16.641;5.4;39.0;GBR;06:15.233;5.3;38.0;CZE;06:17.524;5.1;41.0;NZL;06:19.727;5.4;43.0;POR;06:19.214;5.3;41.0
1945;ITA;06:26.264;4.9;40.0;BEL;06:17.499;5.3;39.0;GBR;06:16.079;5.3;38.0;CZE;06:18.516;5.1;41.0;NZL;06:20.659;5.3;42.0;POR;06:20.204;5.3;41.0
1950;ITA;06:27.379;4.9;40.0;BEL;06:18.498;5.3;39.0;GBR;06:17.117;5.3;38.0;CZE;06:19.539;5.2;41.0;NZL;06:21.683;5.2;42.0;POR;06:21.060;5.3;41.0
1955;ITA;06:28.427;4.9;40.0;BEL;06:19.460;5.3;39.0;GBR;06:18.024;5.3;38.0;CZE;06:20.442;5.1;41.0;NZL;06:22.651;5.1;42.0;POR;06:22.062;5.3;42.0
1960;ITA;06:29.374;4.9;40.0;BEL;06:20.335;5.3;39.0;GBR;06:18.977;5.3;38.0;CZE;06:21.458;5.1;41.0;NZL;06:23.515;5.1;42.0;POR;06:23.049;5.3;42.0
1965;ITA;06:30.445;4.8;40.0;BEL;06:21.344;5.3;38.0;GBR;06:19.961;5.3;38.0;CZE;06:22.486;5.1;41.0;NZL;06:24.540;5.1;42.0;POR;06:23.897;5.3;42.0
1970;ITA;06:31.529;4.8;40.0;BEL;06:22.193;5.3;38.0;GBR;06:20.811;5.3;37.0;CZE;06:23.390;5.1;41.0;NZL;06:25.461;5.2;42.0;POR;06:24.920;5.3;42.0
1975;ITA;06:32.496;4.8;40.0;BEL;06:23.210;5.3;38.0;GBR;06:21.838;5.3;37.0;CZE;06:24.424;5.1;40.0;NZL;06:26.324;5.3;42.0;POR;06:25.883;5.3;42.0
1980;ITA;06:33.550;4.8;40.0;BEL;06:24.152;5.3;38.0;GBR;06:22.695;5.3;37.0;CZE;06:25.441;5.1;40.0;NZL;06:27.295;5.4;42.0;POR;06:26.734;5.3;42.0
1985;ITA;06:34.654;4.8;40.0;BEL;06:25.065;5.3;38.0;GBR;06:23.681;5.3;37.0;CZE;06:26.335;5.1;40.0;NZL;06:28.196;5.4;42.0;POR;06:27.722;5.3;42.0
1990;ITA;06:35.650;4.8;39.0;BEL;06:26.080;5.3;38.0;GBR;06:24.633;5.4;37.0;CZE;06:27.363;5.1;40.0;NZL;06:29.056;5.5;42.0;POR;06:28.671;5.4;42.0
1995;ITA;06:36.704;4.8;39.0;BEL;06:26.954;5.3;38.0;GBR;06:25.506;5.4;37.0;CZE;06:28.371;5.1;40.0;NZL;06:30.026;5.5;42.0;POR;06:29.520;5.4;42.0
2000;ITA;06:37.855;4.7;39.0;BEL;06:28.044;5.2;38.0;GBR;06:26.523;5.4;38.0;CZE;06:29.268;5.1;40.0;NZL;06:30.885;5.5;42.0;POR;06:30.517;5.4;42.0
