Distance;ShortName1;Time1;Speed1;Stroke1;ShortName2;Time2;Speed2;Stroke2;ShortName3;Time3;Speed3;Stroke3;ShortName4;Time4;Speed4;Stroke4;ShortName5;Time5;Speed5;Stroke5;
5;GEO;00:02.547;3.1;0.0;SUD;00:03.135;2.4;0.0;UZB;00:02.793;3.0;0.0;SVK;00:02.683;3.0;0.0;FIN;00:02.789;2.9;0.0
10;GEO;00:03.770;3.7;117.0;SUD;00:04.548;3.1;46.0;UZB;00:04.077;3.5;45.0;SVK;00:03.977;3.6;50.0;FIN;00:04.085;3.6;55.0
15;GEO;00:04.922;4.1;117.0;SUD;00:05.807;3.6;45.0;UZB;00:05.211;3.9;45.0;SVK;00:05.085;3.9;50.0;FIN;00:05.231;3.9;55.0
20;GEO;00:05.935;4.3;115.0;SUD;00:06.949;4.1;45.0;UZB;00:06.133;4.3;44.0;SVK;00:06.148;4.3;50.0;FIN;00:06.353;4.3;54.0
25;GEO;00:06.941;4.7;114.0;SUD;00:08.084;4.5;45.0;UZB;00:07.222;4.7;44.0;SVK;00:07.167;4.7;50.0;FIN;00:07.399;4.6;53.0
30;GEO;00:07.948;4.9;114.0;SUD;00:09.136;4.7;45.0;UZB;00:08.225;5.0;43.0;SVK;00:08.174;4.9;50.0;FIN;00:08.486;4.8;52.0
35;GEO;00:08.948;5.1;90.0;SUD;00:10.081;4.8;44.0;UZB;00:09.126;5.1;42.0;SVK;00:09.112;5.0;49.0;FIN;00:09.533;4.8;51.0
40;GEO;00:09.932;5.2;71.0;SUD;00:11.169;4.8;44.0;UZB;00:10.163;5.2;41.0;SVK;00:10.165;5.0;48.0;FIN;00:10.559;4.9;50.0
45;GEO;00:10.916;5.2;66.0;SUD;00:12.257;4.8;43.0;UZB;00:11.135;5.2;40.0;SVK;00:11.193;5.0;47.0;FIN;00:11.516;4.8;48.0
50;GEO;00:11.889;5.2;55.0;SUD;00:13.229;4.9;43.0;UZB;00:12.086;5.1;39.0;SVK;00:12.194;5.0;47.0;FIN;00:12.598;4.9;46.0
55;GEO;00:12.812;5.2;54.0;SUD;00:14.265;4.9;42.0;UZB;00:13.146;5.1;39.0;SVK;00:13.132;5.0;46.0;FIN;00:13.652;4.9;44.0
60;GEO;00:13.877;5.1;54.0;SUD;00:15.347;4.8;42.0;UZB;00:14.029;5.1;38.0;SVK;00:14.155;5.0;45.0;FIN;00:14.628;4.9;44.0
65;GEO;00:14.853;5.1;53.0;SUD;00:16.371;4.9;41.0;UZB;00:15.123;5.0;37.0;SVK;00:15.196;5.1;45.0;FIN;00:15.646;4.9;43.0
70;GEO;00:15.868;5.0;0.0;SUD;00:17.312;4.8;41.0;UZB;00:16.139;5.0;37.0;SVK;00:16.173;5.0;45.0;FIN;00:16.733;4.9;43.0
75;GEO;00:16.955;4.9;0.0;SUD;00:18.438;4.8;41.0;UZB;00:17.101;5.0;37.0;SVK;00:17.141;5.0;44.0;FIN;00:17.777;4.9;43.0
80;GEO;00:17.897;4.9;38.0;SUD;00:19.501;4.8;41.0;UZB;00:18.206;4.9;36.0;SVK;00:18.223;5.0;43.0;FIN;00:18.713;4.8;42.0
85;GEO;00:19.011;4.8;38.0;SUD;00:20.447;4.8;41.0;UZB;00:19.127;4.9;36.0;SVK;00:19.253;4.9;43.0;FIN;00:19.801;4.8;42.0
90;GEO;00:20.095;4.8;37.0;SUD;00:21.563;4.8;40.0;UZB;00:20.267;4.8;36.0;SVK;00:20.225;4.9;43.0;FIN;00:20.876;4.8;42.0
95;GEO;00:21.093;4.8;36.0;SUD;00:22.660;4.8;40.0;UZB;00:21.312;4.8;35.0;SVK;00:21.336;4.8;42.0;FIN;00:21.844;4.9;42.0
100;GEO;00:22.228;4.7;36.0;SUD;00:23.622;4.8;40.0;UZB;00:22.302;4.8;35.0;SVK;00:22.407;4.8;42.0;FIN;00:22.895;4.8;41.0
105;GEO;00:23.270;4.7;35.0;SUD;00:24.710;4.7;39.0;UZB;00:23.425;4.8;35.0;SVK;00:23.434;4.8;41.0;FIN;00:23.977;4.8;41.0
110;GEO;00:24.323;4.7;35.0;SUD;00:25.823;4.7;39.0;UZB;00:24.363;4.8;35.0;SVK;00:24.442;4.7;41.0;FIN;00:24.984;4.8;41.0
115;GEO;00:25.467;4.7;35.0;SUD;00:26.795;4.8;39.0;UZB;00:25.519;4.8;34.0;SVK;00:25.546;4.7;41.0;FIN;00:25.994;4.8;40.0
120;GEO;00:26.453;4.6;35.0;SUD;00:27.897;4.8;39.0;UZB;00:26.563;4.8;34.0;SVK;00:26.601;4.8;41.0;FIN;00:27.084;4.8;40.0
125;GEO;00:27.627;4.6;35.0;SUD;00:28.986;4.8;39.0;UZB;00:27.545;4.8;34.0;SVK;00:27.550;4.8;41.0;FIN;00:28.071;4.8;40.0
130;GEO;00:28.747;4.6;35.0;SUD;00:29.935;4.8;38.0;UZB;00:28.678;4.8;35.0;SVK;00:28.675;4.8;41.0;FIN;00:29.085;4.8;40.0
135;GEO;00:29.789;4.5;34.0;SUD;00:31.067;4.7;38.0;UZB;00:29.656;4.8;35.0;SVK;00:29.775;4.8;41.0;FIN;00:30.191;4.8;40.0
140;GEO;00:30.969;4.5;34.0;SUD;00:32.185;4.7;37.0;UZB;00:30.785;4.7;35.0;SVK;00:30.768;4.8;40.0;FIN;00:31.243;4.8;40.0
145;GEO;00:31.981;4.5;33.0;SUD;00:33.130;4.7;37.0;UZB;00:31.877;4.7;35.0;SVK;00:31.853;4.7;40.0;FIN;00:32.203;4.8;39.0
150;GEO;00:33.155;4.5;33.0;SUD;00:34.288;4.7;37.0;UZB;00:32.865;4.7;34.0;SVK;00:32.980;4.7;40.0;FIN;00:33.312;4.8;39.0
155;GEO;00:34.299;4.5;33.0;SUD;00:35.399;4.7;37.0;UZB;00:34.019;4.7;34.0;SVK;00:34.041;4.7;40.0;FIN;00:34.381;4.8;39.0
160;GEO;00:35.317;4.5;33.0;SUD;00:36.352;4.7;37.0;UZB;00:34.987;4.7;34.0;SVK;00:35.069;4.6;39.0;FIN;00:35.361;4.8;39.0
165;GEO;00:36.501;4.5;33.0;SUD;00:37.503;4.7;37.0;UZB;00:36.136;4.7;34.0;SVK;00:36.218;4.6;39.0;FIN;00:36.442;4.8;39.0
170;GEO;00:37.553;4.5;33.0;SUD;00:38.601;4.7;37.0;UZB;00:37.220;4.7;34.0;SVK;00:37.318;4.6;39.0;FIN;00:37.515;4.8;39.0
175;GEO;00:38.666;4.5;33.0;SUD;00:39.554;4.7;37.0;UZB;00:38.241;4.7;33.0;SVK;00:38.312;4.6;39.0;FIN;00:38.450;4.8;39.0
180;GEO;00:39.813;4.5;33.0;SUD;00:40.708;4.7;37.0;UZB;00:39.390;4.6;33.0;SVK;00:39.481;4.6;38.0;FIN;00:39.547;4.8;39.0
185;GEO;00:40.819;4.5;34.0;SUD;00:41.801;4.7;37.0;UZB;00:40.347;4.6;33.0;SVK;00:40.602;4.6;38.0;FIN;00:40.632;4.8;39.0
190;GEO;00:42.013;4.6;34.0;SUD;00:42.755;4.7;37.0;UZB;00:41.528;4.6;33.0;SVK;00:41.597;4.6;38.0;FIN;00:41.617;4.8;39.0
195;GEO;00:43.153;4.5;34.0;SUD;00:43.910;4.7;37.0;UZB;00:42.582;4.6;33.0;SVK;00:42.766;4.6;38.0;FIN;00:42.675;4.8;39.0
200;GEO;00:44.187;4.5;34.0;SUD;00:45.006;4.7;37.0;UZB;00:43.689;4.6;33.0;SVK;00:43.904;4.5;38.0;FIN;00:43.775;4.8;39.0
205;GEO;00:45.372;4.5;34.0;SUD;00:45.996;4.7;37.0;UZB;00:44.819;4.6;33.0;SVK;00:44.936;4.6;38.0;FIN;00:44.806;4.8;39.0
210;GEO;00:46.386;4.5;33.0;SUD;00:47.180;4.6;37.0;UZB;00:45.794;4.6;33.0;SVK;00:46.062;4.6;38.0;FIN;00:45.818;4.8;39.0
215;GEO;00:47.553;4.5;33.0;SUD;00:48.265;4.6;37.0;UZB;00:46.975;4.6;33.0;SVK;00:47.189;4.6;38.0;FIN;00:46.943;4.7;39.0
220;GEO;00:48.669;4.5;33.0;SUD;00:49.353;4.5;36.0;UZB;00:48.001;4.6;33.0;SVK;00:48.243;4.6;38.0;FIN;00:47.984;4.8;39.0
225;GEO;00:49.732;4.5;33.0;SUD;00:50.561;4.5;35.0;UZB;00:49.113;4.6;33.0;SVK;00:49.327;4.6;38.0;FIN;00:48.992;4.7;39.0
230;GEO;00:50.921;4.5;33.0;SUD;00:51.585;4.4;34.0;UZB;00:50.235;4.6;33.0;SVK;00:50.490;4.6;38.0;FIN;00:50.112;4.7;39.0
235;GEO;00:51.954;4.5;33.0;SUD;00:52.824;4.4;34.0;UZB;00:51.242;4.6;33.0;SVK;00:51.549;4.6;37.0;FIN;00:51.192;4.7;39.0
240;GEO;00:53.141;4.5;33.0;SUD;00:54.048;4.3;33.0;UZB;00:52.423;4.6;32.0;SVK;00:52.631;4.5;37.0;FIN;00:52.155;4.7;39.0
245;GEO;00:54.308;4.4;33.0;SUD;00:55.137;4.3;33.0;UZB;00:53.414;4.6;32.0;SVK;00:53.778;4.6;37.0;FIN;00:53.273;4.7;39.0
250;GEO;00:55.342;4.4;32.0;SUD;00:56.390;4.3;33.0;UZB;00:54.585;4.6;32.0;SVK;00:54.883;4.6;37.0;FIN;00:54.361;4.7;39.0
255;GEO;00:56.544;4.4;32.0;SUD;00:57.533;4.2;32.0;UZB;00:55.686;4.6;32.0;SVK;00:55.936;4.5;37.0;FIN;00:55.316;4.8;39.0
260;GEO;00:57.548;4.4;32.0;SUD;00:58.677;4.2;32.0;UZB;00:56.721;4.6;32.0;SVK;00:57.143;4.5;37.0;FIN;00:56.443;4.7;39.0
265;GEO;00:58.757;4.5;32.0;SUD;00:59.933;4.3;32.0;UZB;00:57.880;4.6;32.0;SVK;00:58.259;4.4;37.0;FIN;00:57.537;4.7;39.0
270;GEO;00:59.825;4.5;31.0;SUD;01:00.982;4.3;32.0;UZB;00:58.851;4.6;32.0;SVK;00:59.294;4.5;37.0;FIN;00:58.502;4.7;39.0
275;GEO;01:00.962;4.5;31.0;SUD;01:02.200;4.3;32.0;UZB;01:00.035;4.6;32.0;SVK;01:00.462;4.5;37.0;FIN;00:59.601;4.7;39.0
280;GEO;01:02.145;4.5;31.0;SUD;01:03.423;4.3;32.0;UZB;01:01.046;4.6;32.0;SVK;01:01.601;4.5;37.0;FIN;01:00.702;4.7;39.0
285;GEO;01:03.166;4.4;31.0;SUD;01:04.451;4.3;32.0;UZB;01:02.191;4.6;32.0;SVK;01:02.607;4.5;37.0;FIN;01:01.682;4.8;39.0
290;GEO;01:04.375;4.5;31.0;SUD;01:05.702;4.3;33.0;UZB;01:03.307;4.6;32.0;SVK;01:03.782;4.5;37.0;FIN;01:02.733;4.8;39.0
295;GEO;01:05.407;4.4;31.0;SUD;01:06.893;4.3;33.0;UZB;01:04.342;4.6;32.0;SVK;01:04.917;4.5;37.0;FIN;01:03.830;4.8;39.0
300;GEO;01:06.631;4.4;31.0;SUD;01:07.942;4.3;33.0;UZB;01:05.518;4.6;32.0;SVK;01:05.906;4.5;37.0;FIN;01:04.844;4.8;39.0
305;GEO;01:07.745;4.4;31.0;SUD;01:09.196;4.3;33.0;UZB;01:06.489;4.5;32.0;SVK;01:07.064;4.6;37.0;FIN;01:05.875;4.8;39.0
310;GEO;01:08.862;4.4;30.0;SUD;01:10.345;4.3;33.0;UZB;01:07.687;4.6;32.0;SVK;01:08.184;4.6;37.0;FIN;01:06.995;4.8;39.0
315;GEO;01:10.028;4.4;30.0;SUD;01:11.438;4.3;33.0;UZB;01:08.731;4.6;32.0;SVK;01:09.177;4.6;37.0;FIN;01:08.054;4.7;39.0
320;GEO;01:11.051;4.4;30.0;SUD;01:12.676;4.3;33.0;UZB;01:09.841;4.6;32.0;SVK;01:10.341;4.6;37.0;FIN;01:09.054;4.7;39.0
325;GEO;01:12.252;4.5;30.0;SUD;01:13.738;4.3;33.0;UZB;01:10.991;4.6;32.0;SVK;01:11.497;4.6;36.0;FIN;01:10.188;4.7;39.0
330;GEO;01:13.266;4.4;31.0;SUD;01:14.962;4.3;33.0;UZB;01:12.007;4.6;32.0;SVK;01:12.516;4.5;36.0;FIN;01:11.261;4.7;39.0
335;GEO;01:14.470;4.5;31.0;SUD;01:16.193;4.3;33.0;UZB;01:13.203;4.5;32.0;SVK;01:13.671;4.5;36.0;FIN;01:12.235;4.7;39.0
340;GEO;01:15.579;4.5;31.0;SUD;01:17.273;4.2;33.0;UZB;01:14.203;4.5;32.0;SVK;01:14.829;4.5;37.0;FIN;01:13.373;4.7;39.0
345;GEO;01:16.709;4.4;31.0;SUD;01:18.582;4.2;32.0;UZB;01:15.409;4.5;32.0;SVK;01:15.885;4.5;37.0;FIN;01:14.477;4.7;39.0
350;GEO;01:17.868;4.5;30.0;SUD;01:19.833;4.1;32.0;UZB;01:16.537;4.5;32.0;SVK;01:17.024;4.5;37.0;FIN;01:15.468;4.7;39.0
355;GEO;01:18.937;4.4;30.0;SUD;01:20.960;4.1;32.0;UZB;01:17.583;4.5;32.0;SVK;01:18.208;4.4;37.0;FIN;01:16.588;4.6;39.0
360;GEO;01:20.157;4.4;30.0;SUD;01:22.314;4.0;32.0;UZB;01:18.779;4.5;32.0;SVK;01:19.250;4.4;36.0;FIN;01:17.719;4.6;39.0
365;GEO;01:21.191;4.4;30.0;SUD;01:23.513;4.0;31.0;UZB;01:19.768;4.5;32.0;SVK;01:20.411;4.4;36.0;FIN;01:18.737;4.6;39.0
370;GEO;01:22.438;4.4;30.0;SUD;01:24.746;4.0;31.0;UZB;01:20.984;4.5;32.0;SVK;01:21.601;4.4;36.0;FIN;01:19.787;4.6;39.0
375;GEO;01:23.506;4.3;29.0;SUD;01:26.079;4.0;31.0;UZB;01:22.107;4.5;32.0;SVK;01:22.703;4.4;36.0;FIN;01:20.912;4.7;39.0
380;GEO;01:24.686;4.4;29.0;SUD;01:27.206;3.9;31.0;UZB;01:23.168;4.5;32.0;SVK;01:23.788;4.4;36.0;FIN;01:21.970;4.7;39.0
385;GEO;01:25.851;4.4;30.0;SUD;01:28.532;4.0;30.0;UZB;01:24.350;4.5;32.0;SVK;01:24.959;4.4;36.0;FIN;01:23.000;4.7;39.0
390;GEO;01:26.950;4.4;30.0;SUD;01:29.841;4.0;30.0;UZB;01:25.339;4.5;32.0;SVK;01:26.080;4.5;36.0;FIN;01:24.128;4.7;39.0
395;GEO;01:28.175;4.4;30.0;SUD;01:30.965;4.0;30.0;UZB;01:26.556;4.5;32.0;SVK;01:27.118;4.5;37.0;FIN;01:25.209;4.7;38.0
400;GEO;01:29.223;4.3;30.0;SUD;01:32.344;4.0;30.0;UZB;01:27.616;4.5;32.0;SVK;01:28.317;4.5;37.0;FIN;01:26.208;4.6;38.0
405;GEO;01:30.483;4.3;30.0;SUD;01:33.587;4.0;30.0;UZB;01:28.737;4.5;32.0;SVK;01:29.457;4.5;37.0;FIN;01:27.336;4.6;38.0
410;GEO;01:31.535;4.3;29.0;SUD;01:34.749;4.0;30.0;UZB;01:29.908;4.5;32.0;SVK;01:30.482;4.4;37.0;FIN;01:28.417;4.7;38.0
415;GEO;01:32.768;4.3;29.0;SUD;01:36.101;4.0;31.0;UZB;01:30.901;4.5;32.0;SVK;01:31.683;4.4;36.0;FIN;01:29.397;4.7;38.0
420;GEO;01:33.951;4.3;29.0;SUD;01:37.303;4.0;31.0;UZB;01:32.119;4.5;32.0;SVK;01:32.832;4.4;36.0;FIN;01:30.541;4.7;38.0
425;GEO;01:35.074;4.3;29.0;SUD;01:38.552;4.0;31.0;UZB;01:33.185;4.5;32.0;SVK;01:33.858;4.4;36.0;FIN;01:31.635;4.7;38.0
430;GEO;01:36.282;4.3;29.0;SUD;01:39.864;4.0;30.0;UZB;01:34.342;4.5;32.0;SVK;01:35.053;4.4;36.0;FIN;01:32.620;4.7;38.0
435;GEO;01:37.324;4.3;30.0;SUD;01:40.961;4.0;30.0;UZB;01:35.500;4.5;32.0;SVK;01:36.211;4.4;36.0;FIN;01:33.768;4.6;38.0
440;GEO;01:38.574;4.3;30.0;SUD;01:42.313;4.0;30.0;UZB;01:36.517;4.4;32.0;SVK;01:37.238;4.4;36.0;FIN;01:34.871;4.6;38.0
445;GEO;01:39.667;4.3;30.0;SUD;01:43.583;4.1;30.0;UZB;01:37.756;4.4;32.0;SVK;01:38.413;4.4;36.0;FIN;01:35.851;4.6;37.0
450;GEO;01:40.874;4.3;30.0;SUD;01:44.730;4.0;30.0;UZB;01:38.856;4.4;32.0;SVK;01:39.574;4.4;36.0;FIN;01:37.004;4.6;37.0
455;GEO;01:42.086;4.3;30.0;SUD;01:46.050;4.0;30.0;UZB;01:39.970;4.4;32.0;SVK;01:40.582;4.5;36.0;FIN;01:38.122;4.6;37.0
460;GEO;01:43.161;4.3;30.0;SUD;01:47.312;4.0;30.0;UZB;01:41.144;4.4;32.0;SVK;01:41.757;4.5;36.0;FIN;01:39.105;4.6;37.0
465;GEO;01:44.395;4.3;30.0;SUD;01:48.544;3.9;30.0;UZB;01:42.151;4.4;32.0;SVK;01:42.917;4.5;36.0;FIN;01:40.260;4.6;37.0
470;GEO;01:45.460;4.3;30.0;SUD;01:49.875;3.9;30.0;UZB;01:43.377;4.5;32.0;SVK;01:43.962;4.5;36.0;FIN;01:41.377;4.6;37.0
475;GEO;01:46.692;4.3;30.0;SUD;01:51.091;3.9;30.0;UZB;01:44.451;4.4;32.0;SVK;01:45.108;4.5;36.0;FIN;01:42.374;4.6;37.0
480;GEO;01:47.877;4.3;31.0;SUD;01:52.388;3.9;30.0;UZB;01:45.621;4.4;32.0;SVK;01:46.279;4.4;36.0;FIN;01:43.523;4.6;38.0
485;GEO;01:48.991;4.3;31.0;SUD;01:53.749;3.9;30.0;UZB;01:46.797;4.4;32.0;SVK;01:47.362;4.4;36.0;FIN;01:44.673;4.6;38.0
490;GEO;01:50.264;4.3;31.0;SUD;01:54.895;3.9;30.0;UZB;01:47.817;4.4;32.0;SVK;01:48.483;4.4;36.0;FIN;01:45.716;4.6;38.0
495;GEO;01:51.348;4.2;31.0;SUD;01:56.295;3.8;30.0;UZB;01:49.044;4.4;32.0;SVK;01:49.676;4.4;36.0;FIN;01:46.805;4.5;38.0
500;GEO;01:52.590;4.2;31.0;SUD;01:57.617;3.9;30.0;UZB;01:50.052;4.4;32.0;SVK;01:50.770;4.4;36.0;FIN;01:47.948;4.5;38.0
505;GEO;01:53.794;4.2;31.0;SUD;01:58.728;3.9;30.0;UZB;01:51.254;4.4;32.0;SVK;01:51.876;4.4;36.0;FIN;01:49.016;4.6;38.0
510;GEO;01:54.904;4.2;30.0;SUD;02:00.084;3.9;30.0;UZB;01:52.407;4.4;32.0;SVK;01:53.073;4.4;36.0;FIN;01:50.074;4.6;38.0
515;GEO;01:56.155;4.3;30.0;SUD;02:01.363;4.0;30.0;UZB;01:53.455;4.4;32.0;SVK;01:54.200;4.4;36.0;FIN;01:51.185;4.6;38.0
520;GEO;01:57.216;4.2;30.0;SUD;02:02.486;4.0;30.0;UZB;01:54.673;4.4;32.0;SVK;01:55.254;4.4;36.0;FIN;01:52.275;4.6;38.0
525;GEO;01:58.457;4.3;30.0;SUD;02:03.819;4.1;31.0;UZB;01:55.683;4.4;32.0;SVK;01:56.449;4.4;36.0;FIN;01:53.281;4.7;38.0
530;GEO;01:59.612;4.3;30.0;SUD;02:05.001;4.0;31.0;UZB;01:56.901;4.4;31.0;SVK;01:57.576;4.4;36.0;FIN;01:54.403;4.6;38.0
535;GEO;02:00.753;4.3;30.0;SUD;02:06.191;4.1;31.0;UZB;01:58.002;4.4;31.0;SVK;01:58.633;4.4;36.0;FIN;01:55.506;4.7;38.0
540;GEO;02:01.939;4.4;30.0;SUD;02:07.485;4.1;31.0;UZB;01:59.139;4.4;31.0;SVK;01:59.827;4.4;36.0;FIN;01:56.476;4.7;38.0
545;GEO;02:02.965;4.3;30.0;SUD;02:08.577;4.1;31.0;UZB;02:00.282;4.5;31.0;SVK;02:00.960;4.4;36.0;FIN;01:57.618;4.7;38.0
550;GEO;02:04.183;4.4;30.0;SUD;02:09.861;4.1;31.0;UZB;02:01.291;4.4;31.0;SVK;02:01.990;4.4;36.0;FIN;01:58.724;4.7;38.0
555;GEO;02:05.324;4.4;31.0;SUD;02:11.106;4.2;31.0;UZB;02:02.501;4.5;31.0;SVK;02:03.178;4.5;36.0;FIN;01:59.698;4.7;38.0
560;GEO;02:06.432;4.4;31.0;SUD;02:12.177;4.1;31.0;UZB;02:03.497;4.5;31.0;SVK;02:04.336;4.5;36.0;FIN;02:00.852;4.6;38.0
565;GEO;02:07.650;4.4;32.0;SUD;02:13.495;4.2;31.0;UZB;02:04.718;4.5;31.0;SVK;02:05.355;4.5;36.0;FIN;02:01.972;4.6;38.0
570;GEO;02:08.699;4.3;32.0;SUD;02:14.727;4.1;31.0;UZB;02:05.829;4.5;31.0;SVK;02:06.561;4.4;36.0;FIN;02:02.943;4.6;38.0
575;GEO;02:09.944;4.3;32.0;SUD;02:15.876;4.1;31.0;UZB;02:06.933;4.4;31.0;SVK;02:07.726;4.4;36.0;FIN;02:04.078;4.6;38.0
580;GEO;02:11.142;4.3;32.0;SUD;02:17.217;4.1;31.0;UZB;02:08.090;4.5;31.0;SVK;02:08.742;4.4;36.0;FIN;02:05.187;4.6;38.0
585;GEO;02:12.224;4.3;32.0;SUD;02:18.434;4.0;31.0;UZB;02:09.122;4.4;31.0;SVK;02:09.948;4.4;36.0;FIN;02:06.177;4.7;38.0
590;GEO;02:13.468;4.3;32.0;SUD;02:19.723;3.9;31.0;UZB;02:10.347;4.5;31.0;SVK;02:11.107;4.4;36.0;FIN;02:07.284;4.7;38.0
595;GEO;02:14.590;4.3;32.0;SUD;02:21.081;3.9;31.0;UZB;02:11.370;4.4;31.0;SVK;02:12.115;4.4;36.0;FIN;02:08.404;4.7;38.0
600;GEO;02:15.786;4.3;32.0;SUD;02:22.295;3.8;31.0;UZB;02:12.597;4.4;31.0;SVK;02:13.316;4.4;36.0;FIN;02:09.416;4.7;38.0
605;GEO;02:17.023;4.3;32.0;SUD;02:23.587;3.8;31.0;UZB;02:13.737;4.4;31.0;SVK;02:14.477;4.4;36.0;FIN;02:10.508;4.7;38.0
610;GEO;02:18.090;4.2;32.0;SUD;02:24.949;3.9;31.0;UZB;02:14.879;4.4;31.0;SVK;02:15.495;4.4;36.0;FIN;02:11.642;4.6;38.0
615;GEO;02:19.371;4.2;32.0;SUD;02:26.110;3.9;30.0;UZB;02:16.067;4.4;30.0;SVK;02:16.692;4.4;36.0;FIN;02:12.644;4.6;38.0
620;GEO;02:20.579;4.2;32.0;SUD;02:27.447;3.9;30.0;UZB;02:17.077;4.3;30.0;SVK;02:17.859;4.4;36.0;FIN;02:13.776;4.6;38.0
625;GEO;02:21.687;4.2;32.0;SUD;02:28.750;4.0;30.0;UZB;02:18.313;4.4;30.0;SVK;02:18.887;4.4;36.0;FIN;02:14.929;4.6;38.0
630;GEO;02:22.934;4.2;31.0;SUD;02:29.859;3.9;30.0;UZB;02:19.334;4.4;30.0;SVK;02:20.052;4.4;36.0;FIN;02:16.012;4.6;38.0
635;GEO;02:24.052;4.2;31.0;SUD;02:31.211;4.0;30.0;UZB;02:20.547;4.4;30.0;SVK;02:21.224;4.5;36.0;FIN;02:17.038;4.6;38.0
640;GEO;02:25.239;4.3;32.0;SUD;02:32.513;4.0;30.0;UZB;02:21.656;4.4;30.0;SVK;02:22.274;4.5;36.0;FIN;02:18.198;4.6;38.0
645;GEO;02:26.473;4.3;32.0;SUD;02:33.673;3.9;30.0;UZB;02:22.787;4.4;30.0;SVK;02:23.460;4.4;36.0;FIN;02:19.300;4.6;38.0
650;GEO;02:27.533;4.3;32.0;SUD;02:35.047;3.9;30.0;UZB;02:23.983;4.4;30.0;SVK;02:24.628;4.4;36.0;FIN;02:20.287;4.6;38.0
655;GEO;02:28.779;4.3;32.0;SUD;02:36.276;3.9;30.0;UZB;02:25.003;4.4;30.0;SVK;02:25.674;4.4;36.0;FIN;02:21.459;4.6;38.0
660;GEO;02:29.995;4.3;32.0;SUD;02:37.549;3.9;30.0;UZB;02:26.246;4.4;30.0;SVK;02:26.840;4.4;36.0;FIN;02:22.568;4.6;38.0
665;GEO;02:31.067;4.3;32.0;SUD;02:38.900;3.9;30.0;UZB;02:27.333;4.4;31.0;SVK;02:28.013;4.4;36.0;FIN;02:23.569;4.6;38.0
670;GEO;02:32.317;4.3;32.0;SUD;02:40.042;3.9;30.0;UZB;02:28.489;4.4;31.0;SVK;02:29.065;4.4;35.0;FIN;02:24.742;4.6;38.0
675;GEO;02:33.463;4.3;32.0;SUD;02:41.404;3.9;30.0;UZB;02:29.637;4.4;31.0;SVK;02:30.246;4.4;35.0;FIN;02:25.886;4.5;37.0
680;GEO;02:34.631;4.3;32.0;SUD;02:42.735;3.9;30.0;UZB;02:30.740;4.4;31.0;SVK;02:31.413;4.4;35.0;FIN;02:26.926;4.5;37.0
685;GEO;02:35.838;4.3;32.0;SUD;02:43.869;3.9;30.0;UZB;02:31.909;4.4;30.0;SVK;02:32.464;4.4;35.0;FIN;02:28.037;4.5;38.0
690;GEO;02:36.881;4.3;31.0;SUD;02:45.278;3.9;30.0;UZB;02:32.920;4.4;30.0;SVK;02:33.653;4.4;35.0;FIN;02:29.193;4.5;38.0
695;GEO;02:38.125;4.4;31.0;SUD;02:46.596;3.9;30.0;UZB;02:34.163;4.4;30.0;SVK;02:34.851;4.4;35.0;FIN;02:30.290;4.5;38.0
700;GEO;02:39.165;4.3;31.0;SUD;02:47.775;3.8;30.0;UZB;02:35.229;4.4;30.0;SVK;02:35.911;4.4;35.0;FIN;02:31.331;4.5;38.0
705;GEO;02:40.387;4.4;30.0;SUD;02:49.164;3.9;29.0;UZB;02:36.411;4.4;30.0;SVK;02:37.087;4.3;35.0;FIN;02:32.525;4.5;38.0
710;GEO;02:41.586;4.3;30.0;SUD;02:50.382;3.9;29.0;UZB;02:37.575;4.4;31.0;SVK;02:38.260;4.4;35.0;FIN;02:33.671;4.5;38.0
715;GEO;02:42.653;4.3;31.0;SUD;02:51.663;3.9;29.0;UZB;02:38.643;4.4;31.0;SVK;02:39.277;4.4;35.0;FIN;02:34.685;4.5;38.0
720;GEO;02:43.878;4.3;31.0;SUD;02:53.025;3.9;29.0;UZB;02:39.889;4.4;31.0;SVK;02:40.456;4.4;36.0;FIN;02:35.872;4.5;38.0
725;GEO;02:45.004;4.3;31.0;SUD;02:54.182;3.9;30.0;UZB;02:40.932;4.3;31.0;SVK;02:41.639;4.5;36.0;FIN;02:36.996;4.5;38.0
730;GEO;02:46.165;4.3;32.0;SUD;02:55.520;3.9;30.0;UZB;02:42.159;4.3;31.0;SVK;02:42.714;4.4;36.0;FIN;02:38.039;4.5;38.0
735;GEO;02:47.394;4.3;32.0;SUD;02:56.864;3.9;30.0;UZB;02:43.323;4.3;31.0;SVK;02:43.859;4.4;36.0;FIN;02:39.134;4.5;38.0
740;GEO;02:48.454;4.3;32.0;SUD;02:58.017;3.9;31.0;UZB;02:44.429;4.4;31.0;SVK;02:45.058;4.4;36.0;FIN;02:40.298;4.6;38.0
745;GEO;02:49.726;4.3;31.0;SUD;02:59.396;3.9;31.0;UZB;02:45.632;4.4;31.0;SVK;02:46.155;4.4;35.0;FIN;02:41.418;4.5;38.0
750;GEO;02:50.864;4.2;31.0;SUD;03:00.776;3.9;31.0;UZB;02:46.663;4.3;30.0;SVK;02:47.294;4.4;35.0;FIN;02:42.454;4.5;38.0
755;GEO;02:52.046;4.2;31.0;SUD;03:01.919;3.8;30.0;UZB;02:47.929;4.4;30.0;SVK;02:48.499;4.3;35.0;FIN;02:43.659;4.4;38.0
760;GEO;02:53.282;4.3;31.0;SUD;03:03.309;3.8;30.0;UZB;02:48.951;4.3;30.0;SVK;02:49.611;4.4;35.0;FIN;02:44.798;4.4;38.0
765;GEO;02:54.355;4.2;30.0;SUD;03:04.623;3.9;30.0;UZB;02:50.178;4.4;30.0;SVK;02:50.720;4.4;35.0;FIN;02:45.821;4.4;38.0
770;GEO;02:55.615;4.3;31.0;SUD;03:05.757;3.9;30.0;UZB;02:51.274;4.4;30.0;SVK;02:51.921;4.4;35.0;FIN;02:46.976;4.5;38.0
775;GEO;02:56.784;4.2;31.0;SUD;03:07.100;4.0;30.0;UZB;02:52.409;4.4;30.0;SVK;02:53.028;4.4;35.0;FIN;02:48.130;4.5;38.0
780;GEO;02:57.893;4.3;31.0;SUD;03:08.336;4.0;30.0;UZB;02:53.605;4.4;30.0;SVK;02:54.151;4.4;35.0;FIN;02:49.197;4.5;38.0
785;GEO;02:59.144;4.3;32.0;SUD;03:09.495;4.0;30.0;UZB;02:54.638;4.4;30.0;SVK;02:55.351;4.4;35.0;FIN;02:50.290;4.5;38.0
790;GEO;03:00.210;4.3;32.0;SUD;03:10.816;4.1;31.0;UZB;02:55.884;4.4;30.0;SVK;02:56.413;4.4;35.0;FIN;02:51.472;4.5;38.0
795;GEO;03:01.472;4.3;32.0;SUD;03:11.954;4.0;31.0;UZB;02:56.902;4.4;30.0;SVK;02:57.566;4.4;35.0;FIN;02:52.586;4.5;38.0
800;GEO;03:02.700;4.2;32.0;SUD;03:13.221;4.1;31.0;UZB;02:58.167;4.4;30.0;SVK;02:58.757;4.4;35.0;FIN;02:53.626;4.5;37.0
805;GEO;03:03.792;4.2;32.0;SUD;03:14.504;4.1;31.0;UZB;02:59.296;4.3;30.0;SVK;02:59.834;4.4;35.0;FIN;02:54.808;4.5;37.0
810;GEO;03:05.070;4.2;32.0;SUD;03:15.571;4.1;31.0;UZB;03:00.441;4.3;30.0;SVK;03:00.983;4.4;35.0;FIN;02:55.953;4.5;37.0
815;GEO;03:06.237;4.2;32.0;SUD;03:16.878;4.1;31.0;UZB;03:01.626;4.4;30.0;SVK;03:02.177;4.4;35.0;FIN;02:56.963;4.5;37.0
820;GEO;03:07.365;4.2;32.0;SUD;03:18.050;4.2;31.0;UZB;03:02.661;4.3;30.0;SVK;03:03.238;4.4;35.0;FIN;02:58.159;4.5;37.0
825;GEO;03:08.597;4.3;32.0;SUD;03:19.222;4.1;31.0;UZB;03:03.919;4.4;30.0;SVK;03:04.400;4.4;35.0;FIN;02:59.327;4.4;37.0
830;GEO;03:09.630;4.3;31.0;SUD;03:20.523;4.2;31.0;UZB;03:04.971;4.3;30.0;SVK;03:05.597;4.4;35.0;FIN;03:00.360;4.4;37.0
835;GEO;03:10.883;4.4;31.0;SUD;03:21.659;4.1;31.0;UZB;03:06.240;4.3;30.0;SVK;03:06.680;4.4;35.0;FIN;03:01.528;4.4;37.0
840;GEO;03:11.925;4.3;30.0;SUD;03:22.899;4.1;31.0;UZB;03:07.399;4.3;30.0;SVK;03:07.830;4.4;35.0;FIN;03:02.711;4.4;37.0
845;GEO;03:13.170;4.3;30.0;SUD;03:24.181;4.1;31.0;UZB;03:08.532;4.3;30.0;SVK;03:09.032;4.4;35.0;FIN;03:03.808;4.4;37.0
850;GEO;03:14.344;4.3;30.0;SUD;03:25.263;4.1;32.0;UZB;03:09.767;4.3;30.0;SVK;03:10.134;4.4;35.0;FIN;03:04.908;4.4;37.0
855;GEO;03:15.498;4.3;29.0;SUD;03:26.563;4.1;32.0;UZB;03:10.805;4.3;30.0;SVK;03:11.261;4.4;35.0;FIN;03:06.098;4.4;37.0
860;GEO;03:16.729;4.3;29.0;SUD;03:27.822;4.1;31.0;UZB;03:12.069;4.3;30.0;SVK;03:12.467;4.4;35.0;FIN;03:07.225;4.4;37.0
865;GEO;03:17.784;4.2;29.0;SUD;03:28.962;4.1;31.0;UZB;03:13.092;4.3;30.0;SVK;03:13.584;4.4;35.0;FIN;03:08.265;4.4;37.0
870;GEO;03:19.035;4.3;30.0;SUD;03:30.255;4.1;31.0;UZB;03:14.345;4.3;30.0;SVK;03:14.687;4.4;35.0;FIN;03:09.465;4.4;37.0
875;GEO;03:20.145;4.3;30.0;SUD;03:31.475;4.1;31.0;UZB;03:15.473;4.4;30.0;SVK;03:15.892;4.4;36.0;FIN;03:10.616;4.4;37.0
880;GEO;03:21.355;4.3;30.0;SUD;03:32.658;4.0;31.0;UZB;03:16.556;4.4;30.0;SVK;03:17.007;4.4;36.0;FIN;03:11.642;4.4;37.0
885;GEO;03:22.579;4.3;30.0;SUD;03:33.959;4.1;31.0;UZB;03:17.761;4.4;30.0;SVK;03:18.087;4.4;36.0;FIN;03:12.837;4.4;37.0
890;GEO;03:23.646;4.2;30.0;SUD;03:35.139;4.0;31.0;UZB;03:18.777;4.4;30.0;SVK;03:19.283;4.4;36.0;FIN;03:14.004;4.4;37.0
895;GEO;03:24.912;4.3;30.0;SUD;03:36.411;4.0;31.0;UZB;03:20.030;4.4;30.0;SVK;03:20.401;4.4;36.0;FIN;03:15.035;4.4;37.0
900;GEO;03:25.980;4.3;30.0;SUD;03:37.742;4.0;31.0;UZB;03:21.074;4.4;30.0;SVK;03:21.459;4.5;36.0;FIN;03:16.209;4.4;37.0
905;GEO;03:27.239;4.3;30.0;SUD;03:38.921;3.9;31.0;UZB;03:22.316;4.4;30.0;SVK;03:22.623;4.5;36.0;FIN;03:17.380;4.4;37.0
910;GEO;03:28.443;4.3;30.0;SUD;03:40.270;3.9;31.0;UZB;03:23.468;4.3;30.0;SVK;03:23.744;4.5;36.0;FIN;03:18.436;4.4;37.0
915;GEO;03:29.578;4.2;30.0;SUD;03:41.598;3.9;31.0;UZB;03:24.552;4.3;30.0;SVK;03:24.778;4.5;36.0;FIN;03:19.589;4.4;37.0
920;GEO;03:30.846;4.2;30.0;SUD;03:42.722;3.9;31.0;UZB;03:25.782;4.4;30.0;SVK;03:25.993;4.5;36.0;FIN;03:20.801;4.4;37.0
925;GEO;03:31.907;4.2;30.0;SUD;03:44.071;3.9;31.0;UZB;03:26.807;4.3;30.0;SVK;03:27.161;4.4;36.0;FIN;03:21.942;4.4;37.0
930;GEO;03:33.197;4.2;30.0;SUD;03:45.401;4.0;31.0;UZB;03:28.069;4.4;30.0;SVK;03:28.188;4.4;36.0;FIN;03:23.031;4.3;37.0
935;GEO;03:34.347;4.2;30.0;SUD;03:46.566;3.9;31.0;UZB;03:29.193;4.3;30.0;SVK;03:29.390;4.4;36.0;FIN;03:24.253;4.3;36.0
940;GEO;03:35.558;4.2;30.0;SUD;03:47.904;3.9;30.0;UZB;03:30.357;4.3;30.0;SVK;03:30.537;4.4;36.0;FIN;03:25.425;4.3;36.0
945;GEO;03:36.811;4.2;29.0;SUD;03:49.179;3.9;30.0;UZB;03:31.570;4.3;31.0;SVK;03:31.530;4.4;36.0;FIN;03:26.474;4.3;36.0
950;GEO;03:37.888;4.1;29.0;SUD;03:50.395;3.9;30.0;UZB;03:32.598;4.3;31.0;SVK;03:32.722;4.5;36.0;FIN;03:27.701;4.3;36.0
955;GEO;03:39.165;4.2;29.0;SUD;03:51.784;3.9;30.0;UZB;03:33.861;4.3;31.0;SVK;03:33.887;4.5;36.0;FIN;03:28.890;4.3;36.0
960;GEO;03:40.249;4.2;30.0;SUD;03:52.996;3.9;30.0;UZB;03:34.960;4.3;31.0;SVK;03:34.939;4.5;36.0;FIN;03:29.928;4.3;36.0
965;GEO;03:41.531;4.2;30.0;SUD;03:54.333;3.8;30.0;UZB;03:36.133;4.3;31.0;SVK;03:36.088;4.4;36.0;FIN;03:31.167;4.3;36.0
970;GEO;03:42.785;4.2;30.0;SUD;03:55.669;3.9;30.0;UZB;03:37.289;4.4;31.0;SVK;03:37.266;4.4;36.0;FIN;03:32.374;4.3;36.0
975;GEO;03:43.924;4.1;30.0;SUD;03:56.808;3.8;30.0;UZB;03:38.387;4.3;30.0;SVK;03:38.344;4.4;36.0;FIN;03:33.465;4.3;36.0
980;GEO;03:45.197;4.2;30.0;SUD;03:58.210;3.9;30.0;UZB;03:39.648;4.4;30.0;SVK;03:39.499;4.4;36.0;FIN;03:34.630;4.3;36.0
985;GEO;03:46.268;4.1;29.0;SUD;03:59.541;3.9;30.0;UZB;03:40.672;4.3;30.0;SVK;03:40.655;4.4;36.0;FIN;03:35.838;4.3;36.0
990;GEO;03:47.542;4.2;29.0;SUD;04:00.666;3.9;30.0;UZB;03:41.921;4.3;30.0;SVK;03:41.748;4.4;36.0;FIN;03:36.944;4.3;36.0
995;GEO;03:48.739;4.2;29.0;SUD;04:02.048;3.9;30.0;UZB;03:42.996;4.3;30.0;SVK;03:42.814;4.4;36.0;FIN;03:38.070;4.3;35.0
1000;GEO;03:49.898;4.2;29.0;SUD;04:03.347;3.9;30.0;UZB;03:44.162;4.4;30.0;SVK;03:43.985;4.5;36.0;FIN;03:39.263;4.4;35.0
1005;GEO;03:51.122;4.3;29.0;SUD;04:04.550;3.9;30.0;UZB;03:45.294;4.4;30.0;SVK;03:45.081;4.5;36.0;FIN;03:40.351;4.4;35.0
1010;GEO;03:52.169;4.2;30.0;SUD;04:05.893;3.9;30.0;UZB;03:46.418;4.4;30.0;SVK;03:46.139;4.5;36.0;FIN;03:41.473;4.4;35.0
1015;GEO;03:53.425;4.3;30.0;SUD;04:07.070;3.9;30.0;UZB;03:47.619;4.4;30.0;SVK;03:47.315;4.5;36.0;FIN;03:42.630;4.5;35.0
1020;GEO;03:54.579;4.3;30.0;SUD;04:08.409;3.9;30.0;UZB;03:48.635;4.4;29.0;SVK;03:48.421;4.5;36.0;FIN;03:43.708;4.5;35.0
1025;GEO;03:55.740;4.3;30.0;SUD;04:09.805;3.9;30.0;UZB;03:49.863;4.4;29.0;SVK;03:49.465;4.5;36.0;FIN;03:44.816;4.5;35.0
1030;GEO;03:56.951;4.3;31.0;SUD;04:11.017;3.8;29.0;UZB;03:50.872;4.4;29.0;SVK;03:50.646;4.5;36.0;FIN;03:45.997;4.4;35.0
1035;GEO;03:57.997;4.3;31.0;SUD;04:12.381;3.8;29.0;UZB;03:52.097;4.4;29.0;SVK;03:51.757;4.5;36.0;FIN;03:47.047;4.5;35.0
1040;GEO;03:59.227;4.3;31.0;SUD;04:13.771;3.8;30.0;UZB;03:53.173;4.4;30.0;SVK;03:52.793;4.5;36.0;FIN;03:48.189;4.5;35.0
1045;GEO;04:00.408;4.3;31.0;SUD;04:14.947;3.8;30.0;UZB;03:54.334;4.4;30.0;SVK;03:53.966;4.5;36.0;FIN;03:49.373;4.5;35.0
1050;GEO;04:01.481;4.3;32.0;SUD;04:16.343;3.8;30.0;UZB;03:55.483;4.4;30.0;SVK;03:55.066;4.5;36.0;FIN;03:50.448;4.4;35.0
1055;GEO;04:02.729;4.3;32.0;SUD;04:17.687;3.8;30.0;UZB;03:56.556;4.4;30.0;SVK;03:56.127;4.5;36.0;FIN;03:51.566;4.4;35.0
1060;GEO;04:03.832;4.3;32.0;SUD;04:18.817;3.8;30.0;UZB;03:57.749;4.5;29.0;SVK;03:57.316;4.5;36.0;FIN;03:52.735;4.4;35.0
1065;GEO;04:05.035;4.3;32.0;SUD;04:20.164;3.9;30.0;UZB;03:58.758;4.4;29.0;SVK;03:58.385;4.5;36.0;FIN;03:53.795;4.5;36.0
1070;GEO;04:06.260;4.3;32.0;SUD;04:21.429;4.0;30.0;UZB;03:59.983;4.5;29.0;SVK;03:59.466;4.5;36.0;FIN;03:54.948;4.5;36.0
1075;GEO;04:07.305;4.3;32.0;SUD;04:22.542;4.0;30.0;UZB;04:00.987;4.4;29.0;SVK;04:00.625;4.5;36.0;FIN;03:56.106;4.5;36.0
1080;GEO;04:08.565;4.3;32.0;SUD;04:23.864;4.1;31.0;UZB;04:02.225;4.4;30.0;SVK;04:01.740;4.5;36.0;FIN;03:57.167;4.5;36.0
1085;GEO;04:09.682;4.3;32.0;SUD;04:25.074;4.1;31.0;UZB;04:03.331;4.4;30.0;SVK;04:02.770;4.5;36.0;FIN;03:58.288;4.4;36.0
1090;GEO;04:10.843;4.3;32.0;SUD;04:26.247;4.1;31.0;UZB;04:04.492;4.4;30.0;SVK;04:03.958;4.5;36.0;FIN;03:59.465;4.4;36.0
1095;GEO;04:12.071;4.3;31.0;SUD;04:27.567;4.1;31.0;UZB;04:05.649;4.4;30.0;SVK;04:05.097;4.5;37.0;FIN;04:00.547;4.4;36.0
1100;GEO;04:13.114;4.3;31.0;SUD;04:28.706;4.0;31.0;UZB;04:06.709;4.4;30.0;SVK;04:06.112;4.5;37.0;FIN;04:01.670;4.4;36.0
1105;GEO;04:14.381;4.3;31.0;SUD;04:29.985;4.0;31.0;UZB;04:07.940;4.4;30.0;SVK;04:07.304;4.5;37.0;FIN;04:02.842;4.4;36.0
1110;GEO;04:15.522;4.3;31.0;SUD;04:31.319;4.1;31.0;UZB;04:08.950;4.4;30.0;SVK;04:08.451;4.5;37.0;FIN;04:03.919;4.4;36.0
1115;GEO;04:16.716;4.3;31.0;SUD;04:32.597;3.9;31.0;UZB;04:10.188;4.4;30.0;SVK;04:09.469;4.5;37.0;FIN;04:05.033;4.5;36.0
1120;GEO;04:17.937;4.3;31.0;SUD;04:33.974;3.8;31.0;UZB;04:11.286;4.4;30.0;SVK;04:10.656;4.5;37.0;FIN;04:06.231;4.5;36.0
1125;GEO;04:18.988;4.2;31.0;SUD;04:35.369;3.6;31.0;UZB;04:12.411;4.4;30.0;SVK;04:11.808;4.5;36.0;FIN;04:07.266;4.4;36.0
1130;GEO;04:20.247;4.3;31.0;SUD;04:36.584;3.7;31.0;UZB;04:13.583;4.4;30.0;SVK;04:12.819;4.5;36.0;FIN;04:08.415;4.4;36.0
1135;GEO;04:21.381;4.3;31.0;SUD;04:37.949;3.8;31.0;UZB;04:14.632;4.4;30.0;SVK;04:13.979;4.5;36.0;FIN;04:09.592;4.4;36.0
1140;GEO;04:22.546;4.3;31.0;SUD;04:39.335;3.8;30.0;UZB;04:15.824;4.5;31.0;SVK;04:15.123;4.5;36.0;FIN;04:10.668;4.5;36.0
1145;GEO;04:23.742;4.3;31.0;SUD;04:40.494;3.8;30.0;UZB;04:16.823;4.4;30.0;SVK;04:16.115;4.5;36.0;FIN;04:11.770;4.5;36.0
1150;GEO;04:24.789;4.3;31.0;SUD;04:41.916;3.8;29.0;UZB;04:18.045;4.5;30.0;SVK;04:17.264;4.6;37.0;FIN;04:12.932;4.5;36.0
1155;GEO;04:26.021;4.3;32.0;SUD;04:43.243;3.9;29.0;UZB;04:19.044;4.5;30.0;SVK;04:18.390;4.6;37.0;FIN;04:13.970;4.5;36.0
1160;GEO;04:27.214;4.3;32.0;SUD;04:44.411;3.8;29.0;UZB;04:20.252;4.5;30.0;SVK;04:19.369;4.6;37.0;FIN;04:15.088;4.5;36.0
1165;GEO;04:28.263;4.3;32.0;SUD;04:45.777;3.9;29.0;UZB;04:21.354;4.5;30.0;SVK;04:20.524;4.6;37.0;FIN;04:16.234;4.6;36.0
1170;GEO;04:29.499;4.3;32.0;SUD;04:47.037;3.9;30.0;UZB;04:22.427;4.5;30.0;SVK;04:21.660;4.6;37.0;FIN;04:17.251;4.6;35.0
1175;GEO;04:30.653;4.3;33.0;SUD;04:48.191;3.9;30.0;UZB;04:23.586;4.6;30.0;SVK;04:22.636;4.6;37.0;FIN;04:18.411;4.6;35.0
1180;GEO;04:31.752;4.3;33.0;SUD;04:49.526;4.0;31.0;UZB;04:24.584;4.5;31.0;SVK;04:23.796;4.6;37.0;FIN;04:19.575;4.5;35.0
1185;GEO;04:32.986;4.3;33.0;SUD;04:50.714;4.0;31.0;UZB;04:25.806;4.5;31.0;SVK;04:24.937;4.6;37.0;FIN;04:20.585;4.5;35.0
1190;GEO;04:34.105;4.3;33.0;SUD;04:51.916;4.1;31.0;UZB;04:26.842;4.4;31.0;SVK;04:25.929;4.6;36.0;FIN;04:21.785;4.4;35.0
1195;GEO;04:35.298;4.3;33.0;SUD;04:53.213;4.1;31.0;UZB;04:28.064;4.4;31.0;SVK;04:27.091;4.6;36.0;FIN;04:22.947;4.4;35.0
1200;GEO;04:36.544;4.2;33.0;SUD;04:54.309;4.1;31.0;UZB;04:29.183;4.4;31.0;SVK;04:28.239;4.6;36.0;FIN;04:23.952;4.4;35.0
1205;GEO;04:37.602;4.2;33.0;SUD;04:55.631;4.1;31.0;UZB;04:30.285;4.4;30.0;SVK;04:29.265;4.5;36.0;FIN;04:25.144;4.5;35.0
1210;GEO;04:38.836;4.2;32.0;SUD;04:56.903;4.1;31.0;UZB;04:31.483;4.4;30.0;SVK;04:30.411;4.5;36.0;FIN;04:26.294;4.5;35.0
1215;GEO;04:40.026;4.3;32.0;SUD;04:57.980;4.1;31.0;UZB;04:32.489;4.4;30.0;SVK;04:31.558;4.5;36.0;FIN;04:27.299;4.5;35.0
1220;GEO;04:41.094;4.3;32.0;SUD;04:59.288;4.1;31.0;UZB;04:33.713;4.4;30.0;SVK;04:32.586;4.5;36.0;FIN;04:28.484;4.5;35.0
1225;GEO;04:42.354;4.3;33.0;SUD;05:00.461;4.1;31.0;UZB;04:34.754;4.4;30.0;SVK;04:33.685;4.6;37.0;FIN;04:29.614;4.5;35.0
1230;GEO;04:43.504;4.3;33.0;SUD;05:01.604;4.2;31.0;UZB;04:35.939;4.5;31.0;SVK;04:34.829;4.6;37.0;FIN;04:30.617;4.5;35.0
1235;GEO;04:44.631;4.3;33.0;SUD;05:02.888;4.2;31.0;UZB;04:37.098;4.4;31.0;SVK;04:35.832;4.6;37.0;FIN;04:31.791;4.6;35.0
1240;GEO;04:45.856;4.3;33.0;SUD;05:03.964;4.2;31.0;UZB;04:38.142;4.4;31.0;SVK;04:36.967;4.6;37.0;FIN;04:32.908;4.6;35.0
1245;GEO;04:46.874;4.3;33.0;SUD;05:05.233;4.2;31.0;UZB;04:39.353;4.4;31.0;SVK;04:38.123;4.6;37.0;FIN;04:33.914;4.6;35.0
1250;GEO;04:48.086;4.4;32.0;SUD;05:06.470;4.2;31.0;UZB;04:40.368;4.4;31.0;SVK;04:39.180;4.6;37.0;FIN;04:35.091;4.6;36.0
1255;GEO;04:49.204;4.4;32.0;SUD;05:07.510;4.2;31.0;UZB;04:41.584;4.4;31.0;SVK;04:40.282;4.5;37.0;FIN;04:36.198;4.6;36.0
1260;GEO;04:50.337;4.4;32.0;SUD;05:08.799;4.2;32.0;UZB;04:42.714;4.4;31.0;SVK;04:41.441;4.5;36.0;FIN;04:37.241;4.5;36.0
1265;GEO;04:51.548;4.4;31.0;SUD;05:10.011;4.2;32.0;UZB;04:43.795;4.4;31.0;SVK;04:42.498;4.5;36.0;FIN;04:38.419;4.5;36.0
1270;GEO;04:52.612;4.3;31.0;SUD;05:11.150;4.2;32.0;UZB;04:44.992;4.4;31.0;SVK;04:43.600;4.5;36.0;FIN;04:39.538;4.5;36.0
1275;GEO;04:53.850;4.3;31.0;SUD;05:12.377;4.2;32.0;UZB;04:46.001;4.4;31.0;SVK;04:44.759;4.5;36.0;FIN;04:40.592;4.5;36.0
1280;GEO;04:55.047;4.3;32.0;SUD;05:13.440;4.2;31.0;UZB;04:47.227;4.4;31.0;SVK;04:45.812;4.5;36.0;FIN;04:41.782;4.5;36.0
1285;GEO;04:56.118;4.3;32.0;SUD;05:14.669;4.3;31.0;UZB;04:48.304;4.4;31.0;SVK;04:46.910;4.5;36.0;FIN;04:42.899;4.4;36.0
1290;GEO;04:57.340;4.3;32.0;SUD;05:15.854;4.3;31.0;UZB;04:49.446;4.4;31.0;SVK;04:48.072;4.5;36.0;FIN;04:43.948;4.5;36.0
1295;GEO;04:58.370;4.3;32.0;SUD;05:16.921;4.3;31.0;UZB;04:50.615;4.4;31.0;SVK;04:49.150;4.5;36.0;FIN;04:45.138;4.5;36.0
1300;GEO;04:59.587;4.4;32.0;SUD;05:18.166;4.4;31.0;UZB;04:51.653;4.4;31.0;SVK;04:50.243;4.5;36.0;FIN;04:46.260;4.5;36.0
1305;GEO;05:00.750;4.4;31.0;SUD;05:19.218;4.3;31.0;UZB;04:52.841;4.5;31.0;SVK;04:51.406;4.5;36.0;FIN;04:47.322;4.5;36.0
1310;GEO;05:01.819;4.4;31.0;SUD;05:20.448;4.3;31.0;UZB;04:53.887;4.4;31.0;SVK;04:52.482;4.5;36.0;FIN;04:48.531;4.4;36.0
1315;GEO;05:03.029;4.4;31.0;SUD;05:21.660;4.3;31.0;UZB;04:55.061;4.5;32.0;SVK;04:53.553;4.5;36.0;FIN;04:49.657;4.4;36.0
1320;GEO;05:04.092;4.4;31.0;SUD;05:22.743;4.3;31.0;UZB;04:56.219;4.4;32.0;SVK;04:54.724;4.5;37.0;FIN;04:50.730;4.4;35.0
1325;GEO;05:05.291;4.4;32.0;SUD;05:23.970;4.3;31.0;UZB;04:57.269;4.4;32.0;SVK;04:55.824;4.5;37.0;FIN;04:51.934;4.4;35.0
1330;GEO;05:06.491;4.4;32.0;SUD;05:25.072;4.3;32.0;UZB;04:58.498;4.4;32.0;SVK;04:56.877;4.5;37.0;FIN;04:53.032;4.4;35.0
1335;GEO;05:07.552;4.3;32.0;SUD;05:26.258;4.3;32.0;UZB;04:59.528;4.4;32.0;SVK;04:58.056;4.5;37.0;FIN;04:54.104;4.4;35.0
1340;GEO;05:08.793;4.3;32.0;SUD;05:27.463;4.3;32.0;UZB;05:00.735;4.4;31.0;SVK;04:59.179;4.5;37.0;FIN;04:55.303;4.4;35.0
1345;GEO;05:09.877;4.3;32.0;SUD;05:28.492;4.3;32.0;UZB;05:01.856;4.4;31.0;SVK;05:00.210;4.5;37.0;FIN;04:56.436;4.5;36.0
1350;GEO;05:11.052;4.3;32.0;SUD;05:29.757;4.3;32.0;UZB;05:02.964;4.4;31.0;SVK;05:01.391;4.5;37.0;FIN;04:57.484;4.4;36.0
1355;GEO;05:12.254;4.4;32.0;SUD;05:30.919;4.3;32.0;UZB;05:04.202;4.4;31.0;SVK;05:02.517;4.5;37.0;FIN;04:58.682;4.4;36.0
1360;GEO;05:13.309;4.3;32.0;SUD;05:32.007;4.3;32.0;UZB;05:05.225;4.3;31.0;SVK;05:03.512;4.5;37.0;FIN;04:59.815;4.4;36.0
1365;GEO;05:14.562;4.3;32.0;SUD;05:33.250;4.3;32.0;UZB;05:06.449;4.3;31.0;SVK;05:04.694;4.6;37.0;FIN;05:00.835;4.4;36.0
1370;GEO;05:15.746;4.3;32.0;SUD;05:34.321;4.3;32.0;UZB;05:07.575;4.4;31.0;SVK;05:05.794;4.6;37.0;FIN;05:02.010;4.5;36.0
1375;GEO;05:16.831;4.3;32.0;SUD;05:35.532;4.3;32.0;UZB;05:08.706;4.4;31.0;SVK;05:06.807;4.6;37.0;FIN;05:03.111;4.5;36.0
1380;GEO;05:18.085;4.3;33.0;SUD;05:36.766;4.3;32.0;UZB;05:09.888;4.4;31.0;SVK;05:07.976;4.6;37.0;FIN;05:04.124;4.6;36.0
1385;GEO;05:19.253;4.3;33.0;SUD;05:37.824;4.3;32.0;UZB;05:10.918;4.4;32.0;SVK;05:09.080;4.6;37.0;FIN;05:05.289;4.6;36.0
1390;GEO;05:20.384;4.3;33.0;SUD;05:39.129;4.2;32.0;UZB;05:12.143;4.4;32.0;SVK;05:10.082;4.6;36.0;FIN;05:06.365;4.6;36.0
1395;GEO;05:21.629;4.3;33.0;SUD;05:40.290;4.2;32.0;UZB;05:13.273;4.4;32.0;SVK;05:11.244;4.6;36.0;FIN;05:07.416;4.6;36.0
1400;GEO;05:22.663;4.3;33.0;SUD;05:41.407;4.2;32.0;UZB;05:14.412;4.4;31.0;SVK;05:12.348;4.6;37.0;FIN;05:08.576;4.6;36.0
1405;GEO;05:23.916;4.3;32.0;SUD;05:42.657;4.3;32.0;UZB;05:15.600;4.4;31.0;SVK;05:13.323;4.6;37.0;FIN;05:09.633;4.6;36.0
1410;GEO;05:25.015;4.3;31.0;SUD;05:43.700;4.3;32.0;UZB;05:16.628;4.3;31.0;SVK;05:14.495;4.6;37.0;FIN;05:10.727;4.6;36.0
1415;GEO;05:26.197;4.3;31.0;SUD;05:44.956;4.3;32.0;UZB;05:17.867;4.4;31.0;SVK;05:15.593;4.6;37.0;FIN;05:11.890;4.6;36.0
1420;GEO;05:27.404;4.4;30.0;SUD;05:46.158;4.3;31.0;UZB;05:18.943;4.4;31.0;SVK;05:16.576;4.6;37.0;FIN;05:12.923;4.5;36.0
1425;GEO;05:28.476;4.3;30.0;SUD;05:47.285;4.3;31.0;UZB;05:20.128;4.4;31.0;SVK;05:17.729;4.6;37.0;FIN;05:14.057;4.5;36.0
1430;GEO;05:29.738;4.3;30.0;SUD;05:48.551;4.2;31.0;UZB;05:21.313;4.4;31.0;SVK;05:18.836;4.6;37.0;FIN;05:15.210;4.5;36.0
1435;GEO;05:30.871;4.3;30.0;SUD;05:49.645;4.1;31.0;UZB;05:22.379;4.4;31.0;SVK;05:19.831;4.6;37.0;FIN;05:16.219;4.5;35.0
1440;GEO;05:32.064;4.2;30.0;SUD;05:50.927;4.1;31.0;UZB;05:23.610;4.4;31.0;SVK;05:20.992;4.6;37.0;FIN;05:17.354;4.6;36.0
1445;GEO;05:33.262;4.3;31.0;SUD;05:52.226;4.1;31.0;UZB;05:24.647;4.3;31.0;SVK;05:22.104;4.6;37.0;FIN;05:18.500;4.6;36.0
1450;GEO;05:34.342;4.3;31.0;SUD;05:53.341;4.0;31.0;UZB;05:25.888;4.3;31.0;SVK;05:23.084;4.6;37.0;FIN;05:19.503;4.6;36.0
1455;GEO;05:35.537;4.4;31.0;SUD;05:54.728;4.0;30.0;UZB;05:27.036;4.3;31.0;SVK;05:24.249;4.6;37.0;FIN;05:20.685;4.5;36.0
1460;GEO;05:36.596;4.4;31.0;SUD;05:55.989;3.9;30.0;UZB;05:28.086;4.4;31.0;SVK;05:25.350;4.6;37.0;FIN;05:21.803;4.5;36.0
1465;GEO;05:37.799;4.4;31.0;SUD;05:57.198;3.9;30.0;UZB;05:29.278;4.5;31.0;SVK;05:26.327;4.6;37.0;FIN;05:22.791;4.6;36.0
1470;GEO;05:38.987;4.4;31.0;SUD;05:58.574;3.9;29.0;UZB;05:30.272;4.5;31.0;SVK;05:27.499;4.6;37.0;FIN;05:23.963;4.6;36.0
1475;GEO;05:40.084;4.3;31.0;SUD;05:59.766;3.9;29.0;UZB;05:31.451;4.5;32.0;SVK;05:28.615;4.6;37.0;FIN;05:25.088;4.6;36.0
1480;GEO;05:41.333;4.3;31.0;SUD;06:01.130;3.8;29.0;UZB;05:32.570;4.5;32.0;SVK;05:29.623;4.6;37.0;FIN;05:26.084;4.6;36.0
1485;GEO;05:42.385;4.3;30.0;SUD;06:02.469;3.9;29.0;UZB;05:33.599;4.6;32.0;SVK;05:30.781;4.6;37.0;FIN;05:27.259;4.6;36.0
1490;GEO;05:43.640;4.3;30.0;SUD;06:03.641;3.8;29.0;UZB;05:34.782;4.6;33.0;SVK;05:31.895;4.6;37.0;FIN;05:28.375;4.6;36.0
1495;GEO;05:44.806;4.3;30.0;SUD;06:05.080;3.8;29.0;UZB;05:35.793;4.5;33.0;SVK;05:32.878;4.6;37.0;FIN;05:29.411;4.6;36.0
1500;GEO;05:45.936;4.3;30.0;SUD;06:06.431;3.8;29.0;UZB;05:36.980;4.5;33.0;SVK;05:34.032;4.6;37.0;FIN;05:30.603;4.5;36.0
1505;GEO;05:47.182;4.3;30.0;SUD;06:07.653;3.7;29.0;UZB;05:38.104;4.5;33.0;SVK;05:35.146;4.6;37.0;FIN;05:31.667;4.5;35.0
1510;GEO;05:48.246;4.2;31.0;SUD;06:09.113;3.7;29.0;UZB;05:39.123;4.5;33.0;SVK;05:36.138;4.6;37.0;FIN;05:32.764;4.5;35.0
1515;GEO;05:49.537;4.2;31.0;SUD;06:10.426;3.8;29.0;UZB;05:40.314;4.5;33.0;SVK;05:37.265;4.6;37.0;FIN;05:33.944;4.5;35.0
1520;GEO;05:50.709;4.2;31.0;SUD;06:11.758;3.7;29.0;UZB;05:41.367;4.5;33.0;SVK;05:38.381;4.6;37.0;FIN;05:35.029;4.5;35.0
1525;GEO;05:51.824;4.2;31.0;SUD;06:13.148;3.7;28.0;UZB;05:42.471;4.5;33.0;SVK;05:39.361;4.6;37.0;FIN;05:36.100;4.5;35.0
1530;GEO;05:53.056;4.3;31.0;SUD;06:14.336;3.7;28.0;UZB;05:43.623;4.5;33.0;SVK;05:40.507;4.6;37.0;FIN;05:37.276;4.5;35.0
1535;GEO;05:54.093;4.3;30.0;SUD;06:15.756;3.7;28.0;UZB;05:44.615;4.6;34.0;SVK;05:41.620;4.6;37.0;FIN;05:38.375;4.5;36.0
1540;GEO;05:55.347;4.3;30.0;SUD;06:17.133;3.8;28.0;UZB;05:45.794;4.6;34.0;SVK;05:42.612;4.6;37.0;FIN;05:39.457;4.5;36.0
1545;GEO;05:56.387;4.3;30.0;SUD;06:18.315;3.8;28.0;UZB;05:46.899;4.6;34.0;SVK;05:43.749;4.6;37.0;FIN;05:40.658;4.4;36.0
1550;GEO;05:57.637;4.3;30.0;SUD;06:19.737;3.8;28.0;UZB;05:47.934;4.6;34.0;SVK;05:44.878;4.6;37.0;FIN;05:41.790;4.4;36.0
1555;GEO;05:58.831;4.3;30.0;SUD;06:20.984;3.8;28.0;UZB;05:49.102;4.6;34.0;SVK;05:45.901;4.6;37.0;FIN;05:42.864;4.4;36.0
1560;GEO;05:59.936;4.3;30.0;SUD;06:22.336;3.8;28.0;UZB;05:50.114;4.6;34.0;SVK;05:47.007;4.6;37.0;FIN;05:44.071;4.4;36.0
1565;GEO;06:01.141;4.3;30.0;SUD;06:23.697;3.8;28.0;UZB;05:51.269;4.6;34.0;SVK;05:48.130;4.6;37.0;FIN;05:45.201;4.4;36.0
1570;GEO;06:02.238;4.3;31.0;SUD;06:24.871;3.8;28.0;UZB;05:52.402;4.6;34.0;SVK;05:49.154;4.6;38.0;FIN;05:46.293;4.4;36.0
1575;GEO;06:03.438;4.3;31.0;SUD;06:26.259;3.8;28.0;UZB;05:53.422;4.6;34.0;SVK;05:50.235;4.6;38.0;FIN;05:47.470;4.4;36.0
1580;GEO;06:04.648;4.3;31.0;SUD;06:27.561;3.9;28.0;UZB;05:54.612;4.5;34.0;SVK;05:51.373;4.6;38.0;FIN;05:48.602;4.4;36.0
1585;GEO;06:05.707;4.3;31.0;SUD;06:28.740;3.9;29.0;UZB;05:55.709;4.5;34.0;SVK;05:52.416;4.6;37.0;FIN;05:49.654;4.4;36.0
1590;GEO;06:06.967;4.3;32.0;SUD;06:30.088;3.9;29.0;UZB;05:56.815;4.5;34.0;SVK;05:53.526;4.6;37.0;FIN;05:50.862;4.4;36.0
1595;GEO;06:08.095;4.3;32.0;SUD;06:31.199;3.9;29.0;UZB;05:58.009;4.4;33.0;SVK;05:54.647;4.6;37.0;FIN;05:52.022;4.4;36.0
1600;GEO;06:09.254;4.3;32.0;SUD;06:32.519;4.0;29.0;UZB;05:59.048;4.4;33.0;SVK;05:55.683;4.6;37.0;FIN;05:53.058;4.4;36.0
1605;GEO;06:10.471;4.3;31.0;SUD;06:33.807;4.1;29.0;UZB;06:00.261;4.4;33.0;SVK;05:56.773;4.6;37.0;FIN;05:54.256;4.4;36.0
1610;GEO;06:11.525;4.3;31.0;SUD;06:34.957;4.0;29.0;UZB;06:01.436;4.4;33.0;SVK;05:57.935;4.6;37.0;FIN;05:55.408;4.4;36.0
1615;GEO;06:12.795;4.3;31.0;SUD;06:36.338;4.0;29.0;UZB;06:02.555;4.3;33.0;SVK;05:59.034;4.6;37.0;FIN;05:56.420;4.4;36.0
1620;GEO;06:14.002;4.3;31.0;SUD;06:37.535;3.9;29.0;UZB;06:03.771;4.3;32.0;SVK;06:00.064;4.6;37.0;FIN;05:57.608;4.5;36.0
1625;GEO;06:15.090;4.2;32.0;SUD;06:38.771;3.9;29.0;UZB;06:04.881;4.3;32.0;SVK;06:01.236;4.5;37.0;FIN;05:58.771;4.5;36.0
1630;GEO;06:16.366;4.2;32.0;SUD;06:40.096;4.0;29.0;UZB;06:06.087;4.3;32.0;SVK;06:02.361;4.5;37.0;FIN;05:59.795;4.5;36.0
1635;GEO;06:17.535;4.2;32.0;SUD;06:41.209;4.0;30.0;UZB;06:07.300;4.3;32.0;SVK;06:03.373;4.5;37.0;FIN;06:00.979;4.4;36.0
1640;GEO;06:18.694;4.2;32.0;SUD;06:42.563;4.0;30.0;UZB;06:08.350;4.3;32.0;SVK;06:04.546;4.5;37.0;FIN;06:02.133;4.4;36.0
1645;GEO;06:19.941;4.2;32.0;SUD;06:43.858;4.0;30.0;UZB;06:09.624;4.3;32.0;SVK;06:05.681;4.5;37.0;FIN;06:03.135;4.5;36.0
1650;GEO;06:20.993;4.2;32.0;SUD;06:44.965;4.0;30.0;UZB;06:10.799;4.3;32.0;SVK;06:06.696;4.5;37.0;FIN;06:04.311;4.5;36.0
1655;GEO;06:22.248;4.3;32.0;SUD;06:46.301;4.0;31.0;UZB;06:11.935;4.3;32.0;SVK;06:07.844;4.5;37.0;FIN;06:05.458;4.5;36.0
1660;GEO;06:23.386;4.3;32.0;SUD;06:47.532;4.1;31.0;UZB;06:13.193;4.2;32.0;SVK;06:08.976;4.6;37.0;FIN;06:06.471;4.5;36.0
1665;GEO;06:24.524;4.3;31.0;SUD;06:48.646;4.1;31.0;UZB;06:14.284;4.2;31.0;SVK;06:10.015;4.6;38.0;FIN;06:07.630;4.5;36.0
1670;GEO;06:25.757;4.3;31.0;SUD;06:49.946;4.2;31.0;UZB;06:15.511;4.2;31.0;SVK;06:11.126;4.6;38.0;FIN;06:08.791;4.5;36.0
1675;GEO;06:26.795;4.3;31.0;SUD;06:51.044;4.2;31.0;UZB;06:16.699;4.3;31.0;SVK;06:12.289;4.5;37.0;FIN;06:09.846;4.5;36.0
1680;GEO;06:28.040;4.3;31.0;SUD;06:52.230;4.2;31.0;UZB;06:17.790;4.3;31.0;SVK;06:13.360;4.5;37.0;FIN;06:11.004;4.4;36.0
1685;GEO;06:29.203;4.3;31.0;SUD;06:53.463;4.3;32.0;UZB;06:19.062;4.3;31.0;SVK;06:14.425;4.5;37.0;FIN;06:12.190;4.4;36.0
1690;GEO;06:30.345;4.3;31.0;SUD;06:54.490;4.3;32.0;UZB;06:20.146;4.3;31.0;SVK;06:15.582;4.5;37.0;FIN;06:13.267;4.4;36.0
1695;GEO;06:31.553;4.3;31.0;SUD;06:55.753;4.3;32.0;UZB;06:21.379;4.3;31.0;SVK;06:16.675;4.6;37.0;FIN;06:14.400;4.4;36.0
1700;GEO;06:32.596;4.3;31.0;SUD;06:56.955;4.3;32.0;UZB;06:22.599;4.3;31.0;SVK;06:17.679;4.6;38.0;FIN;06:15.592;4.4;36.0
1705;GEO;06:33.863;4.3;31.0;SUD;06:58.066;4.3;32.0;UZB;06:23.674;4.2;31.0;SVK;06:18.859;4.6;38.0;FIN;06:16.707;4.4;36.0
1710;GEO;06:34.971;4.3;30.0;SUD;06:59.316;4.3;32.0;UZB;06:24.950;4.2;31.0;SVK;06:20.005;4.6;38.0;FIN;06:17.777;4.4;36.0
1715;GEO;06:36.177;4.3;30.0;SUD;07:00.432;4.2;32.0;UZB;06:26.146;4.2;31.0;SVK;06:21.035;4.5;38.0;FIN;06:18.991;4.4;36.0
1720;GEO;06:37.376;4.3;30.0;SUD;07:01.642;4.2;32.0;UZB;06:27.292;4.2;32.0;SVK;06:22.209;4.4;38.0;FIN;06:20.156;4.4;36.0
1725;GEO;06:38.503;4.3;30.0;SUD;07:02.868;4.3;32.0;UZB;06:28.520;4.2;32.0;SVK;06:23.363;4.4;37.0;FIN;06:21.256;4.3;36.0
1730;GEO;06:39.748;4.3;30.0;SUD;07:03.895;4.3;32.0;UZB;06:29.642;4.2;32.0;SVK;06:24.424;4.5;37.0;FIN;06:22.477;4.3;36.0
1735;GEO;06:40.804;4.2;30.0;SUD;07:05.141;4.3;32.0;UZB;06:30.803;4.3;32.0;SVK;06:25.509;4.5;38.0;FIN;06:23.662;4.3;35.0
1740;GEO;06:42.073;4.2;30.0;SUD;07:06.323;4.3;32.0;UZB;06:32.026;4.3;32.0;SVK;06:26.673;4.5;38.0;FIN;06:24.729;4.3;35.0
1745;GEO;06:43.211;4.3;30.0;SUD;07:07.369;4.3;32.0;UZB;06:33.077;4.3;32.0;SVK;06:27.792;4.5;38.0;FIN;06:25.984;4.3;35.0
1750;GEO;06:44.383;4.3;30.0;SUD;07:08.592;4.4;33.0;UZB;06:34.312;4.3;33.0;SVK;06:28.830;4.5;38.0;FIN;06:27.203;4.3;35.0
1755;GEO;06:45.624;4.3;30.0;SUD;07:09.652;4.4;33.0;UZB;06:35.499;4.3;33.0;SVK;06:30.007;4.5;38.0;FIN;06:28.281;4.2;35.0
1760;GEO;06:46.694;4.2;30.0;SUD;07:10.824;4.4;33.0;UZB;06:36.568;4.3;33.0;SVK;06:31.144;4.5;38.0;FIN;06:29.548;4.2;35.0
1765;GEO;06:47.942;4.3;30.0;SUD;07:12.097;4.4;33.0;UZB;06:37.823;4.3;32.0;SVK;06:32.139;4.5;38.0;FIN;06:30.743;4.2;35.0
1770;GEO;06:49.163;4.2;31.0;SUD;07:13.264;4.2;33.0;UZB;06:38.942;4.3;32.0;SVK;06:33.296;4.5;38.0;FIN;06:31.810;4.3;35.0
1775;GEO;06:50.251;4.2;31.0;SUD;07:14.735;3.9;32.0;UZB;06:40.132;4.3;32.0;SVK;06:34.438;4.6;38.0;FIN;06:32.997;4.3;35.0
1780;GEO;06:51.513;4.2;32.0;SUD;07:16.159;3.6;31.0;UZB;06:41.357;4.3;32.0;SVK;06:35.484;4.6;38.0;FIN;06:34.202;4.3;35.0
1785;GEO;06:52.637;4.2;32.0;SUD;07:17.399;3.6;31.0;UZB;06:42.402;4.2;32.0;SVK;06:36.593;4.5;38.0;FIN;06:35.296;4.3;35.0
1790;GEO;06:53.813;4.2;32.0;SUD;07:18.865;3.6;29.0;UZB;06:43.657;4.3;32.0;SVK;06:37.745;4.5;38.0;FIN;06:36.426;4.4;35.0
1795;GEO;06:55.043;4.3;32.0;SUD;07:20.322;3.6;29.0;UZB;06:44.828;4.3;32.0;SVK;06:38.823;4.5;38.0;FIN;06:37.627;4.4;35.0
1800;GEO;06:56.096;4.3;32.0;SUD;07:21.558;3.6;28.0;UZB;06:45.951;4.3;32.0;SVK;06:39.894;4.6;38.0;FIN;06:38.724;4.4;35.0
1805;GEO;06:57.304;4.3;32.0;SUD;07:23.083;3.6;28.0;UZB;06:47.204;4.3;32.0;SVK;06:41.016;4.6;38.0;FIN;06:39.833;4.4;35.0
1810;GEO;06:58.500;4.4;32.0;SUD;07:24.557;3.6;28.0;UZB;06:48.317;4.2;32.0;SVK;06:42.128;4.6;38.0;FIN;06:41.001;4.4;35.0
1815;GEO;06:59.561;4.4;32.0;SUD;07:25.829;3.5;28.0;UZB;06:49.490;4.3;32.0;SVK;06:43.121;4.6;38.0;FIN;06:42.046;4.5;35.0
1820;GEO;07:00.799;4.3;32.0;SUD;07:27.328;3.5;28.0;UZB;06:50.724;4.3;33.0;SVK;06:44.280;4.6;38.0;FIN;06:43.132;4.5;36.0
1825;GEO;07:01.961;4.3;32.0;SUD;07:28.764;3.6;28.0;UZB;06:51.787;4.3;33.0;SVK;06:45.419;4.6;38.0;FIN;06:44.309;4.6;36.0
1830;GEO;07:03.055;4.3;33.0;SUD;07:30.055;3.6;28.0;UZB;06:53.016;4.3;33.0;SVK;06:46.473;4.6;39.0;FIN;06:45.426;4.6;36.0
1835;GEO;07:04.290;4.3;33.0;SUD;07:31.523;3.6;28.0;UZB;06:54.211;4.3;33.0;SVK;06:47.575;4.5;39.0;FIN;06:46.531;4.5;37.0
1840;GEO;07:05.439;4.3;33.0;SUD;07:32.806;3.6;28.0;UZB;06:55.273;4.3;33.0;SVK;06:48.744;4.5;39.0;FIN;06:47.736;4.4;37.0
1845;GEO;07:06.524;4.3;34.0;SUD;07:34.093;3.7;28.0;UZB;06:56.508;4.3;33.0;SVK;06:49.840;4.5;39.0;FIN;06:48.912;4.3;36.0
1850;GEO;07:07.749;4.3;34.0;SUD;07:35.425;3.8;29.0;UZB;06:57.678;4.3;33.0;SVK;06:50.892;4.5;38.0;FIN;06:49.981;4.3;36.0
1855;GEO;07:08.930;4.3;35.0;SUD;07:36.588;3.9;29.0;UZB;06:58.781;4.3;33.0;SVK;06:52.084;4.5;38.0;FIN;06:51.208;4.3;35.0
1860;GEO;07:10.001;4.3;35.0;SUD;07:37.846;4.0;30.0;UZB;07:00.036;4.3;33.0;SVK;06:53.232;4.4;38.0;FIN;06:52.379;4.3;35.0
1865;GEO;07:11.234;4.3;36.0;SUD;07:39.149;4.1;30.0;UZB;07:01.135;4.2;33.0;SVK;06:54.265;4.5;38.0;FIN;06:53.417;4.3;35.0
1870;GEO;07:12.454;4.3;36.0;SUD;07:40.241;4.1;30.0;UZB;07:02.335;4.3;32.0;SVK;06:55.400;4.5;38.0;FIN;06:54.614;4.4;35.0
1875;GEO;07:13.567;4.3;36.0;SUD;07:41.565;4.1;31.0;UZB;07:03.511;4.3;32.0;SVK;06:56.545;4.5;38.0;FIN;06:55.771;4.4;35.0
1880;GEO;07:14.742;4.2;36.0;SUD;07:42.846;4.1;31.0;UZB;07:04.541;4.3;32.0;SVK;06:57.617;4.5;38.0;FIN;06:56.783;4.4;36.0
1885;GEO;07:15.964;4.3;36.0;SUD;07:43.931;4.0;31.0;UZB;07:05.769;4.4;32.0;SVK;06:58.641;4.6;38.0;FIN;06:57.957;4.5;36.0
1890;GEO;07:17.049;4.3;35.0;SUD;07:45.240;4.1;31.0;UZB;07:06.862;4.4;32.0;SVK;06:59.789;4.6;38.0;FIN;06:59.119;4.5;36.0
1895;GEO;07:18.241;4.3;35.0;SUD;07:46.443;4.1;32.0;UZB;07:08.032;4.4;32.0;SVK;07:00.899;4.6;39.0;FIN;07:00.144;4.5;36.0
1900;GEO;07:19.445;4.3;34.0;SUD;07:47.505;4.2;32.0;UZB;07:09.238;4.4;32.0;SVK;07:01.900;4.6;39.0;FIN;07:01.346;4.4;37.0
1905;GEO;07:20.537;4.3;34.0;SUD;07:48.735;4.3;33.0;UZB;07:10.299;4.3;32.0;SVK;07:03.083;4.6;39.0;FIN;07:02.495;4.4;37.0
1910;GEO;07:21.710;4.3;34.0;SUD;07:49.929;4.3;33.0;UZB;07:11.553;4.3;32.0;SVK;07:04.250;4.5;39.0;FIN;07:03.566;4.4;36.0
1915;GEO;07:22.928;4.3;34.0;SUD;07:50.944;4.3;34.0;UZB;07:12.722;4.3;32.0;SVK;07:05.280;4.4;38.0;FIN;07:04.670;4.4;36.0
1920;GEO;07:24.067;4.3;35.0;SUD;07:52.179;4.3;34.0;UZB;07:13.857;4.3;32.0;SVK;07:06.428;4.4;38.0;FIN;07:05.845;4.5;37.0
1925;GEO;07:25.200;4.3;35.0;SUD;07:53.362;4.4;35.0;UZB;07:15.105;4.3;31.0;SVK;07:07.580;4.4;38.0;FIN;07:06.943;4.5;37.0
1930;GEO;07:26.428;4.3;35.0;SUD;07:54.386;4.4;35.0;UZB;07:16.180;4.2;31.0;SVK;07:08.697;4.5;39.0;FIN;07:08.023;4.5;37.0
1935;GEO;07:27.559;4.3;35.0;SUD;07:55.628;4.4;35.0;UZB;07:17.431;4.3;31.0;SVK;07:09.721;4.5;39.0;FIN;07:09.215;4.5;37.0
1940;GEO;07:28.696;4.3;35.0;SUD;07:56.853;4.3;35.0;UZB;07:18.620;4.3;31.0;SVK;07:10.785;4.6;40.0;FIN;07:10.358;4.4;37.0
1945;GEO;07:29.915;4.3;34.0;SUD;07:57.902;4.3;35.0;UZB;07:19.696;4.3;31.0;SVK;07:11.923;4.6;40.0;FIN;07:11.409;4.4;37.0
1950;GEO;07:30.944;4.3;34.0;SUD;07:59.154;4.2;35.0;UZB;07:20.960;4.3;32.0;SVK;07:13.009;4.7;40.0;FIN;07:12.617;4.4;37.0
1955;GEO;07:32.197;4.3;33.0;SUD;08:00.363;4.2;35.0;UZB;07:22.093;4.3;32.0;SVK;07:14.007;4.6;40.0;FIN;07:13.772;4.4;37.0
1960;GEO;07:33.395;4.3;33.0;SUD;08:01.402;4.3;35.0;UZB;07:23.323;4.2;31.0;SVK;07:15.151;4.6;40.0;FIN;07:14.798;4.4;37.0
1965;GEO;07:34.483;4.3;32.0;SUD;08:02.637;4.3;35.0;UZB;07:24.542;4.2;31.0;SVK;07:16.275;4.6;40.0;FIN;07:16.014;4.4;37.0
1970;GEO;07:35.714;4.3;32.0;SUD;08:03.856;4.3;35.0;UZB;07:25.623;4.2;31.0;SVK;07:17.308;4.6;39.0;FIN;07:17.216;4.4;37.0
1975;GEO;07:36.874;4.3;33.0;SUD;08:04.901;4.3;34.0;UZB;07:26.882;4.2;32.0;SVK;07:18.414;4.6;39.0;FIN;07:18.301;4.3;36.0
1980;GEO;07:38.019;4.3;33.0;SUD;08:06.163;4.3;34.0;UZB;07:28.112;4.2;32.0;SVK;07:19.568;4.5;39.0;FIN;07:19.524;4.3;36.0
1985;GEO;07:39.227;4.3;33.0;SUD;08:07.377;4.3;34.0;UZB;07:29.289;4.2;32.0;SVK;07:20.682;4.5;39.0;FIN;07:20.754;4.2;35.0
1990;GEO;07:40.341;4.3;33.0;SUD;08:08.411;4.3;34.0;UZB;07:30.584;4.1;31.0;SVK;07:21.724;4.5;39.0;FIN;07:21.861;4.2;35.0
1995;GEO;07:41.499;4.3;33.0;SUD;08:09.657;4.3;34.0;UZB;07:31.697;4.0;30.0;SVK;07:22.930;4.5;39.0;FIN;07:23.110;4.2;34.0
2000;GEO;07:42.704;4.3;33.0;SUD;08:10.854;4.3;34.0;UZB;07:33.059;4.0;29.0;SVK;07:24.080;4.4;38.0;FIN;07:24.352;4.2;34.0
