Distance;ShortName1;Time1;Speed1;Stroke1;ShortName2;Time2;Speed2;Stroke2;ShortName3;Time3;Speed3;Stroke3;ShortName4;Time4;Speed4;Stroke4;ShortName5;Time5;Speed5;Stroke5;
5;ROU;00:02.709;3.1;0.0;NED;00:00.000;0.0;0.0;CZE;00:00.000;0.0;0.0;PAR;00:00.000;0.0;0.0;ITA;00:00.000;0.0;0.0
10;ROU;00:04.144;3.6;40.0;NED;00:00.000;0.0;0.0;CZE;00:00.000;0.0;0.0;PAR;00:00.000;0.0;0.0;ITA;00:00.000;0.0;0.0
15;ROU;00:05.299;3.8;40.0;NED;00:00.000;0.0;0.0;CZE;00:00.000;0.0;0.0;PAR;00:00.000;0.0;0.0;ITA;00:00.000;0.0;0.0
20;ROU;00:06.304;3.9;43.0;NED;01:04.433;0.0;47.0;CZE;00:00.000;0.0;0.0;PAR;00:00.000;0.0;0.0;ITA;00:00.000;0.0;0.0
25;ROU;00:07.256;4.5;47.0;NED;01:03.461;0.9;47.0;CZE;02:03.400;4.8;49.0;PAR;00:00.000;0.0;0.0;ITA;00:00.000;0.0;0.0
30;ROU;00:08.221;4.9;48.0;NED;01:04.382;2.7;47.0;CZE;02:04.292;5.0;49.0;PAR;03:06.162;0.1;54.0;ITA;00:00.000;0.0;0.0
35;ROU;00:09.154;5.2;48.0;NED;01:05.298;4.9;47.0;CZE;02:05.310;5.2;49.0;PAR;03:05.283;1.5;54.0;ITA;00:00.000;0.0;0.0
40;ROU;00:10.044;5.4;49.0;NED;01:06.133;5.8;47.0;CZE;02:06.240;5.3;48.0;PAR;03:05.926;3.2;53.0;ITA;04:06.325;5.4;45.0
45;ROU;00:10.893;5.5;49.0;NED;01:07.076;6.3;47.0;CZE;02:07.128;5.3;48.0;PAR;03:06.827;5.0;53.0;ITA;04:07.262;5.4;45.0
50;ROU;00:11.841;5.6;49.0;NED;01:08.022;5.9;47.0;CZE;02:08.002;5.4;47.0;PAR;03:07.768;6.1;52.0;ITA;04:08.269;5.4;45.0
55;ROU;00:12.789;5.6;49.0;NED;01:08.835;5.6;46.0;CZE;02:08.975;5.5;47.0;PAR;03:08.730;6.3;52.0;ITA;04:09.193;5.3;45.0
60;ROU;00:13.689;5.6;49.0;NED;01:09.792;5.6;46.0;CZE;02:09.845;5.5;46.0;PAR;03:09.631;5.8;51.0;ITA;04:10.121;5.3;44.0
65;ROU;00:14.539;5.5;49.0;NED;01:10.746;5.6;45.0;CZE;02:10.746;5.5;45.0;PAR;03:10.532;5.4;51.0;ITA;04:11.096;5.3;44.0
70;ROU;00:15.503;5.5;49.0;NED;01:11.570;5.5;45.0;CZE;02:11.702;5.6;44.0;PAR;03:11.525;5.4;50.0;ITA;04:12.016;5.3;44.0
75;ROU;00:16.435;5.5;48.0;NED;01:12.540;5.5;44.0;CZE;02:12.511;5.5;43.0;PAR;03:12.511;5.3;49.0;ITA;04:12.924;5.3;44.0
80;ROU;00:17.283;5.5;48.0;NED;01:13.482;5.5;43.0;CZE;02:13.474;5.6;43.0;PAR;03:13.446;5.3;48.0;ITA;04:13.963;5.3;43.0
85;ROU;00:18.204;5.5;48.0;NED;01:14.318;5.5;43.0;CZE;02:14.401;5.6;43.0;PAR;03:14.359;5.3;48.0;ITA;04:14.927;5.3;43.0
90;ROU;00:19.161;5.5;47.0;NED;01:15.313;5.4;42.0;CZE;02:15.214;5.5;42.0;PAR;03:15.386;5.2;47.0;ITA;04:15.804;5.2;43.0
95;ROU;00:20.016;5.5;47.0;NED;01:16.206;5.4;42.0;CZE;02:16.201;5.5;42.0;PAR;03:16.379;5.2;46.0;ITA;04:16.849;5.2;43.0
100;ROU;00:20.917;5.5;47.0;NED;01:17.108;5.4;41.0;CZE;02:17.043;5.6;42.0;PAR;03:17.272;5.1;45.0;ITA;04:17.813;5.2;43.0
105;ROU;00:21.894;5.5;46.0;NED;01:18.076;5.4;41.0;CZE;02:17.953;5.5;42.0;PAR;03:18.288;5.1;45.0;ITA;04:18.678;5.2;42.0
110;ROU;00:22.760;5.5;46.0;NED;01:18.895;5.5;41.0;CZE;02:18.913;5.6;42.0;PAR;03:19.307;5.1;44.0;ITA;04:19.715;5.2;42.0
115;ROU;00:23.625;5.5;46.0;NED;01:19.892;5.5;40.0;CZE;02:19.731;5.6;42.0;PAR;03:20.252;5.1;44.0;ITA;04:20.708;5.2;42.0
120;ROU;00:24.597;5.6;45.0;NED;01:20.803;5.5;40.0;CZE;02:20.695;5.5;41.0;PAR;03:21.200;5.1;44.0;ITA;04:21.594;5.2;42.0
125;ROU;00:25.515;5.5;45.0;NED;01:21.706;5.4;40.0;CZE;02:21.627;5.5;41.0;PAR;03:22.246;5.1;43.0;ITA;04:22.647;5.1;42.0
130;ROU;00:26.374;5.5;45.0;NED;01:22.694;5.4;40.0;CZE;02:22.456;5.5;41.0;PAR;03:23.218;5.1;43.0;ITA;04:23.628;5.1;42.0
135;ROU;00:27.351;5.4;44.0;NED;01:23.535;5.4;40.0;CZE;02:23.444;5.5;41.0;PAR;03:24.178;5.1;42.0;ITA;04:24.505;5.1;42.0
140;ROU;00:28.229;5.4;44.0;NED;01:24.532;5.4;39.0;CZE;02:24.311;5.5;41.0;PAR;03:25.231;5.1;42.0;ITA;04:25.546;5.1;41.0
145;ROU;00:29.134;5.4;44.0;NED;01:25.494;5.4;39.0;CZE;02:25.225;5.5;41.0;PAR;03:26.205;5.0;41.0;ITA;04:26.550;5.1;41.0
150;ROU;00:30.126;5.5;44.0;NED;01:26.368;5.3;39.0;CZE;02:26.182;5.5;41.0;PAR;03:27.178;5.0;41.0;ITA;04:27.434;5.1;41.0
155;ROU;00:31.037;5.4;43.0;NED;01:27.386;5.3;39.0;CZE;02:27.013;5.5;41.0;PAR;03:28.251;5.0;40.0;ITA;04:28.480;5.1;41.0
160;ROU;00:31.932;5.4;43.0;NED;01:28.240;5.3;39.0;CZE;02:28.004;5.5;40.0;PAR;03:29.223;4.9;40.0;ITA;04:29.453;5.2;41.0
165;ROU;00:32.937;5.4;43.0;NED;01:29.253;5.3;39.0;CZE;02:28.910;5.5;40.0;PAR;03:30.220;4.9;40.0;ITA;04:30.319;5.2;41.0
170;ROU;00:33.870;5.3;43.0;NED;01:30.245;5.3;39.0;CZE;02:29.827;5.4;40.0;PAR;03:31.293;4.9;39.0;ITA;04:31.356;5.2;41.0
175;ROU;00:34.783;5.3;43.0;NED;01:31.104;5.3;39.0;CZE;02:30.794;5.4;40.0;PAR;03:32.253;4.9;39.0;ITA;04:32.346;5.2;41.0
180;ROU;00:35.797;5.3;42.0;NED;01:32.139;5.3;39.0;CZE;02:31.644;5.4;40.0;PAR;03:33.252;4.9;39.0;ITA;04:33.218;5.2;41.0
185;ROU;00:36.718;5.2;42.0;NED;01:33.084;5.3;39.0;CZE;02:32.664;5.3;39.0;PAR;03:34.316;4.9;39.0;ITA;04:34.254;5.2;41.0
190;ROU;00:37.649;5.2;42.0;NED;01:34.012;5.2;39.0;CZE;02:33.590;5.3;39.0;PAR;03:35.277;5.0;39.0;ITA;04:35.253;5.2;41.0
195;ROU;00:38.694;5.3;42.0;NED;01:35.032;5.2;39.0;CZE;02:34.486;5.3;39.0;PAR;03:36.298;5.0;39.0;ITA;04:36.150;5.1;41.0
200;ROU;00:39.583;5.3;41.0;NED;01:35.894;5.2;39.0;CZE;02:35.492;5.3;39.0;PAR;03:37.373;4.9;39.0;ITA;04:37.224;5.1;41.0
205;ROU;00:40.577;5.2;41.0;NED;01:36.939;5.2;38.0;CZE;02:36.336;5.3;39.0;PAR;03:38.354;4.9;39.0;ITA;04:38.234;5.1;41.0
210;ROU;00:41.555;5.2;41.0;NED;01:37.907;5.2;38.0;CZE;02:37.373;5.3;39.0;PAR;03:39.379;4.9;39.0;ITA;04:39.146;5.0;41.0
215;ROU;00:42.399;5.2;40.0;NED;01:38.836;5.2;38.0;CZE;02:38.336;5.3;39.0;PAR;03:40.468;4.8;39.0;ITA;04:40.222;5.0;41.0
220;ROU;00:43.441;5.3;40.0;NED;01:39.875;5.2;38.0;CZE;02:39.207;5.3;39.0;PAR;03:41.462;4.8;39.0;ITA;04:41.260;4.9;40.0
225;ROU;00:44.396;5.3;40.0;NED;01:40.762;5.1;37.0;CZE;02:40.241;5.2;39.0;PAR;03:42.517;4.8;39.0;ITA;04:42.175;4.9;40.0
230;ROU;00:45.321;5.3;39.0;NED;01:41.813;5.1;37.0;CZE;02:41.146;5.3;39.0;PAR;03:43.583;4.8;39.0;ITA;04:43.256;4.9;40.0
235;ROU;00:46.350;5.2;39.0;NED;01:42.806;5.1;37.0;CZE;02:42.108;5.3;39.0;PAR;03:44.598;4.8;39.0;ITA;04:44.301;5.0;40.0
240;ROU;00:47.234;5.1;39.0;NED;01:43.731;5.1;37.0;CZE;02:43.123;5.3;39.0;PAR;03:45.624;4.8;39.0;ITA;04:45.215;4.9;40.0
245;ROU;00:48.262;5.1;39.0;NED;01:44.790;5.1;37.0;CZE;02:43.995;5.3;39.0;PAR;03:46.753;4.8;39.0;ITA;04:46.296;4.9;40.0
250;ROU;00:49.268;5.2;38.0;NED;01:45.680;5.1;37.0;CZE;02:45.057;5.2;39.0;PAR;03:47.773;4.7;39.0;ITA;04:47.325;4.9;40.0
255;ROU;00:50.154;5.1;38.0;NED;01:46.719;5.1;37.0;CZE;02:46.026;5.1;39.0;PAR;03:48.801;4.7;39.0;ITA;04:48.234;4.9;39.0
260;ROU;00:51.199;5.1;38.0;NED;01:47.729;5.1;37.0;CZE;02:46.943;5.1;39.0;PAR;03:49.923;4.7;38.0;ITA;04:49.317;4.9;39.0
265;ROU;00:52.140;5.1;38.0;NED;01:48.635;5.1;37.0;CZE;02:47.999;5.1;38.0;PAR;03:50.950;4.7;38.0;ITA;04:50.335;5.0;39.0
270;ROU;00:53.109;5.1;38.0;NED;01:49.694;5.1;37.0;CZE;02:48.924;5.1;38.0;PAR;03:51.960;4.7;38.0;ITA;04:51.263;5.0;39.0
275;ROU;00:54.137;5.1;38.0;NED;01:50.603;5.1;37.0;CZE;02:49.941;5.1;38.0;PAR;03:53.072;4.8;38.0;ITA;04:52.352;5.0;39.0
280;ROU;00:55.020;5.1;38.0;NED;01:51.627;5.1;37.0;CZE;02:50.967;5.0;38.0;PAR;03:54.083;4.8;38.0;ITA;04:53.358;4.9;39.0
285;ROU;00:56.085;5.1;38.0;NED;01:52.642;5.1;37.0;CZE;02:51.849;5.0;38.0;PAR;03:55.111;4.8;38.0;ITA;04:54.276;4.9;39.0
290;ROU;00:57.063;5.1;38.0;NED;01:53.555;5.1;37.0;CZE;02:52.920;5.1;38.0;PAR;03:56.226;4.8;38.0;ITA;04:55.346;5.0;39.0
295;ROU;00:58.003;5.1;38.0;NED;01:54.623;5.1;37.0;CZE;02:53.894;5.1;38.0;PAR;03:57.195;4.8;37.0;ITA;04:56.322;5.0;39.0
300;ROU;00:59.049;5.1;37.0;NED;01:55.542;5.1;37.0;CZE;02:54.840;5.1;38.0;PAR;03:58.303;4.8;37.0;ITA;04:57.265;5.0;39.0
305;ROU;00:59.927;5.1;37.0;NED;01:56.580;5.1;37.0;CZE;02:55.891;5.1;38.0;PAR;03:59.385;4.8;37.0;ITA;04:58.329;5.1;39.0
310;ROU;01:00.992;5.1;37.0;NED;01:57.592;5.0;36.0;CZE;02:56.796;5.1;38.0;PAR;04:00.343;4.8;37.0;ITA;04:59.278;5.1;39.0
315;ROU;01:01.980;5.1;37.0;NED;01:58.511;5.0;36.0;CZE;02:57.843;5.1;38.0;PAR;04:01.483;4.7;37.0;ITA;05:00.259;5.1;39.0
320;ROU;01:02.910;5.1;37.0;NED;01:59.577;5.0;36.0;CZE;02:58.850;5.1;38.0;PAR;04:02.597;4.7;37.0;ITA;05:01.308;5.0;39.0
325;ROU;01:03.968;5.1;37.0;NED;02:00.450;5.1;36.0;CZE;02:59.747;5.1;38.0;PAR;04:03.561;4.7;37.0;ITA;05:02.226;5.0;39.0
330;ROU;01:04.885;5.1;37.0;NED;02:01.498;5.1;36.0;CZE;03:00.801;5.1;38.0;PAR;04:04.691;4.7;37.0;ITA;05:03.236;5.0;39.0
335;ROU;01:05.914;5.0;37.0;NED;02:02.492;5.1;36.0;CZE;03:01.715;5.1;38.0;PAR;04:05.775;4.7;37.0;ITA;05:04.261;5.1;39.0
340;ROU;01:06.937;5.1;37.0;NED;02:03.401;5.1;36.0;CZE;03:02.719;5.1;38.0;PAR;04:06.733;4.7;37.0;ITA;05:05.150;5.1;39.0
345;ROU;01:07.830;5.1;37.0;NED;02:04.448;5.1;36.0;CZE;03:03.737;5.1;37.0;PAR;04:07.863;4.7;37.0;ITA;05:06.208;5.1;39.0
350;ROU;01:08.895;5.1;37.0;NED;02:05.331;5.2;36.0;CZE;03:04.634;5.1;37.0;PAR;04:08.941;4.8;37.0;ITA;05:07.224;5.1;39.0
355;ROU;01:09.845;5.1;37.0;NED;02:06.395;5.1;36.0;CZE;03:05.716;5.1;37.0;PAR;04:09.898;4.7;37.0;ITA;05:08.124;5.1;39.0
360;ROU;01:10.842;5.1;37.0;NED;02:07.376;5.1;36.0;CZE;03:06.685;5.1;37.0;PAR;04:11.022;4.8;37.0;ITA;05:09.193;5.0;39.0
365;ROU;01:11.887;5.1;37.0;NED;02:08.331;5.1;36.0;CZE;03:07.668;5.0;37.0;PAR;04:12.080;4.8;37.0;ITA;05:10.187;5.1;39.0
370;ROU;01:12.772;5.0;37.0;NED;02:09.375;5.1;36.0;CZE;03:08.724;5.0;37.0;PAR;04:13.057;4.8;37.0;ITA;05:11.115;5.0;39.0
375;ROU;01:13.825;5.0;37.0;NED;02:10.258;5.1;36.0;CZE;03:09.628;5.0;37.0;PAR;04:14.190;4.8;37.0;ITA;05:12.192;5.0;39.0
380;ROU;01:14.794;5.1;37.0;NED;02:11.331;5.1;36.0;CZE;03:10.705;5.0;37.0;PAR;04:15.237;4.8;37.0;ITA;05:13.159;5.0;39.0
385;ROU;01:15.728;5.1;37.0;NED;02:12.295;5.1;36.0;CZE;03:11.724;5.0;37.0;PAR;04:16.266;4.7;37.0;ITA;05:14.120;5.0;39.0
390;ROU;01:16.769;5.1;37.0;NED;02:13.264;5.1;36.0;CZE;03:12.665;5.0;37.0;PAR;04:17.410;4.7;37.0;ITA;05:15.175;5.0;39.0
395;ROU;01:17.659;5.2;37.0;NED;02:14.303;5.1;36.0;CZE;03:13.751;5.0;37.0;PAR;04:18.440;4.7;37.0;ITA;05:16.109;5.1;39.0
400;ROU;01:18.713;5.1;37.0;NED;02:15.188;5.1;36.0;CZE;03:14.690;4.9;37.0;PAR;04:19.504;4.6;37.0;ITA;05:17.128;5.0;39.0
405;ROU;01:19.722;5.1;37.0;NED;02:16.255;5.1;36.0;CZE;03:15.730;4.9;37.0;PAR;04:20.640;4.6;37.0;ITA;05:18.179;5.0;39.0
410;ROU;01:20.645;5.1;37.0;NED;02:17.210;5.1;36.0;CZE;03:16.770;4.9;37.0;PAR;04:21.637;4.6;36.0;ITA;05:19.080;5.0;39.0
415;ROU;01:21.714;5.1;37.0;NED;02:18.230;5.1;36.0;CZE;03:17.671;5.0;37.0;PAR;04:22.740;4.7;36.0;ITA;05:20.154;5.0;39.0
420;ROU;01:22.640;5.1;37.0;NED;02:19.245;5.0;36.0;CZE;03:18.759;5.0;37.0;PAR;04:23.850;4.7;36.0;ITA;05:21.186;5.0;39.0
425;ROU;01:23.679;5.0;37.0;NED;02:20.163;5.0;36.0;CZE;03:19.743;5.0;37.0;PAR;04:24.811;4.7;36.0;ITA;05:22.089;5.0;39.0
430;ROU;01:24.708;5.0;37.0;NED;02:21.245;5.0;36.0;CZE;03:20.727;5.0;37.0;PAR;04:25.963;4.7;36.0;ITA;05:23.176;5.0;39.0
435;ROU;01:25.613;5.0;37.0;NED;02:22.200;5.0;36.0;CZE;03:21.797;5.0;37.0;PAR;04:27.052;4.7;36.0;ITA;05:24.194;5.0;39.0
440;ROU;01:26.692;5.0;37.0;NED;02:23.219;5.0;36.0;CZE;03:22.704;5.0;37.0;PAR;04:28.024;4.7;36.0;ITA;05:25.132;5.0;39.0
445;ROU;01:27.656;5.0;37.0;NED;02:24.262;5.0;36.0;CZE;03:23.795;4.9;37.0;PAR;04:29.186;4.7;36.0;ITA;05:26.236;4.9;39.0
450;ROU;01:28.656;5.0;37.0;NED;02:25.165;5.0;36.0;CZE;03:24.840;4.9;37.0;PAR;04:30.264;4.6;36.0;ITA;05:27.233;4.9;39.0
455;ROU;01:29.718;5.0;37.0;NED;02:26.243;5.0;36.0;CZE;03:25.763;4.9;37.0;PAR;04:31.299;4.6;36.0;ITA;05:28.201;4.9;39.0
460;ROU;01:30.629;5.0;37.0;NED;02:27.183;5.0;36.0;CZE;03:26.856;4.9;37.0;PAR;04:32.451;4.6;36.0;ITA;05:29.285;4.9;38.0
465;ROU;01:31.719;5.0;37.0;NED;02:28.206;5.0;36.0;CZE;03:27.826;4.9;37.0;PAR;04:33.483;4.6;36.0;ITA;05:30.254;4.9;38.0
470;ROU;01:32.730;4.9;37.0;NED;02:29.239;5.0;36.0;CZE;03:28.834;4.9;37.0;PAR;04:34.559;4.6;36.0;ITA;05:31.292;4.9;38.0
475;ROU;01:33.683;4.9;37.0;NED;02:30.148;5.0;36.0;CZE;03:29.904;4.9;37.0;PAR;04:35.693;4.6;36.0;ITA;05:32.328;5.0;38.0
480;ROU;01:34.758;4.9;37.0;NED;02:31.221;5.0;36.0;CZE;03:30.817;5.0;37.0;PAR;04:36.659;4.6;36.0;ITA;05:33.263;5.0;38.0
485;ROU;01:35.669;4.9;37.0;NED;02:32.132;5.0;36.0;CZE;03:31.922;4.9;37.0;PAR;04:37.794;4.7;36.0;ITA;05:34.305;4.9;38.0
490;ROU;01:36.741;5.0;37.0;NED;02:33.190;5.0;36.0;CZE;03:32.955;4.9;37.0;PAR;04:38.906;4.7;36.0;ITA;05:35.345;4.9;38.0
495;ROU;01:37.767;5.0;37.0;NED;02:34.204;5.0;36.0;CZE;03:33.925;4.9;37.0;PAR;04:39.874;4.7;36.0;ITA;05:36.247;4.9;38.0
500;ROU;01:38.692;5.0;37.0;NED;02:35.173;5.0;35.0;CZE;03:35.043;4.8;37.0;PAR;04:41.026;4.7;36.0;ITA;05:37.318;5.0;38.0
505;ROU;01:39.781;5.0;37.0;NED;02:36.234;5.0;35.0;CZE;03:36.032;4.8;37.0;PAR;04:42.096;4.7;35.0;ITA;05:38.332;5.0;38.0
510;ROU;01:40.745;4.9;37.0;NED;02:37.139;5.0;35.0;CZE;03:37.088;4.8;36.0;PAR;04:43.114;4.7;35.0;ITA;05:39.252;5.0;38.0
515;ROU;01:41.776;4.9;37.0;NED;02:38.233;5.0;35.0;CZE;03:38.164;4.8;36.0;PAR;04:44.264;4.7;35.0;ITA;05:40.341;5.0;38.0
520;ROU;01:42.840;4.9;37.0;NED;02:39.215;4.9;35.0;CZE;03:39.100;4.8;36.0;PAR;04:45.279;4.7;35.0;ITA;05:41.346;5.0;38.0
525;ROU;01:43.755;4.9;36.0;NED;02:40.220;4.9;35.0;CZE;03:40.242;4.8;36.0;PAR;04:46.390;4.6;35.0;ITA;05:42.325;4.9;38.0
530;ROU;01:44.852;4.9;36.0;NED;02:41.281;4.9;35.0;CZE;03:41.277;4.8;36.0;PAR;04:47.530;4.6;35.0;ITA;05:43.425;4.9;38.0
535;ROU;01:45.861;4.9;36.0;NED;02:42.192;4.9;35.0;CZE;03:42.227;4.8;36.0;PAR;04:48.508;4.6;35.0;ITA;05:44.430;4.9;38.0
540;ROU;01:46.840;4.9;36.0;NED;02:43.283;4.9;35.0;CZE;03:43.328;4.8;36.0;PAR;04:49.687;4.6;35.0;ITA;05:45.433;4.8;38.0
545;ROU;01:47.922;4.9;36.0;NED;02:44.250;4.9;35.0;CZE;03:44.309;4.8;36.0;PAR;04:50.812;4.6;35.0;ITA;05:46.541;4.8;38.0
550;ROU;01:48.839;4.9;36.0;NED;02:45.248;5.0;35.0;CZE;03:45.349;4.9;36.0;PAR;04:51.815;4.6;35.0;ITA;05:47.529;4.8;38.0
555;ROU;01:49.931;4.9;36.0;NED;02:46.296;5.0;36.0;CZE;03:46.432;4.9;36.0;PAR;04:52.995;4.5;35.0;ITA;05:48.551;4.8;38.0
560;ROU;01:50.964;4.9;36.0;NED;02:47.193;5.0;36.0;CZE;03:47.366;4.9;36.0;PAR;04:54.090;4.5;35.0;ITA;05:49.628;4.8;38.0
565;ROU;01:51.929;4.9;36.0;NED;02:48.269;5.0;36.0;CZE;03:48.497;4.8;36.0;PAR;04:55.120;4.6;35.0;ITA;05:50.548;4.8;38.0
570;ROU;01:53.026;4.9;36.0;NED;02:49.242;5.0;36.0;CZE;03:49.536;4.8;36.0;PAR;04:56.279;4.6;35.0;ITA;05:51.632;4.9;38.0
575;ROU;01:53.972;4.9;36.0;NED;02:50.239;5.0;36.0;CZE;03:50.507;4.8;36.0;PAR;04:57.290;4.6;35.0;ITA;05:52.663;5.0;38.0
580;ROU;01:55.051;4.9;36.0;NED;02:51.295;5.0;36.0;CZE;03:51.617;4.8;36.0;PAR;04:58.387;4.6;35.0;ITA;05:53.597;4.9;38.0
585;ROU;01:56.107;4.9;36.0;NED;02:52.198;5.0;36.0;CZE;03:52.577;4.8;36.0;PAR;04:59.524;4.6;35.0;ITA;05:54.699;4.9;38.0
590;ROU;01:57.031;4.9;36.0;NED;02:53.288;4.9;36.0;CZE;03:53.654;4.8;36.0;PAR;05:00.504;4.6;35.0;ITA;05:55.731;4.9;38.0
595;ROU;01:58.130;4.9;36.0;NED;02:54.277;5.0;36.0;CZE;03:54.727;4.8;36.0;PAR;05:01.683;4.6;35.0;ITA;05:56.654;4.9;38.0
600;ROU;01:59.090;4.9;36.0;NED;02:55.281;5.0;36.0;CZE;03:55.651;4.8;36.0;PAR;05:02.800;4.6;35.0;ITA;05:57.755;4.9;38.0
605;ROU;02:00.122;4.9;36.0;NED;02:56.349;5.0;36.0;CZE;03:56.774;4.8;36.0;PAR;05:03.791;4.6;35.0;ITA;05:58.787;4.9;38.0
610;ROU;02:01.181;4.9;36.0;NED;02:57.258;4.9;36.0;CZE;03:57.783;4.9;36.0;PAR;05:04.968;4.6;35.0;ITA;05:59.733;4.9;38.0
615;ROU;02:02.092;4.9;36.0;NED;02:58.360;4.9;36.0;CZE;03:58.790;4.9;36.0;PAR;05:06.001;4.6;35.0;ITA;06:00.834;4.9;38.0
620;ROU;02:03.195;4.9;36.0;NED;02:59.358;4.9;36.0;CZE;03:59.882;4.8;36.0;PAR;05:07.062;4.6;35.0;ITA;06:01.853;4.9;38.0
625;ROU;02:04.188;4.9;36.0;NED;03:00.362;4.9;36.0;CZE;04:00.808;4.8;36.0;PAR;05:08.201;4.6;35.0;ITA;06:02.835;4.9;38.0
630;ROU;02:05.193;4.9;36.0;NED;03:01.433;4.9;36.0;CZE;04:01.921;4.8;36.0;PAR;05:09.177;4.6;35.0;ITA;06:03.948;4.9;38.0
635;ROU;02:06.269;4.9;36.0;NED;03:02.347;4.9;36.0;CZE;04:02.944;4.9;36.0;PAR;05:10.329;4.6;35.0;ITA;06:04.967;4.8;38.0
640;ROU;02:07.191;4.9;36.0;NED;03:03.441;4.9;36.0;CZE;04:03.914;4.9;36.0;PAR;05:11.445;4.6;35.0;ITA;06:05.964;4.8;38.0
645;ROU;02:08.286;4.9;36.0;NED;03:04.439;4.9;36.0;CZE;04:05.011;4.9;36.0;PAR;05:12.456;4.6;34.0;ITA;06:07.070;4.8;38.0
650;ROU;02:09.312;4.9;36.0;NED;03:05.427;5.0;36.0;CZE;04:05.937;4.9;36.0;PAR;05:13.654;4.6;35.0;ITA;06:08.059;4.8;38.0
655;ROU;02:10.271;4.9;36.0;NED;03:06.490;4.9;36.0;CZE;04:07.031;4.9;36.0;PAR;05:14.719;4.5;35.0;ITA;06:09.084;4.8;38.0
660;ROU;02:11.366;4.9;36.0;NED;03:07.398;4.9;36.0;CZE;04:08.074;4.9;36.0;PAR;05:15.786;4.5;35.0;ITA;06:10.175;4.8;38.0
665;ROU;02:12.301;4.9;36.0;NED;03:08.490;4.9;35.0;CZE;04:09.017;4.9;36.0;PAR;05:16.944;4.6;35.0;ITA;06:11.131;4.9;38.0
670;ROU;02:13.402;4.9;36.0;NED;03:09.469;4.9;35.0;CZE;04:10.115;4.9;36.0;PAR;05:17.959;4.6;35.0;ITA;06:12.206;4.8;38.0
675;ROU;02:14.475;4.8;36.0;NED;03:10.484;5.0;35.0;CZE;04:11.075;4.9;36.0;PAR;05:19.079;4.6;35.0;ITA;06:13.261;4.9;38.0
680;ROU;02:15.411;4.8;36.0;NED;03:11.546;4.9;35.0;CZE;04:12.126;4.9;36.0;PAR;05:20.219;4.6;35.0;ITA;06:14.185;4.9;38.0
685;ROU;02:16.519;4.8;36.0;NED;03:12.497;4.9;35.0;CZE;04:13.190;4.9;36.0;PAR;05:21.202;4.6;35.0;ITA;06:15.266;4.9;38.0
690;ROU;02:17.513;4.8;36.0;NED;03:13.559;4.9;35.0;CZE;04:14.140;4.9;36.0;PAR;05:22.366;4.6;35.0;ITA;06:16.319;4.9;38.0
695;ROU;02:18.544;4.8;36.0;NED;03:14.513;4.9;35.0;CZE;04:15.273;4.8;36.0;PAR;05:23.474;4.6;35.0;ITA;06:17.251;4.9;38.0
700;ROU;02:19.614;4.9;36.0;NED;03:15.561;4.9;35.0;CZE;04:16.316;4.8;36.0;PAR;05:24.472;4.6;35.0;ITA;06:18.366;4.9;38.0
705;ROU;02:20.533;4.9;36.0;NED;03:16.614;4.9;35.0;CZE;04:17.323;4.7;36.0;PAR;05:25.633;4.6;35.0;ITA;06:19.407;4.9;38.0
710;ROU;02:21.634;4.9;36.0;NED;03:17.551;4.9;35.0;CZE;04:18.443;4.7;36.0;PAR;05:26.702;4.6;35.0;ITA;06:20.378;4.8;38.0
715;ROU;02:22.667;4.9;36.0;NED;03:18.650;4.9;35.0;CZE;04:19.424;4.7;36.0;PAR;05:27.747;4.6;35.0;ITA;06:21.467;4.8;38.0
720;ROU;02:23.629;4.9;36.0;NED;03:19.597;4.9;35.0;CZE;04:20.497;4.8;36.0;PAR;05:28.903;4.6;35.0;ITA;06:22.476;4.9;38.0
725;ROU;02:24.724;4.9;36.0;NED;03:20.656;4.9;35.0;CZE;04:21.568;4.8;36.0;PAR;05:29.923;4.6;36.0;ITA;06:23.471;4.9;38.0
730;ROU;02:25.667;4.9;36.0;NED;03:21.707;4.9;35.0;CZE;04:22.483;4.8;36.0;PAR;05:31.013;4.6;36.0;ITA;06:24.570;4.8;38.0
735;ROU;02:26.732;4.9;36.0;NED;03:22.620;4.9;35.0;CZE;04:23.607;4.9;36.0;PAR;05:32.114;4.7;36.0;ITA;06:25.538;4.8;38.0
740;ROU;02:27.776;4.9;36.0;NED;03:23.705;5.0;35.0;CZE;04:24.597;4.9;36.0;PAR;05:33.064;4.7;36.0;ITA;06:26.574;4.8;38.0
745;ROU;02:28.693;4.9;36.0;NED;03:24.618;5.0;35.0;CZE;04:25.586;4.9;36.0;PAR;05:34.213;4.7;36.0;ITA;06:27.647;4.9;38.0
750;ROU;02:29.774;5.0;36.0;NED;03:25.686;5.0;35.0;CZE;04:26.669;4.9;36.0;PAR;05:35.310;4.7;36.0;ITA;06:28.577;4.9;37.0
755;ROU;02:30.717;5.0;36.0;NED;03:26.715;5.0;35.0;CZE;04:27.593;4.9;36.0;PAR;05:36.303;4.7;36.0;ITA;06:29.663;4.9;37.0
760;ROU;02:31.761;5.0;36.0;NED;03:27.669;5.0;35.0;CZE;04:28.710;4.9;36.0;PAR;05:37.466;4.6;36.0;ITA;06:30.717;4.9;37.0
765;ROU;02:32.818;5.0;36.0;NED;03:28.759;4.9;35.0;CZE;04:29.748;4.9;36.0;PAR;05:38.550;4.6;36.0;ITA;06:31.647;4.9;37.0
770;ROU;02:33.744;5.0;36.0;NED;03:29.684;4.9;35.0;CZE;04:30.715;4.9;36.0;PAR;05:39.599;4.6;36.0;ITA;06:32.757;4.9;37.0
775;ROU;02:34.860;4.9;36.0;NED;03:30.778;4.9;35.0;CZE;04:31.813;4.9;36.0;PAR;05:40.790;4.6;36.0;ITA;06:33.796;4.9;38.0
780;ROU;02:35.866;4.9;36.0;NED;03:31.779;4.9;35.0;CZE;04:32.731;4.8;36.0;PAR;05:41.859;4.5;35.0;ITA;06:34.744;4.8;38.0
785;ROU;02:36.871;4.8;36.0;NED;03:32.766;4.9;35.0;CZE;04:33.847;4.9;36.0;PAR;05:42.971;4.4;35.0;ITA;06:35.846;4.8;38.0
790;ROU;02:37.970;4.8;36.0;NED;03:33.820;4.9;35.0;CZE;04:34.920;4.9;36.0;PAR;05:44.162;4.4;35.0;ITA;06:36.842;4.9;38.0
795;ROU;02:38.915;4.8;36.0;NED;03:34.719;4.9;35.0;CZE;04:35.901;4.9;36.0;PAR;05:45.231;4.4;35.0;ITA;06:37.816;4.9;38.0
800;ROU;02:39.997;4.8;36.0;NED;03:35.808;5.0;35.0;CZE;04:36.994;4.8;36.0;PAR;05:46.342;4.4;35.0;ITA;06:38.891;4.9;38.0
805;ROU;02:41.059;4.8;36.0;NED;03:36.785;5.0;35.0;CZE;04:38.001;4.8;36.0;PAR;05:47.510;4.5;35.0;ITA;06:39.806;5.0;38.0
810;ROU;02:41.987;4.8;36.0;NED;03:37.783;5.0;35.0;CZE;04:39.050;4.8;36.0;PAR;05:48.503;4.5;35.0;ITA;06:40.878;4.9;38.0
815;ROU;02:43.090;4.9;36.0;NED;03:38.831;5.0;35.0;CZE;04:40.112;4.8;36.0;PAR;05:49.643;4.6;35.0;ITA;06:41.950;4.9;38.0
820;ROU;02:44.067;4.9;36.0;NED;03:39.751;5.0;35.0;CZE;04:41.041;4.9;36.0;PAR;05:50.770;4.6;35.0;ITA;06:42.875;4.9;38.0
825;ROU;02:45.098;4.9;36.0;NED;03:40.837;5.0;35.0;CZE;04:42.169;4.9;36.0;PAR;05:51.753;4.6;35.0;ITA;06:43.978;4.9;38.0
830;ROU;02:46.170;4.9;36.0;NED;03:41.784;4.9;35.0;CZE;04:43.229;4.8;36.0;PAR;05:52.922;4.6;35.0;ITA;06:45.037;4.9;38.0
835;ROU;02:47.088;4.9;36.0;NED;03:42.834;4.9;35.0;CZE;04:44.194;4.8;36.0;PAR;05:54.033;4.6;35.0;ITA;06:45.962;4.8;38.0
840;ROU;02:48.207;4.9;36.0;NED;03:43.887;4.9;35.0;CZE;04:45.310;4.8;36.0;PAR;05:55.039;4.6;35.0;ITA;06:47.062;4.9;38.0
845;ROU;02:49.182;4.9;36.0;NED;03:44.829;5.0;35.0;CZE;04:46.302;4.8;36.0;PAR;05:56.220;4.6;35.0;ITA;06:48.091;4.9;38.0
850;ROU;02:50.231;4.9;35.0;NED;03:45.922;4.9;35.0;CZE;04:47.337;4.8;36.0;PAR;05:57.266;4.6;35.0;ITA;06:49.036;4.9;38.0
855;ROU;02:51.324;4.9;35.0;NED;03:46.841;4.9;35.0;CZE;04:48.425;4.8;36.0;PAR;05:58.377;4.6;35.0;ITA;06:50.135;4.9;38.0
860;ROU;02:52.256;4.8;35.0;NED;03:47.940;4.9;35.0;CZE;04:49.355;4.8;36.0;PAR;05:59.517;4.6;35.0;ITA;06:51.122;4.9;38.0
865;ROU;02:53.384;4.8;35.0;NED;03:48.971;4.9;35.0;CZE;04:50.471;4.8;36.0;PAR;06:00.490;4.6;35.0;ITA;06:52.126;4.9;38.0
870;ROU;02:54.404;4.8;35.0;NED;03:49.957;4.9;35.0;CZE;04:51.524;4.9;36.0;PAR;06:01.678;4.6;34.0;ITA;06:53.210;4.9;38.0
875;ROU;02:55.409;4.8;35.0;NED;03:51.053;4.9;35.0;CZE;04:52.514;4.8;36.0;PAR;06:02.787;4.6;34.0;ITA;06:54.156;4.9;38.0
880;ROU;02:56.517;4.8;35.0;NED;03:51.985;4.8;35.0;CZE;04:53.578;4.8;36.0;PAR;06:03.802;4.6;34.0;ITA;06:55.232;4.9;38.0
885;ROU;02:57.468;4.8;35.0;NED;03:53.101;4.8;34.0;CZE;04:54.540;4.8;36.0;PAR;06:04.998;4.6;35.0;ITA;06:56.307;4.9;38.0
890;ROU;02:58.553;4.8;36.0;NED;03:54.072;4.8;34.0;CZE;04:55.602;4.8;36.0;PAR;06:06.128;4.5;35.0;ITA;06:57.230;4.8;37.0
895;ROU;02:59.624;4.8;36.0;NED;03:55.108;4.9;34.0;CZE;04:56.657;4.9;36.0;PAR;06:07.177;4.4;35.0;ITA;06:58.325;4.8;37.0
900;ROU;03:00.570;4.8;36.0;NED;03:56.157;4.9;34.0;CZE;04:57.584;4.9;36.0;PAR;06:08.390;4.4;35.0;ITA;06:59.367;4.9;37.0
905;ROU;03:01.689;4.8;36.0;NED;03:57.090;4.9;34.0;CZE;04:58.706;4.9;36.0;PAR;06:09.502;4.4;35.0;ITA;07:00.300;4.9;37.0
910;ROU;03:02.685;4.8;36.0;NED;03:58.183;5.0;34.0;CZE;04:59.724;4.8;36.0;PAR;06:10.602;4.4;34.0;ITA;07:01.402;4.9;37.0
915;ROU;03:03.727;4.8;36.0;NED;03:59.096;5.0;34.0;CZE;05:00.712;4.8;36.0;PAR;06:11.796;4.4;34.0;ITA;07:02.409;4.9;37.0
920;ROU;03:04.818;4.8;36.0;NED;04:00.206;4.9;34.0;CZE;05:01.813;4.8;36.0;PAR;06:12.832;4.4;34.0;ITA;07:03.400;4.9;37.0
925;ROU;03:05.753;4.8;36.0;NED;04:01.223;4.9;34.0;CZE;05:02.754;4.9;36.0;PAR;06:13.949;4.5;34.0;ITA;07:04.498;4.9;37.0
930;ROU;03:06.869;4.8;36.0;NED;04:02.219;4.9;34.0;CZE;05:03.845;4.9;36.0;PAR;06:15.099;4.5;34.0;ITA;07:05.427;4.9;37.0
935;ROU;03:07.914;4.8;36.0;NED;04:03.313;4.9;34.0;CZE;05:04.911;4.8;36.0;PAR;06:16.077;4.6;34.0;ITA;07:06.518;4.8;37.0
940;ROU;03:08.877;4.8;36.0;NED;04:04.239;4.9;34.0;CZE;05:05.852;4.8;36.0;PAR;06:17.258;4.6;34.0;ITA;07:07.605;4.8;37.0
945;ROU;03:09.983;4.8;36.0;NED;04:05.367;4.8;34.0;CZE;05:06.980;4.8;36.0;PAR;06:18.361;4.6;34.0;ITA;07:08.537;4.8;37.0
950;ROU;03:10.928;4.9;36.0;NED;04:06.392;4.8;34.0;CZE;05:07.996;4.8;36.0;PAR;06:19.392;4.6;34.0;ITA;07:09.622;4.8;37.0
955;ROU;03:12.027;4.9;36.0;NED;04:07.418;4.8;34.0;CZE;05:09.002;4.8;36.0;PAR;06:20.545;4.6;34.0;ITA;07:10.688;4.9;37.0
960;ROU;03:13.091;4.9;36.0;NED;04:08.517;4.8;34.0;CZE;05:10.100;4.8;36.0;PAR;06:21.567;4.6;34.0;ITA;07:11.610;4.9;37.0
965;ROU;03:14.026;4.8;36.0;NED;04:09.445;4.8;34.0;CZE;05:11.030;4.8;36.0;PAR;06:22.711;4.6;35.0;ITA;07:12.707;4.9;37.0
970;ROU;03:15.141;4.8;36.0;NED;04:10.561;4.8;34.0;CZE;05:12.147;4.8;36.0;PAR;06:23.813;4.6;35.0;ITA;07:13.731;4.9;37.0
975;ROU;03:16.137;4.8;36.0;NED;04:11.559;4.8;34.0;CZE;05:13.197;4.8;36.0;PAR;06:24.775;4.6;35.0;ITA;07:14.722;4.9;37.0
980;ROU;03:17.164;4.8;36.0;NED;04:12.563;4.9;35.0;CZE;05:14.154;4.8;36.0;PAR;06:25.946;4.6;35.0;ITA;07:15.774;4.9;37.0
985;ROU;03:18.233;4.9;36.0;NED;04:13.630;4.9;35.0;CZE;05:15.268;4.8;36.0;PAR;06:27.086;4.6;35.0;ITA;07:16.753;4.9;37.0
990;ROU;03:19.158;4.9;36.0;NED;04:14.533;4.9;35.0;CZE;05:16.225;4.8;36.0;PAR;06:28.091;4.6;35.0;ITA;07:17.763;4.9;37.0
995;ROU;03:20.255;4.9;36.0;NED;04:15.626;4.9;35.0;CZE;05:17.286;4.9;36.0;PAR;06:29.276;4.5;35.0;ITA;07:18.832;4.9;37.0
1000;ROU;03:21.304;4.9;36.0;NED;04:16.623;5.0;35.0;CZE;05:18.351;4.9;36.0;PAR;06:30.356;4.5;35.0;ITA;07:19.762;4.9;37.0
1005;ROU;03:22.253;4.9;36.0;NED;04:17.605;5.0;36.0;CZE;05:19.274;4.9;36.0;PAR;06:31.404;4.5;35.0;ITA;07:20.829;4.9;37.0
1010;ROU;03:23.353;4.9;36.0;NED;04:18.674;4.9;36.0;CZE;05:20.387;4.9;36.0;PAR;06:32.574;4.6;35.0;ITA;07:21.885;4.9;37.0
1015;ROU;03:24.302;4.9;36.0;NED;04:19.578;4.9;36.0;CZE;05:21.384;4.9;36.0;PAR;06:33.601;4.6;35.0;ITA;07:22.804;4.9;37.0
1020;ROU;03:25.358;4.9;36.0;NED;04:20.664;4.9;36.0;CZE;05:22.386;4.9;36.0;PAR;06:34.726;4.6;35.0;ITA;07:23.903;4.9;37.0
1025;ROU;03:26.420;4.9;36.0;NED;04:21.647;5.0;36.0;CZE;05:23.457;4.9;36.0;PAR;06:35.888;4.6;35.0;ITA;07:24.917;4.9;37.0
1030;ROU;03:27.346;4.9;36.0;NED;04:22.651;5.0;36.0;CZE;05:24.361;4.9;36.0;PAR;06:36.883;4.5;35.0;ITA;07:25.866;4.9;37.0
1035;ROU;03:28.461;4.9;36.0;NED;04:23.711;4.9;35.0;CZE;05:25.463;4.9;36.0;PAR;06:38.067;4.5;35.0;ITA;07:26.953;4.9;37.0
1040;ROU;03:29.428;4.9;36.0;NED;04:24.625;4.9;35.0;CZE;05:26.445;5.0;36.0;PAR;06:39.202;4.5;35.0;ITA;07:27.926;4.9;37.0
1045;ROU;03:30.448;4.9;36.0;NED;04:25.724;5.0;35.0;CZE;05:27.392;5.0;36.0;PAR;06:40.197;4.5;35.0;ITA;07:28.929;4.9;37.0
1050;ROU;03:31.524;4.9;36.0;NED;04:26.670;4.9;35.0;CZE;05:28.459;5.1;36.0;PAR;06:41.381;4.5;35.0;ITA;07:29.988;5.0;38.0
1055;ROU;03:32.439;4.9;36.0;NED;04:27.734;4.9;35.0;CZE;05:29.363;5.0;36.0;PAR;06:42.438;4.6;35.0;ITA;07:30.908;5.0;38.0
1060;ROU;03:33.549;4.9;36.0;NED;04:28.775;4.9;35.0;CZE;05:30.442;5.0;36.0;PAR;06:43.495;4.6;35.0;ITA;07:31.956;4.9;38.0
1065;ROU;03:34.542;4.9;36.0;NED;04:29.710;4.9;35.0;CZE;05:31.470;5.0;36.0;PAR;06:44.659;4.6;35.0;ITA;07:32.995;4.9;38.0
1070;ROU;03:35.538;4.9;36.0;NED;04:30.783;4.9;35.0;CZE;05:32.421;5.0;36.0;PAR;06:45.671;4.6;35.0;ITA;07:33.891;5.0;38.0
1075;ROU;03:36.605;4.9;36.0;NED;04:31.687;4.9;35.0;CZE;05:33.516;4.9;36.0;PAR;06:46.798;4.6;35.0;ITA;07:34.973;5.0;38.0
1080;ROU;03:37.509;4.9;36.0;NED;04:32.755;5.0;35.0;CZE;05:34.456;4.9;36.0;PAR;06:47.953;4.6;35.0;ITA;07:36.010;5.0;38.0
1085;ROU;03:38.609;5.0;36.0;NED;04:33.770;5.0;35.0;CZE;05:35.541;4.9;36.0;PAR;06:48.944;4.6;35.0;ITA;07:36.937;5.0;38.0
1090;ROU;03:39.621;5.0;36.0;NED;04:34.726;5.0;35.0;CZE;05:36.599;4.9;36.0;PAR;06:50.126;4.5;35.0;ITA;07:38.029;4.9;38.0
1095;ROU;03:40.593;4.9;36.0;NED;04:35.807;5.0;35.0;CZE;05:37.543;4.9;36.0;PAR;06:51.267;4.5;35.0;ITA;07:39.028;4.9;38.0
1100;ROU;03:41.684;4.9;36.0;NED;04:36.709;4.9;35.0;CZE;05:38.654;4.9;36.0;PAR;06:52.262;4.5;35.0;ITA;07:40.012;4.9;38.0
1105;ROU;03:42.614;4.9;36.0;NED;04:37.799;4.9;35.0;CZE;05:39.620;4.9;36.0;PAR;06:53.444;4.5;35.0;ITA;07:41.074;4.9;38.0
1110;ROU;03:43.696;4.9;36.0;NED;04:38.813;4.9;35.0;CZE;05:40.675;4.9;36.0;PAR;06:54.559;4.5;35.0;ITA;07:42.062;4.9;38.0
1115;ROU;03:44.748;4.9;36.0;NED;04:39.777;4.9;35.0;CZE;05:41.742;4.9;36.0;PAR;06:55.577;4.5;35.0;ITA;07:43.053;4.9;38.0
1120;ROU;03:45.691;4.9;36.0;NED;04:40.851;4.9;35.0;CZE;05:42.667;4.9;36.0;PAR;06:56.754;4.6;35.0;ITA;07:44.144;4.9;38.0
1125;ROU;03:46.800;4.9;36.0;NED;04:41.762;4.9;35.0;CZE;05:43.786;4.9;36.0;PAR;06:57.813;4.6;35.0;ITA;07:45.121;4.9;39.0
1130;ROU;03:47.768;4.9;36.0;NED;04:42.849;4.9;35.0;CZE;05:44.794;4.9;36.0;PAR;06:58.873;4.6;35.0;ITA;07:46.137;4.9;39.0
1135;ROU;03:48.805;4.9;36.0;NED;04:43.863;5.0;35.0;CZE;05:45.810;4.8;36.0;PAR;07:00.033;4.6;35.0;ITA;07:47.224;4.9;39.0
1140;ROU;03:49.879;4.9;36.0;NED;04:44.838;5.0;35.0;CZE;05:46.902;4.8;36.0;PAR;07:01.035;4.6;35.0;ITA;07:48.188;4.9;38.0
1145;ROU;03:50.808;4.9;36.0;NED;04:45.926;4.9;35.0;CZE;05:47.841;4.9;36.0;PAR;07:02.163;4.6;35.0;ITA;07:49.236;4.9;38.0
1150;ROU;03:51.915;4.9;36.0;NED;04:46.854;4.9;35.0;CZE;05:48.957;4.8;36.0;PAR;07:03.305;4.6;35.0;ITA;07:50.318;4.8;38.0
1155;ROU;03:52.930;4.9;36.0;NED;04:47.942;4.9;35.0;CZE;05:50.008;4.8;36.0;PAR;07:04.278;4.6;35.0;ITA;07:51.262;4.8;38.0
1160;ROU;03:53.920;4.9;36.0;NED;04:48.952;4.9;35.0;CZE;05:50.953;4.8;36.0;PAR;07:05.449;4.6;35.0;ITA;07:52.343;4.8;38.0
1165;ROU;03:55.020;4.9;36.0;NED;04:49.940;4.9;35.0;CZE;05:52.058;4.8;36.0;PAR;07:06.551;4.6;35.0;ITA;07:53.414;4.8;38.0
1170;ROU;03:55.964;4.9;36.0;NED;04:51.018;4.9;35.0;CZE;05:52.983;4.9;36.0;PAR;07:07.541;4.6;35.0;ITA;07:54.338;4.9;38.0
1175;ROU;03:57.051;4.9;36.0;NED;04:51.930;4.9;35.0;CZE;05:54.074;4.9;36.0;PAR;07:08.704;4.6;35.0;ITA;07:55.428;4.9;38.0
1180;ROU;03:58.117;4.8;36.0;NED;04:53.027;4.9;35.0;CZE;05:55.111;4.9;36.0;PAR;07:09.743;4.6;35.0;ITA;07:56.474;4.9;38.0
1185;ROU;03:59.049;4.8;36.0;NED;04:54.040;4.9;35.0;CZE;05:56.021;4.9;36.0;PAR;07:10.794;4.7;35.0;ITA;07:57.399;4.9;38.0
1190;ROU;04:00.157;4.8;36.0;NED;04:55.029;4.9;35.0;CZE;05:57.133;4.9;36.0;PAR;07:11.940;4.7;35.0;ITA;07:58.494;4.9;38.0
1195;ROU;04:01.133;4.9;36.0;NED;04:56.110;4.9;35.0;CZE;05:58.121;4.9;36.0;PAR;07:12.928;4.6;35.0;ITA;07:59.532;4.9;38.0
1200;ROU;04:02.172;4.9;36.0;NED;04:57.025;4.9;35.0;CZE;05:59.110;4.9;36.0;PAR;07:14.058;4.6;35.0;ITA;08:00.469;4.9;38.0
1205;ROU;04:03.258;4.9;36.0;NED;04:58.140;4.9;35.0;CZE;06:00.179;4.9;36.0;PAR;07:15.186;4.6;35.0;ITA;08:01.567;4.9;38.0
1210;ROU;04:04.188;4.9;36.0;NED;04:59.125;4.9;35.0;CZE;06:01.076;4.9;36.0;PAR;07:16.156;4.6;35.0;ITA;08:02.580;4.9;38.0
1215;ROU;04:05.297;4.8;36.0;NED;05:00.168;4.9;35.0;CZE;06:02.180;4.9;36.0;PAR;07:17.311;4.6;35.0;ITA;08:03.550;4.9;38.0
1220;ROU;04:06.328;4.9;36.0;NED;05:01.224;4.9;35.0;CZE;06:03.204;4.9;36.0;PAR;07:18.412;4.6;35.0;ITA;08:04.643;4.9;38.0
1225;ROU;04:07.299;4.9;36.0;NED;05:02.135;4.9;35.0;CZE;06:04.169;4.9;36.0;PAR;07:19.408;4.6;35.0;ITA;08:05.612;4.9;38.0
1230;ROU;04:08.404;4.9;36.0;NED;05:03.224;4.9;35.0;CZE;06:05.280;4.9;36.0;PAR;07:20.581;4.6;35.0;ITA;08:06.618;4.9;38.0
1235;ROU;04:09.336;4.9;36.0;NED;05:04.176;4.9;35.0;CZE;06:06.211;4.9;36.0;PAR;07:21.666;4.6;35.0;ITA;08:07.684;4.9;38.0
1240;ROU;04:10.415;4.9;36.0;NED;05:05.226;5.0;35.0;CZE;06:07.334;4.8;36.0;PAR;07:22.705;4.6;35.0;ITA;08:08.585;5.0;38.0
1245;ROU;04:11.477;4.9;36.0;NED;05:06.271;5.0;35.0;CZE;06:08.409;4.8;36.0;PAR;07:23.875;4.6;35.0;ITA;08:09.658;5.0;38.0
1250;ROU;04:12.428;4.9;36.0;NED;05:07.214;5.0;35.0;CZE;06:09.358;4.8;36.0;PAR;07:24.899;4.6;35.0;ITA;08:10.696;5.0;38.0
1255;ROU;04:13.520;4.9;36.0;NED;05:08.291;4.9;35.0;CZE;06:10.488;4.8;36.0;PAR;07:25.991;4.6;35.0;ITA;08:11.600;5.0;38.0
1260;ROU;04:14.516;4.9;36.0;NED;05:09.240;4.9;35.0;CZE;06:11.483;4.8;36.0;PAR;07:27.135;4.6;35.0;ITA;08:12.657;5.0;38.0
1265;ROU;04:15.549;4.9;36.0;NED;05:10.302;4.9;35.0;CZE;06:12.484;4.9;36.0;PAR;07:28.126;4.6;35.0;ITA;08:13.661;5.0;38.0
1270;ROU;04:16.640;4.8;36.0;NED;05:11.361;4.9;35.0;CZE;06:13.579;4.9;36.0;PAR;07:29.303;4.6;35.0;ITA;08:14.581;5.0;38.0
1275;ROU;04:17.568;4.8;36.0;NED;05:12.301;4.9;35.0;CZE;06:14.491;4.9;36.0;PAR;07:30.452;4.6;35.0;ITA;08:15.654;5.1;38.0
1280;ROU;04:18.649;4.8;36.0;NED;05:13.404;4.9;35.0;CZE;06:15.603;4.8;36.0;PAR;07:31.460;4.5;35.0;ITA;08:16.626;5.1;38.0
1285;ROU;04:19.692;4.9;36.0;NED;05:14.351;4.9;35.0;CZE;06:16.647;4.9;36.0;PAR;07:32.660;4.5;35.0;ITA;08:17.595;5.0;38.0
1290;ROU;04:20.628;4.9;36.0;NED;05:15.408;4.9;35.0;CZE;06:17.601;4.9;36.0;PAR;07:33.800;4.5;35.0;ITA;08:18.662;5.0;39.0
1295;ROU;04:21.728;4.9;36.0;NED;05:16.440;4.9;35.0;CZE;06:18.703;4.9;36.0;PAR;07:34.809;4.5;35.0;ITA;08:19.600;5.0;39.0
1300;ROU;04:22.679;4.9;36.0;NED;05:17.381;4.9;35.0;CZE;06:19.655;4.9;36.0;PAR;07:35.997;4.5;35.0;ITA;08:20.634;5.0;38.0
1305;ROU;04:23.741;4.9;36.0;NED;05:18.453;5.0;35.0;CZE;06:20.721;4.9;36.0;PAR;07:37.099;4.5;35.0;ITA;08:21.686;5.0;38.0
1310;ROU;04:24.801;4.9;36.0;NED;05:19.348;5.0;35.0;CZE;06:21.779;4.9;36.0;PAR;07:38.102;4.6;35.0;ITA;08:22.591;5.0;38.0
1315;ROU;04:25.734;4.9;36.0;NED;05:20.437;5.0;35.0;CZE;06:22.717;4.9;36.0;PAR;07:39.265;4.6;35.0;ITA;08:23.645;5.0;38.0
1320;ROU;04:26.839;4.9;36.0;NED;05:21.426;5.0;35.0;CZE;06:23.833;4.9;36.0;PAR;07:40.270;4.6;35.0;ITA;08:24.664;5.0;38.0
1325;ROU;04:27.805;4.9;36.0;NED;05:22.425;5.0;35.0;CZE;06:24.835;4.9;36.0;PAR;07:41.367;4.7;35.0;ITA;08:25.570;5.0;38.0
1330;ROU;04:28.844;4.9;36.0;NED;05:23.469;5.0;35.0;CZE;06:25.866;4.8;36.0;PAR;07:42.502;4.6;35.0;ITA;08:26.637;5.1;38.0
1335;ROU;04:29.916;4.9;36.0;NED;05:24.421;4.9;35.0;CZE;06:26.972;4.8;36.0;PAR;07:43.483;4.6;35.0;ITA;08:27.621;5.1;38.0
1340;ROU;04:30.836;4.9;36.0;NED;05:25.493;4.9;35.0;CZE;06:27.908;4.8;36.0;PAR;07:44.670;4.6;34.0;ITA;08:28.562;5.0;38.0
1345;ROU;04:31.947;4.9;36.0;NED;05:26.416;4.9;34.0;CZE;06:29.017;4.8;36.0;PAR;07:45.749;4.6;34.0;ITA;08:29.621;5.1;38.0
1350;ROU;04:32.948;4.9;36.0;NED;05:27.491;4.9;34.0;CZE;06:30.079;4.8;36.0;PAR;07:46.811;4.6;34.0;ITA;08:30.553;5.1;38.0
1355;ROU;04:33.953;4.9;36.0;NED;05:28.495;5.0;34.0;CZE;06:31.015;4.8;36.0;PAR;07:47.964;4.6;34.0;ITA;08:31.558;5.0;38.0
1360;ROU;04:35.039;4.9;36.0;NED;05:29.458;5.0;34.0;CZE;06:32.130;4.8;36.0;PAR;07:48.928;4.6;34.0;ITA;08:32.590;5.1;38.0
1365;ROU;04:35.962;4.9;36.0;NED;05:30.512;5.0;34.0;CZE;06:33.116;4.9;36.0;PAR;07:50.100;4.6;33.0;ITA;08:33.485;5.1;38.0
1370;ROU;04:37.060;4.9;36.0;NED;05:31.412;5.0;34.0;CZE;06:34.144;4.9;36.0;PAR;07:51.175;4.6;33.0;ITA;08:34.544;5.1;38.0
1375;ROU;04:38.088;4.9;36.0;NED;05:32.498;5.0;35.0;CZE;06:35.230;4.9;36.0;PAR;07:52.238;4.6;33.0;ITA;08:35.565;5.1;39.0
1380;ROU;04:39.052;4.9;36.0;NED;05:33.443;5.0;35.0;CZE;06:36.164;4.9;36.0;PAR;07:53.409;4.6;33.0;ITA;08:36.464;5.1;39.0
1385;ROU;04:40.146;4.9;36.0;NED;05:34.474;5.0;35.0;CZE;06:37.301;4.8;36.0;PAR;07:54.401;4.6;33.0;ITA;08:37.544;5.1;39.0
1390;ROU;04:41.066;4.9;36.0;NED;05:35.514;5.0;35.0;CZE;06:38.375;4.8;36.0;PAR;07:55.578;4.6;33.0;ITA;08:38.539;5.1;39.0
1395;ROU;04:42.163;4.9;36.0;NED;05:36.437;5.0;35.0;CZE;06:39.332;4.8;36.0;PAR;07:56.699;4.5;33.0;ITA;08:39.483;5.0;39.0
1400;ROU;04:43.218;4.9;36.0;NED;05:37.516;5.0;35.0;CZE;06:40.475;4.8;36.0;PAR;07:57.731;4.5;33.0;ITA;08:40.559;5.0;39.0
1405;ROU;04:44.154;4.9;36.0;NED;05:38.420;5.0;35.0;CZE;06:41.528;4.8;36.0;PAR;07:58.916;4.5;33.0;ITA;08:41.513;5.0;39.0
1410;ROU;04:45.256;4.9;36.0;NED;05:39.511;5.0;35.0;CZE;06:42.518;4.7;36.0;PAR;07:59.924;4.5;33.0;ITA;08:42.493;5.0;39.0
1415;ROU;04:46.225;4.9;36.0;NED;05:40.507;5.0;35.0;CZE;06:43.626;4.7;36.0;PAR;08:01.080;4.5;33.0;ITA;08:43.540;5.0;39.0
1420;ROU;04:47.264;4.9;36.0;NED;05:41.501;4.9;35.0;CZE;06:44.579;4.8;36.0;PAR;08:02.227;4.5;33.0;ITA;08:44.457;5.0;39.0
1425;ROU;04:48.339;4.9;36.0;NED;05:42.554;4.9;35.0;CZE;06:45.632;4.8;36.0;PAR;08:03.222;4.5;34.0;ITA;08:45.488;5.0;39.0
1430;ROU;04:49.253;4.9;36.0;NED;05:43.451;5.0;35.0;CZE;06:46.678;4.9;36.0;PAR;08:04.426;4.5;34.0;ITA;08:46.519;5.1;39.0
1435;ROU;04:50.359;4.9;36.0;NED;05:44.538;5.0;35.0;CZE;06:47.603;4.9;36.0;PAR;08:05.512;4.5;34.0;ITA;08:47.416;5.1;39.0
1440;ROU;04:51.375;4.9;36.0;NED;05:45.484;5.0;35.0;CZE;06:48.688;4.9;36.0;PAR;08:06.580;4.5;34.0;ITA;08:48.498;5.0;39.0
1445;ROU;04:52.356;4.9;36.0;NED;05:46.499;5.0;35.0;CZE;06:49.699;5.0;37.0;PAR;08:07.745;4.5;34.0;ITA;08:49.496;5.0;39.0
1450;ROU;04:53.444;4.9;36.0;NED;05:47.541;5.0;35.0;CZE;06:50.672;5.0;37.0;PAR;08:08.733;4.5;34.0;ITA;08:50.410;5.0;39.0
1455;ROU;04:54.379;4.9;36.0;NED;05:48.452;5.0;36.0;CZE;06:51.763;4.9;37.0;PAR;08:09.918;4.6;34.0;ITA;08:51.480;5.0;39.0
1460;ROU;04:55.466;4.9;36.0;NED;05:49.545;5.0;36.0;CZE;06:52.708;4.9;37.0;PAR;08:11.079;4.6;34.0;ITA;08:52.461;5.0;39.0
1465;ROU;04:56.516;4.9;36.0;NED;05:50.515;5.0;36.0;CZE;06:53.799;4.9;37.0;PAR;08:12.097;4.5;34.0;ITA;08:53.438;5.0;39.0
1470;ROU;04:57.447;4.9;36.0;NED;05:51.524;4.9;36.0;CZE;06:54.877;4.8;37.0;PAR;08:13.336;4.4;34.0;ITA;08:54.524;4.9;39.0
1475;ROU;04:58.545;4.9;36.0;NED;05:52.572;4.9;36.0;CZE;06:55.813;4.8;36.0;PAR;08:14.502;4.4;34.0;ITA;08:55.503;4.9;39.0
1480;ROU;04:59.502;4.9;36.0;NED;05:53.464;4.9;36.0;CZE;06:56.943;4.8;36.0;PAR;08:15.567;4.4;34.0;ITA;08:56.494;4.9;39.0
1485;ROU;05:00.535;4.9;36.0;NED;05:54.544;5.0;36.0;CZE;06:57.981;4.8;36.0;PAR;08:16.778;4.3;34.0;ITA;08:57.560;4.9;39.0
1490;ROU;05:01.589;4.9;36.0;NED;05:55.441;5.1;36.0;CZE;06:58.961;4.8;36.0;PAR;08:17.869;4.3;34.0;ITA;08:58.505;4.9;39.0
1495;ROU;05:02.507;4.9;36.0;NED;05:56.468;5.1;36.0;CZE;07:00.066;4.8;36.0;PAR;08:18.982;4.4;34.0;ITA;08:59.523;4.9;39.0
1500;ROU;05:03.606;4.9;36.0;NED;05:57.501;5.1;36.0;CZE;07:01.023;4.8;36.0;PAR;08:20.152;4.4;34.0;ITA;09:00.569;5.0;39.0
1505;ROU;05:04.599;4.9;36.0;NED;05:58.382;5.1;36.0;CZE;07:02.087;4.8;36.0;PAR;08:21.199;4.5;34.0;ITA;09:01.464;5.0;39.0
1510;ROU;05:05.603;4.9;36.0;NED;05:59.446;5.1;36.0;CZE;07:03.152;4.9;36.0;PAR;08:22.322;4.5;34.0;ITA;09:02.518;5.0;39.0
1515;ROU;05:06.690;4.9;36.0;NED;06:00.382;5.1;36.0;CZE;07:04.067;4.9;36.0;PAR;08:23.481;4.5;35.0;ITA;09:03.538;5.1;39.0
1520;ROU;05:07.622;4.9;36.0;NED;06:01.383;5.1;36.0;CZE;07:05.178;4.9;36.0;PAR;08:24.473;4.5;35.0;ITA;09:04.433;5.1;39.0
1525;ROU;05:08.725;4.9;36.0;NED;06:02.413;5.1;36.0;CZE;07:06.194;4.9;36.0;PAR;08:25.641;4.6;35.0;ITA;09:05.492;5.1;39.0
1530;ROU;05:09.773;4.9;36.0;NED;06:03.307;5.1;36.0;CZE;07:07.176;4.9;36.0;PAR;08:26.738;4.6;35.0;ITA;09:06.488;5.1;39.0
1535;ROU;05:10.739;4.8;36.0;NED;06:04.373;5.1;36.0;CZE;07:08.248;4.9;37.0;PAR;08:27.707;4.6;35.0;ITA;09:07.405;5.1;39.0
1540;ROU;05:11.849;4.8;36.0;NED;06:05.274;5.1;36.0;CZE;07:09.190;4.9;37.0;PAR;08:28.857;4.7;35.0;ITA;09:08.481;5.1;39.0
1545;ROU;05:12.830;4.8;36.0;NED;06:06.320;5.1;36.0;CZE;07:10.235;4.9;37.0;PAR;08:29.939;4.7;35.0;ITA;09:09.471;5.1;39.0
1550;ROU;05:13.850;4.8;36.0;NED;06:07.320;5.1;36.0;CZE;07:11.295;4.9;37.0;PAR;08:30.923;4.7;36.0;ITA;09:10.465;5.0;39.0
1555;ROU;05:14.920;4.9;36.0;NED;06:08.247;5.1;36.0;CZE;07:12.205;4.9;37.0;PAR;08:32.075;4.7;36.0;ITA;09:11.516;4.9;39.0
1560;ROU;05:15.834;4.9;36.0;NED;06:09.308;5.1;36.0;CZE;07:13.308;4.9;37.0;PAR;08:33.113;4.7;36.0;ITA;09:12.470;4.9;39.0
1565;ROU;05:16.935;4.9;36.0;NED;06:10.207;5.1;36.0;CZE;07:14.331;4.9;37.0;PAR;08:34.166;4.7;36.0;ITA;09:13.458;4.9;39.0
1570;ROU;05:17.960;4.9;36.0;NED;06:11.281;5.0;36.0;CZE;07:15.301;4.9;37.0;PAR;08:35.300;4.6;36.0;ITA;09:14.511;5.0;39.0
1575;ROU;05:18.916;4.9;36.0;NED;06:12.273;5.0;36.0;CZE;07:16.408;4.9;37.0;PAR;08:36.282;4.6;36.0;ITA;09:15.403;5.0;39.0
1580;ROU;05:20.010;4.9;36.0;NED;06:13.223;5.0;36.0;CZE;07:17.385;4.9;37.0;PAR;08:37.389;4.7;36.0;ITA;09:16.457;5.0;39.0
1585;ROU;05:20.957;4.9;36.0;NED;06:14.267;5.0;36.0;CZE;07:18.417;4.9;37.0;PAR;08:38.506;4.7;36.0;ITA;09:17.498;5.0;39.0
1590;ROU;05:22.027;4.9;36.0;NED;06:15.140;5.1;36.0;CZE;07:19.494;4.9;37.0;PAR;08:39.478;4.7;36.0;ITA;09:18.408;5.1;39.0
1595;ROU;05:23.093;4.9;36.0;NED;06:16.188;5.1;36.0;CZE;07:20.421;4.9;37.0;PAR;08:40.613;4.7;36.0;ITA;09:19.472;5.1;39.0
1600;ROU;05:24.018;4.9;36.0;NED;06:17.118;5.2;36.0;CZE;07:21.515;4.8;37.0;PAR;08:41.735;4.7;36.0;ITA;09:20.510;5.0;39.0
1605;ROU;05:25.123;4.9;36.0;NED;06:18.087;5.2;36.0;CZE;07:22.551;4.9;37.0;PAR;08:42.711;4.6;36.0;ITA;09:21.427;5.0;39.0
1610;ROU;05:26.111;4.9;36.0;NED;06:19.097;5.2;36.0;CZE;07:23.480;4.9;37.0;PAR;08:43.879;4.6;36.0;ITA;09:22.518;4.9;39.0
1615;ROU;05:27.123;4.9;36.0;NED;06:19.975;5.2;36.0;CZE;07:24.578;4.9;37.0;PAR;08:45.018;4.6;37.0;ITA;09:23.556;4.9;39.0
1620;ROU;05:28.202;4.9;36.0;NED;06:21.015;5.2;36.0;CZE;07:25.549;4.9;37.0;PAR;08:46.015;4.6;37.0;ITA;09:24.475;4.9;39.0
1625;ROU;05:29.105;4.9;36.0;NED;06:21.878;5.2;36.0;CZE;07:26.547;4.9;37.0;PAR;08:47.166;4.6;37.0;ITA;09:25.562;4.9;39.0
1630;ROU;05:30.200;4.9;36.0;NED;06:22.933;5.2;36.0;CZE;07:27.610;4.9;37.0;PAR;08:48.280;4.6;37.0;ITA;09:26.575;4.9;39.0
1635;ROU;05:31.219;4.9;36.0;NED;06:23.892;5.2;36.0;CZE;07:28.504;4.9;37.0;PAR;08:49.253;4.6;37.0;ITA;09:27.497;4.9;39.0
1640;ROU;05:32.162;5.0;36.0;NED;06:24.866;5.2;36.0;CZE;07:29.596;4.9;37.0;PAR;08:50.418;4.6;37.0;ITA;09:28.571;5.0;39.0
1645;ROU;05:33.242;5.0;36.0;NED;06:25.897;5.1;36.0;CZE;07:30.606;5.0;37.0;PAR;08:51.520;4.7;37.0;ITA;09:29.550;5.0;39.0
1650;ROU;05:34.171;5.0;36.0;NED;06:26.772;5.1;36.0;CZE;07:31.533;5.0;37.0;PAR;08:52.510;4.7;36.0;ITA;09:30.508;5.0;39.0
1655;ROU;05:35.229;4.9;36.0;NED;06:27.840;5.1;36.0;CZE;07:32.597;5.0;37.0;PAR;08:53.691;4.6;36.0;ITA;09:31.566;5.0;39.0
1660;ROU;05:36.290;4.9;36.0;NED;06:28.740;5.1;36.0;CZE;07:33.528;5.0;37.0;PAR;08:54.756;4.6;36.0;ITA;09:32.515;5.0;39.0
1665;ROU;05:37.258;4.9;36.0;NED;06:29.770;5.1;36.0;CZE;07:34.543;5.1;37.0;PAR;08:55.735;4.6;36.0;ITA;09:33.520;5.0;39.0
1670;ROU;05:38.366;4.9;37.0;NED;06:30.783;5.1;36.0;CZE;07:35.589;5.1;37.0;PAR;08:56.865;4.7;36.0;ITA;09:34.579;5.0;39.0
1675;ROU;05:39.387;4.8;37.0;NED;06:31.691;5.1;36.0;CZE;07:36.491;5.0;37.0;PAR;08:57.880;4.7;36.0;ITA;09:35.497;5.0;39.0
1680;ROU;05:40.356;4.8;37.0;NED;06:32.752;5.1;36.0;CZE;07:37.596;5.0;37.0;PAR;08:58.882;4.8;37.0;ITA;09:36.547;5.0;39.0
1685;ROU;05:41.460;4.9;37.0;NED;06:33.647;5.1;36.0;CZE;07:38.631;4.9;37.0;PAR;08:59.999;4.8;37.0;ITA;09:37.591;5.0;39.0
1690;ROU;05:42.330;4.9;37.0;NED;06:34.704;5.1;36.0;CZE;07:39.602;4.9;37.0;PAR;09:00.980;4.8;37.0;ITA;09:38.492;5.0;39.0
1695;ROU;05:43.438;5.0;36.0;NED;06:35.704;5.1;36.0;CZE;07:40.681;4.9;37.0;PAR;09:02.074;4.8;37.0;ITA;09:39.566;5.0;39.0
1700;ROU;05:44.496;5.0;36.0;NED;06:36.645;5.1;36.0;CZE;07:41.653;4.9;37.0;PAR;09:03.176;4.8;37.0;ITA;09:40.599;5.0;39.0
1705;ROU;05:45.428;4.9;36.0;NED;06:37.699;5.1;36.0;CZE;07:42.660;4.9;37.0;PAR;09:04.153;4.7;37.0;ITA;09:41.500;5.0;39.0
1710;ROU;05:46.543;4.8;36.0;NED;06:38.583;5.1;36.0;CZE;07:43.722;4.9;37.0;PAR;09:05.278;4.7;37.0;ITA;09:42.580;5.0;39.0
1715;ROU;05:47.555;4.8;36.0;NED;06:39.657;5.1;36.0;CZE;07:44.639;4.9;37.0;PAR;09:06.408;4.6;37.0;ITA;09:43.588;5.0;39.0
1720;ROU;05:48.546;4.8;36.0;NED;06:40.595;5.1;36.0;CZE;07:45.711;5.0;37.0;PAR;09:07.414;4.6;37.0;ITA;09:44.514;5.0;39.0
1725;ROU;05:49.645;4.9;37.0;NED;06:41.571;5.1;36.0;CZE;07:46.748;5.0;38.0;PAR;09:08.543;4.6;37.0;ITA;09:45.592;5.0;39.0
1730;ROU;05:50.587;4.9;37.0;NED;06:42.618;5.1;36.0;CZE;07:47.654;4.9;38.0;PAR;09:09.671;4.6;37.0;ITA;09:46.605;5.0;39.0
1735;ROU;05:51.643;4.9;37.0;NED;06:43.515;5.1;36.0;CZE;07:48.758;4.9;38.0;PAR;09:10.665;4.6;37.0;ITA;09:47.555;5.0;39.0
1740;ROU;05:52.712;4.9;37.0;NED;06:44.608;5.0;36.0;CZE;07:49.794;4.9;38.0;PAR;09:11.780;4.6;37.0;ITA;09:48.654;4.9;39.0
1745;ROU;05:53.627;4.9;37.0;NED;06:45.594;5.0;36.0;CZE;07:50.743;4.9;38.0;PAR;09:12.878;4.7;37.0;ITA;09:49.666;4.9;39.0
1750;ROU;05:54.735;4.9;37.0;NED;06:46.590;5.0;36.0;CZE;07:51.840;4.9;38.0;PAR;09:13.837;4.7;37.0;ITA;09:50.607;4.9;39.0
1755;ROU;05:55.773;4.9;37.0;NED;06:47.654;4.9;36.0;CZE;07:52.827;4.9;38.0;PAR;09:14.973;4.7;38.0;ITA;09:51.684;4.9;39.0
1760;ROU;05:56.748;4.9;37.0;NED;06:48.549;4.9;36.0;CZE;07:53.824;4.9;38.0;PAR;09:16.118;4.7;38.0;ITA;09:52.692;4.9;39.0
1765;ROU;05:57.865;4.9;37.0;NED;06:49.628;4.9;36.0;CZE;07:54.853;4.9;38.0;PAR;09:17.160;4.6;38.0;ITA;09:53.624;5.0;40.0
1770;ROU;05:58.869;4.8;37.0;NED;06:50.598;5.0;36.0;CZE;07:55.756;5.0;38.0;PAR;09:18.216;4.6;38.0;ITA;09:54.721;5.0;40.0
1775;ROU;05:59.891;4.8;37.0;NED;06:51.581;5.0;36.0;CZE;07:56.800;5.0;38.0;PAR;09:19.368;4.6;38.0;ITA;09:55.772;4.9;40.0
1780;ROU;06:00.997;4.8;37.0;NED;06:52.641;5.1;36.0;CZE;07:57.827;5.1;38.0;PAR;09:20.435;4.6;38.0;ITA;09:56.687;4.9;40.0
1785;ROU;06:01.993;4.8;37.0;NED;06:53.558;5.1;36.0;CZE;07:58.733;5.1;38.0;PAR;09:21.422;4.6;38.0;ITA;09:57.764;4.9;40.0
1790;ROU;06:03.019;4.8;37.0;NED;06:54.656;5.0;36.0;CZE;07:59.819;5.0;38.0;PAR;09:22.545;4.7;38.0;ITA;09:58.798;4.9;40.0
1795;ROU;06:04.122;4.8;38.0;NED;06:55.634;4.9;36.0;CZE;08:00.794;5.0;38.0;PAR;09:23.612;4.8;39.0;ITA;09:59.700;4.9;40.0
1800;ROU;06:05.115;4.8;38.0;NED;06:56.637;4.9;36.0;CZE;08:01.742;5.0;38.0;PAR;09:24.584;4.8;39.0;ITA;10:00.747;5.0;40.0
1805;ROU;06:06.120;4.8;38.0;NED;06:57.695;4.9;36.0;CZE;08:02.791;5.0;38.0;PAR;09:25.725;4.8;39.0;ITA;10:01.761;5.0;40.0
1810;ROU;06:07.207;4.8;38.0;NED;06:58.581;5.0;36.0;CZE;08:03.703;5.0;38.0;PAR;09:26.798;4.7;39.0;ITA;10:02.649;5.1;40.0
1815;ROU;06:08.219;4.9;39.0;NED;06:59.647;5.0;36.0;CZE;08:04.732;5.1;38.0;PAR;09:27.761;4.7;39.0;ITA;10:03.673;5.1;40.0
1820;ROU;06:09.197;4.9;39.0;NED;07:00.584;5.1;36.0;CZE;08:05.758;5.1;38.0;PAR;09:28.851;4.7;39.0;ITA;10:04.675;5.2;41.0
1825;ROU;06:10.250;4.9;39.0;NED;07:01.551;5.1;36.0;CZE;08:06.642;5.1;38.0;PAR;09:29.952;4.8;39.0;ITA;10:05.557;5.2;41.0
1830;ROU;06:11.239;4.9;40.0;NED;07:02.570;5.1;37.0;CZE;08:07.717;5.1;38.0;PAR;09:30.921;4.8;39.0;ITA;10:06.590;5.2;41.0
1835;ROU;06:12.150;5.0;40.0;NED;07:03.424;5.2;37.0;CZE;08:08.733;5.1;38.0;PAR;09:31.975;4.8;39.0;ITA;10:07.590;5.2;41.0
1840;ROU;06:13.186;5.0;40.0;NED;07:04.459;5.2;37.0;CZE;08:09.667;5.0;38.0;PAR;09:33.069;4.8;39.0;ITA;10:08.482;5.1;41.0
1845;ROU;06:14.137;5.1;41.0;NED;07:05.367;5.3;37.0;CZE;08:10.787;5.0;38.0;PAR;09:34.053;4.8;39.0;ITA;10:09.513;5.1;41.0
1850;ROU;06:15.040;5.1;41.0;NED;07:06.319;5.3;37.0;CZE;08:11.828;4.9;38.0;PAR;09:35.065;4.8;39.0;ITA;10:10.530;5.1;41.0
1855;ROU;06:16.055;5.2;41.0;NED;07:07.310;5.3;37.0;CZE;08:12.825;4.8;38.0;PAR;09:36.163;4.8;39.0;ITA;10:11.429;5.1;41.0
1860;ROU;06:16.969;5.3;41.0;NED;07:08.162;5.3;37.0;CZE;08:13.912;4.8;38.0;PAR;09:37.135;4.8;39.0;ITA;10:12.477;5.1;41.0
1865;ROU;06:17.884;5.3;41.0;NED;07:09.199;5.3;37.0;CZE;08:14.913;4.8;38.0;PAR;09:38.154;4.9;40.0;ITA;10:13.475;5.1;41.0
1870;ROU;06:18.881;5.3;41.0;NED;07:10.088;5.3;37.0;CZE;08:15.883;4.8;38.0;PAR;09:39.257;4.9;40.0;ITA;10:14.374;5.1;41.0
1875;ROU;06:19.762;5.3;41.0;NED;07:11.102;5.3;37.0;CZE;08:16.962;4.9;38.0;PAR;09:40.313;4.9;40.0;ITA;10:15.402;5.1;41.0
1880;ROU;06:20.705;5.3;41.0;NED;07:12.054;5.2;37.0;CZE;08:17.911;4.9;38.0;PAR;09:41.275;4.8;40.0;ITA;10:16.426;5.1;41.0
1885;ROU;06:21.689;5.4;41.0;NED;07:12.960;5.2;37.0;CZE;08:18.888;5.0;38.0;PAR;09:42.414;4.7;40.0;ITA;10:17.316;5.1;41.0
1890;ROU;06:22.548;5.4;41.0;NED;07:13.980;5.2;37.0;CZE;08:19.923;5.0;38.0;PAR;09:43.524;4.7;40.0;ITA;10:18.341;5.1;41.0
1895;ROU;06:23.515;5.4;42.0;NED;07:14.839;5.3;37.0;CZE;08:20.828;5.1;38.0;PAR;09:44.536;4.7;40.0;ITA;10:19.361;5.1;41.0
1900;ROU;06:24.499;5.4;42.0;NED;07:15.857;5.3;37.0;CZE;08:21.893;5.1;38.0;PAR;09:45.646;4.6;40.0;ITA;10:20.246;5.1;41.0
1905;ROU;06:25.365;5.3;42.0;NED;07:16.825;5.3;37.0;CZE;08:22.910;5.1;38.0;PAR;09:46.768;4.6;40.0;ITA;10:21.283;5.1;41.0
1910;ROU;06:26.356;5.3;42.0;NED;07:17.743;5.3;37.0;CZE;08:23.793;5.0;38.0;PAR;09:47.778;4.6;40.0;ITA;10:22.303;5.1;41.0
1915;ROU;06:27.332;5.3;42.0;NED;07:18.786;5.3;37.0;CZE;08:24.850;5.0;39.0;PAR;09:48.804;4.6;40.0;ITA;10:23.202;5.1;41.0
1920;ROU;06:28.191;5.3;42.0;NED;07:19.656;5.2;37.0;CZE;08:25.794;5.1;39.0;PAR;09:49.929;4.7;40.0;ITA;10:24.206;5.1;41.0
1925;ROU;06:29.166;5.3;42.0;NED;07:20.707;5.1;37.0;CZE;08:26.724;5.1;39.0;PAR;09:50.970;4.8;40.0;ITA;10:25.214;5.1;41.0
1930;ROU;06:30.131;5.3;42.0;NED;07:21.614;5.1;37.0;CZE;08:27.748;5.2;39.0;PAR;09:51.905;4.8;40.0;ITA;10:26.094;5.1;41.0
1935;ROU;06:30.958;5.3;42.0;NED;07:22.562;5.1;37.0;CZE;08:28.655;5.2;39.0;PAR;09:52.974;4.8;40.0;ITA;10:27.096;5.1;41.0
1940;ROU;06:31.956;5.4;42.0;NED;07:23.563;5.2;37.0;CZE;08:29.654;5.2;39.0;PAR;09:54.042;4.9;40.0;ITA;10:28.093;5.2;41.0
1945;ROU;06:32.912;5.4;42.0;NED;07:24.392;5.3;37.0;CZE;08:30.636;5.2;39.0;PAR;09:55.033;4.9;41.0;ITA;10:28.943;5.2;41.0
1950;ROU;06:33.761;5.4;43.0;NED;07:25.398;5.3;37.0;CZE;08:31.494;5.2;39.0;PAR;09:56.027;4.9;41.0;ITA;10:29.961;5.3;41.0
1955;ROU;06:34.755;5.4;43.0;NED;07:26.231;5.4;38.0;CZE;08:32.536;5.2;39.0;PAR;09:57.121;4.9;41.0;ITA;10:30.947;5.3;41.0
1960;ROU;06:35.726;5.4;43.0;NED;07:27.214;5.4;38.0;CZE;08:33.520;5.2;39.0;PAR;09:58.162;4.9;41.0;ITA;10:31.821;5.3;41.0
1965;ROU;06:36.573;5.3;43.0;NED;07:28.153;5.4;38.0;CZE;08:34.416;5.2;39.0;PAR;09:59.106;4.8;41.0;ITA;10:32.856;5.2;41.0
1970;ROU;06:37.565;5.3;42.0;NED;07:29.012;5.4;38.0;CZE;08:35.475;5.2;39.0;PAR;10:00.216;4.8;41.0;ITA;10:33.822;5.2;41.0
1975;ROU;06:38.518;5.4;42.0;NED;07:30.001;5.5;38.0;CZE;08:36.402;5.1;39.0;PAR;10:01.278;4.8;41.0;ITA;10:34.694;5.2;41.0
1980;ROU;06:39.364;5.4;42.0;NED;07:30.829;5.5;38.0;CZE;08:37.380;5.1;39.0;PAR;10:02.244;4.8;41.0;ITA;10:35.728;5.2;41.0
1985;ROU;06:40.360;5.4;42.0;NED;07:31.841;5.4;38.0;CZE;08:38.423;5.1;39.0;PAR;10:03.272;4.8;41.0;ITA;10:36.693;5.2;41.0
1990;ROU;06:41.286;5.4;42.0;NED;07:32.741;5.4;38.0;CZE;08:39.344;5.1;39.0;PAR;10:04.340;4.9;41.0;ITA;10:37.576;5.2;41.0
1995;ROU;06:42.170;5.4;42.0;NED;07:33.708;5.4;38.0;CZE;08:40.312;5.1;39.0;PAR;10:05.334;4.9;41.0;ITA;10:38.601;5.2;41.0
2000;ROU;06:43.182;5.4;42.0;NED;07:34.655;5.3;37.0;CZE;08:41.326;5.2;39.0;PAR;10:06.340;4.9;41.0;ITA;10:39.553;5.3;41.0
