Distance;ShortName1;Time1;Speed1;Stroke1;ShortName2;Time2;Speed2;Stroke2;ShortName3;Time3;Speed3;Stroke3;ShortName4;Time4;Speed4;Stroke4;ShortName5;Time5;Speed5;Stroke5;ShortName6;Time6;Speed6;Stroke6;
5;CZE;00:02.616;3.2;0.0;CRO;00:02.750;3.2;0.0;GBR;00:02.794;3.3;0.0;NED;00:02.702;3.4;0.0;GER;00:02.746;3.3;0.0;ROU;00:03.400;1.8;0.0
10;CZE;00:03.824;3.9;49.0;CRO;00:03.939;4.1;49.0;GBR;00:03.944;3.6;0.0;NED;00:03.868;4.1;45.0;GER;00:03.897;3.9;41.0;ROU;00:04.612;3.8;47.0
15;CZE;00:04.875;4.3;49.0;CRO;00:04.936;4.5;49.0;GBR;00:05.014;4.1;39.0;NED;00:04.810;4.3;45.0;GER;00:04.886;4.2;41.0;ROU;00:05.592;4.6;48.0
20;CZE;00:05.777;4.5;50.0;CRO;00:05.796;4.6;49.0;GBR;00:05.987;4.4;40.0;NED;00:05.769;4.6;46.0;GER;00:05.965;4.5;42.0;ROU;00:06.473;4.8;49.0
25;CZE;00:06.627;4.9;50.0;CRO;00:06.754;5.0;49.0;GBR;00:06.832;5.0;42.0;NED;00:06.697;5.1;47.0;GER;00:06.812;4.9;43.0;ROU;00:07.339;5.3;49.0
30;CZE;00:07.564;5.4;50.0;CRO;00:07.582;5.4;49.0;GBR;00:07.678;5.4;43.0;NED;00:07.474;5.4;47.0;GER;00:07.600;5.2;43.0;ROU;00:08.148;5.6;50.0
35;CZE;00:08.384;5.7;50.0;CRO;00:08.355;5.7;49.0;GBR;00:08.533;5.8;44.0;NED;00:08.279;5.8;48.0;GER;00:08.516;5.7;43.0;ROU;00:08.993;5.9;50.0
40;CZE;00:09.148;5.9;50.0;CRO;00:09.145;6.0;49.0;GBR;00:09.247;6.0;44.0;NED;00:09.113;6.1;48.0;GER;00:09.257;5.9;44.0;ROU;00:09.820;6.0;50.0
45;CZE;00:09.987;6.0;50.0;CRO;00:09.981;6.1;49.0;GBR;00:10.115;6.1;45.0;NED;00:09.848;6.3;49.0;GER;00:10.107;6.1;44.0;ROU;00:10.576;6.1;51.0
50;CZE;00:10.798;6.1;50.0;CRO;00:10.698;6.3;49.0;GBR;00:10.875;6.3;45.0;NED;00:10.609;6.4;49.0;GER;00:10.899;6.2;44.0;ROU;00:11.366;6.2;51.0
55;CZE;00:11.541;6.3;49.0;CRO;00:11.529;6.4;49.0;GBR;00:11.613;6.3;45.0;NED;00:11.418;6.4;50.0;GER;00:11.612;6.3;44.0;ROU;00:12.186;6.3;52.0
60;CZE;00:12.356;6.3;49.0;CRO;00:12.286;6.4;49.0;GBR;00:12.451;6.4;46.0;NED;00:12.137;6.5;50.0;GER;00:12.467;6.4;45.0;ROU;00:12.939;6.3;52.0
65;CZE;00:13.137;6.4;49.0;CRO;00:12.984;6.5;49.0;GBR;00:13.139;6.4;46.0;NED;00:12.866;6.6;50.0;GER;00:13.182;6.4;45.0;ROU;00:13.686;6.4;52.0
70;CZE;00:13.857;6.4;49.0;CRO;00:13.815;6.6;49.0;GBR;00:13.971;6.5;46.0;NED;00:13.669;6.7;51.0;GER;00:13.997;6.4;45.0;ROU;00:14.519;6.4;52.0
75;CZE;00:14.688;6.4;49.0;CRO;00:14.533;6.6;49.0;GBR;00:14.724;6.5;46.0;NED;00:14.354;6.7;51.0;GER;00:14.767;6.5;45.0;ROU;00:15.274;6.5;52.0
80;CZE;00:15.415;6.5;49.0;CRO;00:15.293;6.6;48.0;GBR;00:15.475;6.6;45.0;NED;00:15.135;6.7;51.0;GER;00:15.536;6.5;45.0;ROU;00:16.010;6.5;52.0
85;CZE;00:16.200;6.5;49.0;CRO;00:16.084;6.6;48.0;GBR;00:16.271;6.6;45.0;NED;00:15.904;6.7;51.0;GER;00:16.329;6.5;45.0;ROU;00:16.829;6.5;52.0
90;CZE;00:16.997;6.5;49.0;CRO;00:16.772;6.6;48.0;GBR;00:16.971;6.6;45.0;NED;00:16.581;6.7;51.0;GER;00:17.020;6.5;45.0;ROU;00:17.583;6.5;52.0
95;CZE;00:17.693;6.5;49.0;CRO;00:17.595;6.6;48.0;GBR;00:17.792;6.6;45.0;NED;00:17.389;6.7;51.0;GER;00:17.867;6.5;45.0;ROU;00:18.353;6.5;52.0
100;CZE;00:18.526;6.5;48.0;CRO;00:18.311;6.6;48.0;GBR;00:18.480;6.6;45.0;NED;00:18.120;6.7;51.0;GER;00:18.561;6.5;44.0;ROU;00:19.132;6.5;52.0
105;CZE;00:19.280;6.5;48.0;CRO;00:19.085;6.6;48.0;GBR;00:19.313;6.6;45.0;NED;00:18.855;6.7;50.0;GER;00:19.395;6.5;44.0;ROU;00:19.879;6.5;52.0
110;CZE;00:20.017;6.5;48.0;CRO;00:19.861;6.6;47.0;GBR;00:20.023;6.6;44.0;NED;00:19.654;6.7;50.0;GER;00:20.159;6.5;44.0;ROU;00:20.620;6.5;52.0
115;CZE;00:20.827;6.5;48.0;CRO;00:20.569;6.6;47.0;GBR;00:20.831;6.6;44.0;NED;00:20.332;6.7;50.0;GER;00:20.920;6.5;44.0;ROU;00:21.440;6.5;52.0
120;CZE;00:21.515;6.5;48.0;CRO;00:21.392;6.6;47.0;GBR;00:21.581;6.6;44.0;NED;00:21.172;6.6;49.0;GER;00:21.733;6.5;44.0;ROU;00:22.183;6.5;52.0
125;CZE;00:22.320;6.5;48.0;CRO;00:22.083;6.6;47.0;GBR;00:22.352;6.6;44.0;NED;00:21.909;6.6;49.0;GER;00:22.459;6.4;44.0;ROU;00:22.941;6.5;52.0
130;CZE;00:23.090;6.6;48.0;CRO;00:22.900;6.6;47.0;GBR;00:23.135;6.5;43.0;NED;00:22.686;6.6;48.0;GER;00:23.281;6.5;44.0;ROU;00:23.759;6.5;52.0
135;CZE;00:23.796;6.6;48.0;CRO;00:23.650;6.6;47.0;GBR;00:23.863;6.5;43.0;NED;00:23.471;6.6;48.0;GER;00:23.975;6.4;44.0;ROU;00:24.497;6.5;51.0
140;CZE;00:24.612;6.6;48.0;CRO;00:24.403;6.6;46.0;GBR;00:24.680;6.5;43.0;NED;00:24.166;6.5;48.0;GER;00:24.834;6.5;44.0;ROU;00:25.274;6.5;51.0
145;CZE;00:25.326;6.6;48.0;CRO;00:25.211;6.6;46.0;GBR;00:25.386;6.5;43.0;NED;00:25.005;6.5;47.0;GER;00:25.556;6.4;44.0;ROU;00:26.083;6.4;51.0
150;CZE;00:26.113;6.6;48.0;CRO;00:25.945;6.5;46.0;GBR;00:26.220;6.5;43.0;NED;00:25.750;6.5;47.0;GER;00:26.384;6.4;43.0;ROU;00:26.800;6.4;51.0
155;CZE;00:26.898;6.6;48.0;CRO;00:26.755;6.5;46.0;GBR;00:26.910;6.5;42.0;NED;00:26.527;6.5;47.0;GER;00:27.151;6.4;43.0;ROU;00:27.607;6.4;51.0
160;CZE;00:27.606;6.6;48.0;CRO;00:27.466;6.5;45.0;GBR;00:27.755;6.5;42.0;NED;00:27.339;6.5;47.0;GER;00:27.952;6.4;43.0;ROU;00:28.408;6.4;51.0
165;CZE;00:28.436;6.6;48.0;CRO;00:28.292;6.5;45.0;GBR;00:28.451;6.5;42.0;NED;00:28.045;6.4;46.0;GER;00:28.747;6.4;43.0;ROU;00:29.138;6.5;50.0
170;CZE;00:29.158;6.5;48.0;CRO;00:29.060;6.5;45.0;GBR;00:29.298;6.5;42.0;NED;00:28.893;6.4;46.0;GER;00:29.461;6.4;43.0;ROU;00:29.954;6.5;50.0
175;CZE;00:29.970;6.5;47.0;CRO;00:29.833;6.4;45.0;GBR;00:29.987;6.5;42.0;NED;00:29.617;6.4;46.0;GER;00:30.316;6.4;43.0;ROU;00:30.741;6.4;50.0
180;CZE;00:30.767;6.5;47.0;CRO;00:30.634;6.4;45.0;GBR;00:30.829;6.5;42.0;NED;00:30.426;6.4;46.0;GER;00:31.017;6.4;43.0;ROU;00:31.465;6.4;50.0
185;CZE;00:31.497;6.4;47.0;CRO;00:31.340;6.4;45.0;GBR;00:31.566;6.5;42.0;NED;00:31.220;6.4;46.0;GER;00:31.882;6.4;42.0;ROU;00:32.314;6.4;50.0
190;CZE;00:32.343;6.4;46.0;CRO;00:32.196;6.4;44.0;GBR;00:32.378;6.5;41.0;NED;00:31.947;6.4;46.0;GER;00:32.578;6.4;42.0;ROU;00:33.078;6.4;50.0
195;CZE;00:33.064;6.4;46.0;CRO;00:32.910;6.4;44.0;GBR;00:33.143;6.5;41.0;NED;00:32.788;6.4;46.0;GER;00:33.443;6.4;42.0;ROU;00:33.832;6.4;49.0
200;CZE;00:33.909;6.4;46.0;CRO;00:33.761;6.4;44.0;GBR;00:33.925;6.4;41.0;NED;00:33.491;6.4;45.0;GER;00:34.202;6.4;42.0;ROU;00:34.665;6.4;49.0
205;CZE;00:34.694;6.3;45.0;CRO;00:34.533;6.4;44.0;GBR;00:34.721;6.4;41.0;NED;00:34.339;6.4;45.0;GER;00:35.022;6.4;42.0;ROU;00:35.386;6.4;49.0
210;CZE;00:35.466;6.3;45.0;CRO;00:35.326;6.4;44.0;GBR;00:35.474;6.4;41.0;NED;00:35.103;6.4;45.0;GER;00:35.805;6.4;42.0;ROU;00:36.195;6.4;49.0
215;CZE;00:36.305;6.3;45.0;CRO;00:36.151;6.3;43.0;GBR;00:36.297;6.4;41.0;NED;00:35.878;6.4;45.0;GER;00:36.579;6.3;42.0;ROU;00:37.012;6.4;49.0
220;CZE;00:37.027;6.3;45.0;CRO;00:36.887;6.3;43.0;GBR;00:37.025;6.4;41.0;NED;00:36.700;6.4;45.0;GER;00:37.399;6.3;41.0;ROU;00:37.721;6.4;49.0
225;CZE;00:37.893;6.3;44.0;CRO;00:37.752;6.3;43.0;GBR;00:37.865;6.4;41.0;NED;00:37.426;6.4;45.0;GER;00:38.122;6.3;41.0;ROU;00:38.559;6.4;49.0
230;CZE;00:38.651;6.3;44.0;CRO;00:38.468;6.3;43.0;GBR;00:38.582;6.4;41.0;NED;00:38.276;6.4;45.0;GER;00:38.983;6.4;41.0;ROU;00:39.358;6.4;49.0
235;CZE;00:39.474;6.3;44.0;CRO;00:39.347;6.3;43.0;GBR;00:39.438;6.4;41.0;NED;00:38.997;6.4;44.0;GER;00:39.687;6.3;41.0;ROU;00:40.077;6.4;49.0
240;CZE;00:40.279;6.3;44.0;CRO;00:40.093;6.3;42.0;GBR;00:40.148;6.4;41.0;NED;00:39.851;6.4;44.0;GER;00:40.561;6.3;41.0;ROU;00:40.931;6.4;49.0
245;CZE;00:41.047;6.2;44.0;CRO;00:40.935;6.3;42.0;GBR;00:41.015;6.4;41.0;NED;00:40.631;6.3;44.0;GER;00:41.273;6.3;41.0;ROU;00:41.697;6.4;49.0
250;CZE;00:41.913;6.2;44.0;CRO;00:41.738;6.3;42.0;GBR;00:41.723;6.3;41.0;NED;00:41.413;6.3;44.0;GER;00:42.137;6.3;41.0;ROU;00:42.482;6.4;49.0
255;CZE;00:42.658;6.2;44.0;CRO;00:42.519;6.2;42.0;GBR;00:42.593;6.3;41.0;NED;00:42.238;6.3;44.0;GER;00:42.848;6.3;41.0;ROU;00:43.297;6.4;49.0
260;CZE;00:43.516;6.2;44.0;CRO;00:43.375;6.3;42.0;GBR;00:43.318;6.3;41.0;NED;00:42.953;6.3;44.0;GER;00:43.721;6.3;41.0;ROU;00:44.045;6.3;49.0
265;CZE;00:44.332;6.2;44.0;CRO;00:44.114;6.2;42.0;GBR;00:44.175;6.3;40.0;NED;00:43.824;6.3;44.0;GER;00:44.464;6.3;41.0;ROU;00:44.849;6.3;49.0
270;CZE;00:45.105;6.2;44.0;CRO;00:45.005;6.2;42.0;GBR;00:44.935;6.3;40.0;NED;00:44.545;6.3;44.0;GER;00:45.325;6.3;41.0;ROU;00:45.678;6.3;49.0
275;CZE;00:45.971;6.2;44.0;CRO;00:45.728;6.1;42.0;GBR;00:45.759;6.3;40.0;NED;00:45.413;6.3;43.0;GER;00:46.125;6.3;41.0;ROU;00:46.405;6.3;48.0
280;CZE;00:46.700;6.1;44.0;CRO;00:46.620;6.1;42.0;GBR;00:46.541;6.3;40.0;NED;00:46.184;6.3;43.0;GER;00:46.881;6.3;41.0;ROU;00:47.256;6.3;48.0
285;CZE;00:47.582;6.1;44.0;CRO;00:47.394;6.1;42.0;GBR;00:47.346;6.3;40.0;NED;00:46.983;6.3;43.0;GER;00:47.736;6.3;41.0;ROU;00:48.061;6.3;48.0
290;CZE;00:48.378;6.1;44.0;CRO;00:48.246;6.1;41.0;GBR;00:48.152;6.3;40.0;NED;00:47.815;6.3;43.0;GER;00:48.465;6.2;41.0;ROU;00:48.811;6.3;48.0
295;CZE;00:49.182;6.1;44.0;CRO;00:49.060;6.2;41.0;GBR;00:48.935;6.3;40.0;NED;00:48.534;6.3;43.0;GER;00:49.340;6.3;41.0;ROU;00:49.675;6.3;48.0
300;CZE;00:50.035;6.2;44.0;CRO;00:49.834;6.1;41.0;GBR;00:49.765;6.3;40.0;NED;00:49.409;6.3;43.0;GER;00:50.056;6.2;41.0;ROU;00:50.414;6.2;48.0
305;CZE;00:50.777;6.1;44.0;CRO;00:50.707;6.1;41.0;GBR;00:50.532;6.2;40.0;NED;00:50.132;6.3;43.0;GER;00:50.944;6.2;40.0;ROU;00:51.257;6.2;47.0
310;CZE;00:51.656;6.1;43.0;CRO;00:51.444;6.1;41.0;GBR;00:51.384;6.3;39.0;NED;00:51.001;6.3;43.0;GER;00:51.663;6.2;40.0;ROU;00:52.111;6.2;47.0
315;CZE;00:52.411;6.1;43.0;CRO;00:52.341;6.1;41.0;GBR;00:52.128;6.2;39.0;NED;00:51.791;6.2;43.0;GER;00:52.549;6.2;40.0;ROU;00:52.846;6.2;47.0
320;CZE;00:53.259;6.2;43.0;CRO;00:53.095;6.1;41.0;GBR;00:52.999;6.3;39.0;NED;00:52.601;6.2;43.0;GER;00:53.290;6.2;40.0;ROU;00:53.714;6.2;46.0
325;CZE;00:54.062;6.2;43.0;CRO;00:53.968;6.1;41.0;GBR;00:53.727;6.2;39.0;NED;00:53.430;6.3;43.0;GER;00:54.150;6.2;40.0;ROU;00:54.500;6.2;46.0
330;CZE;00:54.851;6.2;43.0;CRO;00:54.776;6.1;41.0;GBR;00:54.614;6.2;39.0;NED;00:54.184;6.2;43.0;GER;00:54.930;6.2;40.0;ROU;00:55.284;6.2;46.0
335;CZE;00:55.719;6.2;43.0;CRO;00:55.588;6.1;41.0;GBR;00:55.333;6.2;39.0;NED;00:55.059;6.2;43.0;GER;00:55.755;6.2;40.0;ROU;00:56.142;6.2;46.0
340;CZE;00:56.453;6.1;43.0;CRO;00:56.446;6.1;41.0;GBR;00:56.222;6.2;39.0;NED;00:55.793;6.1;42.0;GER;00:56.575;6.2;40.0;ROU;00:56.873;6.2;45.0
345;CZE;00:57.341;6.2;43.0;CRO;00:57.206;6.1;41.0;GBR;00:56.944;6.2;39.0;NED;00:56.680;6.1;42.0;GER;00:57.362;6.2;40.0;ROU;00:57.747;6.2;45.0
350;CZE;00:58.087;6.1;42.0;CRO;00:58.097;6.1;41.0;GBR;00:57.832;6.2;39.0;NED;00:57.436;6.2;42.0;GER;00:58.218;6.2;40.0;ROU;00:58.546;6.2;45.0
355;CZE;00:58.965;6.2;42.0;CRO;00:58.838;6.1;41.0;GBR;00:58.561;6.2;39.0;NED;00:58.267;6.2;42.0;GER;00:58.972;6.1;40.0;ROU;00:59.324;6.2;45.0
360;CZE;00:59.763;6.2;42.0;CRO;00:59.740;6.1;41.0;GBR;00:59.446;6.2;39.0;NED;00:59.095;6.2;42.0;GER;00:59.848;6.1;40.0;ROU;01:00.191;6.1;45.0
365;CZE;01:00.597;6.1;41.0;CRO;01:00.479;6.1;41.0;GBR;01:00.182;6.2;39.0;NED;00:59.863;6.1;42.0;GER;01:00.600;6.1;40.0;ROU;01:00.928;6.1;45.0
370;CZE;01:01.440;6.1;41.0;CRO;01:01.383;6.1;41.0;GBR;01:01.060;6.2;38.0;NED;01:00.754;6.2;42.0;GER;01:01.492;6.1;40.0;ROU;01:01.809;6.2;45.0
375;CZE;01:02.219;6.1;41.0;CRO;01:02.213;6.1;41.0;GBR;01:01.802;6.2;38.0;NED;01:01.486;6.1;42.0;GER;01:02.229;6.1;39.0;ROU;01:02.630;6.2;45.0
380;CZE;01:03.100;6.1;41.0;CRO;01:03.009;6.0;41.0;GBR;01:02.674;6.2;38.0;NED;01:02.368;6.1;42.0;GER;01:03.134;6.1;39.0;ROU;01:03.404;6.1;45.0
385;CZE;01:03.859;6.0;41.0;CRO;01:03.890;6.0;41.0;GBR;01:03.433;6.2;38.0;NED;01:03.153;6.1;42.0;GER;01:03.884;6.1;39.0;ROU;01:04.284;6.1;45.0
390;CZE;01:04.769;6.0;40.0;CRO;01:04.651;6.0;41.0;GBR;01:04.298;6.2;38.0;NED;01:03.981;6.1;42.0;GER;01:04.771;6.1;39.0;ROU;01:05.036;6.1;45.0
395;CZE;01:05.526;6.0;40.0;CRO;01:05.567;6.0;41.0;GBR;01:05.075;6.2;38.0;NED;01:04.828;6.1;42.0;GER;01:05.553;6.1;39.0;ROU;01:05.912;6.1;45.0
400;CZE;01:06.445;5.9;40.0;CRO;01:06.333;6.0;41.0;GBR;01:05.931;6.1;38.0;NED;01:05.592;6.1;42.0;GER;01:06.402;6.1;39.0;ROU;01:06.742;6.1;44.0
405;CZE;01:07.254;5.9;40.0;CRO;01:07.242;6.0;41.0;GBR;01:06.682;6.1;38.0;NED;01:06.479;6.1;42.0;GER;01:07.222;6.1;39.0;ROU;01:07.521;6.1;44.0
410;CZE;01:08.086;5.9;40.0;CRO;01:08.057;6.0;41.0;GBR;01:07.564;6.1;38.0;NED;01:07.219;6.1;42.0;GER;01:08.031;6.1;39.0;ROU;01:08.413;6.1;44.0
415;CZE;01:08.965;6.0;40.0;CRO;01:08.914;5.9;41.0;GBR;01:08.371;6.1;38.0;NED;01:08.122;6.1;42.0;GER;01:08.887;6.1;39.0;ROU;01:09.163;6.0;44.0
420;CZE;01:09.741;6.0;40.0;CRO;01:09.777;5.9;41.0;GBR;01:09.212;6.1;38.0;NED;01:08.903;6.1;41.0;GER;01:09.664;6.1;39.0;ROU;01:10.051;6.0;44.0
425;CZE;01:10.655;6.0;40.0;CRO;01:10.547;5.9;40.0;GBR;01:10.031;6.1;38.0;NED;01:09.773;6.1;41.0;GER;01:10.550;6.1;39.0;ROU;01:10.881;6.0;44.0
430;CZE;01:11.425;5.9;40.0;CRO;01:11.470;5.9;40.0;GBR;01:10.835;6.1;38.0;NED;01:10.612;6.1;41.0;GER;01:11.300;6.0;39.0;ROU;01:11.665;6.0;43.0
435;CZE;01:12.351;5.9;40.0;CRO;01:12.231;5.9;40.0;GBR;01:11.682;6.1;38.0;NED;01:11.407;6.0;41.0;GER;01:12.201;6.0;39.0;ROU;01:12.554;6.0;43.0
440;CZE;01:13.163;5.9;40.0;CRO;01:13.165;5.9;40.0;GBR;01:12.471;6.1;38.0;NED;01:12.294;6.0;41.0;GER;01:12.941;6.0;39.0;ROU;01:13.300;6.0;43.0
445;CZE;01:14.041;5.9;40.0;CRO;01:13.970;5.9;40.0;GBR;01:13.339;6.1;38.0;NED;01:13.039;6.0;41.0;GER;01:13.861;6.1;39.0;ROU;01:14.212;6.1;43.0
450;CZE;01:14.915;5.9;40.0;CRO;01:14.846;5.9;40.0;GBR;01:14.114;6.1;38.0;NED;01:13.948;6.0;41.0;GER;01:14.608;6.1;39.0;ROU;01:15.009;6.1;43.0
455;CZE;01:15.721;5.8;40.0;CRO;01:15.725;5.9;40.0;GBR;01:14.996;6.1;38.0;NED;01:14.713;6.0;41.0;GER;01:15.525;6.1;39.0;ROU;01:15.858;6.0;43.0
460;CZE;01:16.629;5.8;40.0;CRO;01:16.521;5.9;40.0;GBR;01:15.766;6.0;38.0;NED;01:15.587;6.0;41.0;GER;01:16.295;6.0;39.0;ROU;01:16.723;6.0;43.0
465;CZE;01:17.399;5.8;40.0;CRO;01:17.438;5.9;40.0;GBR;01:16.657;6.0;38.0;NED;01:16.416;6.1;41.0;GER;01:17.188;5.9;39.0;ROU;01:17.474;6.0;43.0
470;CZE;01:18.330;5.9;40.0;CRO;01:18.207;5.8;40.0;GBR;01:17.421;6.0;38.0;NED;01:17.222;6.0;41.0;GER;01:17.997;5.9;39.0;ROU;01:18.387;6.0;43.0
475;CZE;01:19.114;5.9;40.0;CRO;01:19.139;5.9;40.0;GBR;01:18.324;6.0;38.0;NED;01:18.103;6.1;41.0;GER;01:18.845;5.9;39.0;ROU;01:19.203;6.0;43.0
480;CZE;01:20.016;5.9;40.0;CRO;01:19.904;5.9;40.0;GBR;01:19.080;6.0;37.0;NED;01:18.857;6.0;41.0;GER;01:19.696;6.0;39.0;ROU;01:20.038;5.9;43.0
485;CZE;01:20.839;5.9;40.0;CRO;01:20.829;5.9;40.0;GBR;01:19.991;6.0;37.0;NED;01:19.770;6.0;41.0;GER;01:20.525;6.0;39.0;ROU;01:20.931;5.9;43.0
490;CZE;01:21.710;5.9;40.0;CRO;01:21.671;5.9;40.0;GBR;01:20.741;6.0;37.0;NED;01:20.518;6.0;41.0;GER;01:21.376;6.0;39.0;ROU;01:21.688;5.9;43.0
495;CZE;01:22.575;5.9;40.0;CRO;01:22.509;5.8;40.0;GBR;01:21.656;6.0;37.0;NED;01:21.436;6.0;41.0;GER;01:22.150;6.0;39.0;ROU;01:22.614;5.9;43.0
500;CZE;01:23.350;5.9;40.0;CRO;01:23.402;5.9;40.0;GBR;01:22.406;6.0;37.0;NED;01:22.219;6.0;41.0;GER;01:23.047;6.0;39.0;ROU;01:23.423;5.9;43.0
505;CZE;01:24.267;5.9;40.0;CRO;01:24.197;5.9;39.0;GBR;01:23.326;6.0;37.0;NED;01:23.073;6.0;41.0;GER;01:23.798;6.0;39.0;ROU;01:24.294;5.9;43.0
510;CZE;01:25.035;5.9;40.0;CRO;01:25.115;5.9;39.0;GBR;01:24.077;6.0;37.0;NED;01:23.951;6.0;41.0;GER;01:24.712;6.0;39.0;ROU;01:25.162;5.9;43.0
515;CZE;01:25.958;5.9;40.0;CRO;01:25.879;5.9;39.0;GBR;01:24.985;6.0;37.0;NED;01:24.715;5.9;41.0;GER;01:25.453;6.0;39.0;ROU;01:25.923;5.9;42.0
520;CZE;01:26.770;5.9;40.0;CRO;01:26.815;5.8;39.0;GBR;01:25.737;6.0;37.0;NED;01:25.627;6.0;41.0;GER;01:26.376;6.0;39.0;ROU;01:26.863;5.9;42.0
525;CZE;01:27.655;5.9;40.0;CRO;01:27.606;5.9;39.0;GBR;01:26.651;6.0;37.0;NED;01:26.378;6.0;41.0;GER;01:27.121;6.0;38.0;ROU;01:27.638;5.9;42.0
530;CZE;01:28.515;5.9;40.0;CRO;01:28.515;5.9;39.0;GBR;01:27.423;6.0;37.0;NED;01:27.293;6.0;41.0;GER;01:28.045;6.0;38.0;ROU;01:28.538;5.9;42.0
535;CZE;01:29.324;5.9;40.0;CRO;01:29.365;5.9;39.0;GBR;01:28.328;5.9;37.0;NED;01:28.097;6.0;41.0;GER;01:28.832;6.0;38.0;ROU;01:29.421;5.9;42.0
540;CZE;01:30.234;5.9;40.0;CRO;01:30.223;5.8;39.0;GBR;01:29.089;6.0;37.0;NED;01:28.949;5.9;41.0;GER;01:29.722;6.0;38.0;ROU;01:30.202;5.9;42.0
545;CZE;01:31.009;5.9;40.0;CRO;01:31.118;5.8;39.0;GBR;01:30.005;5.9;37.0;NED;01:29.812;6.0;41.0;GER;01:30.554;5.9;38.0;ROU;01:31.135;5.9;42.0
550;CZE;01:31.937;5.8;40.0;CRO;01:31.903;5.8;39.0;GBR;01:30.815;5.9;37.0;NED;01:30.595;5.9;41.0;GER;01:31.397;5.9;38.0;ROU;01:31.944;5.8;42.0
555;CZE;01:32.706;5.8;39.0;CRO;01:32.846;5.8;39.0;GBR;01:31.686;5.9;37.0;NED;01:31.501;5.9;41.0;GER;01:32.244;5.9;38.0;ROU;01:32.820;5.8;42.0
560;CZE;01:33.636;5.8;39.0;CRO;01:33.617;5.8;39.0;GBR;01:32.520;5.9;37.0;NED;01:32.251;5.9;41.0;GER;01:33.068;5.9;38.0;ROU;01:33.700;5.8;42.0
565;CZE;01:34.453;5.9;39.0;CRO;01:34.564;5.8;39.0;GBR;01:33.368;5.9;37.0;NED;01:33.171;5.9;41.0;GER;01:33.971;5.9;38.0;ROU;01:34.490;5.8;42.0
570;CZE;01:35.329;5.9;39.0;CRO;01:35.358;5.8;39.0;GBR;01:34.219;5.9;37.0;NED;01:33.955;5.9;41.0;GER;01:34.738;5.9;38.0;ROU;01:35.418;5.9;42.0
575;CZE;01:36.198;5.9;39.0;CRO;01:36.260;5.8;39.0;GBR;01:35.043;5.9;37.0;NED;01:34.853;5.9;41.0;GER;01:35.659;5.9;38.0;ROU;01:36.181;5.8;42.0
580;CZE;01:37.013;5.9;39.0;CRO;01:37.118;5.8;39.0;GBR;01:35.918;5.9;37.0;NED;01:35.703;5.9;41.0;GER;01:36.414;5.9;38.0;ROU;01:37.118;5.9;41.0
585;CZE;01:37.926;5.8;39.0;CRO;01:37.962;5.8;39.0;GBR;01:36.714;5.9;37.0;NED;01:36.493;5.9;41.0;GER;01:37.346;5.9;38.0;ROU;01:37.979;5.9;41.0
590;CZE;01:38.706;5.8;39.0;CRO;01:38.862;5.8;39.0;GBR;01:37.597;5.9;37.0;NED;01:37.396;5.9;41.0;GER;01:38.103;5.9;38.0;ROU;01:38.798;5.8;41.0
595;CZE;01:39.642;5.8;39.0;CRO;01:39.657;5.8;39.0;GBR;01:38.385;5.9;37.0;NED;01:38.147;5.9;41.0;GER;01:39.023;5.9;38.0;ROU;01:39.718;5.8;41.0
600;CZE;01:40.417;5.8;39.0;CRO;01:40.600;5.8;39.0;GBR;01:39.281;5.9;37.0;NED;01:39.072;5.9;41.0;GER;01:39.806;5.9;38.0;ROU;01:40.495;5.8;41.0
605;CZE;01:41.354;5.8;39.0;CRO;01:41.374;5.8;39.0;GBR;01:40.052;6.0;37.0;NED;01:39.829;5.9;41.0;GER;01:40.697;5.9;38.0;ROU;01:41.422;5.8;41.0
610;CZE;01:42.154;5.8;39.0;CRO;01:42.330;5.8;39.0;GBR;01:40.960;6.0;37.0;NED;01:40.740;5.9;41.0;GER;01:41.482;5.9;38.0;ROU;01:42.256;5.8;41.0
615;CZE;01:43.055;5.8;39.0;CRO;01:43.127;5.8;39.0;GBR;01:41.725;6.0;37.0;NED;01:41.584;5.9;41.0;GER;01:42.365;5.9;38.0;ROU;01:43.142;5.8;41.0
620;CZE;01:43.912;5.8;39.0;CRO;01:44.043;5.8;39.0;GBR;01:42.642;6.0;37.0;NED;01:42.384;5.9;41.0;GER;01:43.231;6.0;38.0;ROU;01:44.030;5.8;41.0
625;CZE;01:44.750;5.8;39.0;CRO;01:44.910;5.8;39.0;GBR;01:43.410;6.0;37.0;NED;01:43.280;6.0;41.0;GER;01:44.033;5.9;38.0;ROU;01:44.805;5.8;42.0
630;CZE;01:45.647;5.8;39.0;CRO;01:45.764;5.8;38.0;GBR;01:44.338;5.9;37.0;NED;01:44.048;6.0;41.0;GER;01:44.930;5.9;38.0;ROU;01:45.749;5.8;42.0
635;CZE;01:46.440;5.8;39.0;CRO;01:46.677;5.8;38.0;GBR;01:45.098;5.9;37.0;NED;01:44.958;6.0;41.0;GER;01:45.696;5.9;38.0;ROU;01:46.600;5.8;42.0
640;CZE;01:47.366;5.8;39.0;CRO;01:47.479;5.7;38.0;GBR;01:46.029;5.9;37.0;NED;01:45.733;6.0;41.0;GER;01:46.609;5.9;38.0;ROU;01:47.429;5.8;42.0
645;CZE;01:48.138;5.8;39.0;CRO;01:48.426;5.8;38.0;GBR;01:46.786;5.9;37.0;NED;01:46.629;6.0;41.0;GER;01:47.362;5.9;38.0;ROU;01:48.351;5.8;42.0
650;CZE;01:49.086;5.8;39.0;CRO;01:49.208;5.8;38.0;GBR;01:47.711;5.9;37.0;NED;01:47.464;6.0;41.0;GER;01:48.290;6.0;38.0;ROU;01:49.118;5.8;41.0
655;CZE;01:49.872;5.8;39.0;CRO;01:50.164;5.7;38.0;GBR;01:48.464;5.9;37.0;NED;01:48.301;5.9;41.0;GER;01:49.044;6.0;38.0;ROU;01:50.065;5.8;41.0
660;CZE;01:50.794;5.8;39.0;CRO;01:50.964;5.7;38.0;GBR;01:49.385;5.9;37.0;NED;01:49.169;6.0;41.0;GER;01:49.973;5.9;38.0;ROU;01:50.901;5.8;41.0
665;CZE;01:51.633;5.8;39.0;CRO;01:51.897;5.7;38.0;GBR;01:50.138;5.9;37.0;NED;01:49.924;5.9;41.0;GER;01:50.745;5.9;38.0;ROU;01:51.768;5.8;41.0
670;CZE;01:52.500;5.8;38.0;CRO;01:52.754;5.7;38.0;GBR;01:51.059;6.0;37.0;NED;01:50.857;5.9;41.0;GER;01:51.657;5.9;38.0;ROU;01:52.673;5.8;41.0
675;CZE;01:53.389;5.8;38.0;CRO;01:53.634;5.7;38.0;GBR;01:51.828;6.0;37.0;NED;01:51.622;5.9;41.0;GER;01:52.470;5.9;38.0;ROU;01:53.457;5.8;41.0
680;CZE;01:54.202;5.8;38.0;CRO;01:54.534;5.8;38.0;GBR;01:52.733;6.0;37.0;NED;01:52.543;5.9;41.0;GER;01:53.348;5.9;38.0;ROU;01:54.404;5.8;41.0
685;CZE;01:55.118;5.8;38.0;CRO;01:55.339;5.8;38.0;GBR;01:53.510;6.0;37.0;NED;01:53.360;5.9;41.0;GER;01:54.197;5.9;38.0;ROU;01:55.194;5.8;41.0
690;CZE;01:55.906;5.8;38.0;CRO;01:56.288;5.7;38.0;GBR;01:54.409;6.0;37.0;NED;01:54.184;5.9;41.0;GER;01:55.031;5.9;38.0;ROU;01:56.101;5.8;41.0
695;CZE;01:56.848;5.8;38.0;CRO;01:57.068;5.7;38.0;GBR;01:55.204;6.0;37.0;NED;01:55.073;5.9;41.0;GER;01:55.894;5.9;38.0;ROU;01:56.975;5.8;41.0
700;CZE;01:57.636;5.8;38.0;CRO;01:58.027;5.7;38.0;GBR;01:56.092;5.9;37.0;NED;01:55.837;5.9;40.0;GER;01:56.748;5.9;38.0;ROU;01:57.786;5.8;41.0
705;CZE;01:58.570;5.8;38.0;CRO;01:58.811;5.7;38.0;GBR;01:56.902;5.9;37.0;NED;01:56.752;5.9;40.0;GER;01:57.620;5.9;38.0;ROU;01:58.711;5.8;41.0
710;CZE;01:59.409;5.8;38.0;CRO;01:59.762;5.7;38.0;GBR;01:57.770;5.9;37.0;NED;01:57.512;5.9;40.0;GER;01:58.387;5.9;38.0;ROU;01:59.494;5.8;41.0
715;CZE;02:00.292;5.8;38.0;CRO;02:00.622;5.8;38.0;GBR;01:58.601;5.9;37.0;NED;01:58.425;5.9;40.0;GER;01:59.317;5.9;38.0;ROU;02:00.431;5.8;41.0
720;CZE;02:01.190;5.8;38.0;CRO;02:01.484;5.7;38.0;GBR;01:59.449;5.9;37.0;NED;01:59.254;5.9;40.0;GER;02:00.071;5.9;38.0;ROU;02:01.252;5.8;41.0
725;CZE;02:02.006;5.7;38.0;CRO;02:02.386;5.8;38.0;GBR;02:00.299;5.9;37.0;NED;02:00.090;5.9;40.0;GER;02:01.009;5.9;38.0;ROU;02:02.109;5.8;41.0
730;CZE;02:02.941;5.7;38.0;CRO;02:03.204;5.8;38.0;GBR;02:01.134;5.9;37.0;NED;02:00.980;5.9;40.0;GER;02:01.763;5.9;38.0;ROU;02:03.012;5.8;41.0
735;CZE;02:03.723;5.7;38.0;CRO;02:04.148;5.8;38.0;GBR;02:01.999;5.9;37.0;NED;02:01.749;5.9;40.0;GER;02:02.695;5.9;38.0;ROU;02:03.806;5.8;41.0
740;CZE;02:04.676;5.7;38.0;CRO;02:04.926;5.7;38.0;GBR;02:02.817;5.9;37.0;NED;02:02.675;5.9;40.0;GER;02:03.485;5.9;38.0;ROU;02:04.753;5.8;40.0
745;CZE;02:05.478;5.8;39.0;CRO;02:05.892;5.7;38.0;GBR;02:03.713;5.9;37.0;NED;02:03.438;5.9;40.0;GER;02:04.381;5.9;38.0;ROU;02:05.541;5.8;40.0
750;CZE;02:06.382;5.7;39.0;CRO;02:06.686;5.7;38.0;GBR;02:04.539;5.9;37.0;NED;02:04.360;5.9;40.0;GER;02:05.211;5.9;38.0;ROU;02:06.479;5.7;40.0
755;CZE;02:07.239;5.8;39.0;CRO;02:07.634;5.7;38.0;GBR;02:05.418;5.9;37.0;NED;02:05.174;5.9;40.0;GER;02:06.064;5.9;38.0;ROU;02:07.352;5.7;40.0
760;CZE;02:08.095;5.8;39.0;CRO;02:08.480;5.7;38.0;GBR;02:06.209;5.9;37.0;NED;02:06.010;5.9;40.0;GER;02:06.930;5.9;38.0;ROU;02:08.206;5.7;40.0
765;CZE;02:08.973;5.8;39.0;CRO;02:09.371;5.7;38.0;GBR;02:07.130;5.9;37.0;NED;02:06.883;5.9;40.0;GER;02:07.740;5.9;38.0;ROU;02:09.127;5.7;40.0
770;CZE;02:09.754;5.9;39.0;CRO;02:10.255;5.7;38.0;GBR;02:07.905;5.9;37.0;NED;02:07.646;5.9;40.0;GER;02:08.633;5.9;38.0;ROU;02:09.904;5.7;40.0
775;CZE;02:10.682;5.9;39.0;CRO;02:11.104;5.7;38.0;GBR;02:08.835;5.8;37.0;NED;02:08.555;6.0;41.0;GER;02:09.414;5.9;38.0;ROU;02:10.870;5.7;40.0
780;CZE;02:11.457;5.9;39.0;CRO;02:12.053;5.7;38.0;GBR;02:09.605;5.8;37.0;NED;02:09.307;6.0;41.0;GER;02:10.335;5.9;38.0;ROU;02:11.691;5.7;40.0
785;CZE;02:12.388;5.9;39.0;CRO;02:12.844;5.7;38.0;GBR;02:10.540;5.9;37.0;NED;02:10.222;6.0;41.0;GER;02:11.119;5.9;38.0;ROU;02:12.591;5.7;40.0
790;CZE;02:13.189;5.9;39.0;CRO;02:13.813;5.6;38.0;GBR;02:11.302;5.9;37.0;NED;02:11.045;6.0;41.0;GER;02:12.023;5.9;38.0;ROU;02:13.485;5.8;40.0
795;CZE;02:14.091;5.8;39.0;CRO;02:14.624;5.7;38.0;GBR;02:12.239;5.9;37.0;NED;02:11.881;6.0;41.0;GER;02:12.781;5.9;38.0;ROU;02:14.283;5.8;40.0
800;CZE;02:14.966;5.8;39.0;CRO;02:15.575;5.6;38.0;GBR;02:13.009;5.9;36.0;NED;02:12.772;5.9;41.0;GER;02:13.723;5.9;38.0;ROU;02:15.226;5.8;40.0
805;CZE;02:15.785;5.8;39.0;CRO;02:16.457;5.6;38.0;GBR;02:13.955;5.9;36.0;NED;02:13.543;5.9;41.0;GER;02:14.482;5.9;38.0;ROU;02:16.005;5.7;40.0
810;CZE;02:16.697;5.8;39.0;CRO;02:17.347;5.6;38.0;GBR;02:14.725;5.8;36.0;NED;02:14.473;5.9;41.0;GER;02:15.418;5.9;38.0;ROU;02:16.955;5.7;40.0
815;CZE;02:17.479;5.8;39.0;CRO;02:18.300;5.6;38.0;GBR;02:15.678;5.8;36.0;NED;02:15.253;5.9;41.0;GER;02:16.229;5.9;38.0;ROU;02:17.834;5.7;40.0
820;CZE;02:18.422;5.8;39.0;CRO;02:19.169;5.6;38.0;GBR;02:16.475;5.8;36.0;NED;02:16.167;5.9;41.0;GER;02:17.113;5.9;38.0;ROU;02:18.667;5.7;40.0
825;CZE;02:19.207;5.8;39.0;CRO;02:20.123;5.5;38.0;GBR;02:17.403;5.8;36.0;NED;02:17.011;5.9;41.0;GER;02:17.959;5.9;38.0;ROU;02:19.608;5.7;40.0
830;CZE;02:20.142;5.8;39.0;CRO;02:20.940;5.5;37.0;GBR;02:18.218;5.8;36.0;NED;02:17.842;5.8;41.0;GER;02:18.799;5.9;38.0;ROU;02:20.397;5.7;40.0
835;CZE;02:20.989;5.8;39.0;CRO;02:21.943;5.5;37.0;GBR;02:19.123;5.8;36.0;NED;02:18.749;5.8;41.0;GER;02:19.687;5.9;38.0;ROU;02:21.363;5.7;40.0
840;CZE;02:21.854;5.8;39.0;CRO;02:22.811;5.5;37.0;GBR;02:19.957;5.8;36.0;NED;02:19.546;5.8;41.0;GER;02:20.486;5.9;38.0;ROU;02:22.231;5.7;40.0
845;CZE;02:22.757;5.8;39.0;CRO;02:23.743;5.5;37.0;GBR;02:20.838;5.8;36.0;NED;02:20.441;5.8;41.0;GER;02:21.400;5.9;38.0;ROU;02:23.102;5.6;40.0
850;CZE;02:23.565;5.8;39.0;CRO;02:24.652;5.4;37.0;GBR;02:21.672;5.8;36.0;NED;02:21.229;5.9;41.0;GER;02:22.175;5.9;38.0;ROU;02:24.041;5.6;40.0
855;CZE;02:24.503;5.8;39.0;CRO;02:25.513;5.5;37.0;GBR;02:22.514;5.8;36.0;NED;02:22.130;5.9;41.0;GER;02:23.109;5.9;38.0;ROU;02:24.853;5.6;40.0
860;CZE;02:25.286;5.8;39.0;CRO;02:26.480;5.5;37.0;GBR;02:23.367;5.9;36.0;NED;02:22.965;5.9;41.0;GER;02:23.870;5.9;38.0;ROU;02:25.834;5.6;40.0
865;CZE;02:26.239;5.7;39.0;CRO;02:27.303;5.6;37.0;GBR;02:24.195;5.9;36.0;NED;02:23.758;6.0;41.0;GER;02:24.818;5.8;38.0;ROU;02:26.693;5.6;40.0
870;CZE;02:27.061;5.7;39.0;CRO;02:28.271;5.6;37.0;GBR;02:25.067;5.9;36.0;NED;02:24.664;6.0;41.0;GER;02:25.591;5.9;38.0;ROU;02:27.581;5.6;40.0
875;CZE;02:27.960;5.7;39.0;CRO;02:29.105;5.6;37.0;GBR;02:25.898;5.9;36.0;NED;02:25.425;5.9;41.0;GER;02:26.539;5.8;38.0;ROU;02:28.534;5.6;40.0
880;CZE;02:28.842;5.8;39.0;CRO;02:30.061;5.6;37.0;GBR;02:26.755;6.0;36.0;NED;02:26.348;5.9;41.0;GER;02:27.331;5.8;38.0;ROU;02:29.341;5.5;40.0
885;CZE;02:29.692;5.8;39.0;CRO;02:30.960;5.6;37.0;GBR;02:27.552;6.0;36.0;NED;02:27.148;5.9;41.0;GER;02:28.222;5.8;38.0;ROU;02:30.329;5.5;40.0
890;CZE;02:30.584;5.8;39.0;CRO;02:31.840;5.5;37.0;GBR;02:28.443;6.0;36.0;NED;02:28.009;5.9;41.0;GER;02:29.049;5.8;38.0;ROU;02:31.210;5.6;40.0
895;CZE;02:31.367;5.8;39.0;CRO;02:32.794;5.5;37.0;GBR;02:29.235;5.9;36.0;NED;02:28.882;5.9;41.0;GER;02:29.923;5.8;38.0;ROU;02:32.089;5.6;40.0
900;CZE;02:32.304;5.8;39.0;CRO;02:33.614;5.5;37.0;GBR;02:30.147;5.9;36.0;NED;02:29.663;5.9;41.0;GER;02:30.815;5.8;38.0;ROU;02:33.048;5.6;40.0
905;CZE;02:33.085;5.8;39.0;CRO;02:34.597;5.6;37.0;GBR;02:30.927;5.9;36.0;NED;02:30.585;5.9;41.0;GER;02:31.618;5.8;38.0;ROU;02:33.865;5.5;40.0
910;CZE;02:34.022;5.8;39.0;CRO;02:35.409;5.6;37.0;GBR;02:31.849;5.9;36.0;NED;02:31.343;5.9;41.0;GER;02:32.543;5.8;38.0;ROU;02:34.842;5.5;40.0
915;CZE;02:34.855;5.8;39.0;CRO;02:36.385;5.5;37.0;GBR;02:32.627;5.9;36.0;NED;02:32.284;5.9;41.0;GER;02:33.313;5.8;38.0;ROU;02:35.690;5.6;40.0
920;CZE;02:35.734;5.8;39.0;CRO;02:37.244;5.6;37.0;GBR;02:33.560;5.9;36.0;NED;02:33.102;5.9;41.0;GER;02:34.255;5.8;38.0;ROU;02:36.617;5.5;40.0
925;CZE;02:36.616;5.8;39.0;CRO;02:38.161;5.6;37.0;GBR;02:34.325;5.9;36.0;NED;02:33.951;5.8;41.0;GER;02:35.020;5.8;38.0;ROU;02:37.561;5.6;40.0
930;CZE;02:37.435;5.8;39.0;CRO;02:39.082;5.6;37.0;GBR;02:35.266;5.9;37.0;NED;02:34.842;5.9;41.0;GER;02:35.957;5.8;38.0;ROU;02:38.369;5.6;40.0
935;CZE;02:38.360;5.8;39.0;CRO;02:39.927;5.6;37.0;GBR;02:36.032;5.8;37.0;NED;02:35.618;5.8;41.0;GER;02:36.718;5.9;38.0;ROU;02:39.346;5.5;40.0
940;CZE;02:39.144;5.8;39.0;CRO;02:40.888;5.6;37.0;GBR;02:36.967;5.8;37.0;NED;02:36.544;5.9;41.0;GER;02:37.651;5.9;38.0;ROU;02:40.219;5.6;40.0
945;CZE;02:40.094;5.8;39.0;CRO;02:41.724;5.6;37.0;GBR;02:37.728;5.8;37.0;NED;02:37.314;5.9;41.0;GER;02:38.447;5.9;38.0;ROU;02:41.098;5.5;40.0
950;CZE;02:40.878;5.7;39.0;CRO;02:42.680;5.6;37.0;GBR;02:38.666;5.9;37.0;NED;02:38.225;5.9;41.0;GER;02:39.345;5.9;38.0;ROU;02:42.055;5.6;40.0
955;CZE;02:41.819;5.7;39.0;CRO;02:43.498;5.6;37.0;GBR;02:39.446;5.9;37.0;NED;02:39.068;5.9;41.0;GER;02:40.181;5.9;38.0;ROU;02:42.881;5.6;40.0
960;CZE;02:42.641;5.8;38.0;CRO;02:44.468;5.6;37.0;GBR;02:40.369;5.9;37.0;NED;02:39.919;5.9;41.0;GER;02:41.064;5.9;38.0;ROU;02:43.846;5.6;40.0
965;CZE;02:43.556;5.8;38.0;CRO;02:45.330;5.6;37.0;GBR;02:41.126;5.9;37.0;NED;02:40.789;5.9;41.0;GER;02:41.952;5.9;38.0;ROU;02:44.716;5.6;40.0
970;CZE;02:44.428;5.7;38.0;CRO;02:46.235;5.6;37.0;GBR;02:42.052;5.9;37.0;NED;02:41.550;5.9;41.0;GER;02:42.768;5.8;38.0;ROU;02:45.610;5.5;40.0
975;CZE;02:45.267;5.7;38.0;CRO;02:47.149;5.6;37.0;GBR;02:42.857;5.9;37.0;NED;02:42.477;5.9;41.0;GER;02:43.675;5.8;38.0;ROU;02:46.555;5.6;40.0
980;CZE;02:46.207;5.7;38.0;CRO;02:48.002;5.6;37.0;GBR;02:43.745;5.9;37.0;NED;02:43.243;5.9;41.0;GER;02:44.463;5.8;38.0;ROU;02:47.364;5.6;40.0
985;CZE;02:46.993;5.7;38.0;CRO;02:48.956;5.6;37.0;GBR;02:44.574;5.9;37.0;NED;02:44.164;5.9;41.0;GER;02:45.404;5.8;38.0;ROU;02:48.354;5.6;40.0
990;CZE;02:47.950;5.7;39.0;CRO;02:49.761;5.6;37.0;GBR;02:45.436;5.9;37.0;NED;02:45.029;5.9;41.0;GER;02:46.159;5.8;38.0;ROU;02:49.215;5.6;40.0
995;CZE;02:48.753;5.7;39.0;CRO;02:50.741;5.6;37.0;GBR;02:46.285;5.9;37.0;NED;02:45.830;5.9;41.0;GER;02:47.114;5.8;38.0;ROU;02:50.122;5.5;40.0
1000;CZE;02:49.680;5.7;39.0;CRO;02:51.538;5.6;37.0;GBR;02:47.120;5.9;37.0;NED;02:46.748;5.9;41.0;GER;02:47.896;5.8;38.0;ROU;02:51.062;5.5;40.0
1005;CZE;02:50.561;5.7;39.0;CRO;02:52.517;5.6;37.0;GBR;02:47.982;5.9;37.0;NED;02:47.504;5.8;41.0;GER;02:48.845;5.8;38.0;ROU;02:51.891;5.5;40.0
1010;CZE;02:51.411;5.7;39.0;CRO;02:53.367;5.6;37.0;GBR;02:48.802;5.9;37.0;NED;02:48.432;5.9;41.0;GER;02:49.673;5.8;38.0;ROU;02:52.886;5.5;40.0
1015;CZE;02:52.352;5.7;39.0;CRO;02:54.303;5.6;37.0;GBR;02:49.673;5.9;37.0;NED;02:49.260;5.9;41.0;GER;02:50.569;5.8;38.0;ROU;02:53.744;5.5;40.0
1020;CZE;02:53.155;5.7;39.0;CRO;02:55.199;5.6;37.0;GBR;02:50.523;5.9;37.0;NED;02:50.106;5.9;41.0;GER;02:51.469;5.8;38.0;ROU;02:54.673;5.5;40.0
1025;CZE;02:54.130;5.6;39.0;CRO;02:56.084;5.6;37.0;GBR;02:51.412;5.9;37.0;NED;02:51.000;5.9;41.0;GER;02:52.318;5.7;38.0;ROU;02:55.616;5.5;40.0
1030;CZE;02:54.936;5.6;39.0;CRO;02:57.032;5.6;37.0;GBR;02:52.194;5.9;37.0;NED;02:51.781;5.9;41.0;GER;02:53.197;5.7;38.0;ROU;02:56.453;5.5;39.0
1035;CZE;02:55.927;5.6;39.0;CRO;02:57.874;5.5;37.0;GBR;02:53.126;5.9;37.0;NED;02:52.726;5.9;41.0;GER;02:53.984;5.8;38.0;ROU;02:57.447;5.5;39.0
1040;CZE;02:56.796;5.6;39.0;CRO;02:58.867;5.5;37.0;GBR;02:53.893;5.9;37.0;NED;02:53.526;5.8;41.0;GER;02:54.933;5.8;38.0;ROU;02:58.309;5.4;39.0
1045;CZE;02:57.662;5.5;39.0;CRO;02:59.690;5.4;37.0;GBR;02:54.834;5.8;37.0;NED;02:54.445;5.8;41.0;GER;02:55.712;5.8;38.0;ROU;02:59.248;5.4;39.0
1050;CZE;02:58.609;5.6;39.0;CRO;03:00.694;5.4;37.0;GBR;02:55.593;5.8;37.0;NED;02:55.319;5.8;41.0;GER;02:56.717;5.8;38.0;ROU;03:00.195;5.4;39.0
1055;CZE;02:59.414;5.6;39.0;CRO;03:01.607;5.4;37.0;GBR;02:56.530;5.8;37.0;NED;02:56.122;5.8;41.0;GER;02:57.454;5.7;38.0;ROU;03:01.044;5.4;39.0
1060;CZE;03:00.382;5.6;39.0;CRO;03:02.502;5.4;37.0;GBR;02:57.289;5.9;37.0;NED;02:57.053;5.8;41.0;GER;02:58.385;5.7;38.0;ROU;03:02.009;5.5;39.0
1065;CZE;03:01.181;5.6;39.0;CRO;03:03.473;5.4;37.0;GBR;02:58.225;5.9;37.0;NED;02:57.825;5.8;41.0;GER;02:59.221;5.7;38.0;ROU;03:02.848;5.5;39.0
1070;CZE;03:02.144;5.6;38.0;CRO;03:04.299;5.4;37.0;GBR;02:58.996;5.9;37.0;NED;02:58.764;5.8;41.0;GER;03:00.129;5.8;38.0;ROU;03:03.799;5.5;39.0
1075;CZE;03:03.015;5.6;38.0;CRO;03:05.303;5.4;37.0;GBR;02:59.916;5.9;37.0;NED;02:59.608;5.8;41.0;GER;03:00.971;5.9;38.0;ROU;03:04.729;5.6;39.0
1080;CZE;03:03.897;5.6;38.0;CRO;03:06.140;5.5;37.0;GBR;03:00.704;5.9;37.0;NED;03:00.443;5.8;41.0;GER;03:01.813;5.9;38.0;ROU;03:05.569;5.5;39.0
1085;CZE;03:04.837;5.6;38.0;CRO;03:07.122;5.5;37.0;GBR;03:01.596;5.9;37.0;NED;03:01.351;5.8;41.0;GER;03:02.691;5.8;38.0;ROU;03:06.551;5.5;39.0
1090;CZE;03:05.664;5.6;38.0;CRO;03:08.034;5.5;37.0;GBR;03:02.404;5.9;37.0;NED;03:02.112;5.8;41.0;GER;03:03.513;5.8;38.0;ROU;03:07.374;5.5;39.0
1095;CZE;03:06.656;5.6;38.0;CRO;03:08.934;5.4;37.0;GBR;03:03.272;5.9;37.0;NED;03:03.052;5.9;41.0;GER;03:04.495;5.8;38.0;ROU;03:08.341;5.5;39.0
1100;CZE;03:07.438;5.6;38.0;CRO;03:09.895;5.4;37.0;GBR;03:04.093;5.9;37.0;NED;03:03.844;5.9;41.0;GER;03:05.277;5.8;38.0;ROU;03:09.237;5.5;39.0
1105;CZE;03:08.415;5.6;38.0;CRO;03:10.744;5.4;37.0;GBR;03:04.937;5.9;37.0;NED;03:04.734;5.8;41.0;GER;03:06.264;5.7;38.0;ROU;03:10.090;5.5;39.0
1110;CZE;03:09.212;5.6;37.0;CRO;03:11.746;5.4;37.0;GBR;03:05.770;6.0;37.0;NED;03:05.589;5.9;41.0;GER;03:07.020;5.6;38.0;ROU;03:11.045;5.6;39.0
1115;CZE;03:10.192;5.6;37.0;CRO;03:12.570;5.4;37.0;GBR;03:06.606;6.0;37.0;NED;03:06.406;5.8;41.0;GER;03:07.963;5.6;38.0;ROU;03:11.846;5.6;39.0
1120;CZE;03:11.070;5.6;37.0;CRO;03:13.568;5.4;37.0;GBR;03:07.426;6.0;37.0;NED;03:07.308;5.9;41.0;GER;03:08.776;5.7;38.0;ROU;03:12.805;5.6;39.0
1125;CZE;03:11.963;5.6;37.0;CRO;03:14.462;5.5;37.0;GBR;03:08.254;6.0;37.0;NED;03:08.072;5.9;41.0;GER;03:09.689;5.8;38.0;ROU;03:13.662;5.7;39.0
1130;CZE;03:12.873;5.6;37.0;CRO;03:15.383;5.4;37.0;GBR;03:09.126;6.0;37.0;NED;03:09.000;5.9;41.0;GER;03:10.559;5.8;38.0;ROU;03:14.547;5.6;39.0
1135;CZE;03:13.701;5.6;37.0;CRO;03:16.341;5.4;37.0;GBR;03:09.911;6.0;37.0;NED;03:09.821;5.9;41.0;GER;03:11.356;5.8;38.0;ROU;03:15.476;5.6;40.0
1140;CZE;03:14.657;5.6;37.0;CRO;03:17.190;5.4;37.0;GBR;03:10.789;6.0;37.0;NED;03:10.667;5.9;41.0;GER;03:12.231;5.8;38.0;ROU;03:16.277;5.6;40.0
1145;CZE;03:15.467;5.6;37.0;CRO;03:18.185;5.4;37.0;GBR;03:11.558;6.0;37.0;NED;03:11.549;5.9;41.0;GER;03:13.007;5.9;38.0;ROU;03:17.241;5.7;40.0
1150;CZE;03:16.448;5.6;37.0;CRO;03:19.012;5.4;37.0;GBR;03:12.445;6.1;37.0;NED;03:12.314;5.9;41.0;GER;03:13.924;5.9;38.0;ROU;03:18.067;5.7;40.0
1155;CZE;03:17.243;5.6;37.0;CRO;03:20.021;5.4;37.0;GBR;03:13.210;6.1;37.0;NED;03:13.241;5.9;41.0;GER;03:14.668;6.0;38.0;ROU;03:18.994;5.7;40.0
1160;CZE;03:18.202;5.6;37.0;CRO;03:20.883;5.4;37.0;GBR;03:14.110;6.1;37.0;NED;03:14.015;5.9;41.0;GER;03:15.621;6.0;38.0;ROU;03:19.882;5.7;40.0
1165;CZE;03:19.010;5.6;37.0;CRO;03:21.845;5.4;37.0;GBR;03:14.869;6.0;37.0;NED;03:14.926;5.9;41.0;GER;03:16.373;6.0;38.0;ROU;03:20.702;5.6;40.0
1170;CZE;03:19.967;5.6;37.0;CRO;03:22.772;5.4;37.0;GBR;03:15.781;6.0;37.0;NED;03:15.767;5.9;41.0;GER;03:17.304;5.9;38.0;ROU;03:21.654;5.7;40.0
1175;CZE;03:20.786;5.7;37.0;CRO;03:23.651;5.4;37.0;GBR;03:16.531;6.0;37.0;NED;03:16.590;5.9;41.0;GER;03:18.075;5.9;38.0;ROU;03:22.456;5.7;40.0
1180;CZE;03:21.694;5.7;37.0;CRO;03:24.631;5.4;37.0;GBR;03:17.452;6.0;37.0;NED;03:17.493;5.9;41.0;GER;03:18.991;5.9;38.0;ROU;03:23.415;5.7;40.0
1185;CZE;03:22.578;5.7;37.0;CRO;03:25.487;5.4;37.0;GBR;03:18.199;6.0;37.0;NED;03:18.263;5.9;41.0;GER;03:19.789;5.9;38.0;ROU;03:24.286;5.7;40.0
1190;CZE;03:23.449;5.7;37.0;CRO;03:26.485;5.4;37.0;GBR;03:19.122;5.9;37.0;NED;03:19.173;5.9;41.0;GER;03:20.657;5.9;38.0;ROU;03:25.146;5.6;40.0
1195;CZE;03:24.363;5.7;37.0;CRO;03:27.323;5.4;37.0;GBR;03:19.868;5.9;37.0;NED;03:19.974;5.9;41.0;GER;03:21.487;5.9;38.0;ROU;03:26.095;5.7;40.0
1200;CZE;03:25.163;5.7;37.0;CRO;03:28.325;5.4;37.0;GBR;03:20.790;6.0;37.0;NED;03:20.827;5.9;41.0;GER;03:22.331;5.9;38.0;ROU;03:26.902;5.6;40.0
1205;CZE;03:26.111;5.7;37.0;CRO;03:29.229;5.4;37.0;GBR;03:21.533;6.0;37.0;NED;03:21.672;6.0;41.0;GER;03:23.238;5.9;38.0;ROU;03:27.889;5.6;40.0
1210;CZE;03:26.893;5.7;37.0;CRO;03:30.143;5.4;37.0;GBR;03:22.465;6.0;37.0;NED;03:22.469;5.9;41.0;GER;03:24.039;5.9;38.0;ROU;03:28.756;5.6;40.0
1215;CZE;03:27.858;5.7;37.0;CRO;03:31.094;5.4;37.0;GBR;03:23.216;6.0;37.0;NED;03:23.385;6.0;41.0;GER;03:24.965;5.9;38.0;ROU;03:29.641;5.6;40.0
1220;CZE;03:28.646;5.7;37.0;CRO;03:31.955;5.4;37.0;GBR;03:24.124;5.9;37.0;NED;03:24.133;5.9;41.0;GER;03:25.729;5.8;38.0;ROU;03:30.595;5.6;40.0
1225;CZE;03:29.610;5.7;37.0;CRO;03:32.968;5.4;37.0;GBR;03:24.893;5.9;37.0;NED;03:25.063;5.9;41.0;GER;03:26.685;5.8;38.0;ROU;03:31.415;5.5;40.0
1230;CZE;03:30.482;5.7;38.0;CRO;03:33.801;5.4;37.0;GBR;03:25.786;6.0;37.0;NED;03:25.882;6.0;41.0;GER;03:27.429;5.8;38.0;ROU;03:32.401;5.5;40.0
1235;CZE;03:31.379;5.6;38.0;CRO;03:34.797;5.4;37.0;GBR;03:26.567;6.0;37.0;NED;03:26.702;5.9;41.0;GER;03:28.384;5.8;38.0;ROU;03:33.242;5.5;40.0
1240;CZE;03:32.280;5.6;38.0;CRO;03:35.689;5.4;37.0;GBR;03:27.445;6.0;37.0;NED;03:27.593;5.9;41.0;GER;03:29.154;5.8;38.0;ROU;03:34.189;5.5;40.0
1245;CZE;03:33.117;5.6;38.0;CRO;03:36.627;5.4;37.0;GBR;03:28.247;6.0;37.0;NED;03:28.354;5.9;41.0;GER;03:30.104;5.8;38.0;ROU;03:35.130;5.6;40.0
1250;CZE;03:34.083;5.6;38.0;CRO;03:37.576;5.5;37.0;GBR;03:29.106;6.0;37.0;NED;03:29.282;5.9;41.0;GER;03:30.927;5.8;38.0;ROU;03:35.942;5.5;40.0
1255;CZE;03:34.878;5.6;38.0;CRO;03:38.431;5.4;37.0;GBR;03:29.927;6.0;37.0;NED;03:30.071;5.9;41.0;GER;03:31.827;5.8;38.0;ROU;03:36.928;5.5;40.0
1260;CZE;03:35.860;5.7;38.0;CRO;03:39.437;5.4;37.0;GBR;03:30.769;6.0;37.0;NED;03:30.957;5.9;41.0;GER;03:32.683;5.8;38.0;ROU;03:37.784;5.5;40.0
1265;CZE;03:36.684;5.6;38.0;CRO;03:40.278;5.4;37.0;GBR;03:31.605;6.0;37.0;NED;03:31.812;5.9;41.0;GER;03:33.502;5.8;38.0;ROU;03:38.691;5.5;40.0
1270;CZE;03:37.605;5.6;38.0;CRO;03:41.281;5.4;37.0;GBR;03:32.428;6.0;37.0;NED;03:32.609;5.9;41.0;GER;03:34.417;5.8;38.0;ROU;03:39.628;5.6;40.0
1275;CZE;03:38.472;5.6;38.0;CRO;03:42.142;5.4;37.0;GBR;03:33.296;6.0;37.0;NED;03:33.521;5.9;41.0;GER;03:35.205;5.8;38.0;ROU;03:40.445;5.6;40.0
1280;CZE;03:39.348;5.7;38.0;CRO;03:43.088;5.4;37.0;GBR;03:34.096;6.0;37.0;NED;03:34.289;5.9;41.0;GER;03:36.150;5.8;38.0;ROU;03:41.420;5.6;40.0
1285;CZE;03:40.270;5.7;38.0;CRO;03:44.015;5.4;37.0;GBR;03:34.983;6.0;37.0;NED;03:35.208;5.9;41.0;GER;03:36.915;5.8;38.0;ROU;03:42.263;5.6;40.0
1290;CZE;03:41.102;5.7;38.0;CRO;03:44.914;5.4;37.0;GBR;03:35.765;6.0;37.0;NED;03:36.033;5.9;41.0;GER;03:37.858;5.8;38.0;ROU;03:43.196;5.5;40.0
1295;CZE;03:42.062;5.6;38.0;CRO;03:45.855;5.5;37.0;GBR;03:36.664;6.0;37.0;NED;03:36.879;5.9;41.0;GER;03:38.610;5.8;38.0;ROU;03:44.108;5.6;40.0
1300;CZE;03:42.859;5.6;38.0;CRO;03:46.678;5.5;37.0;GBR;03:37.433;5.9;37.0;NED;03:37.772;5.9;41.0;GER;03:39.568;5.8;38.0;ROU;03:44.923;5.6;40.0
1305;CZE;03:43.838;5.6;38.0;CRO;03:47.679;5.5;37.0;GBR;03:38.351;5.9;37.0;NED;03:38.538;5.8;41.0;GER;03:40.357;5.8;37.0;ROU;03:45.899;5.6;40.0
1310;CZE;03:44.661;5.6;38.0;CRO;03:48.503;5.5;37.0;GBR;03:39.105;5.9;37.0;NED;03:39.479;5.8;41.0;GER;03:41.306;5.8;37.0;ROU;03:46.740;5.6;40.0
1315;CZE;03:45.609;5.6;38.0;CRO;03:49.481;5.5;37.0;GBR;03:40.032;5.9;37.0;NED;03:40.261;5.9;41.0;GER;03:42.150;5.8;37.0;ROU;03:47.682;5.6;40.0
1320;CZE;03:46.493;5.6;37.0;CRO;03:50.356;5.5;37.0;GBR;03:40.786;5.9;37.0;NED;03:41.148;5.9;41.0;GER;03:43.032;5.7;37.0;ROU;03:48.610;5.6;40.0
1325;CZE;03:47.362;5.6;37.0;CRO;03:51.281;5.5;37.0;GBR;03:41.709;5.9;37.0;NED;03:42.006;5.9;41.0;GER;03:43.929;5.7;37.0;ROU;03:49.450;5.5;40.0
1330;CZE;03:48.291;5.6;37.0;CRO;03:52.176;5.6;37.0;GBR;03:42.461;5.9;37.0;NED;03:42.796;5.9;41.0;GER;03:44.741;5.7;37.0;ROU;03:50.434;5.5;40.0
1335;CZE;03:49.099;5.6;37.0;CRO;03:53.020;5.6;37.0;GBR;03:43.382;5.9;37.0;NED;03:43.699;5.9;41.0;GER;03:45.677;5.7;38.0;ROU;03:51.280;5.5;40.0
1340;CZE;03:50.054;5.7;37.0;CRO;03:53.978;5.6;37.0;GBR;03:44.133;5.9;37.0;NED;03:44.454;5.9;41.0;GER;03:46.455;5.8;38.0;ROU;03:52.222;5.5;40.0
1345;CZE;03:50.843;5.7;38.0;CRO;03:54.792;5.6;37.0;GBR;03:45.051;6.0;37.0;NED;03:45.366;5.9;41.0;GER;03:47.410;5.8;38.0;ROU;03:53.161;5.5;40.0
1350;CZE;03:51.812;5.7;38.0;CRO;03:55.774;5.6;37.0;GBR;03:45.837;6.0;37.0;NED;03:46.175;5.9;41.0;GER;03:48.184;5.8;38.0;ROU;03:53.993;5.5;40.0
1355;CZE;03:52.625;5.7;38.0;CRO;03:56.586;5.6;37.0;GBR;03:46.725;6.0;37.0;NED;03:47.040;5.9;41.0;GER;03:49.146;5.8;38.0;ROU;03:54.979;5.5;40.0
1360;CZE;03:53.552;5.7;38.0;CRO;03:57.583;5.6;37.0;GBR;03:47.542;5.9;37.0;NED;03:47.913;5.9;41.0;GER;03:49.941;5.8;38.0;ROU;03:55.810;5.5;40.0
1365;CZE;03:54.429;5.7;38.0;CRO;03:58.427;5.5;36.0;GBR;03:48.405;5.9;37.0;NED;03:48.673;5.9;41.0;GER;03:50.872;5.7;38.0;ROU;03:56.778;5.5;40.0
1370;CZE;03:55.272;5.7;38.0;CRO;03:59.386;5.5;36.0;GBR;03:49.254;5.9;37.0;NED;03:49.604;5.9;41.0;GER;03:51.710;5.8;38.0;ROU;03:57.721;5.5;40.0
1375;CZE;03:56.194;5.7;38.0;CRO;04:00.262;5.5;36.0;GBR;03:50.092;5.9;37.0;NED;03:50.379;5.9;41.0;GER;03:52.589;5.8;38.0;ROU;03:58.550;5.5;40.0
1380;CZE;03:56.987;5.7;38.0;CRO;04:01.176;5.5;36.0;GBR;03:50.963;5.9;37.0;NED;03:51.302;5.9;41.0;GER;03:53.485;5.8;38.0;ROU;03:59.538;5.5;40.0
1385;CZE;03:57.935;5.7;38.0;CRO;04:02.121;5.5;36.0;GBR;03:51.777;5.9;37.0;NED;03:52.149;5.9;41.0;GER;03:54.307;5.8;37.0;ROU;04:00.381;5.5;40.0
1390;CZE;03:58.727;5.8;38.0;CRO;04:02.948;5.5;36.0;GBR;03:52.673;5.9;37.0;NED;03:52.952;5.9;41.0;GER;03:55.232;5.8;37.0;ROU;04:01.320;5.5;40.0
1395;CZE;03:59.667;5.8;38.0;CRO;04:03.923;5.6;36.0;GBR;03:53.464;5.9;37.0;NED;03:53.871;5.9;41.0;GER;03:56.028;5.8;37.0;ROU;04:02.240;5.5;40.0
1400;CZE;04:00.494;5.8;38.0;CRO;04:04.725;5.6;37.0;GBR;03:54.382;5.9;37.0;NED;03:54.634;5.9;41.0;GER;03:56.981;5.8;37.0;ROU;04:03.069;5.5;40.0
1405;CZE;04:01.396;5.8;38.0;CRO;04:05.715;5.6;37.0;GBR;03:55.163;5.9;37.0;NED;03:55.570;5.9;41.0;GER;03:57.755;5.7;37.0;ROU;04:04.036;5.6;40.0
1410;CZE;04:02.289;5.8;38.0;CRO;04:06.535;5.6;37.0;GBR;03:56.096;5.9;37.0;NED;03:56.406;5.9;41.0;GER;03:58.730;5.7;37.0;ROU;04:04.838;5.6;40.0
1415;CZE;04:03.151;5.7;38.0;CRO;04:07.490;5.6;37.0;GBR;03:56.871;5.8;37.0;NED;03:57.276;5.8;41.0;GER;03:59.510;5.7;37.0;ROU;04:05.797;5.6;40.0
1420;CZE;04:04.046;5.7;38.0;CRO;04:08.370;5.6;37.0;GBR;03:57.814;5.8;37.0;NED;03:58.163;5.8;41.0;GER;04:00.470;5.7;37.0;ROU;04:06.707;5.6;40.0
1425;CZE;04:04.832;5.7;38.0;CRO;04:09.255;5.6;37.0;GBR;03:58.582;5.8;37.0;NED;03:58.930;5.8;41.0;GER;04:01.303;5.7;37.0;ROU;04:07.532;5.6;40.0
1430;CZE;04:05.786;5.7;38.0;CRO;04:10.193;5.6;37.0;GBR;03:59.522;5.8;37.0;NED;03:59.882;5.8;41.0;GER;04:02.210;5.7;37.0;ROU;04:08.495;5.6;40.0
1435;CZE;04:06.581;5.8;38.0;CRO;04:11.021;5.6;37.0;GBR;04:00.296;5.8;37.0;NED;04:00.681;5.8;41.0;GER;04:03.099;5.7;37.0;ROU;04:09.300;5.6;40.0
1440;CZE;04:07.536;5.7;39.0;CRO;04:11.991;5.6;37.0;GBR;04:01.225;5.8;37.0;NED;04:01.562;5.8;41.0;GER;04:03.949;5.7;37.0;ROU;04:10.267;5.6;40.0
1445;CZE;04:08.374;5.8;39.0;CRO;04:12.806;5.5;37.0;GBR;04:02.028;5.8;37.0;NED;04:02.430;5.9;41.0;GER;04:04.877;5.7;37.0;ROU;04:11.178;5.6;40.0
1450;CZE;04:09.248;5.7;39.0;CRO;04:13.806;5.5;37.0;GBR;04:02.935;5.8;37.0;NED;04:03.229;5.8;41.0;GER;04:05.675;5.7;37.0;ROU;04:12.033;5.6;40.0
1455;CZE;04:10.174;5.7;39.0;CRO;04:14.665;5.5;37.0;GBR;04:03.776;5.8;37.0;NED;04:04.154;5.9;41.0;GER;04:06.635;5.7;37.0;ROU;04:13.007;5.6;40.0
1460;CZE;04:10.984;5.7;39.0;CRO;04:15.654;5.5;37.0;GBR;04:04.645;5.8;37.0;NED;04:04.917;5.9;41.0;GER;04:07.412;5.7;37.0;ROU;04:13.846;5.5;40.0
1465;CZE;04:11.934;5.7;39.0;CRO;04:16.561;5.4;37.0;GBR;04:05.523;5.8;37.0;NED;04:05.846;5.8;41.0;GER;04:08.374;5.7;37.0;ROU;04:14.811;5.5;40.0
1470;CZE;04:12.721;5.7;39.0;CRO;04:17.463;5.4;37.0;GBR;04:06.356;5.8;37.0;NED;04:06.659;5.9;41.0;GER;04:09.166;5.7;38.0;ROU;04:15.742;5.5;40.0
1475;CZE;04:13.688;5.7;39.0;CRO;04:18.435;5.4;37.0;GBR;04:07.240;5.8;37.0;NED;04:07.528;5.8;41.0;GER;04:10.106;5.7;38.0;ROU;04:16.591;5.4;40.0
1480;CZE;04:14.540;5.7;39.0;CRO;04:19.310;5.4;36.0;GBR;04:08.053;5.8;37.0;NED;04:08.401;5.9;41.0;GER;04:10.954;5.7;38.0;ROU;04:17.567;5.5;40.0
1485;CZE;04:15.425;5.7;39.0;CRO;04:20.283;5.4;36.0;GBR;04:08.969;5.8;37.0;NED;04:09.156;5.9;41.0;GER;04:11.837;5.7;38.0;ROU;04:18.397;5.5;40.0
1490;CZE;04:16.343;5.7;39.0;CRO;04:21.099;5.4;36.0;GBR;04:09.736;5.8;37.0;NED;04:10.092;5.9;42.0;GER;04:12.744;5.7;38.0;ROU;04:19.367;5.5;40.0
1495;CZE;04:17.154;5.7;39.0;CRO;04:22.117;5.4;36.0;GBR;04:10.663;5.9;37.0;NED;04:10.922;5.9;42.0;GER;04:13.564;5.7;38.0;ROU;04:20.283;5.5;40.0
1500;CZE;04:18.106;5.7;39.0;CRO;04:22.951;5.4;36.0;GBR;04:11.421;5.9;37.0;NED;04:11.771;5.9;42.0;GER;04:14.499;5.7;38.0;ROU;04:21.141;5.5;40.0
1505;CZE;04:18.895;5.7;39.0;CRO;04:23.926;5.4;36.0;GBR;04:12.349;5.9;37.0;NED;04:12.657;5.9;42.0;GER;04:15.286;5.7;38.0;ROU;04:22.117;5.5;39.0
1510;CZE;04:19.859;5.6;39.0;CRO;04:24.829;5.5;36.0;GBR;04:13.123;5.9;37.0;NED;04:13.432;5.9;42.0;GER;04:16.247;5.7;38.0;ROU;04:22.939;5.5;39.0
1515;CZE;04:20.705;5.6;39.0;CRO;04:25.744;5.5;36.0;GBR;04:14.035;5.9;37.0;NED;04:14.343;5.9;42.0;GER;04:17.029;5.7;38.0;ROU;04:23.941;5.5;39.0
1520;CZE;04:21.608;5.7;39.0;CRO;04:26.695;5.4;36.0;GBR;04:14.809;5.9;37.0;NED;04:15.132;5.9;42.0;GER;04:17.978;5.7;38.0;ROU;04:24.841;5.5;39.0
1525;CZE;04:22.533;5.7;39.0;CRO;04:27.556;5.4;36.0;GBR;04:15.711;5.9;37.0;NED;04:15.994;5.9;42.0;GER;04:18.783;5.7;38.0;ROU;04:25.697;5.5;39.0
1530;CZE;04:23.354;5.7;39.0;CRO;04:28.565;5.4;36.0;GBR;04:16.515;5.9;38.0;NED;04:16.832;6.0;42.0;GER;04:19.688;5.8;38.0;ROU;04:26.676;5.5;39.0
1535;CZE;04:24.314;5.6;39.0;CRO;04:29.412;5.4;36.0;GBR;04:17.380;5.9;38.0;NED;04:17.607;6.0;42.0;GER;04:20.542;5.8;38.0;ROU;04:27.502;5.5;39.0
1540;CZE;04:25.110;5.6;39.0;CRO;04:30.449;5.4;36.0;GBR;04:18.222;5.9;38.0;NED;04:18.510;6.0;42.0;GER;04:21.385;5.8;38.0;ROU;04:28.484;5.5;39.0
1545;CZE;04:26.091;5.6;39.0;CRO;04:31.335;5.3;36.0;GBR;04:19.061;6.0;38.0;NED;04:19.250;6.0;42.0;GER;04:22.272;5.8;38.0;ROU;04:29.417;5.5;40.0
1550;CZE;04:26.954;5.6;39.0;CRO;04:32.349;5.3;36.0;GBR;04:19.915;6.0;38.0;NED;04:20.160;6.0;42.0;GER;04:23.095;5.8;38.0;ROU;04:30.312;5.5;40.0
1555;CZE;04:27.858;5.6;39.0;CRO;04:33.278;5.2;36.0;GBR;04:20.708;6.0;38.0;NED;04:20.985;6.0;42.0;GER;04:24.037;5.8;38.0;ROU;04:31.275;5.4;40.0
1560;CZE;04:28.790;5.6;39.0;CRO;04:34.246;5.2;36.0;GBR;04:21.602;6.0;38.0;NED;04:21.801;6.0;42.0;GER;04:24.814;5.8;38.0;ROU;04:32.121;5.4;40.0
1565;CZE;04:29.616;5.6;39.0;CRO;04:35.272;5.2;36.0;GBR;04:22.372;5.9;38.0;NED;04:22.702;6.0;42.0;GER;04:25.772;5.8;38.0;ROU;04:33.103;5.4;40.0
1570;CZE;04:30.586;5.6;39.0;CRO;04:36.135;5.2;35.0;GBR;04:23.284;5.9;38.0;NED;04:23.460;5.9;42.0;GER;04:26.546;5.8;38.0;ROU;04:34.003;5.4;39.0
1575;CZE;04:31.402;5.6;39.0;CRO;04:37.190;5.2;35.0;GBR;04:24.044;5.9;38.0;NED;04:24.381;5.9;42.0;GER;04:27.497;5.8;38.0;ROU;04:34.840;5.4;39.0
1580;CZE;04:32.369;5.5;39.0;CRO;04:38.074;5.2;35.0;GBR;04:24.969;5.9;38.0;NED;04:25.198;5.9;42.0;GER;04:28.313;5.8;38.0;ROU;04:35.811;5.5;39.0
1585;CZE;04:33.228;5.6;39.0;CRO;04:39.105;5.2;35.0;GBR;04:25.721;5.9;38.0;NED;04:26.046;5.9;42.0;GER;04:29.213;5.8;38.0;ROU;04:36.622;5.6;39.0
1590;CZE;04:34.117;5.6;39.0;CRO;04:40.059;5.2;35.0;GBR;04:26.650;5.9;38.0;NED;04:26.939;5.9;42.0;GER;04:30.091;5.8;38.0;ROU;04:37.608;5.6;40.0
1595;CZE;04:35.063;5.6;39.0;CRO;04:41.027;5.2;35.0;GBR;04:27.428;5.9;38.0;NED;04:27.704;5.9;42.0;GER;04:30.931;5.8;38.0;ROU;04:38.557;5.5;40.0
1600;CZE;04:35.865;5.6;39.0;CRO;04:42.026;5.2;35.0;GBR;04:28.325;5.9;38.0;NED;04:28.637;5.9;42.0;GER;04:31.845;5.8;38.0;ROU;04:39.413;5.4;40.0
1605;CZE;04:36.836;5.6;39.0;CRO;04:42.891;5.2;35.0;GBR;04:29.138;5.9;38.0;NED;04:29.422;5.9;42.0;GER;04:32.636;5.8;38.0;ROU;04:40.412;5.4;40.0
1610;CZE;04:37.665;5.6;39.0;CRO;04:43.932;5.2;35.0;GBR;04:29.992;5.9;38.0;NED;04:30.318;5.9;41.0;GER;04:33.581;5.8;38.0;ROU;04:41.284;5.4;40.0
1615;CZE;04:38.594;5.6;39.0;CRO;04:44.784;5.2;35.0;GBR;04:30.845;5.9;38.0;NED;04:31.186;5.9;41.0;GER;04:34.343;5.8;38.0;ROU;04:42.236;5.4;40.0
1620;CZE;04:39.496;5.6;39.0;CRO;04:45.804;5.3;35.0;GBR;04:31.681;6.0;38.0;NED;04:31.976;5.8;41.0;GER;04:35.306;5.8;38.0;ROU;04:43.213;5.4;40.0
1625;CZE;04:40.329;5.6;39.0;CRO;04:46.718;5.3;36.0;GBR;04:32.549;6.0;38.0;NED;04:32.892;5.9;41.0;GER;04:36.084;5.8;38.0;ROU;04:44.060;5.4;40.0
1630;CZE;04:41.280;5.6;39.0;CRO;04:47.659;5.3;36.0;GBR;04:33.365;5.9;38.0;NED;04:33.658;5.9;41.0;GER;04:37.024;5.8;38.0;ROU;04:45.082;5.3;40.0
1635;CZE;04:42.074;5.6;39.0;CRO;04:48.628;5.3;36.0;GBR;04:34.243;5.9;38.0;NED;04:34.575;5.9;41.0;GER;04:37.856;5.8;38.0;ROU;04:45.982;5.4;40.0
1640;CZE;04:43.042;5.6;39.0;CRO;04:49.497;5.3;36.0;GBR;04:35.008;5.9;38.0;NED;04:35.404;5.9;41.0;GER;04:38.739;5.8;38.0;ROU;04:46.906;5.4;40.0
1645;CZE;04:43.891;5.6;39.0;CRO;04:50.497;5.4;36.0;GBR;04:35.928;5.9;38.0;NED;04:36.232;5.9;41.0;GER;04:39.624;5.8;38.0;ROU;04:47.845;5.4;40.0
1650;CZE;04:44.783;5.6;39.0;CRO;04:51.332;5.4;36.0;GBR;04:36.694;5.9;38.0;NED;04:37.135;5.9;41.0;GER;04:40.444;5.8;38.0;ROU;04:48.671;5.4;40.0
1655;CZE;04:45.708;5.6;39.0;CRO;04:52.354;5.4;36.0;GBR;04:37.602;5.9;38.0;NED;04:37.930;5.9;41.0;GER;04:41.367;5.8;38.0;ROU;04:49.648;5.4;40.0
1660;CZE;04:46.519;5.6;39.0;CRO;04:53.192;5.4;36.0;GBR;04:38.371;5.9;38.0;NED;04:38.838;5.9;41.0;GER;04:42.142;5.8;38.0;ROU;04:50.553;5.5;40.0
1665;CZE;04:47.478;5.7;39.0;CRO;04:54.210;5.4;36.0;GBR;04:39.274;5.9;38.0;NED;04:39.629;5.9;41.0;GER;04:43.084;5.8;38.0;ROU;04:51.417;5.5;40.0
1670;CZE;04:48.281;5.7;39.0;CRO;04:55.082;5.4;35.0;GBR;04:40.079;6.0;38.0;NED;04:40.526;5.8;41.0;GER;04:43.860;5.8;38.0;ROU;04:52.379;5.5;40.0
1675;CZE;04:49.230;5.6;39.0;CRO;04:56.052;5.4;35.0;GBR;04:40.942;5.9;38.0;NED;04:41.403;5.8;41.0;GER;04:44.809;5.8;38.0;ROU;04:53.199;5.5;40.0
1680;CZE;04:50.109;5.7;39.0;CRO;04:56.965;5.4;35.0;GBR;04:41.788;6.0;38.0;NED;04:42.209;5.8;41.0;GER;04:45.599;5.8;38.0;ROU;04:54.163;5.5;40.0
1685;CZE;04:50.961;5.6;39.0;CRO;04:57.867;5.4;35.0;GBR;04:42.595;5.9;38.0;NED;04:43.140;5.8;41.0;GER;04:46.536;5.8;38.0;ROU;04:55.063;5.6;40.0
1690;CZE;04:51.898;5.7;39.0;CRO;04:58.824;5.4;35.0;GBR;04:43.477;6.0;38.0;NED;04:43.910;5.8;41.0;GER;04:47.375;5.8;38.0;ROU;04:55.909;5.5;40.0
1695;CZE;04:52.718;5.7;39.0;CRO;04:59.671;5.4;35.0;GBR;04:44.241;5.9;39.0;NED;04:44.849;5.8;41.0;GER;04:48.251;5.7;38.0;ROU;04:56.865;5.6;40.0
1700;CZE;04:53.649;5.7;39.0;CRO;05:00.658;5.5;35.0;GBR;04:45.146;6.0;39.0;NED;04:45.698;5.8;41.0;GER;04:49.146;5.8;38.0;ROU;04:57.673;5.6;40.0
1705;CZE;04:54.470;5.7;39.0;CRO;05:01.476;5.5;36.0;GBR;04:45.913;6.0;39.0;NED;04:46.553;5.8;41.0;GER;04:49.965;5.8;38.0;ROU;04:58.632;5.6;40.0
1710;CZE;04:55.401;5.7;39.0;CRO;05:02.493;5.5;36.0;GBR;04:46.804;6.0;39.0;NED;04:47.464;5.8;41.0;GER;04:50.891;5.8;38.0;ROU;04:59.534;5.6;40.0
1715;CZE;04:56.283;5.7;39.0;CRO;05:03.362;5.5;36.0;GBR;04:47.564;6.0;39.0;NED;04:48.239;5.7;41.0;GER;04:51.675;5.8;38.0;ROU;05:00.377;5.6;40.0
1720;CZE;04:57.109;5.7;39.0;CRO;05:04.355;5.4;36.0;GBR;04:48.459;6.0;39.0;NED;04:49.180;5.8;41.0;GER;04:52.627;5.8;38.0;ROU;05:01.343;5.6;40.0
1725;CZE;04:58.046;5.7;39.0;CRO;05:05.302;5.3;36.0;GBR;04:49.261;6.0;39.0;NED;04:49.978;5.8;41.0;GER;04:53.398;5.8;38.0;ROU;05:02.170;5.6;40.0
1730;CZE;04:58.830;5.7;39.0;CRO;05:06.216;5.3;36.0;GBR;04:50.135;6.0;39.0;NED;04:50.873;5.8;41.0;GER;04:54.356;5.8;38.0;ROU;05:03.119;5.6;41.0
1735;CZE;04:59.779;5.7;39.0;CRO;05:07.224;5.3;36.0;GBR;04:50.962;6.0;39.0;NED;04:51.764;5.8;41.0;GER;04:55.141;5.8;38.0;ROU;05:04.035;5.6;41.0
1740;CZE;05:00.589;5.8;39.0;CRO;05:08.093;5.3;36.0;GBR;04:51.774;6.0;39.0;NED;04:52.551;5.8;41.0;GER;04:56.081;5.8;38.0;ROU;05:04.859;5.6;41.0
1745;CZE;05:01.509;5.8;39.0;CRO;05:09.140;5.3;36.0;GBR;04:52.649;6.0;39.0;NED;04:53.482;5.8;41.0;GER;04:56.926;5.8;38.0;ROU;05:05.825;5.6;41.0
1750;CZE;05:02.405;5.8;39.0;CRO;05:10.007;5.2;36.0;GBR;04:53.419;6.0;39.0;NED;04:54.245;5.8;41.0;GER;04:57.801;5.8;38.0;ROU;05:06.664;5.6;41.0
1755;CZE;05:03.233;5.7;39.0;CRO;05:11.038;5.2;36.0;GBR;04:54.322;6.0;39.0;NED;04:55.161;5.8;41.0;GER;04:58.697;5.8;38.0;ROU;05:07.572;5.6;41.0
1760;CZE;05:04.154;5.7;40.0;CRO;05:11.978;5.2;36.0;GBR;04:55.077;6.0;39.0;NED;04:56.017;5.9;41.0;GER;04:59.515;5.8;38.0;ROU;05:08.491;5.6;41.0
1765;CZE;05:04.933;5.7;40.0;CRO;05:12.929;5.2;36.0;GBR;04:55.995;6.0;39.0;NED;04:56.813;5.9;41.0;GER;05:00.437;5.8;38.0;ROU;05:09.301;5.6;41.0
1770;CZE;05:05.885;5.7;40.0;CRO;05:13.939;5.2;36.0;GBR;04:56.762;6.0;39.0;NED;04:57.731;5.9;42.0;GER;05:01.212;5.8;38.0;ROU;05:10.268;5.6;41.0
1775;CZE;05:06.737;5.8;40.0;CRO;05:14.814;5.2;35.0;GBR;04:57.664;5.9;39.0;NED;04:58.516;5.9;42.0;GER;05:02.148;5.8;38.0;ROU;05:11.130;5.6;41.0
1780;CZE;05:07.599;5.7;40.0;CRO;05:15.859;5.2;35.0;GBR;04:58.485;5.9;39.0;NED;04:59.398;5.9;42.0;GER;05:02.898;5.8;38.0;ROU;05:12.003;5.6;41.0
1785;CZE;05:08.513;5.7;40.0;CRO;05:16.713;5.2;35.0;GBR;04:59.336;5.9;39.0;NED;05:00.271;5.9;42.0;GER;05:03.828;5.8;38.0;ROU;05:12.935;5.6;41.0
1790;CZE;05:09.334;5.7;40.0;CRO;05:17.749;5.2;35.0;GBR;05:00.194;5.9;39.0;NED;05:01.053;5.9;42.0;GER;05:04.589;5.9;38.0;ROU;05:13.726;5.6;41.0
1795;CZE;05:10.248;5.8;40.0;CRO;05:18.667;5.3;35.0;GBR;05:01.003;5.9;39.0;NED;05:01.982;5.9;43.0;GER;05:05.510;5.9;39.0;ROU;05:14.670;5.6;42.0
1800;CZE;05:11.031;5.8;40.0;CRO;05:19.613;5.3;36.0;GBR;05:01.904;5.9;39.0;NED;05:02.762;5.9;43.0;GER;05:06.326;6.0;39.0;ROU;05:15.555;5.7;42.0
1805;CZE;05:11.960;5.8;40.0;CRO;05:20.598;5.3;36.0;GBR;05:02.677;5.9;39.0;NED;05:03.691;5.9;42.0;GER;05:07.155;6.0;39.0;ROU;05:16.372;5.7;42.0
1810;CZE;05:12.846;5.8;40.0;CRO;05:21.470;5.3;36.0;GBR;05:03.601;5.9;39.0;NED;05:04.562;5.8;42.0;GER;05:08.033;6.0;39.0;ROU;05:17.316;5.8;42.0
1815;CZE;05:13.652;5.7;40.0;CRO;05:22.500;5.3;36.0;GBR;05:04.363;5.9;39.0;NED;05:05.352;5.8;42.0;GER;05:08.817;5.9;39.0;ROU;05:18.155;5.7;42.0
1820;CZE;05:14.577;5.8;40.0;CRO;05:23.361;5.3;36.0;GBR;05:05.291;5.9;39.0;NED;05:06.290;5.8;42.0;GER;05:09.730;5.9;39.0;ROU;05:19.041;5.7;42.0
1825;CZE;05:15.357;5.8;40.0;CRO;05:24.418;5.3;36.0;GBR;05:06.073;5.9;39.0;NED;05:07.060;5.8;42.0;GER;05:10.478;5.9;39.0;ROU;05:19.935;5.7;43.0
1830;CZE;05:16.289;5.8;40.0;CRO;05:25.326;5.2;36.0;GBR;05:06.974;5.9;39.0;NED;05:07.987;5.8;42.0;GER;05:11.406;5.9;39.0;ROU;05:20.718;5.7;43.0
1835;CZE;05:17.149;5.8;41.0;CRO;05:26.333;5.2;35.0;GBR;05:07.799;5.9;39.0;NED;05:08.876;5.8;42.0;GER;05:12.156;5.9;39.0;ROU;05:21.674;5.7;43.0
1840;CZE;05:18.010;5.8;41.0;CRO;05:27.274;5.1;35.0;GBR;05:08.645;5.9;39.0;NED;05:09.664;5.8;42.0;GER;05:13.084;5.9;39.0;ROU;05:22.540;5.8;43.0
1845;CZE;05:18.927;5.8;41.0;CRO;05:28.204;5.2;35.0;GBR;05:09.523;5.9;39.0;NED;05:10.598;5.8;42.0;GER;05:13.868;5.9;39.0;ROU;05:23.348;5.7;43.0
1850;CZE;05:19.714;5.8;41.0;CRO;05:29.214;5.2;35.0;GBR;05:10.308;5.9;39.0;NED;05:11.387;5.8;42.0;GER;05:14.760;5.9;39.0;ROU;05:24.289;5.8;43.0
1855;CZE;05:20.680;5.7;41.0;CRO;05:30.071;5.3;35.0;GBR;05:11.208;5.9;39.0;NED;05:12.284;5.8;42.0;GER;05:15.591;5.9;39.0;ROU;05:25.117;5.7;43.0
1860;CZE;05:21.518;5.7;40.0;CRO;05:31.114;5.3;35.0;GBR;05:11.964;5.9;39.0;NED;05:13.166;5.9;42.0;GER;05:16.430;5.9;39.0;ROU;05:25.990;5.7;43.0
1865;CZE;05:22.419;5.6;40.0;CRO;05:31.957;5.3;35.0;GBR;05:12.880;5.9;39.0;NED;05:13.950;5.8;42.0;GER;05:17.312;5.9;39.0;ROU;05:26.906;5.8;43.0
1870;CZE;05:23.350;5.6;40.0;CRO;05:32.996;5.3;35.0;GBR;05:13.634;5.9;39.0;NED;05:14.881;5.8;42.0;GER;05:18.096;5.9;39.0;ROU;05:27.697;5.7;43.0
1875;CZE;05:24.165;5.6;40.0;CRO;05:33.900;5.3;35.0;GBR;05:14.551;6.0;39.0;NED;05:15.669;5.8;42.0;GER;05:19.005;5.9;39.0;ROU;05:28.653;5.7;43.0
1880;CZE;05:25.136;5.6;40.0;CRO;05:34.883;5.3;35.0;GBR;05:15.345;6.0;39.0;NED;05:16.579;5.8;42.0;GER;05:19.763;5.9;39.0;ROU;05:29.531;5.8;43.0
1885;CZE;05:25.969;5.6;40.0;CRO;05:35.868;5.2;35.0;GBR;05:16.231;6.0;39.0;NED;05:17.447;5.8;42.0;GER;05:20.692;5.9;39.0;ROU;05:30.331;5.7;43.0
1890;CZE;05:26.910;5.6;40.0;CRO;05:36.777;5.2;35.0;GBR;05:17.042;5.9;39.0;NED;05:18.245;5.8;42.0;GER;05:21.446;5.9;39.0;ROU;05:31.270;5.7;43.0
1895;CZE;05:27.844;5.6;40.0;CRO;05:37.811;5.2;35.0;GBR;05:17.894;5.9;39.0;NED;05:19.167;5.9;42.0;GER;05:22.383;5.9;39.0;ROU;05:32.063;5.7;43.0
1900;CZE;05:28.682;5.6;40.0;CRO;05:38.672;5.2;35.0;GBR;05:18.784;5.9;39.0;NED;05:19.936;5.8;42.0;GER;05:23.161;5.9;39.0;ROU;05:32.961;5.8;43.0
1905;CZE;05:29.674;5.5;40.0;CRO;05:39.732;5.2;35.0;GBR;05:19.575;5.9;39.0;NED;05:20.856;5.8;42.0;GER;05:24.068;5.9;39.0;ROU;05:33.865;5.8;43.0
1910;CZE;05:30.530;5.5;40.0;CRO;05:40.598;5.2;35.0;GBR;05:20.499;5.9;39.0;NED;05:21.719;5.8;42.0;GER;05:24.901;5.9;39.0;ROU;05:34.659;5.8;43.0
1915;CZE;05:31.473;5.4;40.0;CRO;05:41.609;5.2;35.0;GBR;05:21.268;5.9;39.0;NED;05:22.563;5.8;42.0;GER;05:25.740;5.9;39.0;ROU;05:35.563;5.8;43.0
1920;CZE;05:32.424;5.4;40.0;CRO;05:42.550;5.3;35.0;GBR;05:22.206;5.9;39.0;NED;05:23.441;5.9;42.0;GER;05:26.615;5.9;39.0;ROU;05:36.438;5.8;43.0
1925;CZE;05:33.271;5.4;40.0;CRO;05:43.483;5.3;35.0;GBR;05:22.992;5.8;39.0;NED;05:24.221;5.8;42.0;GER;05:27.406;5.9;39.0;ROU;05:37.236;5.8;44.0
1930;CZE;05:34.280;5.4;40.0;CRO;05:44.483;5.3;35.0;GBR;05:23.906;5.8;39.0;NED;05:25.147;5.8;42.0;GER;05:28.298;5.9;39.0;ROU;05:38.163;5.8;44.0
1935;CZE;05:35.161;5.4;40.0;CRO;05:45.356;5.3;35.0;GBR;05:24.751;5.8;39.0;NED;05:25.988;5.8;42.0;GER;05:29.094;5.9;39.0;ROU;05:39.014;5.8;44.0
1940;CZE;05:36.088;5.4;40.0;CRO;05:46.395;5.2;35.0;GBR;05:25.612;5.8;39.0;NED;05:26.827;5.8;42.0;GER;05:29.989;5.9;39.0;ROU;05:39.828;5.8;44.0
1945;CZE;05:37.050;5.4;40.0;CRO;05:47.257;5.2;35.0;GBR;05:26.477;5.8;39.0;NED;05:27.750;5.8;42.0;GER;05:30.730;6.0;39.0;ROU;05:40.757;5.8;44.0
1950;CZE;05:37.896;5.4;40.0;CRO;05:48.313;5.2;35.0;GBR;05:27.339;5.8;39.0;NED;05:28.513;5.8;42.0;GER;05:31.662;6.0;39.0;ROU;05:41.597;5.8;44.0
1955;CZE;05:38.883;5.4;40.0;CRO;05:49.215;5.2;35.0;GBR;05:28.231;5.8;39.0;NED;05:29.457;5.8;42.0;GER;05:32.431;5.9;39.0;ROU;05:42.459;5.8;44.0
1960;CZE;05:39.770;5.5;40.0;CRO;05:50.222;5.2;35.0;GBR;05:29.008;5.8;39.0;NED;05:30.262;5.8;41.0;GER;05:33.338;5.9;39.0;ROU;05:43.375;5.8;44.0
1965;CZE;05:40.665;5.4;40.0;CRO;05:51.194;5.2;35.0;GBR;05:29.950;5.8;39.0;NED;05:31.147;5.8;41.0;GER;05:34.151;5.9;39.0;ROU;05:44.159;5.7;44.0
1970;CZE;05:41.634;5.4;40.0;CRO;05:52.120;5.2;35.0;GBR;05:30.727;5.8;39.0;NED;05:32.046;5.8;41.0;GER;05:35.018;5.9;39.0;ROU;05:45.087;5.7;44.0
1975;CZE;05:42.467;5.4;40.0;CRO;05:53.137;5.2;35.0;GBR;05:31.664;5.8;39.0;NED;05:32.818;5.8;41.0;GER;05:35.886;5.9;39.0;ROU;05:45.980;5.8;44.0
1980;CZE;05:43.455;5.4;40.0;CRO;05:54.011;5.2;35.0;GBR;05:32.492;5.8;39.0;NED;05:33.751;5.8;41.0;GER;05:36.703;5.9;39.0;ROU;05:46.778;5.8;44.0
1985;CZE;05:44.378;5.5;40.0;CRO;05:55.055;5.2;35.0;GBR;05:33.373;5.8;38.0;NED;05:34.559;5.9;41.0;GER;05:37.604;5.9;39.0;ROU;05:47.724;5.8;44.0
1990;CZE;05:45.245;5.4;40.0;CRO;05:55.926;5.2;35.0;GBR;05:34.250;5.8;38.0;NED;05:35.442;5.8;41.0;GER;05:38.382;5.9;39.0;ROU;05:48.578;5.7;44.0
1995;CZE;05:46.232;5.4;40.0;CRO;05:56.957;5.2;35.0;GBR;05:35.073;5.8;38.0;NED;05:36.333;5.9;41.0;GER;05:39.309;5.9;38.0;ROU;05:49.435;5.7;43.0
2000;CZE;05:47.057;5.4;40.0;CRO;05:57.837;5.2;35.0;GBR;05:36.004;5.8;38.0;NED;05:37.124;5.8;41.0;GER;05:40.068;5.9;38.0;ROU;05:50.379;5.7;43.0
