Distance;ShortName2;Time2;Speed2;Stroke2;ShortName5;Time5;Speed5;Stroke5;ShortName1;Time1;Speed1;Stroke1;ShortName3;Time3;Speed3;Stroke3;ShortName4;Time4;Speed4;Stroke4;
5;GER;00:02.952;3.0;0.0;AUT;00:03.065;2.8;0.0;RSA;00:03.237;2.8;0.0;NED;00:03.069;2.9;0.0;CHN;00:03.116;2.5;0.0
10;GER;00:04.339;3.4;0.0;AUT;00:04.524;3.2;41.0;RSA;00:04.681;3.2;43.0;NED;00:04.458;3.3;36.0;CHN;00:04.597;3.1;43.0
15;GER;00:05.534;3.6;43.0;AUT;00:05.817;3.4;41.0;RSA;00:06.007;3.4;44.0;NED;00:05.620;3.5;36.0;CHN;00:05.927;3.5;44.0
20;GER;00:06.529;4.1;43.0;AUT;00:06.943;3.9;41.0;RSA;00:07.216;3.8;44.0;NED;00:06.881;3.9;37.0;CHN;00:07.111;3.9;44.0
25;GER;00:07.631;4.4;43.0;AUT;00:08.032;4.3;41.0;RSA;00:08.361;4.2;44.0;NED;00:08.035;4.3;37.0;CHN;00:08.228;4.3;44.0
30;GER;00:08.672;4.8;43.0;AUT;00:09.204;4.4;41.0;RSA;00:09.389;4.4;43.0;NED;00:09.130;4.5;37.0;CHN;00:09.325;4.5;44.0
35;GER;00:09.645;4.9;43.0;AUT;00:10.334;4.5;41.0;RSA;00:10.538;4.5;43.0;NED;00:10.137;4.5;38.0;CHN;00:10.360;4.6;44.0
40;GER;00:10.599;5.0;43.0;AUT;00:11.448;4.6;41.0;RSA;00:11.690;4.5;42.0;NED;00:11.302;4.6;38.0;CHN;00:11.403;4.6;45.0
45;GER;00:11.646;5.1;43.0;AUT;00:12.469;4.5;41.0;RSA;00:12.820;4.6;42.0;NED;00:12.419;4.6;38.0;CHN;00:12.503;4.7;45.0
50;GER;00:12.653;5.1;42.0;AUT;00:13.627;4.5;41.0;RSA;00:13.873;4.5;41.0;NED;00:13.399;4.6;38.0;CHN;00:13.606;4.7;45.0
55;GER;00:13.553;5.1;42.0;AUT;00:14.776;4.5;41.0;RSA;00:14.997;4.5;41.0;NED;00:14.556;4.6;38.0;CHN;00:14.664;4.7;44.0
60;GER;00:14.643;5.0;42.0;AUT;00:15.865;4.5;41.0;RSA;00:16.167;4.4;41.0;NED;00:15.677;4.6;38.0;CHN;00:15.696;4.7;44.0
65;GER;00:15.662;5.0;42.0;AUT;00:16.861;4.6;41.0;RSA;00:17.301;4.5;41.0;NED;00:16.650;4.6;38.0;CHN;00:16.781;4.6;44.0
70;GER;00:16.573;5.0;41.0;AUT;00:18.000;4.6;40.0;RSA;00:18.313;4.5;40.0;NED;00:17.799;4.6;38.0;CHN;00:17.904;4.6;44.0
75;GER;00:17.639;4.9;41.0;AUT;00:19.108;4.6;40.0;RSA;00:19.480;4.5;40.0;NED;00:18.925;4.6;38.0;CHN;00:18.988;4.6;44.0
80;GER;00:18.686;4.9;41.0;AUT;00:20.128;4.7;40.0;RSA;00:20.643;4.5;40.0;NED;00:19.893;4.6;38.0;CHN;00:20.017;4.7;44.0
85;GER;00:19.616;4.9;41.0;AUT;00:21.183;4.7;40.0;RSA;00:21.761;4.5;40.0;NED;00:21.047;4.6;37.0;CHN;00:21.063;4.7;43.0
90;GER;00:20.669;4.9;41.0;AUT;00:22.329;4.7;40.0;RSA;00:22.792;4.5;40.0;NED;00:22.175;4.6;37.0;CHN;00:22.172;4.7;43.0
95;GER;00:21.734;4.9;41.0;AUT;00:23.439;4.6;40.0;RSA;00:23.969;4.5;39.0;NED;00:23.161;4.6;37.0;CHN;00:23.285;4.7;43.0
100;GER;00:22.677;4.9;40.0;AUT;00:24.448;4.6;40.0;RSA;00:25.116;4.5;39.0;NED;00:24.331;4.6;37.0;CHN;00:24.371;4.6;43.0
105;GER;00:23.722;4.9;40.0;AUT;00:25.617;4.5;40.0;RSA;00:26.175;4.5;39.0;NED;00:25.466;4.6;37.0;CHN;00:25.367;4.6;43.0
110;GER;00:24.790;4.9;40.0;AUT;00:26.764;4.5;39.0;RSA;00:27.272;4.5;39.0;NED;00:26.446;4.6;36.0;CHN;00:26.486;4.6;43.0
115;GER;00:25.746;4.9;40.0;AUT;00:27.825;4.5;39.0;RSA;00:28.460;4.5;39.0;NED;00:27.610;4.6;36.0;CHN;00:27.603;4.6;43.0
120;GER;00:26.783;4.9;40.0;AUT;00:28.895;4.5;39.0;RSA;00:29.570;4.5;38.0;NED;00:28.747;4.6;36.0;CHN;00:28.644;4.7;42.0
125;GER;00:27.875;4.9;40.0;AUT;00:30.075;4.5;39.0;RSA;00:30.625;4.5;38.0;NED;00:29.731;4.6;36.0;CHN;00:29.674;4.6;42.0
130;GER;00:28.840;4.9;40.0;AUT;00:31.189;4.5;39.0;RSA;00:31.820;4.4;38.0;NED;00:30.914;4.6;36.0;CHN;00:30.843;4.6;41.0
135;GER;00:29.911;4.9;39.0;AUT;00:32.216;4.5;39.0;RSA;00:32.988;4.4;38.0;NED;00:32.058;4.5;36.0;CHN;00:31.940;4.6;41.0
140;GER;00:30.975;4.8;39.0;AUT;00:33.401;4.5;39.0;RSA;00:34.047;4.4;38.0;NED;00:33.046;4.5;36.0;CHN;00:32.980;4.6;41.0
145;GER;00:31.965;4.8;39.0;AUT;00:34.562;4.4;38.0;RSA;00:35.165;4.4;38.0;NED;00:34.233;4.5;36.0;CHN;00:34.013;4.6;41.0
150;GER;00:32.995;4.8;39.0;AUT;00:35.630;4.4;38.0;RSA;00:36.342;4.4;38.0;NED;00:35.373;4.5;36.0;CHN;00:35.150;4.6;41.0
155;GER;00:34.113;4.8;39.0;AUT;00:36.741;4.4;38.0;RSA;00:37.458;4.5;38.0;NED;00:36.373;4.5;36.0;CHN;00:36.261;4.6;41.0
160;GER;00:35.125;4.8;39.0;AUT;00:37.933;4.4;38.0;RSA;00:38.507;4.5;38.0;NED;00:37.581;4.5;36.0;CHN;00:37.308;4.6;41.0
165;GER;00:36.120;4.8;39.0;AUT;00:39.086;4.4;38.0;RSA;00:39.715;4.4;37.0;NED;00:38.727;4.5;35.0;CHN;00:38.401;4.6;41.0
170;GER;00:37.239;4.8;39.0;AUT;00:40.126;4.4;38.0;RSA;00:40.863;4.4;37.0;NED;00:39.746;4.5;35.0;CHN;00:39.588;4.5;41.0
175;GER;00:38.289;4.8;39.0;AUT;00:41.349;4.4;38.0;RSA;00:41.928;4.4;37.0;NED;00:40.962;4.4;35.0;CHN;00:40.740;4.4;41.0
180;GER;00:39.286;4.8;39.0;AUT;00:42.532;4.3;38.0;RSA;00:43.150;4.3;37.0;NED;00:42.120;4.4;35.0;CHN;00:41.859;4.4;41.0
185;GER;00:40.448;4.7;39.0;AUT;00:43.586;4.3;38.0;RSA;00:44.359;4.3;37.0;NED;00:43.146;4.4;35.0;CHN;00:42.916;4.4;41.0
190;GER;00:41.527;4.7;39.0;AUT;00:44.740;4.4;38.0;RSA;00:45.490;4.3;37.0;NED;00:44.369;4.4;35.0;CHN;00:44.106;4.4;41.0
195;GER;00:42.527;4.6;38.0;AUT;00:45.924;4.4;37.0;RSA;00:46.600;4.3;37.0;NED;00:45.526;4.4;35.0;CHN;00:45.268;4.4;41.0
200;GER;00:43.698;4.6;38.0;AUT;00:47.013;4.4;37.0;RSA;00:47.826;4.3;37.0;NED;00:46.557;4.4;35.0;CHN;00:46.362;4.4;40.0
205;GER;00:44.784;4.6;38.0;AUT;00:48.132;4.5;37.0;RSA;00:48.984;4.3;37.0;NED;00:47.767;4.4;35.0;CHN;00:47.440;4.4;40.0
210;GER;00:45.771;4.6;38.0;AUT;00:49.308;4.4;37.0;RSA;00:50.037;4.4;37.0;NED;00:48.833;4.4;35.0;CHN;00:48.640;4.4;39.0
215;GER;00:46.941;4.6;38.0;AUT;00:50.483;4.4;37.0;RSA;00:51.219;4.4;37.0;NED;00:49.951;4.4;35.0;CHN;00:49.796;4.4;39.0
220;GER;00:48.036;4.6;38.0;AUT;00:51.520;4.4;37.0;RSA;00:52.408;4.4;37.0;NED;00:51.152;4.4;35.0;CHN;00:50.848;4.4;39.0
225;GER;00:49.036;4.6;37.0;AUT;00:52.726;4.3;37.0;RSA;00:53.530;4.4;37.0;NED;00:52.191;4.4;35.0;CHN;00:52.018;4.4;38.0
230;GER;00:50.210;4.6;37.0;AUT;00:53.904;4.4;37.0;RSA;00:54.614;4.4;38.0;NED;00:53.349;4.4;35.0;CHN;00:53.210;4.4;38.0
235;GER;00:51.333;4.6;37.0;AUT;00:54.977;4.4;37.0;RSA;00:55.847;4.4;38.0;NED;00:54.532;4.4;35.0;CHN;00:54.330;4.4;38.0
240;GER;00:52.298;4.6;37.0;AUT;00:56.106;4.4;37.0;RSA;00:57.032;4.3;38.0;NED;00:55.567;4.4;35.0;CHN;00:55.403;4.4;38.0
245;GER;00:53.474;4.6;37.0;AUT;00:57.299;4.4;37.0;RSA;00:58.113;4.3;38.0;NED;00:56.746;4.4;35.0;CHN;00:56.615;4.4;38.0
250;GER;00:54.607;4.6;37.0;AUT;00:58.418;4.4;37.0;RSA;00:59.283;4.3;38.0;NED;00:57.923;4.4;34.0;CHN;00:57.786;4.4;38.0
255;GER;00:55.606;4.6;37.0;AUT;00:59.480;4.4;37.0;RSA;01:00.499;4.3;38.0;NED;00:58.931;4.4;34.0;CHN;00:58.850;4.4;38.0
260;GER;00:56.775;4.6;37.0;AUT;01:00.687;4.4;37.0;RSA;01:01.649;4.3;38.0;NED;01:00.137;4.4;34.0;CHN;01:00.011;4.4;38.0
265;GER;00:57.921;4.5;37.0;AUT;01:01.822;4.4;37.0;RSA;01:02.706;4.3;37.0;NED;01:01.289;4.4;34.0;CHN;01:01.217;4.4;38.0
270;GER;00:58.912;4.5;37.0;AUT;01:02.845;4.4;37.0;RSA;01:03.940;4.3;37.0;NED;01:02.289;4.5;34.0;CHN;01:02.361;4.4;38.0
275;GER;01:00.094;4.5;37.0;AUT;01:04.042;4.4;37.0;RSA;01:05.139;4.3;37.0;NED;01:03.493;4.5;34.0;CHN;01:03.452;4.4;38.0
280;GER;01:01.254;4.5;37.0;AUT;01:05.191;4.5;37.0;RSA;01:06.219;4.3;37.0;NED;01:04.607;4.5;34.0;CHN;01:04.653;4.3;37.0
285;GER;01:02.282;4.5;37.0;AUT;01:06.223;4.5;37.0;RSA;01:07.397;4.3;37.0;NED;01:05.653;4.5;34.0;CHN;01:05.833;4.3;37.0
290;GER;01:03.432;4.5;36.0;AUT;01:07.405;4.4;37.0;RSA;01:08.606;4.3;37.0;NED;01:06.842;4.5;34.0;CHN;01:06.889;4.3;37.0
295;GER;01:04.594;4.5;36.0;AUT;01:08.586;4.4;37.0;RSA;01:09.741;4.3;37.0;NED;01:07.900;4.5;34.0;CHN;01:08.089;4.3;37.0
300;GER;01:05.617;4.5;36.0;AUT;01:09.672;4.4;37.0;RSA;01:10.838;4.4;37.0;NED;01:09.064;4.5;34.0;CHN;01:09.310;4.3;37.0
305;GER;01:06.753;4.5;36.0;AUT;01:10.793;4.4;37.0;RSA;01:12.029;4.4;37.0;NED;01:10.275;4.4;34.0;CHN;01:10.457;4.3;37.0
310;GER;01:07.915;4.5;36.0;AUT;01:12.000;4.4;37.0;RSA;01:13.190;4.4;37.0;NED;01:11.297;4.4;34.0;CHN;01:11.556;4.3;37.0
315;GER;01:08.931;4.5;36.0;AUT;01:13.137;4.4;37.0;RSA;01:14.236;4.4;37.0;NED;01:12.512;4.4;34.0;CHN;01:12.793;4.3;37.0
320;GER;01:10.075;4.5;36.0;AUT;01:14.223;4.4;37.0;RSA;01:15.461;4.4;37.0;NED;01:13.713;4.4;34.0;CHN;01:13.981;4.3;37.0
325;GER;01:11.241;4.5;36.0;AUT;01:15.458;4.3;36.0;RSA;01:16.648;4.3;37.0;NED;01:14.737;4.4;34.0;CHN;01:15.089;4.3;37.0
330;GER;01:12.264;4.5;36.0;AUT;01:16.641;4.3;36.0;RSA;01:17.724;4.3;37.0;NED;01:15.982;4.4;34.0;CHN;01:16.293;4.3;37.0
335;GER;01:13.408;4.5;36.0;AUT;01:17.684;4.3;36.0;RSA;01:18.900;4.3;37.0;NED;01:17.161;4.3;34.0;CHN;01:17.506;4.3;37.0
340;GER;01:14.574;4.5;36.0;AUT;01:18.920;4.3;36.0;RSA;01:20.121;4.3;37.0;NED;01:18.196;4.3;34.0;CHN;01:18.631;4.2;36.0
345;GER;01:15.613;4.5;36.0;AUT;01:20.132;4.3;36.0;RSA;01:21.276;4.3;37.0;NED;01:19.443;4.3;34.0;CHN;01:19.793;4.2;36.0
350;GER;01:16.755;4.5;36.0;AUT;01:21.225;4.3;36.0;RSA;01:22.362;4.3;37.0;NED;01:20.636;4.3;34.0;CHN;01:21.076;4.2;36.0
355;GER;01:17.937;4.5;36.0;AUT;01:22.405;4.3;36.0;RSA;01:23.604;4.3;37.0;NED;01:21.691;4.3;34.0;CHN;01:22.274;4.2;35.0
360;GER;01:18.975;4.4;36.0;AUT;01:23.628;4.3;36.0;RSA;01:24.817;4.3;37.0;NED;01:22.957;4.3;34.0;CHN;01:23.355;4.2;35.0
365;GER;01:20.127;4.4;36.0;AUT;01:24.755;4.3;36.0;RSA;01:25.928;4.3;37.0;NED;01:24.161;4.3;34.0;CHN;01:24.603;4.2;35.0
370;GER;01:21.339;4.4;36.0;AUT;01:25.883;4.3;35.0;RSA;01:27.132;4.2;37.0;NED;01:25.222;4.3;34.0;CHN;01:25.841;4.2;36.0
375;GER;01:22.475;4.4;36.0;AUT;01:27.105;4.3;35.0;RSA;01:28.386;4.2;37.0;NED;01:26.474;4.3;34.0;CHN;01:26.960;4.2;36.0
380;GER;01:23.565;4.3;36.0;AUT;01:28.254;4.3;35.0;RSA;01:29.594;4.2;37.0;NED;01:27.649;4.3;34.0;CHN;01:28.147;4.2;36.0
385;GER;01:24.803;4.3;36.0;AUT;01:29.343;4.3;35.0;RSA;01:30.685;4.2;37.0;NED;01:28.723;4.3;34.0;CHN;01:29.412;4.2;35.0
390;GER;01:25.973;4.3;36.0;AUT;01:30.607;4.3;35.0;RSA;01:31.963;4.2;36.0;NED;01:29.976;4.3;34.0;CHN;01:30.622;4.2;35.0
395;GER;01:27.034;4.3;36.0;AUT;01:31.789;4.3;35.0;RSA;01:33.215;4.2;36.0;NED;01:31.141;4.3;34.0;CHN;01:31.727;4.1;35.0
400;GER;01:28.291;4.3;36.0;AUT;01:32.871;4.2;35.0;RSA;01:34.403;4.1;36.0;NED;01:32.251;4.3;34.0;CHN;01:32.999;4.1;35.0
405;GER;01:29.496;4.3;36.0;AUT;01:34.126;4.2;35.0;RSA;01:35.550;4.1;36.0;NED;01:33.507;4.3;34.0;CHN;01:34.219;4.2;35.0
410;GER;01:30.540;4.3;36.0;AUT;01:35.323;4.3;35.0;RSA;01:36.839;4.1;36.0;NED;01:34.639;4.3;34.0;CHN;01:35.293;4.2;35.0
415;GER;01:31.794;4.3;36.0;AUT;01:36.372;4.3;35.0;RSA;01:38.089;4.1;36.0;NED;01:35.794;4.3;33.0;CHN;01:36.537;4.2;35.0
420;GER;01:33.016;4.3;36.0;AUT;01:37.614;4.3;35.0;RSA;01:39.233;4.1;36.0;NED;01:37.031;4.3;33.0;CHN;01:37.780;4.2;35.0
425;GER;01:34.128;4.3;36.0;AUT;01:38.816;4.3;35.0;RSA;01:40.442;4.1;36.0;NED;01:38.100;4.3;33.0;CHN;01:38.924;4.2;35.0
430;GER;01:35.283;4.3;36.0;AUT;01:39.877;4.3;35.0;RSA;01:41.713;4.1;36.0;NED;01:39.333;4.3;33.0;CHN;01:40.108;4.2;35.0
435;GER;01:36.525;4.3;36.0;AUT;01:41.145;4.3;35.0;RSA;01:42.928;4.1;36.0;NED;01:40.562;4.3;33.0;CHN;01:41.383;4.2;35.0
440;GER;01:37.671;4.3;36.0;AUT;01:42.368;4.2;34.0;RSA;01:44.026;4.2;36.0;NED;01:41.619;4.3;33.0;CHN;01:42.597;4.1;35.0
445;GER;01:38.765;4.3;36.0;AUT;01:43.459;4.2;34.0;RSA;01:45.324;4.2;36.0;NED;01:42.883;4.3;33.0;CHN;01:43.727;4.1;35.0
450;GER;01:40.019;4.3;36.0;AUT;01:44.739;4.2;34.0;RSA;01:46.600;4.1;36.0;NED;01:44.112;4.2;33.0;CHN;01:45.041;4.1;35.0
455;GER;01:41.207;4.3;36.0;AUT;01:45.998;4.1;34.0;RSA;01:47.819;4.1;36.0;NED;01:45.169;4.2;33.0;CHN;01:46.280;4.1;35.0
460;GER;01:42.269;4.3;36.0;AUT;01:47.123;4.1;34.0;RSA;01:48.966;4.0;36.0;NED;01:46.445;4.2;33.0;CHN;01:47.392;4.1;35.0
465;GER;01:43.532;4.3;36.0;AUT;01:48.355;4.1;34.0;RSA;01:50.283;4.0;36.0;NED;01:47.676;4.2;33.0;CHN;01:48.662;4.1;35.0
470;GER;01:44.741;4.3;36.0;AUT;01:49.621;4.1;34.0;RSA;01:51.558;4.1;36.0;NED;01:48.759;4.2;33.0;CHN;01:49.937;4.1;34.0
475;GER;01:45.814;4.3;35.0;AUT;01:50.811;4.1;34.0;RSA;01:52.718;4.0;35.0;NED;01:50.056;4.2;33.0;CHN;01:51.126;4.1;34.0
480;GER;01:47.073;4.3;35.0;AUT;01:51.969;4.1;34.0;RSA;01:53.959;4.0;35.0;NED;01:51.293;4.1;33.0;CHN;01:52.326;4.1;34.0
485;GER;01:48.320;4.2;35.0;AUT;01:53.266;4.1;34.0;RSA;01:55.297;4.0;35.0;NED;01:52.375;4.1;33.0;CHN;01:53.633;4.0;34.0
490;GER;01:49.461;4.2;35.0;AUT;01:54.516;4.1;34.0;RSA;01:56.607;3.9;35.0;NED;01:53.680;4.2;33.0;CHN;01:54.915;4.0;34.0
495;GER;01:50.673;4.1;35.0;AUT;01:55.665;4.1;34.0;RSA;01:57.781;3.9;35.0;NED;01:54.943;4.1;33.0;CHN;01:56.088;4.0;35.0
500;GER;01:51.977;4.1;35.0;AUT;01:57.036;4.0;34.0;RSA;01:59.157;3.8;35.0;NED;01:56.110;4.1;33.0;CHN;01:57.430;3.9;35.0
505;GER;01:53.229;4.1;35.0;AUT;01:58.345;3.9;34.0;RSA;02:00.506;3.8;34.0;NED;01:57.450;4.0;33.0;CHN;01:58.794;3.8;35.0
510;GER;01:54.376;4.0;35.0;AUT;01:59.544;3.9;34.0;RSA;02:01.813;3.8;34.0;NED;01:58.740;3.9;33.0;CHN;02:00.116;3.8;35.0
515;GER;01:55.752;4.0;35.0;AUT;02:00.817;3.9;34.0;RSA;02:02.985;3.9;34.0;NED;01:59.860;3.9;33.0;CHN;02:01.297;3.8;35.0
520;GER;01:57.068;3.9;34.0;AUT;02:02.148;3.9;33.0;RSA;02:04.348;3.9;34.0;NED;02:01.202;4.0;33.0;CHN;02:02.606;3.9;35.0
525;GER;01:58.311;3.9;34.0;AUT;02:03.397;3.9;33.0;RSA;02:05.681;3.9;34.0;NED;02:02.485;4.0;33.0;CHN;02:03.933;3.9;35.0
530;GER;01:59.511;3.9;34.0;AUT;02:04.548;4.0;33.0;RSA;02:06.930;3.9;34.0;NED;02:03.593;4.0;32.0;CHN;02:05.208;3.9;35.0
535;GER;02:00.865;3.9;34.0;AUT;02:05.865;4.0;33.0;RSA;02:08.107;3.9;34.0;NED;02:04.917;4.1;32.0;CHN;02:06.373;3.9;35.0
540;GER;02:02.076;4.0;34.0;AUT;02:07.133;4.1;33.0;RSA;02:09.443;4.0;34.0;NED;02:06.187;4.1;32.0;CHN;02:07.715;3.9;34.0
545;GER;02:03.186;4.1;34.0;AUT;02:08.270;4.0;33.0;RSA;02:10.736;4.0;34.0;NED;02:07.286;4.1;32.0;CHN;02:09.034;3.9;34.0
550;GER;02:04.478;4.1;34.0;AUT;02:09.586;4.0;33.0;RSA;02:11.868;4.0;34.0;NED;02:08.609;4.1;32.0;CHN;02:10.261;3.9;34.0
555;GER;02:05.722;4.2;34.0;AUT;02:10.877;4.0;33.0;RSA;02:13.188;4.0;34.0;NED;02:09.871;4.1;32.0;CHN;02:11.459;3.9;34.0
560;GER;02:06.827;4.2;34.0;AUT;02:12.014;4.0;33.0;RSA;02:14.525;3.9;34.0;NED;02:10.985;4.1;32.0;CHN;02:12.793;4.0;34.0
565;GER;02:08.078;4.1;34.0;AUT;02:13.342;4.0;33.0;RSA;02:15.804;3.9;34.0;NED;02:12.326;4.1;32.0;CHN;02:14.075;4.0;34.0
570;GER;02:09.344;4.1;34.0;AUT;02:14.650;4.0;33.0;RSA;02:16.984;3.9;34.0;NED;02:13.610;4.0;32.0;CHN;02:15.234;4.0;34.0
575;GER;02:10.505;4.1;34.0;AUT;02:15.810;4.0;33.0;RSA;02:18.334;3.9;34.0;NED;02:14.739;4.0;32.0;CHN;02:16.546;4.0;34.0
580;GER;02:11.700;4.1;34.0;AUT;02:17.095;4.0;33.0;RSA;02:19.635;3.9;34.0;NED;02:16.093;4.0;32.0;CHN;02:17.886;3.9;34.0
585;GER;02:12.985;4.1;34.0;AUT;02:18.413;4.0;33.0;RSA;02:20.823;3.9;34.0;NED;02:17.378;4.0;32.0;CHN;02:19.183;3.9;34.0
590;GER;02:14.187;4.1;34.0;AUT;02:19.579;4.0;32.0;RSA;02:22.078;3.9;34.0;NED;02:18.479;4.0;32.0;CHN;02:20.395;3.8;34.0
595;GER;02:15.318;4.1;34.0;AUT;02:20.843;4.0;32.0;RSA;02:23.405;4.0;34.0;NED;02:19.801;4.0;32.0;CHN;02:21.745;3.8;34.0
600;GER;02:16.618;4.1;34.0;AUT;02:22.148;4.0;32.0;RSA;02:24.671;4.0;34.0;NED;02:21.020;4.1;32.0;CHN;02:23.056;3.9;34.0
605;GER;02:17.828;4.1;34.0;AUT;02:23.339;4.0;32.0;RSA;02:25.813;4.0;34.0;NED;02:22.165;4.1;32.0;CHN;02:24.242;3.9;34.0
610;GER;02:18.941;4.1;34.0;AUT;02:24.601;4.0;32.0;RSA;02:27.135;4.0;34.0;NED;02:23.475;4.1;32.0;CHN;02:25.533;4.0;33.0
615;GER;02:20.259;4.1;34.0;AUT;02:25.909;4.0;32.0;RSA;02:28.419;4.0;34.0;NED;02:24.664;4.1;32.0;CHN;02:26.859;4.0;33.0
620;GER;02:21.499;4.1;34.0;AUT;02:27.133;4.0;32.0;RSA;02:29.603;4.0;34.0;NED;02:25.835;4.1;32.0;CHN;02:28.095;3.9;33.0
625;GER;02:22.625;4.1;34.0;AUT;02:28.321;4.0;32.0;RSA;02:30.857;4.0;34.0;NED;02:27.140;4.1;32.0;CHN;02:29.302;3.9;33.0
630;GER;02:23.883;4.1;34.0;AUT;02:29.640;4.0;32.0;RSA;02:32.200;4.0;34.0;NED;02:28.323;4.1;32.0;CHN;02:30.642;4.0;33.0
635;GER;02:25.178;4.1;34.0;AUT;02:30.816;4.1;33.0;RSA;02:33.494;3.9;34.0;NED;02:29.554;4.1;32.0;CHN;02:31.884;4.0;33.0
640;GER;02:26.403;4.1;34.0;AUT;02:31.991;4.1;33.0;RSA;02:34.640;3.9;34.0;NED;02:30.821;4.1;32.0;CHN;02:33.030;4.0;33.0
645;GER;02:27.563;4.0;34.0;AUT;02:33.289;4.1;33.0;RSA;02:35.978;3.9;34.0;NED;02:31.905;4.1;32.0;CHN;02:34.350;4.0;33.0
650;GER;02:28.881;4.0;34.0;AUT;02:34.511;4.1;33.0;RSA;02:37.275;3.9;34.0;NED;02:33.187;4.1;32.0;CHN;02:35.604;4.0;33.0
655;GER;02:30.123;4.0;34.0;AUT;02:35.630;4.1;33.0;RSA;02:38.463;4.0;34.0;NED;02:34.443;4.2;32.0;CHN;02:36.737;4.1;33.0
660;GER;02:31.230;4.1;34.0;AUT;02:36.934;4.1;33.0;RSA;02:39.686;4.0;34.0;NED;02:35.508;4.1;32.0;CHN;02:38.080;4.0;33.0
665;GER;02:32.524;4.1;34.0;AUT;02:38.149;4.1;33.0;RSA;02:40.999;4.0;34.0;NED;02:36.804;4.2;32.0;CHN;02:39.337;4.0;33.0
670;GER;02:33.780;4.1;34.0;AUT;02:39.279;4.1;33.0;RSA;02:42.256;4.0;34.0;NED;02:38.021;4.2;32.0;CHN;02:40.460;4.0;33.0
675;GER;02:34.907;4.1;34.0;AUT;02:40.578;4.1;33.0;RSA;02:43.403;4.0;34.0;NED;02:39.112;4.2;32.0;CHN;02:41.773;4.0;33.0
680;GER;02:36.125;4.1;34.0;AUT;02:41.796;4.1;33.0;RSA;02:44.745;4.0;34.0;NED;02:40.406;4.2;32.0;CHN;02:43.063;4.0;33.0
685;GER;02:37.406;4.1;34.0;AUT;02:42.934;4.1;33.0;RSA;02:46.045;4.0;34.0;NED;02:41.590;4.2;32.0;CHN;02:44.234;4.0;33.0
690;GER;02:38.611;4.1;34.0;AUT;02:44.238;4.1;33.0;RSA;02:47.209;3.9;34.0;NED;02:42.765;4.1;32.0;CHN;02:45.529;4.0;33.0
695;GER;02:39.751;4.1;34.0;AUT;02:45.481;4.1;33.0;RSA;02:48.467;4.0;34.0;NED;02:44.046;4.1;32.0;CHN;02:46.844;4.0;33.0
700;GER;02:41.064;4.1;35.0;AUT;02:46.627;4.1;33.0;RSA;02:49.774;4.0;34.0;NED;02:45.167;4.1;32.0;CHN;02:48.081;3.9;33.0
705;GER;02:42.309;4.1;35.0;AUT;02:47.926;4.1;33.0;RSA;02:50.997;4.0;34.0;NED;02:46.416;4.1;32.0;CHN;02:49.295;3.9;33.0
710;GER;02:43.402;4.1;35.0;AUT;02:49.171;4.1;33.0;RSA;02:52.150;4.1;34.0;NED;02:47.680;4.1;32.0;CHN;02:50.643;3.9;33.0
715;GER;02:44.699;4.1;35.0;AUT;02:50.267;4.1;33.0;RSA;02:53.493;4.0;34.0;NED;02:48.750;4.1;32.0;CHN;02:51.903;3.9;33.0
720;GER;02:45.961;4.1;34.0;AUT;02:51.574;4.1;33.0;RSA;02:54.790;4.0;34.0;NED;02:50.033;4.2;32.0;CHN;02:53.060;3.9;33.0
725;GER;02:47.107;4.1;34.0;AUT;02:52.816;4.1;33.0;RSA;02:55.977;3.9;34.0;NED;02:51.240;4.2;32.0;CHN;02:54.405;4.0;33.0
730;GER;02:48.338;4.1;34.0;AUT;02:53.896;4.1;33.0;RSA;02:57.276;3.9;34.0;NED;02:52.347;4.2;32.0;CHN;02:55.677;4.0;33.0
735;GER;02:49.644;4.1;34.0;AUT;02:55.185;4.1;33.0;RSA;02:58.646;3.9;34.0;NED;02:53.637;4.2;32.0;CHN;02:56.809;4.0;33.0
740;GER;02:50.851;4.0;34.0;AUT;02:56.418;4.2;33.0;RSA;02:59.948;3.8;34.0;NED;02:54.860;4.1;32.0;CHN;02:58.130;4.0;33.0
745;GER;02:52.061;4.0;34.0;AUT;02:57.507;4.2;33.0;RSA;03:01.108;3.9;34.0;NED;02:56.047;4.1;32.0;CHN;02:59.414;4.0;33.0
750;GER;02:53.389;4.0;34.0;AUT;02:58.832;4.1;33.0;RSA;03:02.462;3.9;34.0;NED;02:57.378;4.1;32.0;CHN;03:00.576;4.0;33.0
755;GER;02:54.691;3.9;34.0;AUT;03:00.130;4.1;33.0;RSA;03:03.790;3.9;34.0;NED;02:58.626;3.9;32.0;CHN;03:01.953;3.9;33.0
760;GER;02:55.894;3.9;34.0;AUT;03:01.300;4.0;33.0;RSA;03:05.014;3.9;34.0;NED;02:59.778;3.9;32.0;CHN;03:03.277;3.9;33.0
765;GER;02:57.146;3.9;34.0;AUT;03:02.619;3.9;33.0;RSA;03:06.227;3.9;34.0;NED;03:01.108;4.0;32.0;CHN;03:04.439;3.8;33.0
770;GER;02:58.474;3.9;34.0;AUT;03:03.925;3.9;33.0;RSA;03:07.571;3.9;34.0;NED;03:02.359;4.0;32.0;CHN;03:05.754;3.9;33.0
775;GER;02:59.724;4.0;34.0;AUT;03:05.097;3.9;33.0;RSA;03:08.850;3.9;34.0;NED;03:03.509;4.0;32.0;CHN;03:07.100;3.9;33.0
780;GER;03:00.904;4.0;34.0;AUT;03:06.282;4.1;33.0;RSA;03:09.993;4.0;34.0;NED;03:04.832;4.0;32.0;CHN;03:08.327;3.9;33.0
785;GER;03:02.203;4.0;34.0;AUT;03:07.547;4.1;33.0;RSA;03:11.330;4.0;34.0;NED;03:06.027;4.0;32.0;CHN;03:09.533;3.9;33.0
790;GER;03:03.479;4.0;34.0;AUT;03:08.708;4.2;33.0;RSA;03:12.676;3.9;34.0;NED;03:07.220;4.1;32.0;CHN;03:10.859;4.0;33.0
795;GER;03:04.613;4.0;34.0;AUT;03:09.854;4.2;34.0;RSA;03:13.978;3.9;34.0;NED;03:08.525;4.1;32.0;CHN;03:12.108;4.0;33.0
800;GER;03:05.906;4.0;34.0;AUT;03:11.121;4.2;34.0;RSA;03:15.235;3.8;34.0;NED;03:09.673;4.1;32.0;CHN;03:13.259;4.0;33.0
805;GER;03:07.220;4.0;34.0;AUT;03:12.291;4.2;34.0;RSA;03:16.610;3.8;34.0;NED;03:10.959;4.1;32.0;CHN;03:14.595;4.0;33.0
810;GER;03:08.475;4.0;34.0;AUT;03:13.449;4.2;34.0;RSA;03:17.951;3.8;33.0;NED;03:12.278;4.0;32.0;CHN;03:15.883;4.0;33.0
815;GER;03:09.665;3.9;34.0;AUT;03:14.739;4.2;34.0;RSA;03:19.124;3.8;33.0;NED;03:13.450;3.9;31.0;CHN;03:17.027;4.0;33.0
820;GER;03:11.038;3.9;34.0;AUT;03:15.958;4.1;34.0;RSA;03:20.447;3.9;33.0;NED;03:14.811;3.9;31.0;CHN;03:18.381;3.9;33.0
825;GER;03:12.342;3.9;34.0;AUT;03:17.130;4.1;33.0;RSA;03:21.802;3.9;33.0;NED;03:16.120;3.9;31.0;CHN;03:19.710;3.9;33.0
830;GER;03:13.471;3.9;34.0;AUT;03:18.462;4.0;33.0;RSA;03:23.109;3.9;33.0;NED;03:17.272;3.9;31.0;CHN;03:20.950;3.9;33.0
835;GER;03:14.796;3.9;34.0;AUT;03:19.738;4.0;33.0;RSA;03:24.286;3.9;33.0;NED;03:18.604;3.9;31.0;CHN;03:22.186;3.9;33.0
840;GER;03:16.080;4.0;34.0;AUT;03:20.919;3.9;33.0;RSA;03:25.661;3.9;33.0;NED;03:19.937;3.9;31.0;CHN;03:23.544;3.9;33.0
845;GER;03:17.238;4.1;34.0;AUT;03:22.238;3.9;33.0;RSA;03:26.985;3.9;33.0;NED;03:21.075;3.9;31.0;CHN;03:24.848;3.9;33.0
850;GER;03:18.469;4.1;34.0;AUT;03:23.534;3.9;33.0;RSA;03:28.178;3.9;33.0;NED;03:22.438;3.9;31.0;CHN;03:26.017;3.9;33.0
855;GER;03:19.809;4.0;34.0;AUT;03:24.674;3.9;33.0;RSA;03:29.486;3.9;33.0;NED;03:23.737;3.9;31.0;CHN;03:27.387;3.9;33.0
860;GER;03:21.090;4.0;34.0;AUT;03:26.026;3.9;33.0;RSA;03:30.849;3.9;33.0;NED;03:24.847;3.9;31.0;CHN;03:28.735;3.9;33.0
865;GER;03:22.218;4.0;34.0;AUT;03:27.351;3.9;33.0;RSA;03:32.128;3.9;33.0;NED;03:26.201;4.0;31.0;CHN;03:30.005;3.8;33.0
870;GER;03:23.548;4.0;34.0;AUT;03:28.530;3.9;33.0;RSA;03:33.311;3.9;33.0;NED;03:27.476;4.0;31.0;CHN;03:31.331;3.8;33.0
875;GER;03:24.851;4.0;34.0;AUT;03:29.832;3.9;33.0;RSA;03:34.674;3.9;33.0;NED;03:28.591;4.0;31.0;CHN;03:32.656;3.8;33.0
880;GER;03:26.080;4.0;34.0;AUT;03:31.162;3.9;33.0;RSA;03:35.972;3.9;33.0;NED;03:29.930;4.0;31.0;CHN;03:33.946;3.8;33.0
885;GER;03:27.262;4.0;34.0;AUT;03:32.347;3.9;33.0;RSA;03:37.117;3.9;33.0;NED;03:31.188;4.0;31.0;CHN;03:35.110;3.9;33.0
890;GER;03:28.587;4.0;34.0;AUT;03:33.579;4.0;32.0;RSA;03:38.474;3.9;33.0;NED;03:32.318;4.0;31.0;CHN;03:36.429;4.0;33.0
895;GER;03:29.825;4.0;34.0;AUT;03:34.880;4.0;32.0;RSA;03:39.828;3.9;33.0;NED;03:33.634;4.1;31.0;CHN;03:37.743;4.0;33.0
900;GER;03:30.964;4.1;34.0;AUT;03:36.055;4.1;32.0;RSA;03:41.079;3.9;33.0;NED;03:34.812;4.1;31.0;CHN;03:38.924;3.9;33.0
905;GER;03:32.316;4.0;34.0;AUT;03:37.310;4.1;32.0;RSA;03:42.296;3.9;33.0;NED;03:36.062;4.1;31.0;CHN;03:40.287;3.9;33.0
910;GER;03:33.577;4.0;34.0;AUT;03:38.582;4.1;32.0;RSA;03:43.649;3.9;33.0;NED;03:37.368;4.1;31.0;CHN;03:41.635;3.9;33.0
915;GER;03:34.756;4.0;34.0;AUT;03:39.780;4.0;32.0;RSA;03:44.944;3.9;33.0;NED;03:38.598;4.0;31.0;CHN;03:42.937;3.8;33.0
920;GER;03:36.000;4.0;34.0;AUT;03:41.082;4.0;32.0;RSA;03:46.094;3.9;33.0;NED;03:39.831;3.9;31.0;CHN;03:44.155;3.8;33.0
925;GER;03:37.330;4.0;34.0;AUT;03:42.408;3.9;32.0;RSA;03:47.466;3.9;33.0;NED;03:41.115;4.0;31.0;CHN;03:45.546;3.8;33.0
930;GER;03:38.585;4.0;34.0;AUT;03:43.651;3.9;32.0;RSA;03:48.799;3.9;33.0;NED;03:42.261;4.0;31.0;CHN;03:46.869;3.8;33.0
935;GER;03:39.721;4.0;34.0;AUT;03:44.928;3.9;32.0;RSA;03:50.033;3.9;33.0;NED;03:43.556;4.0;31.0;CHN;03:48.032;3.8;33.0
940;GER;03:41.063;4.0;34.0;AUT;03:46.217;3.9;32.0;RSA;03:51.273;3.9;33.0;NED;03:44.854;4.0;31.0;CHN;03:49.379;3.9;33.0
945;GER;03:42.367;4.0;34.0;AUT;03:47.448;3.9;32.0;RSA;03:52.638;3.9;33.0;NED;03:45.964;4.0;31.0;CHN;03:50.702;3.9;33.0
950;GER;03:43.557;4.0;34.0;AUT;03:48.640;4.0;32.0;RSA;03:53.946;3.9;33.0;NED;03:47.309;4.0;31.0;CHN;03:51.891;3.9;33.0
955;GER;03:44.809;3.9;34.0;AUT;03:49.967;4.0;32.0;RSA;03:55.109;3.9;33.0;NED;03:48.607;4.0;31.0;CHN;03:53.198;3.9;32.0
960;GER;03:46.149;3.9;34.0;AUT;03:51.190;4.0;32.0;RSA;03:56.488;3.9;33.0;NED;03:49.732;4.0;31.0;CHN;03:54.564;3.9;32.0
965;GER;03:47.411;4.0;34.0;AUT;03:52.412;4.0;32.0;RSA;03:57.837;3.9;33.0;NED;03:51.105;4.0;31.0;CHN;03:55.855;3.8;32.0
970;GER;03:48.563;4.0;34.0;AUT;03:53.770;4.0;32.0;RSA;03:59.104;3.8;33.0;NED;03:52.428;3.9;31.0;CHN;03:57.161;3.8;32.0
975;GER;03:49.920;4.0;34.0;AUT;03:55.079;3.9;32.0;RSA;04:00.343;3.8;33.0;NED;03:53.595;3.9;31.0;CHN;03:58.570;3.7;32.0
980;GER;03:51.239;3.9;34.0;AUT;03:56.317;3.8;32.0;RSA;04:01.722;3.8;33.0;NED;03:55.003;3.9;31.0;CHN;03:59.916;3.7;32.0
985;GER;03:52.482;3.9;34.0;AUT;03:57.721;3.8;32.0;RSA;04:03.031;3.9;33.0;NED;03:56.328;3.8;31.0;CHN;04:01.097;3.8;32.0
990;GER;03:53.707;3.9;34.0;AUT;03:59.025;3.8;32.0;RSA;04:04.204;3.9;33.0;NED;03:57.466;3.8;31.0;CHN;04:02.480;3.8;32.0
995;GER;03:55.061;3.9;34.0;AUT;04:00.197;3.8;32.0;RSA;04:05.573;3.9;33.0;NED;03:58.823;3.9;31.0;CHN;04:03.790;3.9;32.0
1000;GER;03:56.338;3.9;34.0;AUT;04:01.550;3.9;32.0;RSA;04:06.878;3.9;33.0;NED;04:00.105;4.0;31.0;CHN;04:04.932;3.9;32.0
1005;GER;03:57.468;3.9;34.0;AUT;04:02.818;4.0;32.0;RSA;04:08.057;3.9;33.0;NED;04:01.233;4.0;31.0;CHN;04:06.253;4.0;32.0
1010;GER;03:58.807;4.0;34.0;AUT;04:03.975;4.0;32.0;RSA;04:09.347;3.9;33.0;NED;04:02.569;4.0;31.0;CHN;04:07.551;4.0;32.0
1015;GER;04:00.101;4.0;34.0;AUT;04:05.311;4.0;32.0;RSA;04:10.697;3.9;33.0;NED;04:03.792;4.0;31.0;CHN;04:08.675;4.0;32.0
1020;GER;04:01.285;4.0;34.0;AUT;04:06.568;4.0;32.0;RSA;04:11.979;3.9;33.0;NED;04:04.952;4.0;31.0;CHN;04:09.986;4.0;32.0
1025;GER;04:02.505;4.0;34.0;AUT;04:07.697;4.0;32.0;RSA;04:13.160;3.9;33.0;NED;04:06.265;4.1;31.0;CHN;04:11.276;4.0;32.0
1030;GER;04:03.832;4.0;34.0;AUT;04:09.035;4.1;32.0;RSA;04:14.537;3.9;33.0;NED;04:07.449;4.1;31.0;CHN;04:12.412;4.0;32.0
1035;GER;04:05.090;4.0;34.0;AUT;04:10.300;4.0;32.0;RSA;04:15.875;3.9;33.0;NED;04:08.698;4.1;31.0;CHN;04:13.736;4.0;32.0
1040;GER;04:06.216;4.0;34.0;AUT;04:11.454;4.0;32.0;RSA;04:17.079;3.9;33.0;NED;04:09.977;4.1;31.0;CHN;04:15.040;4.0;32.0
1045;GER;04:07.544;4.0;34.0;AUT;04:12.761;4.0;32.0;RSA;04:18.383;3.8;33.0;NED;04:11.119;4.0;31.0;CHN;04:16.201;4.0;32.0
1050;GER;04:08.828;4.0;34.0;AUT;04:14.012;4.0;32.0;RSA;04:19.734;3.9;33.0;NED;04:12.476;4.0;31.0;CHN;04:17.553;3.9;32.0
1055;GER;04:09.966;4.0;34.0;AUT;04:15.158;4.0;32.0;RSA;04:20.993;3.9;33.0;NED;04:13.786;3.9;31.0;CHN;04:18.900;3.9;32.0
1060;GER;04:11.323;4.0;34.0;AUT;04:16.509;4.0;32.0;RSA;04:22.196;3.9;33.0;NED;04:14.910;3.9;31.0;CHN;04:20.120;3.8;32.0
1065;GER;04:12.616;3.9;34.0;AUT;04:17.796;4.0;32.0;RSA;04:23.566;3.9;33.0;NED;04:16.293;3.9;31.0;CHN;04:21.406;3.9;32.0
1070;GER;04:13.886;3.9;34.0;AUT;04:18.960;3.9;32.0;RSA;04:24.854;3.9;33.0;NED;04:17.592;3.9;31.0;CHN;04:22.761;3.9;32.0
1075;GER;04:15.044;3.9;34.0;AUT;04:20.306;3.9;32.0;RSA;04:26.002;3.9;33.0;NED;04:18.709;3.9;31.0;CHN;04:23.959;3.9;32.0
1080;GER;04:16.402;3.9;34.0;AUT;04:21.579;3.9;32.0;RSA;04:27.334;4.0;33.0;NED;04:20.055;4.0;31.0;CHN;04:25.256;3.9;31.0
1085;GER;04:17.705;3.9;34.0;AUT;04:22.713;4.0;32.0;RSA;04:28.636;4.0;33.0;NED;04:21.327;4.0;31.0;CHN;04:26.610;3.9;31.0
1090;GER;04:18.882;3.9;34.0;AUT;04:24.062;4.0;32.0;RSA;04:29.834;4.0;33.0;NED;04:22.427;4.0;31.0;CHN;04:27.849;3.9;31.0
1095;GER;04:20.149;3.9;34.0;AUT;04:25.345;4.0;32.0;RSA;04:31.072;4.0;33.0;NED;04:23.748;4.1;31.0;CHN;04:29.081;3.9;31.0
1100;GER;04:21.473;4.0;34.0;AUT;04:26.481;4.0;32.0;RSA;04:32.400;4.0;33.0;NED;04:24.973;4.1;31.0;CHN;04:30.424;3.9;32.0
1105;GER;04:22.717;4.0;34.0;AUT;04:27.825;4.0;32.0;RSA;04:33.624;4.0;33.0;NED;04:26.114;4.1;31.0;CHN;04:31.637;3.9;32.0
1110;GER;04:23.856;4.0;34.0;AUT;04:29.068;4.0;32.0;RSA;04:34.806;4.0;33.0;NED;04:27.400;4.1;31.0;CHN;04:32.836;4.0;32.0
1115;GER;04:25.177;4.0;34.0;AUT;04:30.212;4.0;32.0;RSA;04:36.141;4.0;33.0;NED;04:28.524;4.1;31.0;CHN;04:34.154;4.0;32.0
1120;GER;04:26.421;4.1;34.0;AUT;04:31.534;4.1;32.0;RSA;04:37.397;4.0;33.0;NED;04:29.762;4.1;31.0;CHN;04:35.353;4.0;32.0
1125;GER;04:27.513;4.1;34.0;AUT;04:32.778;4.1;32.0;RSA;04:38.525;4.0;33.0;NED;04:31.023;4.2;32.0;CHN;04:36.561;4.1;32.0
1130;GER;04:28.811;4.1;34.0;AUT;04:33.888;4.1;32.0;RSA;04:39.850;4.0;33.0;NED;04:32.098;4.1;32.0;CHN;04:37.859;4.1;32.0
1135;GER;04:30.071;4.1;34.0;AUT;04:35.202;4.1;32.0;RSA;04:41.112;4.1;33.0;NED;04:33.416;4.1;32.0;CHN;04:39.009;4.1;32.0
1140;GER;04:31.203;4.1;34.0;AUT;04:36.409;4.1;32.0;RSA;04:42.220;4.1;33.0;NED;04:34.657;4.1;32.0;CHN;04:40.308;4.0;31.0
1145;GER;04:32.427;4.1;34.0;AUT;04:37.577;4.1;32.0;RSA;04:43.523;4.1;33.0;NED;04:35.769;4.1;32.0;CHN;04:41.619;4.0;31.0
1150;GER;04:33.706;4.1;34.0;AUT;04:38.896;4.1;32.0;RSA;04:44.804;4.1;34.0;NED;04:37.095;4.1;32.0;CHN;04:42.752;4.0;31.0
1155;GER;04:34.898;4.1;34.0;AUT;04:40.125;4.0;32.0;RSA;04:45.958;4.1;34.0;NED;04:38.346;4.1;32.0;CHN;04:44.103;3.9;31.0
1160;GER;04:36.050;4.1;34.0;AUT;04:41.307;4.0;32.0;RSA;04:47.248;4.0;34.0;NED;04:39.482;4.0;32.0;CHN;04:45.408;4.0;31.0
1165;GER;04:37.364;4.1;34.0;AUT;04:42.618;4.0;32.0;RSA;04:48.543;4.0;34.0;NED;04:40.811;4.1;31.0;CHN;04:46.544;3.9;31.0
1170;GER;04:38.605;4.1;34.0;AUT;04:43.818;4.0;32.0;RSA;04:49.788;4.0;34.0;NED;04:42.054;4.1;31.0;CHN;04:47.897;4.0;31.0
1175;GER;04:39.725;4.1;34.0;AUT;04:45.046;4.0;32.0;RSA;04:50.964;4.0;34.0;NED;04:43.241;4.0;31.0;CHN;04:49.209;3.9;31.0
1180;GER;04:41.058;4.0;34.0;AUT;04:46.372;4.0;32.0;RSA;04:52.308;4.0;34.0;NED;04:44.578;4.0;31.0;CHN;04:50.365;3.9;31.0
1185;GER;04:42.339;4.0;34.0;AUT;04:47.563;4.0;32.0;RSA;04:53.589;4.0;34.0;NED;04:45.776;4.0;31.0;CHN;04:51.707;3.9;32.0
1190;GER;04:43.447;4.0;34.0;AUT;04:48.808;4.0;32.0;RSA;04:54.712;4.0;33.0;NED;04:47.021;4.0;31.0;CHN;04:53.035;3.9;32.0
1195;GER;04:44.775;4.0;34.0;AUT;04:50.125;4.0;32.0;RSA;04:56.055;4.0;33.0;NED;04:48.353;4.0;31.0;CHN;04:54.205;3.9;32.0
1200;GER;04:46.079;4.0;34.0;AUT;04:51.292;4.0;32.0;RSA;04:57.372;4.0;33.0;NED;04:49.542;4.0;31.0;CHN;04:55.532;3.9;32.0
1205;GER;04:47.316;4.0;34.0;AUT;04:52.604;4.0;32.0;RSA;04:58.573;3.9;33.0;NED;04:50.801;4.0;31.0;CHN;04:56.879;3.9;32.0
1210;GER;04:48.482;4.0;34.0;AUT;04:53.914;4.0;32.0;RSA;04:59.849;3.9;33.0;NED;04:52.125;4.0;31.0;CHN;04:58.120;3.9;32.0
1215;GER;04:49.831;4.0;34.0;AUT;04:55.052;3.9;31.0;RSA;05:01.208;3.9;33.0;NED;04:53.275;4.0;31.0;CHN;04:59.362;3.9;32.0
1220;GER;04:51.090;4.0;34.0;AUT;04:56.407;3.9;31.0;RSA;05:02.504;3.9;33.0;NED;04:54.610;4.0;31.0;CHN;05:00.693;3.9;32.0
1225;GER;04:52.213;4.0;34.0;AUT;04:57.702;3.9;31.0;RSA;05:03.661;3.9;33.0;NED;04:55.896;4.0;31.0;CHN;05:01.908;3.9;32.0
1230;GER;04:53.547;4.0;34.0;AUT;04:58.809;4.0;31.0;RSA;05:05.023;3.9;33.0;NED;04:57.014;4.0;31.0;CHN;05:03.113;4.0;32.0
1235;GER;04:54.842;4.0;34.0;AUT;05:00.120;4.0;32.0;RSA;05:06.337;3.9;33.0;NED;04:58.342;4.0;31.0;CHN;05:04.422;4.0;32.0
1240;GER;04:56.050;4.0;34.0;AUT;05:01.389;4.1;32.0;RSA;05:07.498;3.9;33.0;NED;04:59.611;4.0;31.0;CHN;05:05.626;4.0;32.0
1245;GER;04:57.269;4.0;34.0;AUT;05:02.479;4.1;32.0;RSA;05:08.819;3.9;33.0;NED;05:00.741;4.0;31.0;CHN;05:06.854;4.0;32.0
1250;GER;04:58.608;4.0;34.0;AUT;05:03.795;4.1;32.0;RSA;05:10.152;3.9;33.0;NED;05:02.078;4.0;32.0;CHN;05:08.151;4.1;32.0
1255;GER;04:59.874;4.0;34.0;AUT;05:05.053;4.1;32.0;RSA;05:11.394;3.9;33.0;NED;05:03.337;4.0;32.0;CHN;05:09.370;4.0;32.0
1260;GER;05:01.000;4.0;34.0;AUT;05:06.161;4.1;32.0;RSA;05:12.582;3.9;33.0;NED;05:04.434;4.1;32.0;CHN;05:10.553;4.0;32.0
1265;GER;05:02.333;4.0;34.0;AUT;05:07.480;4.1;32.0;RSA;05:13.931;4.0;33.0;NED;05:05.750;4.1;32.0;CHN;05:11.863;4.0;32.0
1270;GER;05:03.630;4.0;34.0;AUT;05:08.732;4.1;32.0;RSA;05:15.222;4.0;33.0;NED;05:06.973;4.1;32.0;CHN;05:13.081;4.0;33.0
1275;GER;05:04.802;4.0;34.0;AUT;05:09.838;4.1;32.0;RSA;05:16.363;3.9;33.0;NED;05:08.116;4.1;32.0;CHN;05:14.239;4.1;33.0
1280;GER;05:06.036;4.0;34.0;AUT;05:11.146;4.1;32.0;RSA;05:17.706;3.9;33.0;NED;05:09.423;4.1;32.0;CHN;05:15.552;4.1;33.0
1285;GER;05:07.363;4.0;34.0;AUT;05:12.379;4.1;32.0;RSA;05:19.006;4.0;33.0;NED;05:10.619;4.1;32.0;CHN;05:16.789;4.1;33.0
1290;GER;05:08.620;4.0;34.0;AUT;05:13.518;4.1;32.0;RSA;05:20.170;4.0;33.0;NED;05:11.802;4.1;32.0;CHN;05:17.974;4.0;33.0
1295;GER;05:09.770;4.0;34.0;AUT;05:14.842;4.1;32.0;RSA;05:21.440;4.0;33.0;NED;05:13.106;4.1;32.0;CHN;05:19.336;4.0;33.0
1300;GER;05:11.111;4.0;34.0;AUT;05:16.112;4.0;32.0;RSA;05:22.747;4.0;33.0;NED;05:14.257;4.1;32.0;CHN;05:20.622;3.9;33.0
1305;GER;05:12.394;4.0;34.0;AUT;05:17.267;4.0;32.0;RSA;05:23.959;4.0;34.0;NED;05:15.544;4.1;32.0;CHN;05:21.759;3.9;33.0
1310;GER;05:13.548;4.0;34.0;AUT;05:18.606;4.0;32.0;RSA;05:25.111;4.1;34.0;NED;05:16.829;4.0;32.0;CHN;05:23.089;4.0;33.0
1315;GER;05:14.783;4.0;34.0;AUT;05:19.834;4.0;32.0;RSA;05:26.423;4.1;34.0;NED;05:17.944;4.0;32.0;CHN;05:24.350;4.0;34.0
1320;GER;05:16.077;4.1;34.0;AUT;05:21.007;4.0;32.0;RSA;05:27.657;4.1;34.0;NED;05:19.242;4.1;32.0;CHN;05:25.506;4.0;34.0
1325;GER;05:17.229;4.1;34.0;AUT;05:22.306;4.1;32.0;RSA;05:28.776;4.1;34.0;NED;05:20.518;4.1;32.0;CHN;05:26.737;4.1;33.0
1330;GER;05:18.406;4.1;34.0;AUT;05:23.527;4.1;32.0;RSA;05:30.102;4.1;34.0;NED;05:21.602;4.1;32.0;CHN;05:28.021;4.1;33.0
1335;GER;05:19.692;4.1;34.0;AUT;05:24.655;4.1;32.0;RSA;05:31.389;4.0;34.0;NED;05:22.904;4.1;32.0;CHN;05:29.179;4.1;33.0
1340;GER;05:20.934;4.1;34.0;AUT;05:25.944;4.1;32.0;RSA;05:32.536;4.0;34.0;NED;05:24.150;4.1;32.0;CHN;05:30.396;4.1;33.0
1345;GER;05:22.038;4.1;34.0;AUT;05:27.123;4.1;32.0;RSA;05:33.835;4.0;34.0;NED;05:25.227;4.1;32.0;CHN;05:31.689;4.1;33.0
1350;GER;05:23.355;4.1;34.0;AUT;05:28.287;4.2;32.0;RSA;05:35.150;4.0;34.0;NED;05:26.530;4.2;32.0;CHN;05:32.847;4.1;33.0
1355;GER;05:24.630;4.1;34.0;AUT;05:29.565;4.2;32.0;RSA;05:36.379;4.0;34.0;NED;05:27.756;4.1;32.0;CHN;05:34.043;4.1;33.0
1360;GER;05:25.789;4.0;34.0;AUT;05:30.713;4.1;32.0;RSA;05:37.564;4.0;34.0;NED;05:28.882;4.1;32.0;CHN;05:35.338;4.1;33.0
1365;GER;05:27.074;4.0;34.0;AUT;05:31.892;4.2;32.0;RSA;05:38.909;4.0;34.0;NED;05:30.194;4.1;32.0;CHN;05:36.522;4.1;33.0
1370;GER;05:28.386;4.0;35.0;AUT;05:33.157;4.2;33.0;RSA;05:40.202;4.0;34.0;NED;05:31.381;4.1;32.0;CHN;05:37.779;4.1;33.0
1375;GER;05:29.670;3.9;35.0;AUT;05:34.297;4.2;33.0;RSA;05:41.361;3.9;34.0;NED;05:32.592;4.1;32.0;CHN;05:39.108;4.0;32.0
1380;GER;05:30.819;3.9;34.0;AUT;05:35.588;4.1;33.0;RSA;05:42.704;3.9;34.0;NED;05:33.932;4.1;32.0;CHN;05:40.373;3.9;32.0
1385;GER;05:32.145;3.9;34.0;AUT;05:36.904;4.0;32.0;RSA;05:44.052;3.9;34.0;NED;05:35.160;4.0;32.0;CHN;05:41.566;3.9;32.0
1390;GER;05:33.478;3.9;34.0;AUT;05:38.104;3.9;32.0;RSA;05:45.320;3.9;34.0;NED;05:36.380;3.9;32.0;CHN;05:42.919;3.9;33.0
1395;GER;05:34.748;3.9;34.0;AUT;05:39.375;3.9;32.0;RSA;05:46.506;3.9;34.0;NED;05:37.714;3.9;32.0;CHN;05:44.183;3.9;33.0
1400;GER;05:35.920;3.9;34.0;AUT;05:40.704;3.9;32.0;RSA;05:47.853;3.9;34.0;NED;05:38.944;3.9;32.0;CHN;05:45.356;3.9;33.0
1405;GER;05:37.289;3.9;34.0;AUT;05:41.812;4.0;32.0;RSA;05:49.130;4.0;34.0;NED;05:40.168;3.9;32.0;CHN;05:46.715;4.0;32.0
1410;GER;05:38.606;3.9;34.0;AUT;05:43.101;4.0;32.0;RSA;05:50.266;4.0;34.0;NED;05:41.494;4.0;32.0;CHN;05:48.008;3.9;32.0
1415;GER;05:39.811;3.9;34.0;AUT;05:44.415;4.1;32.0;RSA;05:51.625;4.0;34.0;NED;05:42.688;4.0;32.0;CHN;05:49.195;3.9;32.0
1420;GER;05:41.045;3.9;34.0;AUT;05:45.608;4.0;32.0;RSA;05:52.931;3.9;34.0;NED;05:43.955;4.0;32.0;CHN;05:50.603;3.9;32.0
1425;GER;05:42.382;3.9;34.0;AUT;05:46.906;4.0;32.0;RSA;05:54.174;3.9;34.0;NED;05:45.286;4.0;32.0;CHN;05:51.940;3.8;32.0
1430;GER;05:43.661;4.0;34.0;AUT;05:48.197;3.9;32.0;RSA;05:55.405;3.9;34.0;NED;05:46.493;3.9;32.0;CHN;05:53.113;3.8;32.0
1435;GER;05:44.805;4.0;34.0;AUT;05:49.390;3.9;32.0;RSA;05:56.777;3.9;34.0;NED;05:47.750;3.9;31.0;CHN;05:54.505;3.8;31.0
1440;GER;05:46.145;4.0;34.0;AUT;05:50.637;4.0;32.0;RSA;05:58.093;3.9;34.0;NED;05:49.080;3.9;31.0;CHN;05:55.846;3.8;31.0
1445;GER;05:47.462;3.9;34.0;AUT;05:51.956;4.0;32.0;RSA;05:59.237;3.9;34.0;NED;05:50.269;3.9;31.0;CHN;05:57.010;3.8;31.0
1450;GER;05:48.738;3.9;34.0;AUT;05:53.122;4.0;32.0;RSA;06:00.566;3.9;34.0;NED;05:51.589;3.9;31.0;CHN;05:58.365;3.9;31.0
1455;GER;05:49.928;3.9;34.0;AUT;05:54.377;4.0;32.0;RSA;06:01.887;3.9;34.0;NED;05:52.906;3.9;31.0;CHN;05:59.706;3.9;31.0
1460;GER;05:51.300;3.9;34.0;AUT;05:55.685;4.0;32.0;RSA;06:03.122;3.9;34.0;NED;05:54.088;3.9;31.0;CHN;06:00.914;3.9;31.0
1465;GER;05:52.624;3.9;34.0;AUT;05:56.887;4.0;32.0;RSA;06:04.341;3.9;34.0;NED;05:55.385;3.9;31.0;CHN;06:02.287;3.8;31.0
1470;GER;05:53.862;3.9;34.0;AUT;05:58.170;4.0;32.0;RSA;06:05.687;3.9;34.0;NED;05:56.721;3.9;31.0;CHN;06:03.619;3.8;32.0
1475;GER;05:55.075;3.9;34.0;AUT;05:59.527;3.9;32.0;RSA;06:06.990;3.9;34.0;NED;05:57.880;3.9;31.0;CHN;06:04.870;3.8;32.0
1480;GER;05:56.446;3.9;34.0;AUT;06:00.778;3.9;32.0;RSA;06:08.161;3.9;34.0;NED;05:59.225;3.9;31.0;CHN;06:06.085;3.9;32.0
1485;GER;05:57.769;3.9;34.0;AUT;06:02.006;3.9;32.0;RSA;06:09.528;3.9;34.0;NED;06:00.579;3.9;31.0;CHN;06:07.456;3.9;32.0
1490;GER;05:58.952;3.9;34.0;AUT;06:03.351;3.9;32.0;RSA;06:10.822;3.9;34.0;NED;06:01.759;3.8;31.0;CHN;06:08.727;3.9;32.0
1495;GER;06:00.250;3.9;34.0;AUT;06:04.580;3.9;32.0;RSA;06:12.079;3.9;34.0;NED;06:03.055;3.9;31.0;CHN;06:09.900;3.9;32.0
1500;GER;06:01.611;3.9;34.0;AUT;06:05.806;3.9;32.0;RSA;06:13.256;3.9;34.0;NED;06:04.382;3.9;31.0;CHN;06:11.262;3.9;32.0
1505;GER;06:02.927;3.9;34.0;AUT;06:07.168;3.9;32.0;RSA;06:14.603;3.9;34.0;NED;06:05.514;3.9;31.0;CHN;06:12.563;3.9;32.0
1510;GER;06:04.102;3.9;34.0;AUT;06:08.458;3.9;32.0;RSA;06:15.887;4.0;34.0;NED;06:06.848;4.0;31.0;CHN;06:13.706;3.9;32.0
1515;GER;06:05.432;3.9;34.0;AUT;06:09.636;3.9;32.0;RSA;06:17.027;4.0;34.0;NED;06:08.176;4.0;31.0;CHN;06:15.056;3.9;32.0
1520;GER;06:06.772;3.9;34.0;AUT;06:10.982;3.9;32.0;RSA;06:18.324;4.0;34.0;NED;06:09.299;3.9;31.0;CHN;06:16.366;3.9;33.0
1525;GER;06:08.035;3.9;34.0;AUT;06:12.238;3.9;32.0;RSA;06:19.623;4.0;34.0;NED;06:10.636;3.9;31.0;CHN;06:17.543;3.9;33.0
1530;GER;06:09.189;3.9;34.0;AUT;06:13.381;4.0;32.0;RSA;06:20.828;4.0;34.0;NED;06:11.931;4.0;31.0;CHN;06:18.889;3.9;33.0
1535;GER;06:10.522;4.0;34.0;AUT;06:14.718;4.0;32.0;RSA;06:22.009;4.0;34.0;NED;06:13.029;4.0;31.0;CHN;06:20.212;3.9;33.0
1540;GER;06:11.809;4.0;34.0;AUT;06:15.988;4.0;32.0;RSA;06:23.330;4.0;34.0;NED;06:14.361;4.1;31.0;CHN;06:21.515;3.9;33.0
1545;GER;06:12.962;4.0;34.0;AUT;06:17.140;4.0;32.0;RSA;06:24.592;4.0;34.0;NED;06:15.647;4.1;31.0;CHN;06:22.682;3.9;33.0
1550;GER;06:14.196;4.0;34.0;AUT;06:18.501;4.0;32.0;RSA;06:25.723;4.0;34.0;NED;06:16.754;4.0;31.0;CHN;06:24.048;3.9;34.0
1555;GER;06:15.518;4.0;35.0;AUT;06:19.801;3.9;32.0;RSA;06:27.059;4.0;34.0;NED;06:18.104;4.0;32.0;CHN;06:25.366;3.9;34.0
1560;GER;06:16.764;4.0;35.0;AUT;06:20.937;3.9;32.0;RSA;06:28.351;4.0;34.0;NED;06:19.392;4.0;32.0;CHN;06:26.543;3.9;33.0
1565;GER;06:17.872;4.0;35.0;AUT;06:22.298;3.9;32.0;RSA;06:29.521;4.0;34.0;NED;06:20.489;4.0;32.0;CHN;06:27.842;3.9;33.0
1570;GER;06:19.185;4.1;35.0;AUT;06:23.595;3.9;32.0;RSA;06:30.764;4.0;34.0;NED;06:21.818;4.0;32.0;CHN;06:29.161;3.9;33.0
1575;GER;06:20.463;4.1;35.0;AUT;06:24.715;3.9;32.0;RSA;06:32.076;4.0;34.0;NED;06:23.081;4.1;32.0;CHN;06:30.340;4.0;33.0
1580;GER;06:21.655;4.1;35.0;AUT;06:26.047;4.0;32.0;RSA;06:33.237;4.1;34.0;NED;06:24.165;4.1;32.0;CHN;06:31.564;4.0;33.0
1585;GER;06:22.835;4.1;35.0;AUT;06:27.308;4.0;32.0;RSA;06:34.421;4.1;34.0;NED;06:25.473;4.1;32.0;CHN;06:32.854;4.1;33.0
1590;GER;06:24.145;4.1;35.0;AUT;06:28.395;4.1;32.0;RSA;06:35.733;4.1;34.0;NED;06:26.714;4.1;32.0;CHN;06:34.019;4.1;33.0
1595;GER;06:25.389;4.1;35.0;AUT;06:29.683;4.1;32.0;RSA;06:36.984;4.1;34.0;NED;06:27.801;4.1;32.0;CHN;06:35.257;4.1;33.0
1600;GER;06:26.476;4.1;35.0;AUT;06:30.926;4.2;33.0;RSA;06:38.103;4.1;34.0;NED;06:29.097;4.2;32.0;CHN;06:36.550;4.1;33.0
1605;GER;06:27.770;4.1;35.0;AUT;06:32.033;4.1;33.0;RSA;06:39.431;4.0;34.0;NED;06:30.309;4.1;32.0;CHN;06:37.737;4.1;33.0
1610;GER;06:29.036;4.1;35.0;AUT;06:33.319;4.1;33.0;RSA;06:40.721;4.0;34.0;NED;06:31.439;4.1;32.0;CHN;06:38.969;4.1;33.0
1615;GER;06:30.188;4.1;35.0;AUT;06:34.550;4.1;33.0;RSA;06:41.866;4.0;34.0;NED;06:32.730;4.1;32.0;CHN;06:40.270;4.0;33.0
1620;GER;06:31.383;4.1;35.0;AUT;06:35.634;4.1;33.0;RSA;06:43.141;4.0;34.0;NED;06:33.922;4.1;32.0;CHN;06:41.469;4.0;33.0
1625;GER;06:32.677;4.1;35.0;AUT;06:36.924;4.2;33.0;RSA;06:44.438;4.0;34.0;NED;06:35.082;4.1;32.0;CHN;06:42.700;4.0;32.0
1630;GER;06:33.907;4.1;35.0;AUT;06:38.149;4.2;33.0;RSA;06:45.620;4.0;34.0;NED;06:36.378;4.1;32.0;CHN;06:44.046;4.0;32.0
1635;GER;06:35.023;4.1;35.0;AUT;06:39.261;4.2;33.0;RSA;06:46.823;4.1;34.0;NED;06:37.545;4.1;32.0;CHN;06:45.288;3.9;32.0
1640;GER;06:36.347;4.1;35.0;AUT;06:40.582;4.1;33.0;RSA;06:48.118;4.1;34.0;NED;06:38.757;4.1;33.0;CHN;06:46.538;3.9;32.0
1645;GER;06:37.634;4.0;35.0;AUT;06:41.815;4.1;33.0;RSA;06:49.314;4.1;34.0;NED;06:40.039;4.1;33.0;CHN;06:47.846;3.9;32.0
1650;GER;06:38.768;4.0;35.0;AUT;06:42.912;4.1;33.0;RSA;06:50.515;4.1;33.0;NED;06:41.178;4.1;32.0;CHN;06:49.117;3.9;32.0
1655;GER;06:40.017;4.0;35.0;AUT;06:44.214;4.1;33.0;RSA;06:51.778;4.1;33.0;NED;06:42.388;4.1;32.0;CHN;06:50.302;3.9;32.0
1660;GER;06:41.314;4.1;35.0;AUT;06:45.451;4.1;33.0;RSA;06:53.007;4.1;33.0;NED;06:43.657;4.2;32.0;CHN;06:51.673;3.9;32.0
1665;GER;06:42.533;4.1;35.0;AUT;06:46.564;4.1;33.0;RSA;06:54.140;4.1;33.0;NED;06:44.770;4.1;32.0;CHN;06:52.957;3.9;32.0
1670;GER;06:43.641;4.1;35.0;AUT;06:47.858;4.1;33.0;RSA;06:55.470;4.1;33.0;NED;06:46.026;4.1;33.0;CHN;06:54.122;3.9;32.0
1675;GER;06:44.946;4.1;35.0;AUT;06:49.078;4.1;33.0;RSA;06:56.719;4.1;33.0;NED;06:47.308;4.1;33.0;CHN;06:55.478;3.9;32.0
1680;GER;06:46.190;4.1;35.0;AUT;06:50.182;4.1;33.0;RSA;06:57.830;4.1;34.0;NED;06:48.401;4.1;33.0;CHN;06:56.758;3.9;32.0
1685;GER;06:47.287;4.1;35.0;AUT;06:51.470;4.2;33.0;RSA;06:59.163;4.1;34.0;NED;06:49.679;4.1;33.0;CHN;06:57.885;4.0;32.0
1690;GER;06:48.553;4.1;35.0;AUT;06:52.646;4.2;33.0;RSA;07:00.438;4.0;34.0;NED;06:50.948;4.1;33.0;CHN;06:59.222;4.0;32.0
1695;GER;06:49.812;4.1;35.0;AUT;06:53.791;4.2;33.0;RSA;07:01.581;4.0;34.0;NED;06:52.048;4.1;33.0;CHN;07:00.475;4.0;32.0
1700;GER;06:50.972;4.1;35.0;AUT;06:55.081;4.2;33.0;RSA;07:02.855;4.0;34.0;NED;06:53.342;4.1;33.0;CHN;07:01.616;4.0;32.0
1705;GER;06:52.130;4.2;35.0;AUT;06:56.291;4.1;33.0;RSA;07:04.157;4.0;34.0;NED;06:54.601;4.1;33.0;CHN;07:02.948;4.0;32.0
1710;GER;06:53.411;4.2;35.0;AUT;06:57.397;4.1;33.0;RSA;07:05.361;4.0;34.0;NED;06:55.688;4.1;33.0;CHN;07:04.247;4.0;33.0
1715;GER;06:54.614;4.2;35.0;AUT;06:58.681;4.2;33.0;RSA;07:06.537;4.0;34.0;NED;06:56.980;4.1;33.0;CHN;07:05.410;4.0;33.0
1720;GER;06:55.719;4.1;35.0;AUT;06:59.885;4.2;33.0;RSA;07:07.856;4.1;34.0;NED;06:58.226;4.1;33.0;CHN;07:06.759;3.9;33.0
1725;GER;06:57.016;4.1;35.0;AUT;07:00.976;4.2;33.0;RSA;07:09.114;4.1;34.0;NED;06:59.289;4.1;33.0;CHN;07:08.101;3.9;33.0
1730;GER;06:58.263;4.1;35.0;AUT;07:02.248;4.2;34.0;RSA;07:10.222;4.0;34.0;NED;07:00.600;4.2;33.0;CHN;07:09.365;3.8;33.0
1735;GER;06:59.385;4.1;35.0;AUT;07:03.431;4.2;34.0;RSA;07:11.526;4.1;34.0;NED;07:01.824;4.2;33.0;CHN;07:10.571;3.9;33.0
1740;GER;07:00.645;4.1;35.0;AUT;07:04.530;4.2;34.0;RSA;07:12.788;4.1;34.0;NED;07:02.897;4.2;32.0;CHN;07:11.907;3.9;33.0
1745;GER;07:01.929;4.1;35.0;AUT;07:05.802;4.2;34.0;RSA;07:13.919;4.1;34.0;NED;07:04.189;4.2;32.0;CHN;07:13.155;4.0;33.0
1750;GER;07:03.127;4.1;35.0;AUT;07:07.009;4.2;34.0;RSA;07:15.162;4.1;34.0;NED;07:05.412;4.2;33.0;CHN;07:14.344;4.0;33.0
1755;GER;07:04.266;4.1;35.0;AUT;07:08.078;4.2;34.0;RSA;07:16.445;4.1;34.0;NED;07:06.486;4.2;33.0;CHN;07:15.693;4.0;32.0
1760;GER;07:05.568;4.1;35.0;AUT;07:09.347;4.2;34.0;RSA;07:17.649;4.1;34.0;NED;07:07.773;4.2;33.0;CHN;07:16.944;3.9;32.0
1765;GER;07:06.801;4.1;35.0;AUT;07:10.551;4.2;34.0;RSA;07:18.782;4.1;34.0;NED;07:08.982;4.2;33.0;CHN;07:18.100;4.0;32.0
1770;GER;07:07.897;4.1;35.0;AUT;07:11.616;4.2;34.0;RSA;07:20.072;4.1;35.0;NED;07:10.058;4.2;33.0;CHN;07:19.419;4.0;32.0
1775;GER;07:09.158;4.1;35.0;AUT;07:12.873;4.3;34.0;RSA;07:21.312;4.1;35.0;NED;07:11.333;4.2;33.0;CHN;07:20.649;4.0;33.0
1780;GER;07:10.410;4.2;35.0;AUT;07:14.051;4.3;34.0;RSA;07:22.410;4.1;35.0;NED;07:12.532;4.2;33.0;CHN;07:21.721;4.1;33.0
1785;GER;07:11.557;4.2;35.0;AUT;07:15.117;4.3;34.0;RSA;07:23.655;4.1;35.0;NED;07:13.628;4.2;33.0;CHN;07:23.000;4.2;33.0
1790;GER;07:12.736;4.1;35.0;AUT;07:16.361;4.3;34.0;RSA;07:24.912;4.2;35.0;NED;07:14.899;4.2;33.0;CHN;07:24.162;4.3;33.0
1795;GER;07:13.999;4.1;35.0;AUT;07:17.539;4.3;34.0;RSA;07:26.075;4.2;35.0;NED;07:16.079;4.2;33.0;CHN;07:25.315;4.3;33.0
1800;GER;07:15.175;4.2;35.0;AUT;07:18.566;4.3;34.0;RSA;07:27.213;4.2;35.0;NED;07:17.183;4.2;33.0;CHN;07:26.550;4.3;33.0
1805;GER;07:16.299;4.2;35.0;AUT;07:19.797;4.4;35.0;RSA;07:28.480;4.2;35.0;NED;07:18.420;4.3;33.0;CHN;07:27.759;4.2;33.0
1810;GER;07:17.542;4.2;35.0;AUT;07:20.966;4.4;35.0;RSA;07:29.682;4.2;35.0;NED;07:19.535;4.3;33.0;CHN;07:28.896;4.2;33.0
1815;GER;07:18.760;4.2;35.0;AUT;07:22.007;4.4;35.0;RSA;07:30.753;4.2;35.0;NED;07:20.641;4.3;34.0;CHN;07:30.146;4.2;34.0
1820;GER;07:19.840;4.2;35.0;AUT;07:23.236;4.4;35.0;RSA;07:32.006;4.2;36.0;NED;07:21.849;4.4;34.0;CHN;07:31.351;4.2;34.0
1825;GER;07:21.058;4.2;36.0;AUT;07:24.397;4.3;35.0;RSA;07:33.226;4.2;36.0;NED;07:22.882;4.4;34.0;CHN;07:32.438;4.2;34.0
1830;GER;07:22.301;4.3;36.0;AUT;07:25.420;4.4;35.0;RSA;07:34.327;4.3;36.0;NED;07:24.088;4.4;34.0;CHN;07:33.717;4.2;34.0
1835;GER;07:23.411;4.3;36.0;AUT;07:26.624;4.4;35.0;RSA;07:35.507;4.3;36.0;NED;07:25.283;4.4;34.0;CHN;07:34.967;4.2;34.0
1840;GER;07:24.517;4.3;36.0;AUT;07:27.756;4.5;35.0;RSA;07:36.738;4.3;36.0;NED;07:26.295;4.4;34.0;CHN;07:36.134;4.1;35.0
1845;GER;07:25.744;4.3;36.0;AUT;07:28.759;4.5;35.0;RSA;07:37.882;4.3;36.0;NED;07:27.516;4.4;34.0;CHN;07:37.297;4.1;35.0
1850;GER;07:26.903;4.4;36.0;AUT;07:29.949;4.5;35.0;RSA;07:38.992;4.3;36.0;NED;07:28.682;4.4;34.0;CHN;07:38.551;4.1;36.0
1855;GER;07:27.957;4.4;36.0;AUT;07:31.077;4.5;36.0;RSA;07:40.236;4.3;36.0;NED;07:29.688;4.4;34.0;CHN;07:39.738;4.2;36.0
1860;GER;07:29.194;4.3;36.0;AUT;07:32.059;4.5;36.0;RSA;07:41.412;4.3;36.0;NED;07:30.907;4.4;34.0;CHN;07:40.781;4.3;36.0
1865;GER;07:30.379;4.3;36.0;AUT;07:33.217;4.6;36.0;RSA;07:42.472;4.3;36.0;NED;07:32.066;4.4;34.0;CHN;07:41.960;4.3;37.0
1870;GER;07:31.457;4.3;36.0;AUT;07:34.316;4.6;36.0;RSA;07:43.726;4.3;36.0;NED;07:33.084;4.4;35.0;CHN;07:43.148;4.4;37.0
1875;GER;07:32.683;4.3;36.0;AUT;07:35.283;4.6;36.0;RSA;07:44.936;4.3;36.0;NED;07:34.314;4.4;35.0;CHN;07:44.283;4.4;38.0
1880;GER;07:33.913;4.2;36.0;AUT;07:36.438;4.7;37.0;RSA;07:46.018;4.3;36.0;NED;07:35.465;4.4;35.0;CHN;07:45.311;4.4;38.0
1885;GER;07:35.058;4.2;36.0;AUT;07:37.530;4.7;37.0;RSA;07:47.235;4.3;36.0;NED;07:36.523;4.4;35.0;CHN;07:46.513;4.4;38.0
1890;GER;07:36.145;4.3;36.0;AUT;07:38.507;4.7;37.0;RSA;07:48.477;4.2;36.0;NED;07:37.745;4.4;35.0;CHN;07:47.678;4.4;38.0
1895;GER;07:37.381;4.3;36.0;AUT;07:39.670;4.7;37.0;RSA;07:49.640;4.2;36.0;NED;07:38.896;4.4;35.0;CHN;07:48.761;4.4;38.0
1900;GER;07:38.564;4.3;36.0;AUT;07:40.769;4.6;37.0;RSA;07:50.769;4.2;36.0;NED;07:39.920;4.4;35.0;CHN;07:49.863;4.4;38.0
1905;GER;07:39.620;4.3;36.0;AUT;07:41.749;4.6;37.0;RSA;07:52.017;4.2;36.0;NED;07:41.120;4.4;35.0;CHN;07:51.055;4.4;38.0
1910;GER;07:40.844;4.3;37.0;AUT;07:42.901;4.6;37.0;RSA;07:53.212;4.2;36.0;NED;07:42.249;4.5;35.0;CHN;07:52.193;4.4;38.0
1915;GER;07:42.052;4.3;37.0;AUT;07:43.983;4.6;37.0;RSA;07:54.275;4.3;36.0;NED;07:43.318;4.5;36.0;CHN;07:53.207;4.5;39.0
1920;GER;07:43.146;4.3;37.0;AUT;07:44.959;4.7;37.0;RSA;07:55.530;4.3;36.0;NED;07:44.507;4.5;36.0;CHN;07:54.367;4.5;39.0
1925;GER;07:44.255;4.3;37.0;AUT;07:46.085;4.7;37.0;RSA;07:56.770;4.3;36.0;NED;07:45.636;4.4;36.0;CHN;07:55.547;4.5;39.0
1930;GER;07:45.465;4.4;37.0;AUT;07:47.142;4.7;37.0;RSA;07:57.930;4.2;36.0;NED;07:46.739;4.4;35.0;CHN;07:56.688;4.5;39.0
1935;GER;07:46.565;4.4;37.0;AUT;07:48.133;4.8;38.0;RSA;07:59.065;4.2;36.0;NED;07:47.914;4.4;35.0;CHN;07:57.729;4.4;39.0
1940;GER;07:47.621;4.4;37.0;AUT;07:49.227;4.8;38.0;RSA;08:00.332;4.2;36.0;NED;07:49.051;4.4;35.0;CHN;07:58.913;4.4;39.0
1945;GER;07:48.861;4.4;37.0;AUT;07:50.275;4.8;38.0;RSA;08:01.534;4.2;36.0;NED;07:50.076;4.4;35.0;CHN;08:00.118;4.4;39.0
1950;GER;07:50.021;4.4;37.0;AUT;07:51.199;4.8;39.0;RSA;08:02.622;4.2;36.0;NED;07:51.270;4.4;36.0;CHN;08:01.260;4.3;39.0
1955;GER;07:51.086;4.4;37.0;AUT;07:52.306;4.8;39.0;RSA;08:03.870;4.2;36.0;NED;07:52.410;4.5;36.0;CHN;08:02.356;4.3;39.0
1960;GER;07:52.233;4.4;37.0;AUT;07:53.386;4.9;39.0;RSA;08:05.127;4.2;36.0;NED;07:53.411;4.5;36.0;CHN;08:03.526;4.3;39.0
1965;GER;07:53.432;4.4;37.0;AUT;07:54.327;4.8;39.0;RSA;08:06.317;4.1;36.0;NED;07:54.612;4.5;37.0;CHN;08:04.743;4.3;39.0
1970;GER;07:54.558;4.4;37.0;AUT;07:55.429;4.8;39.0;RSA;08:07.430;4.1;36.0;NED;07:55.753;4.5;37.0;CHN;08:05.927;4.3;39.0
1975;GER;07:55.640;4.4;37.0;AUT;07:56.466;4.8;39.0;RSA;08:08.707;4.2;36.0;NED;07:56.768;4.5;37.0;CHN;08:07.028;4.3;39.0
1980;GER;07:56.901;4.3;37.0;AUT;07:57.412;4.9;39.0;RSA;08:09.927;4.2;36.0;NED;07:57.978;4.5;37.0;CHN;08:08.188;4.3;39.0
1985;GER;07:58.068;4.3;37.0;AUT;07:58.473;4.9;39.0;RSA;08:11.022;4.2;36.0;NED;07:59.120;4.4;37.0;CHN;08:09.400;4.3;39.0
1990;GER;07:59.127;4.3;37.0;AUT;07:59.546;4.9;39.0;RSA;08:12.297;4.2;36.0;NED;08:00.111;4.4;37.0;CHN;08:10.582;4.3;39.0
1995;GER;08:00.325;4.3;37.0;AUT;08:00.478;4.9;39.0;RSA;08:13.529;4.2;36.0;NED;08:01.318;4.5;37.0;CHN;08:11.688;4.3;39.0
2000;GER;08:01.542;4.3;37.0;AUT;08:01.560;4.9;39.0;RSA;08:14.708;4.2;36.0;NED;08:02.447;4.5;36.0;CHN;08:12.829;4.3;39.0
