Distance;ShortName1;Time1;Speed1;Stroke1;ShortName3;Time3;Speed3;Stroke3;ShortName4;Time4;Speed4;Stroke4;ShortName5;Time5;Speed5;Stroke5;ShortName2;Time2;Speed2;Stroke2;
5;PAR;00:02.959;2.9;0.0;GER;00:02.941;3.2;0.0;CAN;00:02.823;2.9;0.0;CRO;00:02.919;3.0;0.0;HUN;00:02.744;3.0;0.0
10;PAR;00:04.297;3.3;48.0;GER;00:04.212;3.7;43.0;CAN;00:04.171;3.4;48.0;CRO;00:04.221;3.4;49.0;HUN;00:04.039;3.4;54.0
15;PAR;00:05.553;3.6;47.0;GER;00:05.274;3.9;42.0;CAN;00:05.316;3.7;48.0;CRO;00:05.451;3.7;49.0;HUN;00:05.209;3.7;53.0
20;PAR;00:06.656;4.0;47.0;GER;00:06.317;4.2;43.0;CAN;00:06.402;4.2;48.0;CRO;00:06.493;4.1;48.0;HUN;00:06.350;4.2;52.0
25;PAR;00:07.724;4.5;47.0;GER;00:07.401;4.7;43.0;CAN;00:07.407;4.6;48.0;CRO;00:07.464;4.6;48.0;HUN;00:07.411;4.5;51.0
30;PAR;00:08.680;4.7;47.0;GER;00:08.352;5.0;42.0;CAN;00:08.335;4.9;48.0;CRO;00:08.405;4.9;47.0;HUN;00:08.484;4.8;51.0
35;PAR;00:09.710;4.8;47.0;GER;00:09.248;5.1;42.0;CAN;00:09.337;5.0;48.0;CRO;00:09.446;5.1;46.0;HUN;00:09.482;4.9;50.0
40;PAR;00:10.758;5.0;46.0;GER;00:10.277;5.1;42.0;CAN;00:10.369;5.1;48.0;CRO;00:10.429;5.2;46.0;HUN;00:10.422;4.9;48.0
45;PAR;00:11.762;5.0;46.0;GER;00:11.256;5.3;42.0;CAN;00:11.366;5.1;47.0;CRO;00:11.343;5.2;45.0;HUN;00:11.495;4.9;47.0
50;PAR;00:12.719;5.0;46.0;GER;00:12.113;5.3;42.0;CAN;00:12.290;5.1;47.0;CRO;00:12.318;5.2;45.0;HUN;00:12.509;5.0;45.0
55;PAR;00:13.675;5.0;46.0;GER;00:13.122;5.3;42.0;CAN;00:13.270;5.1;46.0;CRO;00:13.303;5.2;45.0;HUN;00:13.437;5.0;44.0
60;PAR;00:14.716;5.1;45.0;GER;00:14.095;5.3;42.0;CAN;00:14.286;5.1;45.0;CRO;00:14.247;5.2;45.0;HUN;00:14.461;5.0;43.0
65;PAR;00:15.712;5.1;45.0;GER;00:14.972;5.3;42.0;CAN;00:15.247;5.1;45.0;CRO;00:15.145;5.2;45.0;HUN;00:15.506;5.0;43.0
70;PAR;00:16.634;5.1;45.0;GER;00:16.000;5.3;42.0;CAN;00:16.177;5.1;44.0;CRO;00:16.168;5.2;45.0;HUN;00:16.440;5.0;43.0
75;PAR;00:17.635;5.1;45.0;GER;00:16.939;5.3;42.0;CAN;00:17.221;5.1;44.0;CRO;00:17.132;5.3;45.0;HUN;00:17.404;5.0;42.0
80;PAR;00:18.673;5.1;45.0;GER;00:17.829;5.2;42.0;CAN;00:18.211;5.1;43.0;CRO;00:18.019;5.2;45.0;HUN;00:18.456;5.1;42.0
85;PAR;00:19.669;5.1;45.0;GER;00:18.866;5.2;42.0;CAN;00:19.136;5.1;43.0;CRO;00:19.023;5.2;44.0;HUN;00:19.427;5.1;42.0
90;PAR;00:20.585;5.0;44.0;GER;00:19.834;5.2;41.0;CAN;00:20.203;5.0;42.0;CRO;00:20.034;5.2;44.0;HUN;00:20.428;5.1;41.0
95;PAR;00:21.640;5.0;44.0;GER;00:20.729;5.2;41.0;CAN;00:21.213;5.0;42.0;CRO;00:20.993;5.2;44.0;HUN;00:21.461;5.0;41.0
100;PAR;00:22.678;5.0;44.0;GER;00:21.782;5.2;41.0;CAN;00:22.138;5.0;42.0;CRO;00:21.928;5.1;44.0;HUN;00:22.434;5.0;41.0
105;PAR;00:23.635;5.0;44.0;GER;00:22.746;5.2;41.0;CAN;00:23.202;5.0;41.0;CRO;00:22.976;5.1;44.0;HUN;00:23.411;5.0;40.0
110;PAR;00:24.649;4.9;43.0;GER;00:23.690;5.1;41.0;CAN;00:24.245;5.0;41.0;CRO;00:23.963;5.1;44.0;HUN;00:24.498;4.9;40.0
115;PAR;00:25.716;4.9;43.0;GER;00:24.729;5.1;40.0;CAN;00:25.177;4.9;41.0;CRO;00:24.881;5.1;44.0;HUN;00:25.485;4.9;40.0
120;PAR;00:26.733;4.9;42.0;GER;00:25.672;5.1;40.0;CAN;00:26.245;4.9;41.0;CRO;00:25.900;5.1;44.0;HUN;00:26.496;4.9;40.0
125;PAR;00:27.687;4.9;42.0;GER;00:26.654;5.1;40.0;CAN;00:27.291;4.9;40.0;CRO;00:26.936;5.1;44.0;HUN;00:27.588;4.9;39.0
130;PAR;00:28.763;4.9;42.0;GER;00:27.685;5.1;40.0;CAN;00:28.226;4.9;40.0;CRO;00:27.899;5.1;43.0;HUN;00:28.555;4.9;39.0
135;PAR;00:29.823;4.9;42.0;GER;00:28.597;5.1;40.0;CAN;00:29.305;4.9;40.0;CRO;00:28.873;5.0;43.0;HUN;00:29.604;4.8;39.0
140;PAR;00:30.770;4.9;42.0;GER;00:29.618;5.1;40.0;CAN;00:30.355;4.9;39.0;CRO;00:29.917;5.0;43.0;HUN;00:30.686;4.8;38.0
145;PAR;00:31.861;4.8;41.0;GER;00:30.654;5.1;39.0;CAN;00:31.310;4.9;39.0;CRO;00:30.915;5.0;43.0;HUN;00:31.631;4.8;38.0
150;PAR;00:32.940;4.8;41.0;GER;00:31.554;5.1;39.0;CAN;00:32.398;4.9;39.0;CRO;00:31.843;5.0;43.0;HUN;00:32.716;4.8;38.0
155;PAR;00:33.911;4.8;40.0;GER;00:32.613;5.0;39.0;CAN;00:33.458;4.8;39.0;CRO;00:32.910;5.0;43.0;HUN;00:33.805;4.8;38.0
160;PAR;00:35.011;4.8;39.0;GER;00:33.637;5.0;39.0;CAN;00:34.399;4.8;39.0;CRO;00:33.933;5.0;43.0;HUN;00:34.752;4.8;38.0
165;PAR;00:36.107;4.8;39.0;GER;00:34.539;5.0;39.0;CAN;00:35.516;4.8;38.0;CRO;00:34.900;5.0;43.0;HUN;00:35.872;4.8;38.0
170;PAR;00:37.092;4.7;38.0;GER;00:35.637;5.0;39.0;CAN;00:36.593;4.8;38.0;CRO;00:35.903;4.9;42.0;HUN;00:36.963;4.8;38.0
175;PAR;00:38.202;4.7;38.0;GER;00:36.641;5.0;39.0;CAN;00:37.558;4.8;38.0;CRO;00:36.978;4.9;42.0;HUN;00:37.915;4.8;38.0
180;PAR;00:39.307;4.7;38.0;GER;00:37.586;5.0;39.0;CAN;00:38.669;4.8;38.0;CRO;00:37.954;4.9;42.0;HUN;00:39.047;4.7;37.0
185;PAR;00:40.293;4.7;38.0;GER;00:38.680;4.9;38.0;CAN;00:39.731;4.7;38.0;CRO;00:38.964;4.9;42.0;HUN;00:40.118;4.7;37.0
190;PAR;00:41.391;4.7;38.0;GER;00:39.655;4.9;38.0;CAN;00:40.700;4.8;38.0;CRO;00:40.043;4.9;42.0;HUN;00:41.074;4.8;37.0
195;PAR;00:42.489;4.7;38.0;GER;00:40.662;4.9;38.0;CAN;00:41.816;4.8;38.0;CRO;00:41.101;4.9;41.0;HUN;00:42.209;4.8;37.0
200;PAR;00:43.484;4.7;38.0;GER;00:41.716;4.9;38.0;CAN;00:42.882;4.8;38.0;CRO;00:42.073;4.8;41.0;HUN;00:43.247;4.8;37.0
205;PAR;00:44.594;4.7;38.0;GER;00:42.625;5.0;38.0;CAN;00:43.848;4.8;38.0;CRO;00:43.193;4.8;41.0;HUN;00:44.273;4.8;37.0
210;PAR;00:45.723;4.7;38.0;GER;00:43.723;4.9;38.0;CAN;00:44.980;4.8;38.0;CRO;00:44.269;4.8;40.0;HUN;00:45.414;4.7;37.0
215;PAR;00:46.739;4.6;38.0;GER;00:44.743;4.9;37.0;CAN;00:46.051;4.8;38.0;CRO;00:45.262;4.7;40.0;HUN;00:46.416;4.7;36.0
220;PAR;00:47.844;4.6;38.0;GER;00:45.704;4.9;37.0;CAN;00:47.050;4.7;37.0;CRO;00:46.361;4.7;40.0;HUN;00:47.517;4.7;36.0
225;PAR;00:48.974;4.6;37.0;GER;00:46.825;4.9;37.0;CAN;00:48.194;4.7;37.0;CRO;00:47.494;4.7;39.0;HUN;00:48.657;4.6;36.0
230;PAR;00:50.023;4.6;37.0;GER;00:47.841;4.9;37.0;CAN;00:49.258;4.7;37.0;CRO;00:48.539;4.6;39.0;HUN;00:49.631;4.6;36.0
235;PAR;00:51.116;4.6;37.0;GER;00:48.847;4.8;37.0;CAN;00:50.280;4.6;37.0;CRO;00:49.584;4.6;39.0;HUN;00:50.805;4.6;36.0
240;PAR;00:52.255;4.6;37.0;GER;00:49.967;4.8;37.0;CAN;00:51.425;4.6;37.0;CRO;00:50.727;4.6;39.0;HUN;00:51.921;4.6;35.0
245;PAR;00:53.324;4.6;37.0;GER;00:50.935;4.8;37.0;CAN;00:52.475;4.6;37.0;CRO;00:51.803;4.6;38.0;HUN;00:52.919;4.6;35.0
250;PAR;00:54.427;4.5;37.0;GER;00:52.024;4.8;37.0;CAN;00:53.542;4.6;36.0;CRO;00:52.811;4.6;38.0;HUN;00:54.098;4.6;35.0
255;PAR;00:55.591;4.5;37.0;GER;00:53.129;4.8;37.0;CAN;00:54.686;4.6;36.0;CRO;00:53.965;4.6;38.0;HUN;00:55.161;4.6;35.0
260;PAR;00:56.646;4.5;36.0;GER;00:54.078;4.8;37.0;CAN;00:55.704;4.6;36.0;CRO;00:55.067;4.6;38.0;HUN;00:56.235;4.6;35.0
265;PAR;00:57.764;4.5;36.0;GER;00:55.200;4.7;37.0;CAN;00:56.831;4.6;36.0;CRO;00:56.072;4.6;38.0;HUN;00:57.393;4.6;35.0
270;PAR;00:58.924;4.5;36.0;GER;00:56.271;4.8;37.0;CAN;00:57.969;4.6;36.0;CRO;00:57.224;4.6;38.0;HUN;00:58.382;4.6;35.0
275;PAR;00:59.960;4.5;36.0;GER;00:57.225;4.8;36.0;CAN;00:58.966;4.6;35.0;CRO;00:58.348;4.6;38.0;HUN;00:59.546;4.6;35.0
280;PAR;01:01.099;4.5;36.0;GER;00:58.368;4.8;36.0;CAN;01:00.134;4.6;35.0;CRO;00:59.377;4.6;38.0;HUN;01:00.683;4.6;35.0
285;PAR;01:02.254;4.5;36.0;GER;00:59.395;4.8;36.0;CAN;01:01.258;4.6;35.0;CRO;01:00.505;4.6;38.0;HUN;01:01.671;4.6;35.0
290;PAR;01:03.267;4.5;35.0;GER;01:00.418;4.8;36.0;CAN;01:02.272;4.6;35.0;CRO;01:01.658;4.5;38.0;HUN;01:02.856;4.6;35.0
295;PAR;01:04.441;4.5;35.0;GER;01:01.543;4.7;36.0;CAN;01:03.450;4.5;35.0;CRO;01:02.728;4.5;38.0;HUN;01:03.940;4.6;35.0
300;PAR;01:05.595;4.5;35.0;GER;01:02.500;4.7;36.0;CAN;01:04.573;4.5;36.0;CRO;01:03.777;4.5;38.0;HUN;01:05.000;4.6;34.0
305;PAR;01:06.598;4.5;35.0;GER;01:03.571;4.8;36.0;CAN;01:05.621;4.5;36.0;CRO;01:04.928;4.6;38.0;HUN;01:06.179;4.6;34.0
310;PAR;01:07.792;4.5;35.0;GER;01:04.660;4.8;36.0;CAN;01:06.764;4.5;36.0;CRO;01:06.008;4.6;38.0;HUN;01:07.185;4.5;34.0
315;PAR;01:08.928;4.5;35.0;GER;01:05.594;4.8;36.0;CAN;01:07.872;4.5;36.0;CRO;01:07.041;4.6;38.0;HUN;01:08.364;4.5;34.0
320;PAR;01:09.947;4.5;35.0;GER;01:06.745;4.8;37.0;CAN;01:08.902;4.5;36.0;CRO;01:08.218;4.6;38.0;HUN;01:09.518;4.5;34.0
325;PAR;01:11.139;4.5;35.0;GER;01:07.821;4.8;37.0;CAN;01:10.080;4.5;36.0;CRO;01:09.333;4.5;38.0;HUN;01:10.536;4.5;34.0
330;PAR;01:12.271;4.5;35.0;GER;01:08.763;4.8;37.0;CAN;01:11.191;4.5;36.0;CRO;01:10.372;4.5;38.0;HUN;01:11.749;4.5;34.0
335;PAR;01:13.324;4.5;35.0;GER;01:09.916;4.7;37.0;CAN;01:12.241;4.5;36.0;CRO;01:11.539;4.5;38.0;HUN;01:12.848;4.4;33.0
340;PAR;01:14.524;4.4;35.0;GER;01:11.008;4.7;37.0;CAN;01:13.428;4.5;36.0;CRO;01:12.678;4.5;38.0;HUN;01:13.941;4.4;33.0
345;PAR;01:15.657;4.4;35.0;GER;01:11.975;4.7;37.0;CAN;01:14.532;4.5;36.0;CRO;01:13.714;4.5;38.0;HUN;01:15.137;4.4;33.0
350;PAR;01:16.773;4.4;35.0;GER;01:13.140;4.7;37.0;CAN;01:15.591;4.5;35.0;CRO;01:14.823;4.6;38.0;HUN;01:16.158;4.4;33.0
355;PAR;01:17.967;4.4;35.0;GER;01:14.227;4.6;37.0;CAN;01:16.768;4.5;35.0;CRO;01:15.977;4.6;38.0;HUN;01:17.359;4.4;33.0
360;PAR;01:19.095;4.4;35.0;GER;01:15.212;4.6;37.0;CAN;01:17.858;4.5;35.0;CRO;01:17.056;4.6;38.0;HUN;01:18.530;4.4;33.0
365;PAR;01:20.179;4.4;35.0;GER;01:16.389;4.6;37.0;CAN;01:18.929;4.5;36.0;CRO;01:18.128;4.6;38.0;HUN;01:19.554;4.4;33.0
370;PAR;01:21.400;4.4;35.0;GER;01:17.455;4.6;37.0;CAN;01:20.113;4.5;36.0;CRO;01:19.286;4.5;38.0;HUN;01:20.790;4.4;33.0
375;PAR;01:22.526;4.3;35.0;GER;01:18.485;4.6;37.0;CAN;01:21.213;4.5;36.0;CRO;01:20.408;4.5;38.0;HUN;01:21.924;4.4;33.0
380;PAR;01:23.669;4.3;35.0;GER;01:19.661;4.6;36.0;CAN;01:22.281;4.5;36.0;CRO;01:21.455;4.5;38.0;HUN;01:23.019;4.4;33.0
385;PAR;01:24.890;4.3;35.0;GER;01:20.705;4.6;36.0;CAN;01:23.463;4.5;36.0;CRO;01:22.655;4.4;37.0;HUN;01:24.245;4.4;33.0
390;PAR;01:26.034;4.3;35.0;GER;01:21.766;4.6;36.0;CAN;01:24.567;4.5;36.0;CRO;01:23.806;4.4;37.0;HUN;01:25.317;4.3;33.0
395;PAR;01:27.139;4.3;34.0;GER;01:22.936;4.6;36.0;CAN;01:25.617;4.5;36.0;CRO;01:24.840;4.4;37.0;HUN;01:26.505;4.4;33.0
400;PAR;01:28.367;4.3;34.0;GER;01:23.964;4.6;36.0;CAN;01:26.797;4.5;36.0;CRO;01:26.036;4.4;36.0;HUN;01:27.682;4.4;33.0
405;PAR;01:29.491;4.3;34.0;GER;01:25.081;4.6;36.0;CAN;01:27.899;4.5;36.0;CRO;01:27.191;4.4;36.0;HUN;01:28.701;4.4;33.0
410;PAR;01:30.600;4.3;34.0;GER;01:26.240;4.5;36.0;CAN;01:28.969;4.5;36.0;CRO;01:28.215;4.4;36.0;HUN;01:29.906;4.4;33.0
415;PAR;01:31.810;4.4;34.0;GER;01:27.228;4.5;36.0;CAN;01:30.165;4.5;36.0;CRO;01:29.401;4.4;36.0;HUN;01:31.055;4.4;33.0
420;PAR;01:32.945;4.4;34.0;GER;01:28.393;4.6;35.0;CAN;01:31.270;4.4;36.0;CRO;01:30.568;4.4;36.0;HUN;01:32.085;4.4;33.0
425;PAR;01:34.067;4.3;34.0;GER;01:29.527;4.6;35.0;CAN;01:32.348;4.4;36.0;CRO;01:31.620;4.4;36.0;HUN;01:33.300;4.5;34.0
430;PAR;01:35.295;4.3;35.0;GER;01:30.503;4.6;35.0;CAN;01:33.540;4.4;36.0;CRO;01:32.781;4.4;36.0;HUN;01:34.385;4.4;34.0
435;PAR;01:36.437;4.3;35.0;GER;01:31.677;4.6;35.0;CAN;01:34.642;4.4;36.0;CRO;01:33.958;4.4;36.0;HUN;01:35.496;4.4;34.0
440;PAR;01:37.549;4.3;35.0;GER;01:32.791;4.6;35.0;CAN;01:35.716;4.4;36.0;CRO;01:35.045;4.4;36.0;HUN;01:36.681;4.4;34.0
445;PAR;01:38.764;4.3;35.0;GER;01:33.779;4.6;35.0;CAN;01:36.901;4.5;36.0;CRO;01:36.150;4.4;36.0;HUN;01:37.693;4.4;34.0
450;PAR;01:39.854;4.3;34.0;GER;01:34.962;4.6;36.0;CAN;01:37.996;4.5;36.0;CRO;01:37.333;4.4;36.0;HUN;01:38.877;4.5;34.0
455;PAR;01:41.028;4.3;34.0;GER;01:36.036;4.6;35.0;CAN;01:39.079;4.5;36.0;CRO;01:38.436;4.4;36.0;HUN;01:40.020;4.5;34.0
460;PAR;01:42.236;4.3;34.0;GER;01:37.067;4.6;35.0;CAN;01:40.264;4.5;36.0;CRO;01:39.508;4.4;36.0;HUN;01:41.035;4.5;34.0
465;PAR;01:43.320;4.3;34.0;GER;01:38.208;4.6;35.0;CAN;01:41.346;4.5;35.0;CRO;01:40.697;4.4;36.0;HUN;01:42.230;4.5;34.0
470;PAR;01:44.495;4.3;34.0;GER;01:39.187;4.6;35.0;CAN;01:42.456;4.4;35.0;CRO;01:41.821;4.4;36.0;HUN;01:43.262;4.5;33.0
475;PAR;01:45.688;4.3;34.0;GER;01:40.294;4.7;35.0;CAN;01:43.629;4.4;35.0;CRO;01:42.848;4.5;37.0;HUN;01:44.392;4.5;33.0
480;PAR;01:46.752;4.4;34.0;GER;01:41.423;4.7;35.0;CAN;01:44.692;4.4;35.0;CRO;01:44.028;4.5;37.0;HUN;01:45.532;4.6;33.0
485;PAR;01:47.946;4.4;34.0;GER;01:42.383;4.7;35.0;CAN;01:45.812;4.5;35.0;CRO;01:45.145;4.5;37.0;HUN;01:46.535;4.6;33.0
490;PAR;01:49.132;4.4;34.0;GER;01:43.554;4.6;35.0;CAN;01:46.978;4.5;35.0;CRO;01:46.157;4.5;37.0;HUN;01:47.736;4.6;33.0
495;PAR;01:50.180;4.4;34.0;GER;01:44.660;4.6;35.0;CAN;01:48.028;4.5;35.0;CRO;01:47.322;4.5;37.0;HUN;01:48.809;4.5;33.0
500;PAR;01:51.396;4.4;34.0;GER;01:45.660;4.6;35.0;CAN;01:49.160;4.5;35.0;CRO;01:48.447;4.5;37.0;HUN;01:49.920;4.5;33.0
505;PAR;01:52.591;4.4;34.0;GER;01:46.844;4.6;35.0;CAN;01:50.320;4.5;35.0;CRO;01:49.454;4.6;37.0;HUN;01:51.104;4.5;33.0
510;PAR;01:53.658;4.3;34.0;GER;01:47.913;4.6;35.0;CAN;01:51.356;4.5;35.0;CRO;01:50.594;4.6;37.0;HUN;01:52.115;4.4;33.0
515;PAR;01:54.886;4.3;34.0;GER;01:48.963;4.6;35.0;CAN;01:52.508;4.5;35.0;CRO;01:51.728;4.6;37.0;HUN;01:53.318;4.4;33.0
520;PAR;01:56.102;4.3;34.0;GER;01:50.137;4.6;35.0;CAN;01:53.663;4.5;35.0;CRO;01:52.762;4.6;37.0;HUN;01:54.425;4.4;33.0
525;PAR;01:57.179;4.3;34.0;GER;01:51.121;4.6;35.0;CAN;01:54.689;4.5;35.0;CRO;01:53.872;4.6;37.0;HUN;01:55.500;4.5;33.0
530;PAR;01:58.417;4.3;34.0;GER;01:52.268;4.6;35.0;CAN;01:55.871;4.5;35.0;CRO;01:55.023;4.6;38.0;HUN;01:56.699;4.5;33.0
535;PAR;01:59.635;4.2;34.0;GER;01:53.407;4.6;35.0;CAN;01:57.033;4.5;35.0;CRO;01:56.082;4.5;38.0;HUN;01:57.712;4.5;33.0
540;PAR;02:00.746;4.2;34.0;GER;01:54.379;4.6;35.0;CAN;01:58.067;4.4;35.0;CRO;01:57.172;4.5;38.0;HUN;01:58.925;4.4;33.0
545;PAR;02:01.955;4.2;34.0;GER;01:55.534;4.6;35.0;CAN;01:59.279;4.4;35.0;CRO;01:58.357;4.5;38.0;HUN;02:00.074;4.4;33.0
550;PAR;02:03.183;4.2;34.0;GER;01:56.646;4.6;35.0;CAN;02:00.450;4.4;35.0;CRO;01:59.488;4.5;38.0;HUN;02:01.123;4.4;33.0
555;PAR;02:04.285;4.2;34.0;GER;01:57.634;4.6;35.0;CAN;02:01.504;4.4;35.0;CRO;02:00.554;4.4;37.0;HUN;02:02.345;4.4;33.0
560;PAR;02:05.480;4.3;34.0;GER;01:58.820;4.6;35.0;CAN;02:02.739;4.3;35.0;CRO;02:01.767;4.4;37.0;HUN;02:03.420;4.4;33.0
565;PAR;02:06.707;4.3;34.0;GER;01:59.899;4.6;35.0;CAN;02:03.894;4.3;35.0;CRO;02:02.920;4.4;36.0;HUN;02:04.577;4.4;33.0
570;PAR;02:07.833;4.3;34.0;GER;02:00.936;4.6;35.0;CAN;02:04.944;4.4;35.0;CRO;02:03.978;4.4;36.0;HUN;02:05.779;4.4;33.0
575;PAR;02:09.007;4.3;34.0;GER;02:02.124;4.6;36.0;CAN;02:06.173;4.4;35.0;CRO;02:05.202;4.4;36.0;HUN;02:06.794;4.4;33.0
580;PAR;02:10.232;4.3;34.0;GER;02:03.212;4.5;36.0;CAN;02:07.347;4.4;35.0;CRO;02:06.381;4.4;36.0;HUN;02:08.036;4.4;33.0
585;PAR;02:11.346;4.3;34.0;GER;02:04.264;4.5;36.0;CAN;02:08.404;4.3;35.0;CRO;02:07.436;4.3;36.0;HUN;02:09.194;4.4;33.0
590;PAR;02:12.544;4.3;34.0;GER;02:05.462;4.5;36.0;CAN;02:09.640;4.3;35.0;CRO;02:08.662;4.3;36.0;HUN;02:10.266;4.4;33.0
595;PAR;02:13.784;4.3;34.0;GER;02:06.514;4.5;36.0;CAN;02:10.809;4.3;35.0;CRO;02:09.851;4.3;36.0;HUN;02:11.484;4.4;33.0
600;PAR;02:14.872;4.2;34.0;GER;02:07.629;4.5;35.0;CAN;02:11.877;4.3;35.0;CRO;02:10.916;4.3;35.0;HUN;02:12.532;4.4;33.0
605;PAR;02:16.125;4.2;33.0;GER;02:08.822;4.5;35.0;CAN;02:13.111;4.3;35.0;CRO;02:12.131;4.3;35.0;HUN;02:13.717;4.4;32.0
610;PAR;02:17.362;4.2;33.0;GER;02:09.866;4.5;35.0;CAN;02:14.285;4.3;35.0;CRO;02:13.332;4.3;35.0;HUN;02:14.893;4.4;32.0
615;PAR;02:18.469;4.2;33.0;GER;02:11.017;4.5;35.0;CAN;02:15.351;4.3;35.0;CRO;02:14.411;4.3;35.0;HUN;02:15.924;4.4;32.0
620;PAR;02:19.711;4.2;33.0;GER;02:12.210;4.4;35.0;CAN;02:16.584;4.3;35.0;CRO;02:15.589;4.3;35.0;HUN;02:17.150;4.4;32.0
625;PAR;02:20.959;4.2;33.0;GER;02:13.240;4.4;35.0;CAN;02:17.742;4.3;34.0;CRO;02:16.792;4.3;35.0;HUN;02:18.227;4.4;32.0
630;PAR;02:22.081;4.2;33.0;GER;02:14.423;4.4;35.0;CAN;02:18.812;4.3;34.0;CRO;02:17.892;4.3;35.0;HUN;02:19.415;4.4;32.0
635;PAR;02:23.339;4.1;33.0;GER;02:15.612;4.4;35.0;CAN;02:20.039;4.4;34.0;CRO;02:19.021;4.4;35.0;HUN;02:20.598;4.4;32.0
640;PAR;02:24.576;4.1;33.0;GER;02:16.619;4.4;35.0;CAN;02:21.191;4.4;34.0;CRO;02:20.230;4.4;36.0;HUN;02:21.624;4.4;32.0
645;PAR;02:25.709;4.1;33.0;GER;02:17.844;4.4;35.0;CAN;02:22.285;4.3;34.0;CRO;02:21.361;4.4;36.0;HUN;02:22.867;4.4;32.0
650;PAR;02:26.911;4.1;33.0;GER;02:19.021;4.4;34.0;CAN;02:23.516;4.3;34.0;CRO;02:22.467;4.3;36.0;HUN;02:23.993;4.3;32.0
655;PAR;02:28.163;4.2;34.0;GER;02:20.043;4.4;34.0;CAN;02:24.654;4.3;34.0;CRO;02:23.693;4.3;36.0;HUN;02:25.137;4.3;32.0
660;PAR;02:29.292;4.2;34.0;GER;02:21.272;4.4;34.0;CAN;02:25.749;4.3;34.0;CRO;02:24.853;4.3;36.0;HUN;02:26.333;4.4;32.0
665;PAR;02:30.522;4.2;34.0;GER;02:22.412;4.4;34.0;CAN;02:26.961;4.3;34.0;CRO;02:25.928;4.3;36.0;HUN;02:27.355;4.3;32.0
670;PAR;02:31.783;4.1;33.0;GER;02:23.444;4.4;34.0;CAN;02:28.079;4.4;34.0;CRO;02:27.159;4.3;36.0;HUN;02:28.577;4.4;32.0
675;PAR;02:32.924;4.1;33.0;GER;02:24.663;4.4;34.0;CAN;02:29.178;4.4;34.0;CRO;02:28.333;4.3;36.0;HUN;02:29.729;4.4;32.0
680;PAR;02:34.180;4.1;33.0;GER;02:25.776;4.4;34.0;CAN;02:30.388;4.4;35.0;CRO;02:29.387;4.3;36.0;HUN;02:30.829;4.4;32.0
685;PAR;02:35.415;4.1;33.0;GER;02:26.851;4.4;34.0;CAN;02:31.492;4.4;35.0;CRO;02:30.621;4.3;36.0;HUN;02:32.005;4.4;32.0
690;PAR;02:36.540;4.1;33.0;GER;02:28.069;4.4;34.0;CAN;02:32.624;4.4;35.0;CRO;02:31.805;4.3;35.0;HUN;02:33.045;4.4;32.0
695;PAR;02:37.740;4.2;33.0;GER;02:29.142;4.4;34.0;CAN;02:33.828;4.4;34.0;CRO;02:32.863;4.3;35.0;HUN;02:34.227;4.4;32.0
700;PAR;02:38.988;4.2;33.0;GER;02:30.264;4.4;34.0;CAN;02:34.913;4.4;34.0;CRO;02:34.082;4.3;35.0;HUN;02:35.393;4.4;32.0
705;PAR;02:40.094;4.2;33.0;GER;02:31.455;4.4;34.0;CAN;02:36.075;4.4;34.0;CRO;02:35.273;4.3;35.0;HUN;02:36.415;4.4;32.0
710;PAR;02:41.341;4.2;33.0;GER;02:32.477;4.4;34.0;CAN;02:37.272;4.4;34.0;CRO;02:36.320;4.3;35.0;HUN;02:37.631;4.4;32.0
715;PAR;02:42.554;4.2;33.0;GER;02:33.661;4.4;34.0;CAN;02:38.334;4.4;34.0;CRO;02:37.526;4.3;35.0;HUN;02:38.695;4.4;32.0
720;PAR;02:43.638;4.2;33.0;GER;02:34.832;4.4;34.0;CAN;02:39.530;4.4;34.0;CRO;02:38.721;4.4;35.0;HUN;02:39.827;4.4;32.0
725;PAR;02:44.870;4.2;33.0;GER;02:35.833;4.4;34.0;CAN;02:40.717;4.4;34.0;CRO;02:39.808;4.4;35.0;HUN;02:41.001;4.5;32.0
730;PAR;02:46.090;4.3;33.0;GER;02:37.056;4.4;34.0;CAN;02:41.760;4.4;34.0;CRO;02:40.966;4.4;35.0;HUN;02:42.001;4.5;32.0
735;PAR;02:47.167;4.3;33.0;GER;02:38.206;4.4;34.0;CAN;02:42.978;4.4;34.0;CRO;02:42.166;4.3;35.0;HUN;02:43.217;4.5;32.0
740;PAR;02:48.414;4.3;33.0;GER;02:39.238;4.4;34.0;CAN;02:44.154;4.4;34.0;CRO;02:43.266;4.4;35.0;HUN;02:44.326;4.5;33.0
745;PAR;02:49.633;4.3;33.0;GER;02:40.461;4.4;34.0;CAN;02:45.204;4.4;34.0;CRO;02:44.390;4.4;36.0;HUN;02:45.410;4.5;33.0
750;PAR;02:50.714;4.2;33.0;GER;02:41.569;4.4;34.0;CAN;02:46.435;4.4;34.0;CRO;02:45.608;4.4;36.0;HUN;02:46.616;4.4;33.0
755;PAR;02:51.965;4.2;34.0;GER;02:42.637;4.4;34.0;CAN;02:47.601;4.3;34.0;CRO;02:46.752;4.4;36.0;HUN;02:47.654;4.4;33.0
760;PAR;02:53.190;4.2;34.0;GER;02:43.836;4.5;34.0;CAN;02:48.656;4.3;34.0;CRO;02:47.851;4.3;36.0;HUN;02:48.868;4.4;33.0
765;PAR;02:54.288;4.2;34.0;GER;02:44.896;4.5;34.0;CAN;02:49.887;4.4;34.0;CRO;02:49.078;4.3;36.0;HUN;02:50.038;4.4;33.0
770;PAR;02:55.552;4.2;34.0;GER;02:46.047;4.5;34.0;CAN;02:51.056;4.4;34.0;CRO;02:50.240;4.3;36.0;HUN;02:51.080;4.4;33.0
775;PAR;02:56.789;4.2;34.0;GER;02:47.236;4.4;34.0;CAN;02:52.128;4.3;34.0;CRO;02:51.307;4.3;36.0;HUN;02:52.292;4.4;33.0
780;PAR;02:57.879;4.1;34.0;GER;02:48.263;4.4;34.0;CAN;02:53.368;4.3;34.0;CRO;02:52.530;4.3;36.0;HUN;02:53.372;4.4;33.0
785;PAR;02:59.145;4.2;34.0;GER;02:49.464;4.4;34.0;CAN;02:54.491;4.3;34.0;CRO;02:53.703;4.3;36.0;HUN;02:54.517;4.4;33.0
790;PAR;03:00.406;4.2;34.0;GER;02:50.650;4.4;34.0;CAN;02:55.573;4.3;34.0;CRO;02:54.750;4.4;36.0;HUN;02:55.712;4.4;33.0
795;PAR;03:01.528;4.1;34.0;GER;02:51.657;4.4;34.0;CAN;02:56.798;4.4;34.0;CRO;02:55.966;4.4;36.0;HUN;02:56.727;4.4;33.0
800;PAR;03:02.806;4.1;34.0;GER;02:52.876;4.4;34.0;CAN;02:57.922;4.4;34.0;CRO;02:57.146;4.4;36.0;HUN;02:57.970;4.4;33.0
805;PAR;03:04.082;4.1;34.0;GER;02:54.036;4.4;34.0;CAN;02:59.029;4.4;34.0;CRO;02:58.200;4.4;36.0;HUN;02:59.101;4.4;33.0
810;PAR;03:05.264;4.1;34.0;GER;02:55.056;4.4;34.0;CAN;03:00.234;4.4;34.0;CRO;02:59.412;4.3;36.0;HUN;03:00.162;4.4;33.0
815;PAR;03:06.454;4.1;33.0;GER;02:56.274;4.4;34.0;CAN;03:01.322;4.4;34.0;CRO;03:00.602;4.3;36.0;HUN;03:01.372;4.4;33.0
820;PAR;03:07.729;4.1;33.0;GER;02:57.396;4.4;34.0;CAN;03:02.466;4.4;34.0;CRO;03:01.672;4.3;35.0;HUN;03:02.422;4.4;33.0
825;PAR;03:08.917;4.1;33.0;GER;02:58.429;4.4;34.0;CAN;03:03.673;4.4;34.0;CRO;03:02.859;4.3;35.0;HUN;03:03.622;4.4;33.0
830;PAR;03:10.110;4.1;33.0;GER;02:59.637;4.5;35.0;CAN;03:04.761;4.4;34.0;CRO;03:04.047;4.4;35.0;HUN;03:04.779;4.4;33.0
835;PAR;03:11.405;4.1;33.0;GER;03:00.740;4.5;35.0;CAN;03:05.932;4.3;34.0;CRO;03:05.141;4.4;36.0;HUN;03:05.800;4.4;33.0
840;PAR;03:12.590;4.1;33.0;GER;03:01.816;4.4;35.0;CAN;03:07.127;4.3;34.0;CRO;03:06.278;4.4;36.0;HUN;03:07.040;4.4;33.0
845;PAR;03:13.797;4.1;33.0;GER;03:03.019;4.4;35.0;CAN;03:08.174;4.3;34.0;CRO;03:07.481;4.4;36.0;HUN;03:08.213;4.4;33.0
850;PAR;03:15.085;4.1;32.0;GER;03:04.088;4.4;35.0;CAN;03:09.383;4.4;34.0;CRO;03:08.594;4.4;36.0;HUN;03:09.241;4.4;33.0
855;PAR;03:16.254;4.1;32.0;GER;03:05.199;4.4;35.0;CAN;03:10.539;4.4;34.0;CRO;03:09.703;4.4;36.0;HUN;03:10.456;4.4;33.0
860;PAR;03:17.474;4.1;32.0;GER;03:06.393;4.4;35.0;CAN;03:11.582;4.4;34.0;CRO;03:10.915;4.4;36.0;HUN;03:11.547;4.4;33.0
865;PAR;03:18.756;4.1;32.0;GER;03:07.442;4.4;35.0;CAN;03:12.802;4.4;34.0;CRO;03:12.022;4.4;35.0;HUN;03:12.663;4.4;33.0
870;PAR;03:19.928;4.1;33.0;GER;03:08.592;4.4;35.0;CAN;03:13.935;4.4;34.0;CRO;03:13.108;4.4;35.0;HUN;03:13.858;4.4;33.0
875;PAR;03:21.153;4.1;33.0;GER;03:09.786;4.4;35.0;CAN;03:15.024;4.4;34.0;CRO;03:14.314;4.4;36.0;HUN;03:14.875;4.4;33.0
880;PAR;03:22.437;4.1;32.0;GER;03:10.804;4.4;35.0;CAN;03:16.248;4.4;34.0;CRO;03:15.442;4.4;36.0;HUN;03:16.089;4.4;33.0
885;PAR;03:23.596;4.1;32.0;GER;03:11.992;4.4;35.0;CAN;03:17.331;4.3;34.0;CRO;03:16.502;4.4;36.0;HUN;03:17.233;4.4;33.0
890;PAR;03:24.858;4.1;32.0;GER;03:13.164;4.4;35.0;CAN;03:18.503;4.3;34.0;CRO;03:17.706;4.4;36.0;HUN;03:18.280;4.4;33.0
895;PAR;03:26.150;4.1;32.0;GER;03:14.173;4.4;35.0;CAN;03:19.730;4.3;34.0;CRO;03:18.859;4.4;36.0;HUN;03:19.488;4.4;33.0
900;PAR;03:27.324;4.0;32.0;GER;03:15.416;4.4;34.0;CAN;03:20.828;4.3;34.0;CRO;03:19.907;4.4;36.0;HUN;03:20.537;4.4;33.0
905;PAR;03:28.620;4.0;32.0;GER;03:16.550;4.4;34.0;CAN;03:22.016;4.3;34.0;CRO;03:21.111;4.4;36.0;HUN;03:21.704;4.4;33.0
910;PAR;03:29.887;4.0;32.0;GER;03:17.567;4.4;34.0;CAN;03:23.231;4.3;34.0;CRO;03:22.286;4.4;36.0;HUN;03:22.877;4.4;33.0
915;PAR;03:31.064;4.0;32.0;GER;03:18.790;4.4;34.0;CAN;03:24.306;4.3;34.0;CRO;03:23.345;4.4;36.0;HUN;03:23.905;4.4;33.0
920;PAR;03:32.315;4.0;32.0;GER;03:19.894;4.4;34.0;CAN;03:25.514;4.3;34.0;CRO;03:24.509;4.4;36.0;HUN;03:25.106;4.4;33.0
925;PAR;03:33.618;4.0;32.0;GER;03:21.003;4.4;34.0;CAN;03:26.713;4.3;34.0;CRO;03:25.694;4.4;36.0;HUN;03:26.194;4.4;33.0
930;PAR;03:34.826;4.0;32.0;GER;03:22.172;4.5;34.0;CAN;03:27.769;4.3;33.0;CRO;03:26.753;4.4;36.0;HUN;03:27.302;4.4;33.0
935;PAR;03:36.086;4.0;32.0;GER;03:23.240;4.4;34.0;CAN;03:29.020;4.3;33.0;CRO;03:27.898;4.4;36.0;HUN;03:28.491;4.4;33.0
940;PAR;03:37.388;4.0;32.0;GER;03:24.398;4.4;34.0;CAN;03:30.165;4.3;33.0;CRO;03:29.084;4.4;36.0;HUN;03:29.492;4.4;33.0
945;PAR;03:38.603;4.0;32.0;GER;03:25.558;4.4;34.0;CAN;03:31.266;4.3;33.0;CRO;03:30.149;4.4;36.0;HUN;03:30.703;4.5;33.0
950;PAR;03:39.826;4.0;32.0;GER;03:26.584;4.4;34.0;CAN;03:32.491;4.3;33.0;CRO;03:31.330;4.4;35.0;HUN;03:31.815;4.4;33.0
955;PAR;03:41.132;4.0;32.0;GER;03:27.753;4.4;34.0;CAN;03:33.605;4.3;33.0;CRO;03:32.496;4.4;35.0;HUN;03:32.899;4.4;33.0
960;PAR;03:42.336;4.0;32.0;GER;03:28.912;4.5;34.0;CAN;03:34.744;4.4;33.0;CRO;03:33.574;4.4;35.0;HUN;03:34.102;4.4;33.0
965;PAR;03:43.563;4.0;32.0;GER;03:29.908;4.5;34.0;CAN;03:35.951;4.4;33.0;CRO;03:34.722;4.4;35.0;HUN;03:35.106;4.4;33.0
970;PAR;03:44.863;4.0;32.0;GER;03:31.110;4.5;34.0;CAN;03:36.999;4.3;33.0;CRO;03:35.922;4.4;35.0;HUN;03:36.309;4.5;33.0
975;PAR;03:46.054;4.0;32.0;GER;03:32.230;4.5;34.0;CAN;03:38.212;4.4;33.0;CRO;03:37.006;4.4;35.0;HUN;03:37.433;4.5;33.0
980;PAR;03:47.322;4.0;32.0;GER;03:33.258;4.5;34.0;CAN;03:39.395;4.4;33.0;CRO;03:38.148;4.4;35.0;HUN;03:38.476;4.5;33.0
985;PAR;03:48.599;4.0;32.0;GER;03:34.462;4.5;34.0;CAN;03:40.445;4.4;33.0;CRO;03:39.346;4.4;35.0;HUN;03:39.683;4.5;33.0
990;PAR;03:49.722;4.0;32.0;GER;03:35.506;4.5;34.0;CAN;03:41.678;4.4;33.0;CRO;03:40.425;4.4;35.0;HUN;03:40.713;4.4;33.0
995;PAR;03:51.003;4.1;32.0;GER;03:36.639;4.5;34.0;CAN;03:42.835;4.3;33.0;CRO;03:41.563;4.4;35.0;HUN;03:41.911;4.4;33.0
1000;PAR;03:52.282;4.1;32.0;GER;03:37.848;4.5;34.0;CAN;03:43.902;4.3;33.0;CRO;03:42.754;4.4;35.0;HUN;03:43.076;4.4;33.0
1005;PAR;03:53.419;4.1;32.0;GER;03:38.877;4.4;34.0;CAN;03:45.122;4.4;33.0;CRO;03:43.845;4.4;35.0;HUN;03:44.139;4.4;32.0
1010;PAR;03:54.681;4.1;32.0;GER;03:40.083;4.4;34.0;CAN;03:46.233;4.4;33.0;CRO;03:44.962;4.4;35.0;HUN;03:45.330;4.4;32.0
1015;PAR;03:55.960;4.1;32.0;GER;03:41.277;4.4;34.0;CAN;03:47.389;4.4;33.0;CRO;03:46.154;4.4;35.0;HUN;03:46.380;4.4;32.0
1020;PAR;03:57.078;4.1;32.0;GER;03:42.284;4.4;34.0;CAN;03:48.568;4.4;33.0;CRO;03:47.246;4.4;35.0;HUN;03:47.556;4.4;32.0
1025;PAR;03:58.332;4.1;32.0;GER;03:43.479;4.4;34.0;CAN;03:49.626;4.4;33.0;CRO;03:48.370;4.4;35.0;HUN;03:48.710;4.4;32.0
1030;PAR;03:59.606;4.1;33.0;GER;03:44.618;4.5;34.0;CAN;03:50.847;4.4;33.0;CRO;03:49.576;4.4;35.0;HUN;03:49.740;4.4;32.0
1035;PAR;04:00.765;4.1;33.0;GER;03:45.623;4.5;34.0;CAN;03:52.035;4.3;33.0;CRO;03:50.680;4.4;35.0;HUN;03:50.967;4.5;32.0
1040;PAR;04:02.010;4.1;33.0;GER;03:46.831;4.5;34.0;CAN;03:53.092;4.3;33.0;CRO;03:51.799;4.4;35.0;HUN;03:52.027;4.4;32.0
1045;PAR;04:03.284;4.1;33.0;GER;03:47.926;4.5;34.0;CAN;03:54.329;4.3;33.0;CRO;03:53.015;4.4;35.0;HUN;03:53.163;4.4;32.0
1050;PAR;04:04.460;4.1;33.0;GER;03:48.972;4.5;34.0;CAN;03:55.486;4.3;33.0;CRO;03:54.142;4.4;35.0;HUN;03:54.338;4.4;32.0
1055;PAR;04:05.676;4.1;33.0;GER;03:50.167;4.5;34.0;CAN;03:56.548;4.3;33.0;CRO;03:55.224;4.4;35.0;HUN;03:55.347;4.4;32.0
1060;PAR;04:06.958;4.1;33.0;GER;03:51.224;4.5;34.0;CAN;03:57.779;4.4;33.0;CRO;03:56.435;4.4;35.0;HUN;03:56.572;4.4;33.0
1065;PAR;04:08.143;4.1;33.0;GER;03:52.336;4.5;34.0;CAN;03:58.907;4.4;33.0;CRO;03:57.563;4.4;35.0;HUN;03:57.697;4.4;33.0
1070;PAR;04:09.347;4.1;33.0;GER;03:53.517;4.5;35.0;CAN;04:00.003;4.4;33.0;CRO;03:58.647;4.4;35.0;HUN;03:58.799;4.4;33.0
1075;PAR;04:10.619;4.1;33.0;GER;03:54.537;4.5;35.0;CAN;04:01.223;4.4;34.0;CRO;03:59.862;4.4;35.0;HUN;03:59.958;4.4;33.0
1080;PAR;04:11.738;4.1;33.0;GER;03:55.704;4.5;35.0;CAN;04:02.334;4.4;34.0;CRO;04:01.001;4.4;35.0;HUN;04:00.977;4.4;33.0
1085;PAR;04:12.968;4.1;33.0;GER;03:56.872;4.5;35.0;CAN;04:03.472;4.3;34.0;CRO;04:02.077;4.4;35.0;HUN;04:02.164;4.5;33.0
1090;PAR;04:14.234;4.2;33.0;GER;03:57.874;4.5;35.0;CAN;04:04.679;4.3;34.0;CRO;04:03.288;4.4;35.0;HUN;04:03.316;4.5;33.0
1095;PAR;04:15.420;4.1;33.0;GER;03:59.067;4.5;35.0;CAN;04:05.751;4.3;34.0;CRO;04:04.418;4.4;35.0;HUN;04:04.340;4.5;33.0
1100;PAR;04:16.578;4.1;33.0;GER;04:00.221;4.5;35.0;CAN;04:06.941;4.4;34.0;CRO;04:05.498;4.4;35.0;HUN;04:05.551;4.5;33.0
1105;PAR;04:17.852;4.1;33.0;GER;04:01.225;4.5;35.0;CAN;04:08.135;4.4;34.0;CRO;04:06.712;4.4;35.0;HUN;04:06.631;4.4;33.0
1110;PAR;04:19.073;4.1;33.0;GER;04:02.440;4.5;35.0;CAN;04:09.189;4.3;34.0;CRO;04:07.856;4.4;35.0;HUN;04:07.748;4.4;33.0
1115;PAR;04:20.254;4.1;33.0;GER;04:03.573;4.5;35.0;CAN;04:10.419;4.3;34.0;CRO;04:08.934;4.4;35.0;HUN;04:08.941;4.4;33.0
1120;PAR;04:21.580;4.0;33.0;GER;04:04.608;4.4;35.0;CAN;04:11.617;4.3;34.0;CRO;04:10.180;4.3;35.0;HUN;04:09.967;4.4;33.0
1125;PAR;04:22.871;4.0;33.0;GER;04:05.827;4.4;35.0;CAN;04:12.688;4.3;34.0;CRO;04:11.346;4.3;35.0;HUN;04:11.189;4.4;33.0
1130;PAR;04:24.023;3.9;33.0;GER;04:06.918;4.4;34.0;CAN;04:13.936;4.3;34.0;CRO;04:12.436;4.3;35.0;HUN;04:12.348;4.4;33.0
1135;PAR;04:25.372;3.9;33.0;GER;04:08.035;4.4;34.0;CAN;04:15.148;4.3;34.0;CRO;04:13.677;4.3;35.0;HUN;04:13.443;4.4;33.0
1140;PAR;04:26.675;3.9;33.0;GER;04:09.257;4.4;34.0;CAN;04:16.223;4.2;34.0;CRO;04:14.890;4.3;35.0;HUN;04:14.622;4.4;33.0
1145;PAR;04:27.826;3.9;33.0;GER;04:10.313;4.4;34.0;CAN;04:17.481;4.2;34.0;CRO;04:15.978;4.3;35.0;HUN;04:15.692;4.4;33.0
1150;PAR;04:29.169;3.9;32.0;GER;04:11.521;4.4;34.0;CAN;04:18.681;4.2;34.0;CRO;04:17.188;4.3;35.0;HUN;04:16.853;4.4;33.0
1155;PAR;04:30.486;3.9;32.0;GER;04:12.715;4.3;34.0;CAN;04:19.742;4.3;34.0;CRO;04:18.415;4.3;35.0;HUN;04:18.039;4.4;33.0
1160;PAR;04:31.688;3.9;32.0;GER;04:13.765;4.3;34.0;CAN;04:20.974;4.3;34.0;CRO;04:19.554;4.3;35.0;HUN;04:19.071;4.4;33.0
1165;PAR;04:32.969;3.9;32.0;GER;04:15.016;4.3;34.0;CAN;04:22.158;4.3;34.0;CRO;04:20.706;4.2;35.0;HUN;04:20.298;4.4;33.0
1170;PAR;04:34.286;3.9;32.0;GER;04:16.214;4.3;34.0;CAN;04:23.223;4.3;34.0;CRO;04:21.951;4.2;35.0;HUN;04:21.443;4.4;33.0
1175;PAR;04:35.535;3.9;33.0;GER;04:17.285;4.3;34.0;CAN;04:24.478;4.3;34.0;CRO;04:23.101;4.3;35.0;HUN;04:22.537;4.4;33.0
1180;PAR;04:36.701;4.0;33.0;GER;04:18.538;4.2;34.0;CAN;04:25.683;4.3;34.0;CRO;04:24.226;4.3;35.0;HUN;04:23.770;4.4;33.0
1185;PAR;04:38.015;4.0;33.0;GER;04:19.776;4.2;34.0;CAN;04:26.766;4.2;34.0;CRO;04:25.475;4.3;35.0;HUN;04:24.847;4.3;33.0
1190;PAR;04:39.280;4.0;33.0;GER;04:20.821;4.2;34.0;CAN;04:28.024;4.2;34.0;CRO;04:26.663;4.3;35.0;HUN;04:26.030;4.3;33.0
1195;PAR;04:40.397;4.0;34.0;GER;04:22.060;4.3;34.0;CAN;04:29.228;4.2;34.0;CRO;04:27.741;4.3;35.0;HUN;04:27.239;4.3;33.0
1200;PAR;04:41.693;4.1;34.0;GER;04:23.275;4.3;34.0;CAN;04:30.314;4.2;34.0;CRO;04:28.994;4.3;35.0;HUN;04:28.275;4.3;33.0
1205;PAR;04:42.945;4.1;34.0;GER;04:24.321;4.3;34.0;CAN;04:31.587;4.2;34.0;CRO;04:30.196;4.3;35.0;HUN;04:29.517;4.3;33.0
1210;PAR;04:44.090;4.1;34.0;GER;04:25.553;4.3;34.0;CAN;04:32.785;4.2;34.0;CRO;04:31.280;4.3;35.0;HUN;04:30.667;4.3;33.0
1215;PAR;04:45.330;4.1;34.0;GER;04:26.756;4.3;34.0;CAN;04:33.866;4.2;34.0;CRO;04:32.495;4.3;35.0;HUN;04:31.740;4.3;33.0
1220;PAR;04:46.604;4.1;34.0;GER;04:27.796;4.3;34.0;CAN;04:35.122;4.2;34.0;CRO;04:33.712;4.3;35.0;HUN;04:32.970;4.4;33.0
1225;PAR;04:47.810;4.1;34.0;GER;04:29.072;4.3;34.0;CAN;04:36.334;4.2;34.0;CRO;04:34.820;4.3;35.0;HUN;04:34.048;4.4;33.0
1230;PAR;04:48.984;4.1;34.0;GER;04:30.257;4.3;34.0;CAN;04:37.418;4.2;34.0;CRO;04:35.992;4.3;35.0;HUN;04:35.223;4.4;33.0
1235;PAR;04:50.279;4.1;34.0;GER;04:31.291;4.3;34.0;CAN;04:38.679;4.2;34.0;CRO;04:37.218;4.3;35.0;HUN;04:36.432;4.4;33.0
1240;PAR;04:51.504;4.1;34.0;GER;04:32.546;4.3;34.0;CAN;04:39.894;4.2;34.0;CRO;04:38.370;4.3;35.0;HUN;04:37.462;4.3;33.0
1245;PAR;04:52.626;4.1;34.0;GER;04:33.680;4.4;34.0;CAN;04:40.969;4.2;34.0;CRO;04:39.480;4.3;35.0;HUN;04:38.690;4.3;33.0
1250;PAR;04:53.921;4.1;34.0;GER;04:34.736;4.4;34.0;CAN;04:42.217;4.2;34.0;CRO;04:40.713;4.3;35.0;HUN;04:39.854;4.4;33.0
1255;PAR;04:55.181;4.1;34.0;GER;04:35.978;4.4;34.0;CAN;04:43.426;4.3;34.0;CRO;04:41.873;4.3;35.0;HUN;04:40.911;4.4;33.0
1260;PAR;04:56.318;4.1;34.0;GER;04:37.100;4.4;34.0;CAN;04:44.498;4.3;34.0;CRO;04:42.942;4.3;36.0;HUN;04:42.142;4.4;33.0
1265;PAR;04:57.650;4.0;34.0;GER;04:38.188;4.4;34.0;CAN;04:45.729;4.3;34.0;CRO;04:44.133;4.4;36.0;HUN;04:43.239;4.4;33.0
1270;PAR;04:58.955;4.0;33.0;GER;04:39.415;4.4;34.0;CAN;04:46.924;4.3;34.0;CRO;04:45.285;4.4;36.0;HUN;04:44.391;4.4;33.0
1275;PAR;05:00.095;3.9;33.0;GER;04:40.511;4.4;34.0;CAN;04:47.986;4.3;34.0;CRO;04:46.321;4.4;36.0;HUN;04:45.601;4.4;33.0
1280;PAR;05:01.413;3.9;33.0;GER;04:41.642;4.4;34.0;CAN;04:49.202;4.3;35.0;CRO;04:47.508;4.4;36.0;HUN;04:46.627;4.3;33.0
1285;PAR;05:02.699;4.0;33.0;GER;04:42.860;4.4;34.0;CAN;04:50.398;4.3;35.0;CRO;04:48.670;4.4;36.0;HUN;04:47.856;4.4;33.0
1290;PAR;05:03.860;4.0;33.0;GER;04:43.914;4.4;34.0;CAN;04:51.479;4.3;35.0;CRO;04:49.717;4.4;36.0;HUN;04:49.015;4.4;33.0
1295;PAR;05:05.150;4.0;33.0;GER;04:45.097;4.4;34.0;CAN;04:52.677;4.3;35.0;CRO;04:50.880;4.4;36.0;HUN;04:50.057;4.4;33.0
1300;PAR;05:06.421;4.0;33.0;GER;04:46.278;4.4;34.0;CAN;04:53.872;4.3;35.0;CRO;04:52.051;4.4;36.0;HUN;04:51.273;4.4;33.0
1305;PAR;05:07.613;4.0;33.0;GER;04:47.301;4.4;34.0;CAN;04:54.916;4.3;35.0;CRO;04:53.112;4.4;36.0;HUN;04:52.335;4.4;33.0
1310;PAR;05:08.830;4.0;33.0;GER;04:48.502;4.4;34.0;CAN;04:56.128;4.4;35.0;CRO;04:54.254;4.4;36.0;HUN;04:53.475;4.4;33.0
1315;PAR;05:10.133;4.0;33.0;GER;04:49.672;4.4;34.0;CAN;04:57.300;4.4;34.0;CRO;04:55.437;4.4;36.0;HUN;04:54.656;4.4;33.0
1320;PAR;05:11.361;4.0;33.0;GER;04:50.685;4.4;34.0;CAN;04:58.342;4.4;34.0;CRO;04:56.513;4.4;36.0;HUN;04:55.655;4.5;33.0
1325;PAR;05:12.504;4.1;33.0;GER;04:51.894;4.4;34.0;CAN;04:59.566;4.4;34.0;CRO;04:57.644;4.4;36.0;HUN;04:56.862;4.5;33.0
1330;PAR;05:13.802;4.1;34.0;GER;04:53.009;4.4;34.0;CAN;05:00.715;4.4;34.0;CRO;04:58.834;4.4;36.0;HUN;04:57.982;4.5;33.0
1335;PAR;05:15.031;4.1;34.0;GER;04:54.043;4.5;34.0;CAN;05:01.793;4.4;34.0;CRO;04:59.903;4.4;36.0;HUN;04:59.033;4.5;33.0
1340;PAR;05:16.135;4.1;33.0;GER;04:55.244;4.5;34.0;CAN;05:03.031;4.4;34.0;CRO;05:01.045;4.4;35.0;HUN;05:00.221;4.5;33.0
1345;PAR;05:17.419;4.1;33.0;GER;04:56.295;4.5;34.0;CAN;05:04.238;4.3;34.0;CRO;05:02.225;4.4;35.0;HUN;05:01.239;4.5;33.0
1350;PAR;05:18.650;4.2;33.0;GER;04:57.417;4.5;34.0;CAN;05:05.313;4.3;34.0;CRO;05:03.273;4.4;35.0;HUN;05:02.432;4.5;33.0
1355;PAR;05:19.760;4.1;33.0;GER;04:58.600;4.5;34.0;CAN;05:06.554;4.2;35.0;CRO;05:04.431;4.4;35.0;HUN;05:03.576;4.5;33.0
1360;PAR;05:21.049;4.1;33.0;GER;04:59.590;4.5;34.0;CAN;05:07.719;4.3;35.0;CRO;05:05.601;4.4;35.0;HUN;05:04.592;4.5;33.0
1365;PAR;05:22.279;4.1;33.0;GER;05:00.802;4.5;34.0;CAN;05:08.793;4.3;35.0;CRO;05:06.624;4.4;35.0;HUN;05:05.801;4.5;33.0
1370;PAR;05:23.398;4.1;33.0;GER;05:01.970;4.5;34.0;CAN;05:10.005;4.3;35.0;CRO;05:07.806;4.5;35.0;HUN;05:06.866;4.5;33.0
1375;PAR;05:24.693;4.1;33.0;GER;05:02.989;4.4;34.0;CAN;05:11.196;4.3;35.0;CRO;05:08.968;4.5;35.0;HUN;05:07.984;4.5;33.0
1380;PAR;05:25.949;4.1;33.0;GER;05:04.227;4.4;34.0;CAN;05:12.257;4.3;35.0;CRO;05:09.994;4.4;35.0;HUN;05:09.157;4.5;33.0
1385;PAR;05:27.071;4.1;33.0;GER;05:05.336;4.4;34.0;CAN;05:13.467;4.3;35.0;CRO;05:11.192;4.4;35.0;HUN;05:10.163;4.5;33.0
1390;PAR;05:28.366;4.1;33.0;GER;05:06.415;4.4;34.0;CAN;05:14.642;4.3;35.0;CRO;05:12.361;4.4;35.0;HUN;05:11.377;4.5;33.0
1395;PAR;05:29.638;4.1;34.0;GER;05:07.642;4.4;34.0;CAN;05:15.691;4.4;35.0;CRO;05:13.394;4.4;35.0;HUN;05:12.476;4.4;33.0
1400;PAR;05:30.810;4.1;34.0;GER;05:08.703;4.4;34.0;CAN;05:16.901;4.4;35.0;CRO;05:14.583;4.4;35.0;HUN;05:13.539;4.5;33.0
1405;PAR;05:32.067;4.0;34.0;GER;05:09.846;4.4;34.0;CAN;05:18.061;4.4;35.0;CRO;05:15.751;4.4;35.0;HUN;05:14.725;4.5;33.0
1410;PAR;05:33.370;4.0;34.0;GER;05:11.043;4.4;34.0;CAN;05:19.102;4.4;35.0;CRO;05:16.784;4.4;35.0;HUN;05:15.766;4.5;33.0
1415;PAR;05:34.601;4.0;34.0;GER;05:12.066;4.4;34.0;CAN;05:20.310;4.4;35.0;CRO;05:17.982;4.4;35.0;HUN;05:16.917;4.5;33.0
1420;PAR;05:35.787;4.0;34.0;GER;05:13.235;4.4;34.0;CAN;05:21.457;4.4;35.0;CRO;05:19.155;4.4;35.0;HUN;05:18.077;4.5;33.0
1425;PAR;05:37.113;4.0;34.0;GER;05:14.398;4.5;34.0;CAN;05:22.515;4.4;35.0;CRO;05:20.192;4.4;35.0;HUN;05:19.073;4.5;33.0
1430;PAR;05:38.361;4.0;34.0;GER;05:15.396;4.5;34.0;CAN;05:23.728;4.4;35.0;CRO;05:21.421;4.4;35.0;HUN;05:20.275;4.5;33.0
1435;PAR;05:39.510;4.0;34.0;GER;05:16.628;4.5;34.0;CAN;05:24.854;4.4;35.0;CRO;05:22.577;4.4;35.0;HUN;05:21.378;4.5;33.0
1440;PAR;05:40.818;4.0;34.0;GER;05:17.775;4.4;34.0;CAN;05:25.911;4.4;35.0;CRO;05:23.612;4.4;35.0;HUN;05:22.463;4.5;33.0
1445;PAR;05:42.082;4.1;34.0;GER;05:18.818;4.4;34.0;CAN;05:27.116;4.4;35.0;CRO;05:24.820;4.4;35.0;HUN;05:23.664;4.5;33.0
1450;PAR;05:43.201;4.1;33.0;GER;05:20.050;4.4;34.0;CAN;05:28.248;4.4;35.0;CRO;05:25.995;4.4;35.0;HUN;05:24.675;4.4;33.0
1455;PAR;05:44.524;4.1;33.0;GER;05:21.163;4.4;34.0;CAN;05:29.365;4.4;35.0;CRO;05:27.032;4.4;35.0;HUN;05:25.880;4.4;33.0
1460;PAR;05:45.791;4.1;33.0;GER;05:22.287;4.4;34.0;CAN;05:30.572;4.4;35.0;CRO;05:28.200;4.4;35.0;HUN;05:27.051;4.4;33.0
1465;PAR;05:46.967;4.0;33.0;GER;05:23.500;4.4;34.0;CAN;05:31.703;4.3;35.0;CRO;05:29.345;4.4;35.0;HUN;05:28.069;4.4;33.0
1470;PAR;05:48.218;4.0;33.0;GER;05:24.584;4.3;34.0;CAN;05:32.820;4.3;35.0;CRO;05:30.376;4.5;35.0;HUN;05:29.307;4.4;33.0
1475;PAR;05:49.520;4.0;33.0;GER;05:25.746;4.3;34.0;CAN;05:34.034;4.3;35.0;CRO;05:31.561;4.5;36.0;HUN;05:30.454;4.4;33.0
1480;PAR;05:50.746;4.0;33.0;GER;05:26.973;4.3;34.0;CAN;05:35.168;4.3;35.0;CRO;05:32.717;4.5;36.0;HUN;05:31.546;4.4;33.0
1485;PAR;05:51.930;4.0;33.0;GER;05:28.034;4.3;34.0;CAN;05:36.271;4.4;35.0;CRO;05:33.790;4.4;36.0;HUN;05:32.782;4.3;33.0
1490;PAR;05:53.240;4.0;33.0;GER;05:29.239;4.3;34.0;CAN;05:37.489;4.4;35.0;CRO;05:34.934;4.4;36.0;HUN;05:33.876;4.3;33.0
1495;PAR;05:54.496;4.0;33.0;GER;05:30.457;4.3;34.0;CAN;05:38.639;4.3;35.0;CRO;05:36.135;4.4;36.0;HUN;05:35.026;4.3;33.0
1500;PAR;05:55.640;4.0;33.0;GER;05:31.505;4.3;34.0;CAN;05:39.720;4.3;35.0;CRO;05:37.264;4.4;36.0;HUN;05:36.252;4.4;33.0
1505;PAR;05:56.961;4.0;33.0;GER;05:32.731;4.3;34.0;CAN;05:40.940;4.3;35.0;CRO;05:38.381;4.3;36.0;HUN;05:37.319;4.3;33.0
1510;PAR;05:58.246;4.0;33.0;GER;05:33.949;4.3;34.0;CAN;05:42.098;4.4;35.0;CRO;05:39.626;4.3;36.0;HUN;05:38.537;4.3;33.0
1515;PAR;05:59.412;4.0;34.0;GER;05:34.987;4.3;34.0;CAN;05:43.170;4.3;35.0;CRO;05:40.818;4.3;36.0;HUN;05:39.752;4.3;33.0
1520;PAR;06:00.742;4.0;34.0;GER;05:36.245;4.3;34.0;CAN;05:44.391;4.3;35.0;CRO;05:41.890;4.3;36.0;HUN;05:40.793;4.3;33.0
1525;PAR;06:02.017;4.0;34.0;GER;05:37.437;4.3;34.0;CAN;05:45.550;4.3;35.0;CRO;05:43.118;4.3;36.0;HUN;05:42.050;4.3;33.0
1530;PAR;06:03.283;3.9;34.0;GER;05:38.485;4.3;34.0;CAN;05:46.595;4.4;35.0;CRO;05:44.323;4.3;36.0;HUN;05:43.246;4.3;33.0
1535;PAR;06:04.477;3.9;34.0;GER;05:39.754;4.3;34.0;CAN;05:47.812;4.4;35.0;CRO;05:45.415;4.3;36.0;HUN;05:44.308;4.3;33.0
1540;PAR;06:05.824;3.9;34.0;GER;05:40.938;4.3;34.0;CAN;05:48.970;4.4;35.0;CRO;05:46.621;4.3;36.0;HUN;05:45.567;4.3;33.0
1545;PAR;06:07.150;3.9;34.0;GER;05:42.015;4.3;33.0;CAN;05:50.017;4.4;35.0;CRO;05:47.848;4.3;36.0;HUN;05:46.743;4.3;33.0
1550;PAR;06:08.346;3.9;34.0;GER;05:43.279;4.3;33.0;CAN;05:51.238;4.4;35.0;CRO;05:48.998;4.3;36.0;HUN;05:47.819;4.3;33.0
1555;PAR;06:09.666;3.9;34.0;GER;05:44.434;4.3;33.0;CAN;05:52.399;4.4;35.0;CRO;05:50.126;4.3;36.0;HUN;05:49.076;4.3;33.0
1560;PAR;06:10.997;3.9;33.0;GER;05:45.529;4.3;33.0;CAN;05:53.460;4.4;35.0;CRO;05:51.380;4.2;36.0;HUN;05:50.222;4.3;33.0
1565;PAR;06:12.246;3.9;33.0;GER;05:46.785;4.3;33.0;CAN;05:54.675;4.4;35.0;CRO;05:52.570;4.2;36.0;HUN;05:51.335;4.3;33.0
1570;PAR;06:13.427;3.9;33.0;GER;05:47.895;4.3;33.0;CAN;05:55.839;4.4;35.0;CRO;05:53.660;4.2;36.0;HUN;05:52.573;4.3;33.0
1575;PAR;06:14.771;3.9;33.0;GER;05:49.024;4.3;34.0;CAN;05:56.889;4.4;35.0;CRO;05:54.928;4.2;35.0;HUN;05:53.680;4.3;33.0
1580;PAR;06:16.073;3.9;33.0;GER;05:50.265;4.3;34.0;CAN;05:58.111;4.4;35.0;CRO;05:56.137;4.2;35.0;HUN;05:54.848;4.3;33.0
1585;PAR;06:17.229;3.9;33.0;GER;05:51.375;4.3;34.0;CAN;05:59.259;4.4;35.0;CRO;05:57.224;4.2;35.0;HUN;05:56.076;4.3;33.0
1590;PAR;06:18.571;3.9;33.0;GER;05:52.491;4.3;34.0;CAN;06:00.300;4.4;35.0;CRO;05:58.461;4.2;35.0;HUN;05:57.148;4.3;33.0
1595;PAR;06:19.890;3.9;33.0;GER;05:53.714;4.4;34.0;CAN;06:01.496;4.4;35.0;CRO;05:59.696;4.2;35.0;HUN;05:58.353;4.3;33.0
1600;PAR;06:21.125;3.9;33.0;GER;05:54.809;4.4;34.0;CAN;06:02.648;4.4;35.0;CRO;06:00.840;4.2;35.0;HUN;05:59.565;4.3;33.0
1605;PAR;06:22.345;3.9;33.0;GER;05:55.943;4.4;34.0;CAN;06:03.688;4.4;36.0;CRO;06:01.973;4.2;35.0;HUN;06:00.599;4.3;33.0
1610;PAR;06:23.675;3.9;33.0;GER;05:57.164;4.4;34.0;CAN;06:04.872;4.4;36.0;CRO;06:03.204;4.3;35.0;HUN;06:01.855;4.3;33.0
1615;PAR;06:24.949;4.0;33.0;GER;05:58.247;4.3;34.0;CAN;06:06.031;4.4;36.0;CRO;06:04.364;4.3;35.0;HUN;06:03.051;4.3;33.0
1620;PAR;06:26.134;3.9;33.0;GER;05:59.392;4.4;34.0;CAN;06:07.067;4.4;36.0;CRO;06:05.441;4.3;36.0;HUN;06:04.129;4.3;33.0
1625;PAR;06:27.466;4.0;33.0;GER;06:00.607;4.4;34.0;CAN;06:08.234;4.4;36.0;CRO;06:06.676;4.3;36.0;HUN;06:05.375;4.3;33.0
1630;PAR;06:28.773;3.9;33.0;GER;06:01.665;4.4;34.0;CAN;06:09.391;4.5;36.0;CRO;06:07.857;4.3;36.0;HUN;06:06.551;4.3;33.0
1635;PAR;06:29.944;3.9;33.0;GER;06:02.831;4.4;34.0;CAN;06:10.428;4.5;36.0;CRO;06:08.915;4.3;36.0;HUN;06:07.620;4.3;33.0
1640;PAR;06:31.283;3.9;33.0;GER;06:04.035;4.4;34.0;CAN;06:11.578;4.5;36.0;CRO;06:10.114;4.3;36.0;HUN;06:08.863;4.3;33.0
1645;PAR;06:32.597;3.9;33.0;GER;06:05.064;4.4;34.0;CAN;06:12.729;4.5;36.0;CRO;06:11.302;4.4;36.0;HUN;06:10.001;4.3;33.0
1650;PAR;06:33.814;3.9;33.0;GER;06:06.262;4.4;34.0;CAN;06:13.786;4.5;36.0;CRO;06:12.392;4.4;36.0;HUN;06:11.091;4.3;34.0
1655;PAR;06:35.065;3.9;33.0;GER;06:07.452;4.4;34.0;CAN;06:14.904;4.5;36.0;CRO;06:13.536;4.4;36.0;HUN;06:12.312;4.4;34.0
1660;PAR;06:36.402;3.9;33.0;GER;06:08.477;4.4;34.0;CAN;06:16.052;4.5;36.0;CRO;06:14.744;4.4;36.0;HUN;06:13.396;4.4;34.0
1665;PAR;06:37.682;3.9;33.0;GER;06:09.682;4.4;34.0;CAN;06:17.098;4.5;36.0;CRO;06:15.878;4.4;36.0;HUN;06:14.531;4.4;34.0
1670;PAR;06:38.873;3.9;33.0;GER;06:10.865;4.4;34.0;CAN;06:18.201;4.5;36.0;CRO;06:16.959;4.4;36.0;HUN;06:15.736;4.4;34.0
1675;PAR;06:40.216;3.9;33.0;GER;06:11.884;4.4;35.0;CAN;06:19.338;4.6;36.0;CRO;06:18.160;4.4;36.0;HUN;06:16.773;4.4;34.0
1680;PAR;06:41.508;3.9;33.0;GER;06:13.094;4.4;35.0;CAN;06:20.370;4.6;36.0;CRO;06:19.294;4.4;36.0;HUN;06:17.948;4.4;34.0
1685;PAR;06:42.646;3.9;33.0;GER;06:14.251;4.4;35.0;CAN;06:21.480;4.6;36.0;CRO;06:20.339;4.4;36.0;HUN;06:19.114;4.4;34.0
1690;PAR;06:43.970;4.0;33.0;GER;06:15.268;4.4;35.0;CAN;06:22.617;4.6;36.0;CRO;06:21.546;4.4;36.0;HUN;06:20.127;4.4;34.0
1695;PAR;06:45.257;4.0;33.0;GER;06:16.486;4.4;35.0;CAN;06:23.630;4.6;36.0;CRO;06:22.701;4.4;36.0;HUN;06:21.317;4.5;34.0
1700;PAR;06:46.404;4.0;33.0;GER;06:17.615;4.4;35.0;CAN;06:24.778;4.6;36.0;CRO;06:23.749;4.4;36.0;HUN;06:22.461;4.5;34.0
1705;PAR;06:47.698;4.0;33.0;GER;06:18.645;4.4;35.0;CAN;06:25.913;4.6;36.0;CRO;06:24.937;4.4;36.0;HUN;06:23.462;4.5;35.0
1710;PAR;06:48.988;4.0;33.0;GER;06:19.861;4.5;35.0;CAN;06:26.941;4.6;36.0;CRO;06:26.109;4.4;36.0;HUN;06:24.664;4.5;35.0
1715;PAR;06:50.124;4.0;33.0;GER;06:20.980;4.5;35.0;CAN;06:28.073;4.6;36.0;CRO;06:27.172;4.4;36.0;HUN;06:25.812;4.5;35.0
1720;PAR;06:51.375;4.1;33.0;GER;06:22.051;4.4;35.0;CAN;06:29.203;4.6;36.0;CRO;06:28.321;4.4;36.0;HUN;06:26.849;4.5;35.0
1725;PAR;06:52.639;4.1;33.0;GER;06:23.270;4.4;35.0;CAN;06:30.209;4.6;36.0;CRO;06:29.506;4.4;36.0;HUN;06:28.069;4.4;35.0
1730;PAR;06:53.808;4.1;33.0;GER;06:24.378;4.4;35.0;CAN;06:31.357;4.6;36.0;CRO;06:30.597;4.4;36.0;HUN;06:29.170;4.4;35.0
1735;PAR;06:55.032;4.1;33.0;GER;06:25.476;4.4;35.0;CAN;06:32.505;4.6;37.0;CRO;06:31.701;4.4;36.0;HUN;06:30.243;4.4;34.0
1740;PAR;06:56.330;4.1;33.0;GER;06:26.700;4.4;35.0;CAN;06:33.545;4.6;37.0;CRO;06:32.890;4.4;36.0;HUN;06:31.446;4.4;34.0
1745;PAR;06:57.567;4.0;33.0;GER;06:27.750;4.4;35.0;CAN;06:34.648;4.5;37.0;CRO;06:33.989;4.4;36.0;HUN;06:32.526;4.4;34.0
1750;PAR;06:58.834;4.0;33.0;GER;06:28.907;4.4;35.0;CAN;06:35.784;4.6;37.0;CRO;06:35.066;4.4;36.0;HUN;06:33.644;4.4;34.0
1755;PAR;07:00.159;3.9;33.0;GER;06:30.117;4.4;35.0;CAN;06:36.814;4.6;37.0;CRO;06:36.251;4.4;36.0;HUN;06:34.832;4.4;34.0
1760;PAR;07:01.462;3.9;33.0;GER;06:31.184;4.4;35.0;CAN;06:37.919;4.6;37.0;CRO;06:37.355;4.5;36.0;HUN;06:35.865;4.4;34.0
1765;PAR;07:02.617;3.9;33.0;GER;06:32.320;4.4;35.0;CAN;06:39.056;4.6;37.0;CRO;06:38.425;4.5;36.0;HUN;06:37.047;4.4;34.0
1770;PAR;07:03.968;3.9;33.0;GER;06:33.516;4.4;35.0;CAN;06:40.091;4.6;37.0;CRO;06:39.553;4.5;37.0;HUN;06:38.220;4.4;34.0
1775;PAR;07:05.231;4.0;33.0;GER;06:34.558;4.4;35.0;CAN;06:41.196;4.6;37.0;CRO;06:40.667;4.5;37.0;HUN;06:39.229;4.4;34.0
1780;PAR;07:06.436;4.0;34.0;GER;06:35.709;4.4;35.0;CAN;06:42.325;4.6;37.0;CRO;06:41.655;4.6;37.0;HUN;06:40.396;4.4;34.0
1785;PAR;07:07.642;4.0;34.0;GER;06:36.882;4.4;35.0;CAN;06:43.350;4.6;37.0;CRO;06:42.789;4.6;38.0;HUN;06:41.534;4.5;35.0
1790;PAR;07:08.958;4.0;35.0;GER;06:37.893;4.5;35.0;CAN;06:44.454;4.6;36.0;CRO;06:43.897;4.6;38.0;HUN;06:42.520;4.6;35.0
1795;PAR;07:10.235;4.0;35.0;GER;06:39.051;4.5;35.0;CAN;06:45.567;4.6;36.0;CRO;06:44.918;4.7;38.0;HUN;06:43.691;4.6;36.0
1800;PAR;07:11.406;4.0;35.0;GER;06:40.203;4.5;35.0;CAN;06:46.559;4.6;36.0;CRO;06:45.996;4.7;39.0;HUN;06:44.840;4.6;36.0
1805;PAR;07:12.666;4.0;35.0;GER;06:41.205;4.5;35.0;CAN;06:47.693;4.7;36.0;CRO;06:47.129;4.6;39.0;HUN;06:45.837;4.6;36.0
1810;PAR;07:13.954;4.0;35.0;GER;06:42.370;4.5;36.0;CAN;06:48.812;4.7;36.0;CRO;06:48.197;4.6;39.0;HUN;06:46.992;4.5;36.0
1815;PAR;07:15.180;4.1;35.0;GER;06:43.517;4.5;36.0;CAN;06:49.795;4.6;36.0;CRO;06:49.203;4.6;39.0;HUN;06:48.135;4.6;36.0
1820;PAR;07:16.320;4.1;35.0;GER;06:44.516;4.5;36.0;CAN;06:50.956;4.6;36.0;CRO;06:50.343;4.6;39.0;HUN;06:49.150;4.6;36.0
1825;PAR;07:17.583;4.1;35.0;GER;06:45.668;4.6;36.0;CAN;06:52.075;4.6;36.0;CRO;06:51.434;4.7;39.0;HUN;06:50.306;4.5;36.0
1830;PAR;07:18.830;4.1;35.0;GER;06:46.820;4.6;36.0;CAN;06:53.098;4.6;36.0;CRO;06:52.413;4.7;39.0;HUN;06:51.460;4.5;36.0
1835;PAR;07:19.985;4.1;35.0;GER;06:47.813;4.6;36.0;CAN;06:54.276;4.5;36.0;CRO;06:53.563;4.6;39.0;HUN;06:52.456;4.5;36.0
1840;PAR;07:21.196;4.1;35.0;GER;06:48.990;4.6;36.0;CAN;06:55.399;4.5;36.0;CRO;06:54.679;4.6;39.0;HUN;06:53.570;4.5;36.0
1845;PAR;07:22.483;4.1;35.0;GER;06:50.106;4.6;36.0;CAN;06:56.399;4.5;36.0;CRO;06:55.674;4.6;39.0;HUN;06:54.701;4.6;36.0
1850;PAR;07:23.704;4.1;35.0;GER;06:51.123;4.6;36.0;CAN;06:57.571;4.6;36.0;CRO;06:56.806;4.6;39.0;HUN;06:55.704;4.7;37.0
1855;PAR;07:24.844;4.1;35.0;GER;06:52.239;4.6;37.0;CAN;06:58.670;4.6;36.0;CRO;06:57.942;4.6;39.0;HUN;06:56.801;4.7;37.0
1860;PAR;07:26.134;4.1;35.0;GER;06:53.388;4.6;37.0;CAN;06:59.671;4.6;37.0;CRO;06:59.016;4.6;39.0;HUN;06:57.892;4.7;38.0
1865;PAR;07:27.401;4.1;35.0;GER;06:54.417;4.6;37.0;CAN;07:00.826;4.6;37.0;CRO;07:00.068;4.6;39.0;HUN;06:58.929;4.7;38.0
1870;PAR;07:28.604;4.0;35.0;GER;06:55.507;4.6;37.0;CAN;07:01.957;4.6;37.0;CRO;07:01.240;4.6;39.0;HUN;06:59.969;4.7;38.0
1875;PAR;07:29.784;4.1;35.0;GER;06:56.674;4.6;37.0;CAN;07:03.008;4.6;38.0;CRO;07:02.361;4.5;39.0;HUN;07:01.115;4.6;38.0
1880;PAR;07:31.108;4.1;35.0;GER;06:57.739;4.6;37.0;CAN;07:04.108;4.6;38.0;CRO;07:03.371;4.5;39.0;HUN;07:02.177;4.7;38.0
1885;PAR;07:32.403;4.0;35.0;GER;06:58.818;4.5;37.0;CAN;07:05.255;4.5;38.0;CRO;07:04.537;4.5;38.0;HUN;07:03.186;4.7;38.0
1890;PAR;07:33.559;3.9;35.0;GER;07:00.003;4.5;37.0;CAN;07:06.310;4.5;38.0;CRO;07:05.681;4.5;38.0;HUN;07:04.354;4.6;38.0
1895;PAR;07:34.872;3.9;35.0;GER;07:01.086;4.5;37.0;CAN;07:07.372;4.6;38.0;CRO;07:06.729;4.5;38.0;HUN;07:05.457;4.6;38.0
1900;PAR;07:36.195;3.9;35.0;GER;07:02.138;4.5;37.0;CAN;07:08.522;4.6;38.0;CRO;07:07.840;4.5;38.0;HUN;07:06.473;4.6;38.0
1905;PAR;07:37.464;3.9;35.0;GER;07:03.328;4.5;37.0;CAN;07:09.607;4.6;38.0;CRO;07:08.997;4.5;38.0;HUN;07:07.652;4.5;38.0
1910;PAR;07:38.602;4.0;35.0;GER;07:04.427;4.5;37.0;CAN;07:10.601;4.6;38.0;CRO;07:10.092;4.5;38.0;HUN;07:08.787;4.5;38.0
1915;PAR;07:39.916;4.0;35.0;GER;07:05.471;4.5;37.0;CAN;07:11.756;4.6;38.0;CRO;07:11.149;4.5;38.0;HUN;07:09.788;4.5;37.0
1920;PAR;07:41.198;4.0;35.0;GER;07:06.680;4.5;37.0;CAN;07:12.844;4.6;39.0;CRO;07:12.323;4.5;38.0;HUN;07:10.972;4.5;37.0
1925;PAR;07:42.371;4.0;35.0;GER;07:07.788;4.5;36.0;CAN;07:13.845;4.7;39.0;CRO;07:13.448;4.5;38.0;HUN;07:12.124;4.5;37.0
1930;PAR;07:43.605;4.1;35.0;GER;07:08.797;4.5;36.0;CAN;07:14.918;4.7;39.0;CRO;07:14.492;4.5;38.0;HUN;07:13.173;4.5;37.0
1935;PAR;07:44.915;4.0;35.0;GER;07:09.998;4.5;36.0;CAN;07:16.000;4.7;39.0;CRO;07:15.585;4.5;38.0;HUN;07:14.325;4.5;37.0
1940;PAR;07:46.182;4.0;35.0;GER;07:11.124;4.5;36.0;CAN;07:17.009;4.8;39.0;CRO;07:16.706;4.6;38.0;HUN;07:15.511;4.4;37.0
1945;PAR;07:47.323;4.0;34.0;GER;07:12.134;4.5;36.0;CAN;07:18.003;4.8;39.0;CRO;07:17.718;4.6;38.0;HUN;07:16.573;4.4;37.0
1950;PAR;07:48.630;4.0;34.0;GER;07:13.315;4.5;36.0;CAN;07:19.087;4.9;40.0;CRO;07:18.766;4.7;38.0;HUN;07:17.667;4.4;37.0
1955;PAR;07:49.898;4.0;34.0;GER;07:14.435;4.5;36.0;CAN;07:20.122;4.9;40.0;CRO;07:19.886;4.7;39.0;HUN;07:18.826;4.5;37.0
1960;PAR;07:51.053;4.1;34.0;GER;07:15.426;4.6;36.0;CAN;07:21.107;4.9;40.0;CRO;07:20.953;4.7;39.0;HUN;07:19.905;4.5;37.0
1965;PAR;07:52.329;4.1;34.0;GER;07:16.607;4.6;36.0;CAN;07:22.174;4.8;40.0;CRO;07:21.918;4.8;40.0;HUN;07:20.990;4.6;37.0
1970;PAR;07:53.631;4.0;34.0;GER;07:17.732;4.6;36.0;CAN;07:23.223;4.8;40.0;CRO;07:23.017;4.8;40.0;HUN;07:22.144;4.5;37.0
1975;PAR;07:54.874;4.0;34.0;GER;07:18.727;4.6;36.0;CAN;07:24.172;4.9;40.0;CRO;07:24.087;4.8;40.0;HUN;07:23.236;4.5;37.0
1980;PAR;07:56.071;4.0;34.0;GER;07:19.917;4.5;36.0;CAN;07:25.233;4.9;40.0;CRO;07:25.059;4.8;40.0;HUN;07:24.261;4.5;37.0
1985;PAR;07:57.394;4.0;34.0;GER;07:21.054;4.5;36.0;CAN;07:26.290;4.9;40.0;CRO;07:26.148;4.8;40.0;HUN;07:25.439;4.5;37.0
1990;PAR;07:58.665;4.0;34.0;GER;07:22.056;4.5;36.0;CAN;07:27.260;4.9;41.0;CRO;07:27.213;4.8;40.0;HUN;07:26.572;4.5;37.0
1995;PAR;07:59.793;4.0;34.0;GER;07:23.256;4.5;36.0;CAN;07:28.306;4.9;41.0;CRO;07:28.234;4.8;40.0;HUN;07:27.604;4.5;37.0
2000;PAR;08:01.108;4.0;34.0;GER;07:24.420;4.5;36.0;CAN;07:29.401;4.8;41.0;CRO;07:29.238;4.8;40.0;HUN;07:28.817;4.4;37.0
