Distance;ShortName1;Time1;Speed1;Stroke1;ShortName2;Time2;Speed2;Stroke2;ShortName3;Time3;Speed3;Stroke3;ShortName5;Time5;Speed5;Stroke5;ShortName6;Time6;Speed6;Stroke6;ShortName4;Time4;Speed4;Stroke4;
5;ITA;00:03.234;2.8;0.0;RSA;00:03.359;2.5;0.0;USA;00:03.237;2.6;0.0;AUS;00:03.507;2.5;0.0;CAN;00:03.283;2.5;0.0;FRA;00:02.950;2.9;0.0
10;ITA;00:04.662;3.2;37.0;RSA;00:04.916;2.9;34.0;USA;00:04.742;2.9;43.0;AUS;00:04.990;3.0;39.0;CAN;00:04.755;3.1;39.0;FRA;00:04.283;3.4;46.0
15;ITA;00:05.788;3.5;36.0;RSA;00:06.235;3.3;34.0;USA;00:05.925;3.4;43.0;AUS;00:06.268;3.4;39.0;CAN;00:06.004;3.5;40.0;FRA;00:05.459;3.7;46.0
20;ITA;00:06.892;4.0;37.0;RSA;00:07.385;3.8;35.0;USA;00:07.097;3.9;44.0;AUS;00:07.321;3.9;39.0;CAN;00:07.080;4.0;40.0;FRA;00:06.554;4.2;46.0
25;ITA;00:08.016;4.5;38.0;RSA;00:08.598;4.2;36.0;USA;00:08.141;4.4;45.0;AUS;00:08.442;4.3;39.0;CAN;00:08.061;4.4;41.0;FRA;00:07.502;4.5;46.0
30;ITA;00:09.014;4.8;39.0;RSA;00:09.714;4.4;36.0;USA;00:09.144;4.7;45.0;AUS;00:09.494;4.6;39.0;CAN;00:09.151;4.7;42.0;FRA;00:08.523;4.8;45.0
35;ITA;00:09.920;4.9;40.0;RSA;00:10.695;4.5;37.0;USA;00:10.091;4.8;46.0;AUS;00:10.495;4.8;39.0;CAN;00:10.189;4.9;43.0;FRA;00:09.524;5.0;45.0
40;ITA;00:10.921;5.1;41.0;RSA;00:11.835;4.6;37.0;USA;00:11.115;5.0;46.0;AUS;00:11.430;4.9;40.0;CAN;00:11.184;5.0;43.0;FRA;00:10.421;5.2;45.0
45;ITA;00:11.895;5.2;42.0;RSA;00:12.889;4.8;37.0;USA;00:12.139;5.1;46.0;AUS;00:12.445;5.1;41.0;CAN;00:12.093;5.0;44.0;FRA;00:11.367;5.2;44.0
50;ITA;00:12.803;5.3;43.0;RSA;00:13.836;4.8;37.0;USA;00:13.138;5.1;47.0;AUS;00:13.400;5.2;41.0;CAN;00:13.107;5.1;44.0;FRA;00:12.333;5.3;44.0
55;ITA;00:13.720;5.3;43.0;RSA;00:14.945;4.8;37.0;USA;00:14.090;5.1;47.0;AUS;00:14.301;5.2;41.0;CAN;00:14.100;5.1;44.0;FRA;00:13.207;5.4;44.0
60;ITA;00:14.701;5.4;44.0;RSA;00:15.959;4.9;37.0;USA;00:15.018;5.1;47.0;AUS;00:15.323;5.2;41.0;CAN;00:14.996;5.2;45.0;FRA;00:14.123;5.4;43.0
65;ITA;00:15.609;5.4;44.0;RSA;00:16.950;4.9;37.0;USA;00:16.023;5.1;47.0;AUS;00:16.281;5.3;41.0;CAN;00:15.950;5.2;45.0;FRA;00:15.095;5.4;43.0
70;ITA;00:16.521;5.4;44.0;RSA;00:18.035;4.9;37.0;USA;00:17.010;5.2;48.0;AUS;00:17.162;5.3;41.0;CAN;00:16.952;5.3;45.0;FRA;00:15.983;5.5;43.0
75;ITA;00:17.510;5.4;43.0;RSA;00:18.992;4.9;36.0;USA;00:17.957;5.2;48.0;AUS;00:18.181;5.3;41.0;CAN;00:17.912;5.3;45.0;FRA;00:16.890;5.4;43.0
80;ITA;00:18.412;5.4;43.0;RSA;00:20.060;4.9;36.0;USA;00:18.869;5.2;47.0;AUS;00:19.127;5.3;41.0;CAN;00:18.800;5.3;45.0;FRA;00:17.861;5.4;43.0
85;ITA;00:19.350;5.3;43.0;RSA;00:21.118;4.9;36.0;USA;00:19.885;5.2;47.0;AUS;00:20.032;5.3;41.0;CAN;00:19.801;5.3;45.0;FRA;00:18.729;5.4;43.0
90;ITA;00:20.341;5.3;42.0;RSA;00:22.054;4.9;36.0;USA;00:20.884;5.2;47.0;AUS;00:21.068;5.2;41.0;CAN;00:20.799;5.3;45.0;FRA;00:19.678;5.4;43.0
95;ITA;00:21.227;5.3;42.0;RSA;00:23.165;4.9;36.0;USA;00:21.812;5.1;47.0;AUS;00:22.019;5.2;41.0;CAN;00:21.721;5.2;45.0;FRA;00:20.656;5.4;42.0
100;ITA;00:22.210;5.3;42.0;RSA;00:24.185;4.9;36.0;USA;00:22.790;5.1;47.0;AUS;00:22.962;5.2;41.0;CAN;00:22.682;5.2;44.0;FRA;00:21.530;5.4;42.0
105;ITA;00:23.204;5.3;41.0;RSA;00:25.191;4.8;36.0;USA;00:23.829;5.1;46.0;AUS;00:24.016;5.1;41.0;CAN;00:23.706;5.2;44.0;FRA;00:22.509;5.3;42.0
110;ITA;00:24.086;5.3;41.0;RSA;00:26.294;4.8;36.0;USA;00:24.856;5.0;46.0;AUS;00:24.970;5.1;41.0;CAN;00:24.671;5.1;44.0;FRA;00:23.491;5.3;42.0
115;ITA;00:25.124;5.2;41.0;RSA;00:27.253;4.8;36.0;USA;00:25.848;5.0;46.0;AUS;00:25.944;5.0;41.0;CAN;00:25.594;5.1;44.0;FRA;00:24.361;5.3;42.0
120;ITA;00:26.088;5.2;40.0;RSA;00:28.348;4.8;36.0;USA;00:26.795;5.0;46.0;AUS;00:26.981;5.0;40.0;CAN;00:26.637;5.1;44.0;FRA;00:25.362;5.3;42.0
125;ITA;00:27.024;5.1;39.0;RSA;00:29.406;4.8;36.0;USA;00:27.844;5.0;46.0;AUS;00:27.908;5.1;40.0;CAN;00:27.634;5.1;43.0;FRA;00:26.332;5.3;42.0
130;ITA;00:28.066;5.1;39.0;RSA;00:30.379;4.8;36.0;USA;00:28.886;5.0;45.0;AUS;00:28.910;5.1;40.0;CAN;00:28.547;5.1;43.0;FRA;00:27.212;5.3;41.0
135;ITA;00:28.991;5.1;39.0;RSA;00:31.494;4.8;36.0;USA;00:29.864;5.0;45.0;AUS;00:29.958;5.1;40.0;CAN;00:29.593;5.1;42.0;FRA;00:28.244;5.2;41.0
140;ITA;00:30.003;5.1;39.0;RSA;00:32.497;4.8;36.0;USA;00:30.838;4.9;45.0;AUS;00:30.876;5.1;40.0;CAN;00:30.613;5.1;42.0;FRA;00:29.194;5.3;41.0
145;ITA;00:31.028;5.1;38.0;RSA;00:33.514;4.8;36.0;USA;00:31.901;4.9;44.0;AUS;00:31.903;5.0;40.0;CAN;00:31.537;5.0;42.0;FRA;00:30.093;5.2;41.0
150;ITA;00:31.942;5.1;38.0;RSA;00:34.597;4.8;36.0;USA;00:32.916;4.9;44.0;AUS;00:32.943;5.0;39.0;CAN;00:32.584;5.0;42.0;FRA;00:31.116;5.2;41.0
155;ITA;00:33.009;5.0;38.0;RSA;00:35.536;4.9;36.0;USA;00:33.848;4.9;43.0;AUS;00:33.855;5.0;39.0;CAN;00:33.629;5.0;41.0;FRA;00:32.066;5.2;41.0
160;ITA;00:34.007;5.0;38.0;RSA;00:36.635;4.9;36.0;USA;00:34.910;4.9;43.0;AUS;00:34.915;5.0;39.0;CAN;00:34.594;5.0;41.0;FRA;00:32.987;5.2;41.0
165;ITA;00:34.958;5.0;38.0;RSA;00:37.664;4.9;36.0;USA;00:35.961;5.0;43.0;AUS;00:35.942;5.0;39.0;CAN;00:35.636;4.9;41.0;FRA;00:34.019;5.2;41.0
170;ITA;00:36.020;5.0;38.0;RSA;00:38.639;4.9;36.0;USA;00:36.945;4.9;42.0;AUS;00:36.877;5.0;39.0;CAN;00:36.718;4.9;41.0;FRA;00:34.949;5.2;41.0
175;ITA;00:36.958;5.0;38.0;RSA;00:39.739;4.9;36.0;USA;00:37.946;4.9;42.0;AUS;00:37.932;5.0;39.0;CAN;00:37.717;4.9;40.0;FRA;00:35.927;5.1;41.0
180;ITA;00:38.001;5.0;37.0;RSA;00:40.702;4.9;36.0;USA;00:39.038;4.9;42.0;AUS;00:38.945;5.0;39.0;CAN;00:38.738;4.8;40.0;FRA;00:36.949;5.1;40.0
185;ITA;00:39.045;5.0;37.0;RSA;00:41.797;4.8;36.0;USA;00:40.069;4.9;42.0;AUS;00:39.877;5.0;39.0;CAN;00:39.846;4.8;40.0;FRA;00:37.874;5.1;40.0
190;ITA;00:39.983;5.0;37.0;RSA;00:42.874;4.8;36.0;USA;00:41.030;4.8;42.0;AUS;00:40.958;5.0;39.0;CAN;00:40.869;4.8;40.0;FRA;00:38.876;5.1;40.0
195;ITA;00:41.084;4.9;37.0;RSA;00:43.837;4.8;36.0;USA;00:42.131;4.8;41.0;AUS;00:41.973;5.0;39.0;CAN;00:41.856;4.8;40.0;FRA;00:39.910;5.1;40.0
200;ITA;00:42.082;4.9;37.0;RSA;00:44.971;4.8;35.0;USA;00:43.168;4.8;41.0;AUS;00:42.930;4.9;39.0;CAN;00:42.973;4.8;40.0;FRA;00:40.830;5.1;40.0
205;ITA;00:43.102;4.9;36.0;RSA;00:45.976;4.8;35.0;USA;00:44.156;4.8;40.0;AUS;00:44.021;4.9;39.0;CAN;00:44.032;4.8;40.0;FRA;00:41.866;5.0;40.0
210;ITA;00:44.177;4.8;36.0;RSA;00:47.026;4.8;35.0;USA;00:45.251;4.8;39.0;AUS;00:45.003;4.9;39.0;CAN;00:45.028;4.8;39.0;FRA;00:42.900;5.0;40.0
215;ITA;00:45.109;4.9;36.0;RSA;00:48.134;4.8;35.0;USA;00:46.304;4.8;39.0;AUS;00:46.006;4.9;38.0;CAN;00:46.141;4.7;39.0;FRA;00:43.819;5.0;40.0
220;ITA;00:46.203;4.9;36.0;RSA;00:49.098;4.8;35.0;USA;00:47.284;4.8;39.0;AUS;00:47.098;4.9;38.0;CAN;00:47.216;4.7;39.0;FRA;00:44.880;5.0;40.0
225;ITA;00:47.198;4.9;36.0;RSA;00:50.244;4.7;35.0;USA;00:48.399;4.8;38.0;AUS;00:48.061;4.9;38.0;CAN;00:48.211;4.7;39.0;FRA;00:45.913;5.0;39.0
230;ITA;00:48.197;4.9;36.0;RSA;00:51.304;4.7;35.0;USA;00:49.455;4.8;38.0;AUS;00:49.129;4.8;38.0;CAN;00:49.336;4.7;39.0;FRA;00:46.836;5.0;39.0
235;ITA;00:49.299;4.9;36.0;RSA;00:52.310;4.7;35.0;USA;00:50.448;4.8;38.0;AUS;00:50.210;4.8;38.0;CAN;00:50.425;4.7;39.0;FRA;00:47.917;4.9;39.0
240;ITA;00:50.270;4.9;36.0;RSA;00:53.456;4.7;35.0;USA;00:51.570;4.7;38.0;AUS;00:51.175;4.8;38.0;CAN;00:51.427;4.7;39.0;FRA;00:48.952;4.9;39.0
245;ITA;00:51.346;4.8;36.0;RSA;00:54.484;4.7;35.0;USA;00:52.633;4.7;38.0;AUS;00:52.278;4.8;37.0;CAN;00:52.500;4.7;39.0;FRA;00:49.895;4.9;39.0
250;ITA;00:52.434;4.8;36.0;RSA;00:55.576;4.6;35.0;USA;00:53.623;4.7;38.0;AUS;00:53.349;4.8;37.0;CAN;00:53.608;4.7;39.0;FRA;00:50.991;4.9;39.0
255;ITA;00:53.394;4.8;36.0;RSA;00:56.712;4.6;35.0;USA;00:54.754;4.7;38.0;AUS;00:54.300;4.8;37.0;CAN;00:54.637;4.7;39.0;FRA;00:52.023;4.9;39.0
260;ITA;00:54.514;4.8;36.0;RSA;00:57.706;4.6;35.0;USA;00:55.833;4.7;38.0;AUS;00:55.418;4.8;37.0;CAN;00:55.687;4.7;39.0;FRA;00:53.008;4.9;39.0
265;ITA;00:55.563;4.8;36.0;RSA;00:58.864;4.6;35.0;USA;00:56.826;4.7;38.0;AUS;00:56.470;4.8;37.0;CAN;00:56.828;4.7;39.0;FRA;00:54.107;4.8;39.0
270;ITA;00:56.572;4.8;36.0;RSA;00:59.975;4.6;35.0;USA;00:57.964;4.7;38.0;AUS;00:57.435;4.8;37.0;CAN;00:57.894;4.7;39.0;FRA;00:55.164;4.8;39.0
275;ITA;00:57.695;4.8;36.0;RSA;01:00.986;4.6;35.0;USA;00:59.041;4.7;38.0;AUS;00:58.567;4.8;37.0;CAN;00:58.907;4.6;39.0;FRA;00:56.124;4.8;39.0
280;ITA;00:58.669;4.8;36.0;RSA;01:02.158;4.6;35.0;USA;01:00.035;4.7;38.0;AUS;00:59.568;4.8;37.0;CAN;01:00.053;4.6;39.0;FRA;00:57.231;4.8;39.0
285;ITA;00:59.770;4.7;35.0;RSA;01:03.232;4.6;35.0;USA;01:01.169;4.7;38.0;AUS;01:00.603;4.8;37.0;CAN;01:01.151;4.6;39.0;FRA;00:58.288;4.8;38.0
290;ITA;01:00.856;4.7;35.0;RSA;01:04.303;4.6;35.0;USA;01:02.243;4.7;37.0;AUS;01:01.723;4.8;37.0;CAN;01:02.147;4.6;39.0;FRA;00:59.251;4.8;38.0
295;ITA;01:01.813;4.8;35.0;RSA;01:05.473;4.6;35.0;USA;01:03.248;4.7;37.0;AUS;01:02.730;4.8;37.0;CAN;01:03.292;4.6;39.0;FRA;01:00.375;4.8;38.0
300;ITA;01:02.932;4.8;35.0;RSA;01:06.504;4.5;35.0;USA;01:04.389;4.7;37.0;AUS;01:03.777;4.8;37.0;CAN;01:04.412;4.6;39.0;FRA;01:01.435;4.8;38.0
305;ITA;01:03.960;4.8;35.0;RSA;01:07.655;4.5;35.0;USA;01:05.473;4.6;37.0;AUS;01:04.889;4.7;37.0;CAN;01:05.435;4.6;38.0;FRA;01:02.407;4.8;38.0
310;ITA;01:04.981;4.8;35.0;RSA;01:08.810;4.5;35.0;USA;01:06.469;4.6;37.0;AUS;01:05.861;4.8;37.0;CAN;01:06.555;4.6;38.0;FRA;01:03.525;4.8;38.0
315;ITA;01:06.092;4.8;35.0;RSA;01:09.827;4.5;34.0;USA;01:07.611;4.6;37.0;AUS;01:06.959;4.8;37.0;CAN;01:07.705;4.6;38.0;FRA;01:04.570;4.8;38.0
320;ITA;01:07.060;4.8;36.0;RSA;01:11.028;4.5;34.0;USA;01:08.690;4.7;37.0;AUS;01:08.047;4.7;37.0;CAN;01:08.773;4.6;38.0;FRA;01:05.590;4.8;38.0
325;ITA;01:08.176;4.8;36.0;RSA;01:12.145;4.5;34.0;USA;01:09.703;4.7;37.0;AUS;01:09.028;4.7;37.0;CAN;01:09.851;4.5;38.0;FRA;01:06.686;4.8;38.0
330;ITA;01:09.261;4.7;36.0;RSA;01:13.206;4.5;34.0;USA;01:10.861;4.6;37.0;AUS;01:10.145;4.7;37.0;CAN;01:11.025;4.5;38.0;FRA;01:07.720;4.8;37.0
335;ITA;01:10.247;4.7;35.0;RSA;01:14.406;4.5;34.0;USA;01:11.959;4.6;37.0;AUS;01:11.241;4.7;37.0;CAN;01:12.122;4.5;38.0;FRA;01:08.746;4.8;37.0
340;ITA;01:11.391;4.7;35.0;RSA;01:15.486;4.4;34.0;USA;01:12.983;4.6;37.0;AUS;01:12.207;4.7;37.0;CAN;01:13.151;4.5;38.0;FRA;01:09.873;4.7;37.0
345;ITA;01:12.415;4.7;35.0;RSA;01:16.611;4.4;34.0;USA;01:14.149;4.6;37.0;AUS;01:13.334;4.7;37.0;CAN;01:14.315;4.5;38.0;FRA;01:10.900;4.7;37.0
350;ITA;01:13.477;4.7;35.0;RSA;01:17.791;4.4;34.0;USA;01:15.262;4.5;37.0;AUS;01:14.419;4.7;37.0;CAN;01:15.425;4.6;38.0;FRA;01:11.950;4.7;37.0
355;ITA;01:14.590;4.7;35.0;RSA;01:18.818;4.4;34.0;USA;01:16.267;4.6;37.0;AUS;01:15.390;4.7;37.0;CAN;01:16.439;4.6;38.0;FRA;01:13.077;4.7;37.0
360;ITA;01:15.558;4.7;35.0;RSA;01:20.008;4.4;34.0;USA;01:17.432;4.6;37.0;AUS;01:16.521;4.7;37.0;CAN;01:17.574;4.6;38.0;FRA;01:14.096;4.7;37.0
365;ITA;01:16.691;4.7;35.0;RSA;01:21.147;4.4;34.0;USA;01:18.540;4.6;37.0;AUS;01:17.592;4.7;37.0;CAN;01:18.687;4.6;38.0;FRA;01:15.154;4.7;37.0
370;ITA;01:17.763;4.7;35.0;RSA;01:22.210;4.4;34.0;USA;01:19.552;4.6;37.0;AUS;01:18.576;4.7;37.0;CAN;01:19.686;4.6;38.0;FRA;01:16.277;4.7;37.0
375;ITA;01:18.781;4.7;35.0;RSA;01:23.408;4.4;34.0;USA;01:20.708;4.6;37.0;AUS;01:19.729;4.7;37.0;CAN;01:20.826;4.6;38.0;FRA;01:17.286;4.7;37.0
380;ITA;01:19.930;4.7;35.0;RSA;01:24.496;4.4;34.0;USA;01:21.819;4.6;37.0;AUS;01:20.799;4.7;37.0;CAN;01:21.951;4.6;38.0;FRA;01:18.383;4.7;37.0
385;ITA;01:20.953;4.6;35.0;RSA;01:25.623;4.4;34.0;USA;01:22.836;4.6;37.0;AUS;01:21.801;4.7;37.0;CAN;01:22.967;4.6;38.0;FRA;01:19.510;4.6;37.0
390;ITA;01:22.053;4.6;35.0;RSA;01:26.826;4.4;34.0;USA;01:23.999;4.6;37.0;AUS;01:22.944;4.6;37.0;CAN;01:24.083;4.6;38.0;FRA;01:20.513;4.6;37.0
395;ITA;01:23.179;4.6;35.0;RSA;01:27.875;4.4;33.0;USA;01:25.123;4.6;37.0;AUS;01:23.990;4.7;37.0;CAN;01:25.216;4.6;38.0;FRA;01:21.637;4.6;37.0
400;ITA;01:24.171;4.6;35.0;RSA;01:29.068;4.4;33.0;USA;01:26.128;4.6;37.0;AUS;01:25.038;4.7;37.0;CAN;01:26.258;4.6;38.0;FRA;01:22.755;4.6;37.0
405;ITA;01:25.324;4.6;35.0;RSA;01:30.250;4.4;33.0;USA;01:27.276;4.6;37.0;AUS;01:26.143;4.7;37.0;CAN;01:27.333;4.6;38.0;FRA;01:23.752;4.6;36.0
410;ITA;01:26.412;4.6;35.0;RSA;01:31.285;4.4;33.0;USA;01:28.394;4.6;37.0;AUS;01:27.165;4.7;37.0;CAN;01:28.483;4.6;38.0;FRA;01:24.901;4.6;36.0
415;ITA;01:27.430;4.6;35.0;RSA;01:32.503;4.4;33.0;USA;01:29.398;4.6;37.0;AUS;01:28.213;4.7;37.0;CAN;01:29.564;4.6;38.0;FRA;01:26.019;4.6;36.0
420;ITA;01:28.574;4.6;35.0;RSA;01:33.650;4.4;33.0;USA;01:30.540;4.6;37.0;AUS;01:29.328;4.7;37.0;CAN;01:30.611;4.6;38.0;FRA;01:27.016;4.6;36.0
425;ITA;01:29.581;4.6;35.0;RSA;01:34.708;4.4;34.0;USA;01:31.662;4.6;37.0;AUS;01:30.305;4.7;37.0;CAN;01:31.785;4.5;38.0;FRA;01:28.174;4.6;36.0
430;ITA;01:30.691;4.6;35.0;RSA;01:35.914;4.4;34.0;USA;01:32.656;4.6;37.0;AUS;01:31.421;4.8;37.0;CAN;01:32.885;4.5;38.0;FRA;01:29.277;4.6;36.0
435;ITA;01:31.789;4.7;35.0;RSA;01:36.996;4.4;34.0;USA;01:33.816;4.6;37.0;AUS;01:32.495;4.8;37.0;CAN;01:33.899;4.6;38.0;FRA;01:30.272;4.6;36.0
440;ITA;01:32.775;4.7;34.0;RSA;01:38.104;4.4;34.0;USA;01:34.918;4.6;37.0;AUS;01:33.456;4.8;37.0;CAN;01:35.061;4.6;38.0;FRA;01:31.432;4.6;36.0
445;ITA;01:33.920;4.7;34.0;RSA;01:39.276;4.5;34.0;USA;01:35.929;4.6;37.0;AUS;01:34.591;4.7;37.0;CAN;01:36.180;4.6;38.0;FRA;01:32.507;4.6;36.0
450;ITA;01:34.931;4.7;34.0;RSA;01:40.298;4.5;34.0;USA;01:37.059;4.6;37.0;AUS;01:35.682;4.7;37.0;CAN;01:37.197;4.6;38.0;FRA;01:33.546;4.6;36.0
455;ITA;01:36.030;4.7;34.0;RSA;01:41.482;4.5;34.0;USA;01:38.188;4.6;37.0;AUS;01:36.658;4.7;37.0;CAN;01:38.354;4.6;38.0;FRA;01:34.690;4.6;36.0
460;ITA;01:37.138;4.7;34.0;RSA;01:42.620;4.5;34.0;USA;01:39.208;4.6;37.0;AUS;01:37.813;4.7;36.0;CAN;01:39.507;4.5;38.0;FRA;01:35.751;4.6;36.0
465;ITA;01:38.119;4.7;34.0;RSA;01:43.659;4.5;34.0;USA;01:40.337;4.6;37.0;AUS;01:38.887;4.7;36.0;CAN;01:40.570;4.5;38.0;FRA;01:36.804;4.6;36.0
470;ITA;01:39.259;4.7;34.0;RSA;01:44.863;4.5;34.0;USA;01:41.478;4.6;37.0;AUS;01:39.895;4.7;36.0;CAN;01:41.690;4.5;38.0;FRA;01:37.956;4.6;36.0
475;ITA;01:40.292;4.7;34.0;RSA;01:45.953;4.4;34.0;USA;01:42.496;4.6;37.0;AUS;01:41.055;4.6;36.0;CAN;01:42.869;4.4;38.0;FRA;01:38.988;4.6;36.0
480;ITA;01:41.333;4.7;34.0;RSA;01:47.063;4.4;34.0;USA;01:43.636;4.6;37.0;AUS;01:42.116;4.6;36.0;CAN;01:43.975;4.4;37.0;FRA;01:40.082;4.6;36.0
485;ITA;01:42.448;4.7;34.0;RSA;01:48.251;4.4;34.0;USA;01:44.783;4.5;37.0;AUS;01:43.149;4.6;36.0;CAN;01:45.036;4.4;37.0;FRA;01:41.221;4.6;36.0
490;ITA;01:43.413;4.7;35.0;RSA;01:49.300;4.4;34.0;USA;01:45.822;4.5;37.0;AUS;01:44.302;4.6;36.0;CAN;01:46.229;4.4;37.0;FRA;01:42.230;4.6;36.0
495;ITA;01:44.548;4.7;35.0;RSA;01:50.498;4.4;34.0;USA;01:46.947;4.5;37.0;AUS;01:45.325;4.6;36.0;CAN;01:47.364;4.4;37.0;FRA;01:43.365;4.6;36.0
500;ITA;01:45.610;4.7;35.0;RSA;01:51.677;4.4;33.0;USA;01:48.094;4.5;36.0;AUS;01:46.408;4.6;36.0;CAN;01:48.403;4.4;37.0;FRA;01:44.496;4.6;36.0
505;ITA;01:46.629;4.7;34.0;RSA;01:52.735;4.4;33.0;USA;01:49.117;4.5;36.0;AUS;01:47.550;4.6;36.0;CAN;01:49.577;4.4;37.0;FRA;01:45.491;4.6;36.0
510;ITA;01:47.755;4.7;34.0;RSA;01:53.969;4.3;33.0;USA;01:50.238;4.6;36.0;AUS;01:48.563;4.6;36.0;CAN;01:50.726;4.4;37.0;FRA;01:46.654;4.6;36.0
515;ITA;01:48.734;4.7;34.0;RSA;01:55.121;4.3;33.0;USA;01:51.379;4.6;36.0;AUS;01:49.658;4.6;36.0;CAN;01:51.776;4.5;37.0;FRA;01:47.750;4.6;36.0
520;ITA;01:49.862;4.7;34.0;RSA;01:56.212;4.3;33.0;USA;01:52.413;4.6;36.0;AUS;01:50.790;4.6;36.0;CAN;01:52.910;4.5;37.0;FRA;01:48.757;4.6;36.0
525;ITA;01:50.954;4.7;34.0;RSA;01:57.447;4.3;33.0;USA;01:53.526;4.6;36.0;AUS;01:51.787;4.6;36.0;CAN;01:54.090;4.5;37.0;FRA;01:49.921;4.6;36.0
530;ITA;01:51.965;4.7;34.0;RSA;01:58.566;4.3;33.0;USA;01:54.675;4.6;37.0;AUS;01:52.926;4.6;36.0;CAN;01:55.201;4.4;37.0;FRA;01:51.003;4.6;36.0
535;ITA;01:53.131;4.6;34.0;RSA;01:59.733;4.3;33.0;USA;01:55.717;4.6;37.0;AUS;01:54.056;4.6;36.0;CAN;01:56.281;4.4;37.0;FRA;01:52.042;4.6;36.0
540;ITA;01:54.138;4.6;34.0;RSA;02:00.986;4.3;33.0;USA;01:56.835;4.5;37.0;AUS;01:55.052;4.6;36.0;CAN;01:57.487;4.4;37.0;FRA;01:53.223;4.6;36.0
545;ITA;01:55.277;4.6;34.0;RSA;02:02.099;4.2;33.0;USA;01:57.999;4.5;37.0;AUS;01:56.239;4.6;36.0;CAN;01:58.642;4.4;37.0;FRA;01:54.291;4.6;36.0
550;ITA;01:56.400;4.6;34.0;RSA;02:03.342;4.2;33.0;USA;01:59.083;4.5;37.0;AUS;01:57.372;4.5;36.0;CAN;01:59.702;4.4;37.0;FRA;01:55.374;4.5;36.0
555;ITA;01:57.392;4.6;34.0;RSA;02:04.605;4.1;33.0;USA;02:00.191;4.5;37.0;AUS;01:58.393;4.5;36.0;CAN;02:00.907;4.4;37.0;FRA;01:56.560;4.5;36.0
560;ITA;01:58.549;4.6;34.0;RSA;02:05.736;4.1;33.0;USA;02:01.385;4.4;37.0;AUS;01:59.596;4.5;36.0;CAN;02:02.109;4.3;37.0;FRA;01:57.596;4.5;35.0
565;ITA;01:59.620;4.6;34.0;RSA;02:06.999;4.1;33.0;USA;02:02.512;4.4;37.0;AUS;02:00.744;4.4;36.0;CAN;02:03.240;4.3;37.0;FRA;01:58.765;4.4;35.0
570;ITA;02:00.680;4.6;34.0;RSA;02:08.260;4.1;33.0;USA;02:03.595;4.4;37.0;AUS;02:01.791;4.4;35.0;CAN;02:04.375;4.3;37.0;FRA;01:59.959;4.4;35.0
575;ITA;02:01.838;4.6;34.0;RSA;02:09.363;4.1;33.0;USA;02:04.803;4.4;37.0;AUS;02:03.014;4.4;35.0;CAN;02:05.613;4.3;37.0;FRA;02:01.020;4.4;35.0
580;ITA;02:02.845;4.6;34.0;RSA;02:10.622;4.1;33.0;USA;02:05.964;4.4;37.0;AUS;02:04.193;4.4;35.0;CAN;02:06.795;4.3;37.0;FRA;02:02.127;4.4;35.0
585;ITA;02:04.000;4.6;34.0;RSA;02:11.836;4.2;33.0;USA;02:07.012;4.4;37.0;AUS;02:05.241;4.3;35.0;CAN;02:07.868;4.3;37.0;FRA;02:03.283;4.5;35.0
590;ITA;02:05.137;4.6;34.0;RSA;02:12.905;4.2;33.0;USA;02:08.211;4.4;37.0;AUS;02:06.456;4.3;35.0;CAN;02:09.072;4.3;37.0;FRA;02:04.294;4.5;35.0
595;ITA;02:06.158;4.5;34.0;RSA;02:14.155;4.3;33.0;USA;02:09.383;4.4;36.0;AUS;02:07.615;4.4;35.0;CAN;02:10.280;4.3;37.0;FRA;02:05.445;4.6;35.0
600;ITA;02:07.340;4.5;34.0;RSA;02:15.308;4.3;33.0;USA;02:10.444;4.4;36.0;AUS;02:08.649;4.4;35.0;CAN;02:11.420;4.3;37.0;FRA;02:06.597;4.6;35.0
605;ITA;02:08.441;4.5;34.0;RSA;02:16.393;4.3;33.0;USA;02:11.608;4.4;36.0;AUS;02:09.856;4.4;35.0;CAN;02:12.526;4.3;37.0;FRA;02:07.610;4.5;35.0
610;ITA;02:09.513;4.5;34.0;RSA;02:17.621;4.3;33.0;USA;02:12.785;4.4;36.0;AUS;02:11.013;4.4;35.0;CAN;02:13.762;4.3;37.0;FRA;02:08.795;4.5;35.0
615;ITA;02:10.690;4.5;34.0;RSA;02:18.739;4.3;33.0;USA;02:13.854;4.4;36.0;AUS;02:12.037;4.4;35.0;CAN;02:14.950;4.3;37.0;FRA;02:09.911;4.5;35.0
620;ITA;02:11.714;4.5;34.0;RSA;02:19.857;4.3;33.0;USA;02:14.999;4.4;36.0;AUS;02:13.239;4.4;35.0;CAN;02:16.042;4.3;37.0;FRA;02:10.929;4.5;35.0
625;ITA;02:12.872;4.5;34.0;RSA;02:21.066;4.4;33.0;USA;02:16.154;4.4;36.0;AUS;02:14.383;4.4;35.0;CAN;02:17.266;4.3;37.0;FRA;02:12.115;4.5;35.0
630;ITA;02:14.006;4.5;34.0;RSA;02:22.126;4.4;33.0;USA;02:17.245;4.5;36.0;AUS;02:15.413;4.4;35.0;CAN;02:18.498;4.2;37.0;FRA;02:13.227;4.5;35.0
635;ITA;02:15.007;4.5;34.0;RSA;02:23.329;4.4;33.0;USA;02:18.340;4.4;36.0;AUS;02:16.616;4.4;35.0;CAN;02:19.662;4.2;37.0;FRA;02:14.261;4.5;35.0
640;ITA;02:16.172;4.6;34.0;RSA;02:24.496;4.4;33.0;USA;02:19.520;4.4;36.0;AUS;02:17.745;4.4;35.0;CAN;02:20.792;4.2;36.0;FRA;02:15.452;4.5;35.0
645;ITA;02:17.231;4.6;34.0;RSA;02:25.546;4.4;33.0;USA;02:20.637;4.4;36.0;AUS;02:18.781;4.4;35.0;CAN;02:22.051;4.2;36.0;FRA;02:16.518;4.5;35.0
650;ITA;02:18.295;4.6;34.0;RSA;02:26.768;4.4;33.0;USA;02:21.690;4.4;36.0;AUS;02:19.981;4.5;35.0;CAN;02:23.261;4.2;36.0;FRA;02:17.597;4.5;35.0
655;ITA;02:19.433;4.6;34.0;RSA;02:27.904;4.4;33.0;USA;02:22.875;4.5;37.0;AUS;02:21.096;4.5;35.0;CAN;02:24.362;4.2;36.0;FRA;02:18.765;4.5;35.0
660;ITA;02:20.427;4.6;34.0;RSA;02:29.002;4.4;33.0;USA;02:24.006;4.5;37.0;AUS;02:22.148;4.5;35.0;CAN;02:25.576;4.2;36.0;FRA;02:19.798;4.5;35.0
665;ITA;02:21.577;4.6;34.0;RSA;02:30.223;4.4;33.0;USA;02:25.034;4.5;37.0;AUS;02:23.348;4.5;35.0;CAN;02:26.814;4.2;36.0;FRA;02:20.928;4.5;35.0
670;ITA;02:22.689;4.6;34.0;RSA;02:31.307;4.3;33.0;USA;02:26.219;4.5;37.0;AUS;02:24.464;4.5;35.0;CAN;02:27.979;4.2;36.0;FRA;02:22.085;4.5;35.0
675;ITA;02:23.689;4.6;34.0;RSA;02:32.499;4.3;33.0;USA;02:27.355;4.5;37.0;AUS;02:25.533;4.4;35.0;CAN;02:29.102;4.2;36.0;FRA;02:23.095;4.5;35.0
680;ITA;02:24.843;4.6;34.0;RSA;02:33.712;4.3;33.0;USA;02:28.378;4.5;37.0;AUS;02:26.742;4.4;35.0;CAN;02:30.375;4.2;36.0;FRA;02:24.276;4.5;35.0
685;ITA;02:25.902;4.6;34.0;RSA;02:34.790;4.3;33.0;USA;02:29.539;4.5;37.0;AUS;02:27.861;4.4;35.0;CAN;02:31.597;4.2;36.0;FRA;02:25.424;4.5;35.0
690;ITA;02:26.970;4.6;35.0;RSA;02:36.037;4.3;33.0;USA;02:30.682;4.5;37.0;AUS;02:28.948;4.4;35.0;CAN;02:32.739;4.2;36.0;FRA;02:26.448;4.5;35.0
695;ITA;02:28.116;4.6;35.0;RSA;02:37.243;4.3;33.0;USA;02:31.710;4.5;37.0;AUS;02:30.166;4.4;35.0;CAN;02:33.962;4.1;36.0;FRA;02:27.663;4.5;35.0
700;ITA;02:29.117;4.6;35.0;RSA;02:38.331;4.2;33.0;USA;02:32.862;4.5;37.0;AUS;02:31.254;4.4;35.0;CAN;02:35.251;4.1;36.0;FRA;02:28.786;4.4;35.0
705;ITA;02:30.272;4.6;35.0;RSA;02:39.601;4.2;33.0;USA;02:34.017;4.5;37.0;AUS;02:32.375;4.4;35.0;CAN;02:36.487;4.1;36.0;FRA;02:29.862;4.4;35.0
710;ITA;02:31.382;4.6;35.0;RSA;02:40.794;4.2;33.0;USA;02:35.073;4.5;37.0;AUS;02:33.595;4.4;35.0;CAN;02:37.612;4.1;36.0;FRA;02:31.088;4.4;35.0
715;ITA;02:32.400;4.6;34.0;RSA;02:41.922;4.2;33.0;USA;02:36.206;4.5;37.0;AUS;02:34.731;4.4;35.0;CAN;02:38.874;4.1;36.0;FRA;02:32.227;4.4;35.0
720;ITA;02:33.572;4.6;34.0;RSA;02:43.202;4.2;33.0;USA;02:37.386;4.4;37.0;AUS;02:35.797;4.4;35.0;CAN;02:40.136;4.1;36.0;FRA;02:33.310;4.4;34.0
725;ITA;02:34.628;4.6;34.0;RSA;02:44.395;4.1;33.0;USA;02:38.476;4.4;37.0;AUS;02:37.015;4.4;35.0;CAN;02:41.324;4.1;36.0;FRA;02:34.544;4.4;34.0
730;ITA;02:35.727;4.6;34.0;RSA;02:45.549;4.1;33.0;USA;02:39.585;4.4;37.0;AUS;02:38.139;4.4;35.0;CAN;02:42.473;4.1;36.0;FRA;02:35.676;4.3;34.0
735;ITA;02:36.875;4.6;34.0;RSA;02:46.835;4.1;33.0;USA;02:40.784;4.4;37.0;AUS;02:39.212;4.4;35.0;CAN;02:43.751;4.1;36.0;FRA;02:36.785;4.3;34.0
740;ITA;02:37.873;4.6;34.0;RSA;02:48.020;4.1;33.0;USA;02:41.914;4.4;36.0;AUS;02:40.432;4.4;35.0;CAN;02:44.973;4.1;36.0;FRA;02:38.004;4.3;34.0
745;ITA;02:39.056;4.6;34.0;RSA;02:49.197;4.1;33.0;USA;02:42.987;4.4;36.0;AUS;02:41.559;4.4;35.0;CAN;02:46.094;4.2;36.0;FRA;02:39.112;4.3;34.0
750;ITA;02:40.174;4.5;34.0;RSA;02:50.486;4.1;33.0;USA;02:44.191;4.4;36.0;AUS;02:42.625;4.4;35.0;CAN;02:47.311;4.2;36.0;FRA;02:40.234;4.4;34.0
755;ITA;02:41.225;4.5;34.0;RSA;02:51.654;4.1;33.0;USA;02:45.340;4.4;36.0;AUS;02:43.835;4.4;35.0;CAN;02:48.559;4.2;36.0;FRA;02:41.448;4.4;34.0
760;ITA;02:42.406;4.5;34.0;RSA;02:52.843;4.1;33.0;USA;02:46.392;4.4;36.0;AUS;02:44.943;4.4;35.0;CAN;02:49.735;4.2;36.0;FRA;02:42.543;4.4;34.0
765;ITA;02:43.420;4.5;34.0;RSA;02:54.115;4.1;33.0;USA;02:47.588;4.4;36.0;AUS;02:46.013;4.4;35.0;CAN;02:50.864;4.2;36.0;FRA;02:43.695;4.3;34.0
770;ITA;02:44.585;4.5;34.0;RSA;02:55.262;4.1;33.0;USA;02:48.743;4.4;36.0;AUS;02:47.212;4.4;35.0;CAN;02:52.133;4.2;36.0;FRA;02:44.905;4.3;34.0
775;ITA;02:45.734;4.5;34.0;RSA;02:56.469;4.1;33.0;USA;02:49.786;4.4;36.0;AUS;02:48.317;4.4;35.0;CAN;02:53.354;4.2;36.0;FRA;02:45.977;4.3;34.0
780;ITA;02:46.754;4.5;34.0;RSA;02:57.723;4.2;33.0;USA;02:50.968;4.4;36.0;AUS;02:49.387;4.4;35.0;CAN;02:54.462;4.2;36.0;FRA;02:47.152;4.4;34.0
785;ITA;02:47.923;4.5;34.0;RSA;02:58.834;4.2;33.0;USA;02:52.134;4.4;36.0;AUS;02:50.585;4.4;35.0;CAN;02:55.689;4.2;36.0;FRA;02:48.344;4.4;34.0
790;ITA;02:48.999;4.5;34.0;RSA;03:00.060;4.2;33.0;USA;02:53.193;4.4;36.0;AUS;02:51.666;4.4;35.0;CAN;02:56.923;4.2;36.0;FRA;02:49.391;4.4;34.0
795;ITA;02:50.069;4.6;34.0;RSA;03:01.289;4.2;33.0;USA;02:54.324;4.4;37.0;AUS;02:52.749;4.5;35.0;CAN;02:58.076;4.2;36.0;FRA;02:50.592;4.4;34.0
800;ITA;02:51.213;4.6;34.0;RSA;03:02.366;4.2;33.0;USA;02:55.488;4.5;37.0;AUS;02:53.927;4.5;35.0;CAN;02:59.182;4.3;36.0;FRA;02:51.761;4.4;34.0
805;ITA;02:52.203;4.6;34.0;RSA;03:03.611;4.3;33.0;USA;02:56.555;4.5;37.0;AUS;02:54.984;4.5;35.0;CAN;03:00.410;4.3;36.0;FRA;02:52.801;4.4;34.0
810;ITA;02:53.349;4.6;34.0;RSA;03:04.799;4.3;33.0;USA;02:57.657;4.5;37.0;AUS;02:56.109;4.5;35.0;CAN;03:01.583;4.3;36.0;FRA;02:54.019;4.4;34.0
815;ITA;02:54.444;4.6;34.0;RSA;03:05.881;4.3;33.0;USA;02:58.819;4.5;37.0;AUS;02:57.281;4.5;35.0;CAN;03:02.661;4.3;36.0;FRA;02:55.155;4.4;34.0
820;ITA;02:55.468;4.6;34.0;RSA;03:07.122;4.3;33.0;USA;02:59.891;4.5;37.0;AUS;02:58.302;4.5;35.0;CAN;03:03.866;4.3;36.0;FRA;02:56.216;4.4;34.0
825;ITA;02:56.622;4.6;34.0;RSA;03:08.247;4.3;33.0;USA;03:00.964;4.5;37.0;AUS;02:59.474;4.5;35.0;CAN;03:05.050;4.3;36.0;FRA;02:57.420;4.4;34.0
830;ITA;02:57.631;4.6;34.0;RSA;03:09.384;4.3;33.0;USA;03:02.121;4.5;37.0;AUS;03:00.630;4.5;35.0;CAN;03:06.120;4.3;36.0;FRA;02:58.499;4.4;34.0
835;ITA;02:58.780;4.6;34.0;RSA;03:10.602;4.3;33.0;USA;03:03.201;4.6;37.0;AUS;03:01.637;4.5;35.0;CAN;03:07.277;4.4;36.0;FRA;02:59.599;4.4;34.0
840;ITA;02:59.891;4.6;34.0;RSA;03:11.670;4.3;33.0;USA;03:04.259;4.6;37.0;AUS;03:02.837;4.5;35.0;CAN;03:08.467;4.4;36.0;FRA;03:00.777;4.5;34.0
845;ITA;03:00.898;4.6;34.0;RSA;03:12.881;4.3;33.0;USA;03:05.423;4.6;37.0;AUS;03:03.937;4.5;35.0;CAN;03:09.573;4.4;36.0;FRA;03:01.788;4.5;34.0
850;ITA;03:02.062;4.6;34.0;RSA;03:14.073;4.3;33.0;USA;03:06.517;4.6;37.0;AUS;03:04.955;4.5;35.0;CAN;03:10.676;4.4;36.0;FRA;03:02.957;4.5;34.0
855;ITA;03:03.104;4.6;34.0;RSA;03:15.133;4.3;33.0;USA;03:07.563;4.5;37.0;AUS;03:06.142;4.6;35.0;CAN;03:11.884;4.4;37.0;FRA;03:04.106;4.5;34.0
860;ITA;03:04.201;4.6;34.0;RSA;03:16.369;4.3;33.0;USA;03:08.734;4.5;37.0;AUS;03:07.240;4.5;35.0;CAN;03:13.027;4.4;37.0;FRA;03:05.118;4.5;34.0
865;ITA;03:05.332;4.6;34.0;RSA;03:17.513;4.3;33.0;USA;03:09.844;4.5;37.0;AUS;03:08.308;4.5;35.0;CAN;03:14.090;4.4;37.0;FRA;03:06.299;4.5;34.0
870;ITA;03:06.316;4.6;34.0;RSA;03:18.614;4.3;33.0;USA;03:10.875;4.5;37.0;AUS;03:09.484;4.5;35.0;CAN;03:15.302;4.4;37.0;FRA;03:07.412;4.5;34.0
875;ITA;03:07.461;4.6;34.0;RSA;03:19.838;4.3;33.0;USA;03:12.046;4.5;37.0;AUS;03:10.546;4.5;35.0;CAN;03:16.487;4.4;37.0;FRA;03:08.417;4.5;34.0
880;ITA;03:08.501;4.7;34.0;RSA;03:20.923;4.3;33.0;USA;03:13.159;4.5;37.0;AUS;03:11.649;4.5;35.0;CAN;03:17.557;4.3;37.0;FRA;03:09.586;4.6;35.0
885;ITA;03:09.547;4.7;34.0;RSA;03:22.099;4.3;33.0;USA;03:14.183;4.5;37.0;AUS;03:12.815;4.5;35.0;CAN;03:18.739;4.3;37.0;FRA;03:10.626;4.6;35.0
890;ITA;03:10.667;4.7;34.0;RSA;03:23.289;4.4;33.0;USA;03:15.350;4.5;37.0;AUS;03:13.845;4.5;35.0;CAN;03:19.948;4.3;37.0;FRA;03:11.692;4.6;35.0
895;ITA;03:11.639;4.7;34.0;RSA;03:24.335;4.4;33.0;USA;03:16.471;4.5;37.0;AUS;03:14.997;4.5;35.0;CAN;03:21.078;4.3;37.0;FRA;03:12.841;4.6;35.0
900;ITA;03:12.780;4.7;34.0;RSA;03:25.560;4.4;33.0;USA;03:17.477;4.6;37.0;AUS;03:16.150;4.5;35.0;CAN;03:22.190;4.3;37.0;FRA;03:13.850;4.6;35.0
905;ITA;03:13.845;4.7;34.0;RSA;03:26.702;4.4;33.0;USA;03:18.640;4.6;37.0;AUS;03:17.166;4.5;35.0;CAN;03:23.406;4.3;37.0;FRA;03:14.990;4.6;35.0
910;ITA;03:14.907;4.7;34.0;RSA;03:27.791;4.4;33.0;USA;03:19.762;4.6;37.0;AUS;03:18.353;4.5;35.0;CAN;03:24.567;4.3;37.0;FRA;03:16.128;4.6;35.0
915;ITA;03:16.008;4.7;34.0;RSA;03:29.007;4.4;33.0;USA;03:20.778;4.6;37.0;AUS;03:19.508;4.5;35.0;CAN;03:25.639;4.3;37.0;FRA;03:17.130;4.6;35.0
920;ITA;03:16.983;4.7;34.0;RSA;03:30.077;4.4;33.0;USA;03:21.930;4.6;37.0;AUS;03:20.543;4.4;35.0;CAN;03:26.858;4.3;37.0;FRA;03:18.301;4.6;35.0
925;ITA;03:18.116;4.7;34.0;RSA;03:31.261;4.4;33.0;USA;03:23.062;4.6;37.0;AUS;03:21.746;4.4;35.0;CAN;03:28.054;4.3;37.0;FRA;03:19.406;4.6;35.0
930;ITA;03:19.195;4.7;34.0;RSA;03:32.448;4.4;33.0;USA;03:24.078;4.6;37.0;AUS;03:22.873;4.4;35.0;CAN;03:29.151;4.3;37.0;FRA;03:20.439;4.6;35.0
935;ITA;03:20.197;4.7;34.0;RSA;03:33.487;4.4;33.0;USA;03:25.227;4.6;37.0;AUS;03:23.921;4.4;35.0;CAN;03:30.311;4.3;37.0;FRA;03:21.628;4.5;35.0
940;ITA;03:21.329;4.7;34.0;RSA;03:34.703;4.4;33.0;USA;03:26.373;4.5;37.0;AUS;03:25.120;4.5;35.0;CAN;03:31.534;4.3;37.0;FRA;03:22.685;4.5;35.0
945;ITA;03:22.317;4.7;34.0;RSA;03:35.820;4.4;33.0;USA;03:27.425;4.5;37.0;AUS;03:26.187;4.4;35.0;CAN;03:32.685;4.3;37.0;FRA;03:23.768;4.5;35.0
950;ITA;03:23.425;4.7;34.0;RSA;03:36.906;4.4;33.0;USA;03:28.528;4.5;37.0;AUS;03:27.291;4.5;35.0;CAN;03:33.764;4.3;37.0;FRA;03:24.929;4.6;35.0
955;ITA;03:24.522;4.7;34.0;RSA;03:38.092;4.4;33.0;USA;03:29.677;4.5;37.0;AUS;03:28.475;4.5;35.0;CAN;03:34.980;4.3;37.0;FRA;03:25.953;4.6;35.0
960;ITA;03:25.504;4.7;35.0;RSA;03:39.124;4.4;33.0;USA;03:30.745;4.6;37.0;AUS;03:29.521;4.5;35.0;CAN;03:36.155;4.3;37.0;FRA;03:27.107;4.5;35.0
965;ITA;03:26.642;4.7;35.0;RSA;03:40.305;4.5;33.0;USA;03:31.803;4.6;37.0;AUS;03:30.652;4.5;35.0;CAN;03:37.226;4.4;37.0;FRA;03:28.247;4.5;35.0
970;ITA;03:27.672;4.7;35.0;RSA;03:41.454;4.5;33.0;USA;03:32.913;4.6;37.0;AUS;03:31.807;4.5;35.0;CAN;03:38.403;4.3;37.0;FRA;03:29.246;4.5;35.0
975;ITA;03:28.728;4.7;35.0;RSA;03:42.491;4.5;33.0;USA;03:33.955;4.7;38.0;AUS;03:32.817;4.5;34.0;CAN;03:39.598;4.4;37.0;FRA;03:30.431;4.5;35.0
980;ITA;03:29.841;4.7;35.0;RSA;03:43.693;4.4;33.0;USA;03:34.965;4.7;38.0;AUS;03:33.996;4.5;34.0;CAN;03:40.697;4.4;37.0;FRA;03:31.528;4.6;35.0
985;ITA;03:30.815;4.7;35.0;RSA;03:44.785;4.4;33.0;USA;03:36.093;4.7;38.0;AUS;03:35.127;4.5;34.0;CAN;03:41.795;4.4;37.0;FRA;03:32.601;4.5;35.0
990;ITA;03:31.955;4.7;35.0;RSA;03:45.908;4.4;33.0;USA;03:37.165;4.7;38.0;AUS;03:36.154;4.5;34.0;CAN;03:42.970;4.4;37.0;FRA;03:33.762;4.5;34.0
995;ITA;03:33.017;4.7;35.0;RSA;03:47.104;4.4;33.0;USA;03:38.158;4.7;38.0;AUS;03:37.339;4.5;35.0;CAN;03:44.114;4.4;37.0;FRA;03:34.820;4.5;34.0
1000;ITA;03:34.050;4.7;34.0;RSA;03:48.154;4.4;33.0;USA;03:39.292;4.7;38.0;AUS;03:38.450;4.5;35.0;CAN;03:45.170;4.4;37.0;FRA;03:35.942;4.5;34.0
1005;ITA;03:35.183;4.7;34.0;RSA;03:49.368;4.4;33.0;USA;03:40.390;4.7;38.0;AUS;03:39.466;4.5;35.0;CAN;03:46.377;4.4;37.0;FRA;03:37.111;4.5;34.0
1010;ITA;03:36.172;4.7;34.0;RSA;03:50.541;4.4;33.0;USA;03:41.388;4.7;38.0;AUS;03:40.634;4.5;35.0;CAN;03:47.553;4.4;37.0;FRA;03:38.135;4.5;34.0
1015;ITA;03:37.281;4.7;34.0;RSA;03:51.611;4.3;33.0;USA;03:42.521;4.6;38.0;AUS;03:41.695;4.6;35.0;CAN;03:48.622;4.4;37.0;FRA;03:39.319;4.5;34.0
1020;ITA;03:38.356;4.7;34.0;RSA;03:52.848;4.3;33.0;USA;03:43.637;4.6;38.0;AUS;03:42.742;4.6;35.0;CAN;03:49.786;4.4;37.0;FRA;03:40.460;4.5;34.0
1025;ITA;03:39.323;4.7;35.0;RSA;03:53.987;4.3;33.0;USA;03:44.644;4.6;38.0;AUS;03:43.894;4.6;35.0;CAN;03:50.978;4.4;37.0;FRA;03:41.480;4.5;34.0
1030;ITA;03:40.435;4.8;35.0;RSA;03:55.115;4.3;33.0;USA;03:45.769;4.6;38.0;AUS;03:44.904;4.6;35.0;CAN;03:52.081;4.4;37.0;FRA;03:42.676;4.5;34.0
1035;ITA;03:41.459;4.8;36.0;RSA;03:56.349;4.3;33.0;USA;03:46.904;4.6;38.0;AUS;03:46.006;4.6;35.0;CAN;03:53.182;4.4;37.0;FRA;03:43.775;4.5;34.0
1040;ITA;03:42.471;4.8;36.0;RSA;03:57.445;4.3;33.0;USA;03:47.945;4.6;38.0;AUS;03:47.131;4.6;35.0;CAN;03:54.379;4.4;37.0;FRA;03:44.845;4.5;34.0
1045;ITA;03:43.571;4.8;36.0;RSA;03:58.646;4.3;33.0;USA;03:49.040;4.6;38.0;AUS;03:48.115;4.6;35.0;CAN;03:55.512;4.4;37.0;FRA;03:46.036;4.5;34.0
1050;ITA;03:44.534;4.8;36.0;RSA;03:59.862;4.3;33.0;USA;03:50.188;4.6;38.0;AUS;03:49.273;4.6;35.0;CAN;03:56.561;4.4;37.0;FRA;03:47.096;4.5;34.0
1055;ITA;03:45.660;4.8;36.0;RSA;04:00.927;4.3;33.0;USA;03:51.255;4.6;38.0;AUS;03:50.362;4.6;35.0;CAN;03:57.744;4.4;37.0;FRA;03:48.219;4.5;34.0
1060;ITA;03:46.724;4.8;36.0;RSA;04:02.179;4.3;33.0;USA;03:52.318;4.6;38.0;AUS;03:51.382;4.6;35.0;CAN;03:58.898;4.4;37.0;FRA;03:49.389;4.5;34.0
1065;ITA;03:47.707;4.8;36.0;RSA;04:03.380;4.3;33.0;USA;03:53.470;4.6;38.0;AUS;03:52.557;4.6;35.0;CAN;03:59.953;4.4;37.0;FRA;03:50.419;4.5;34.0
1070;ITA;03:48.849;4.7;36.0;RSA;04:04.474;4.3;33.0;USA;03:54.551;4.6;37.0;AUS;03:53.636;4.6;35.0;CAN;04:01.111;4.4;37.0;FRA;03:51.595;4.5;34.0
1075;ITA;03:49.892;4.7;36.0;RSA;04:05.742;4.2;33.0;USA;03:55.590;4.6;37.0;AUS;03:54.691;4.6;35.0;CAN;04:02.290;4.4;37.0;FRA;03:52.747;4.5;34.0
1080;ITA;03:50.948;4.7;35.0;RSA;04:06.916;4.2;33.0;USA;03:56.750;4.6;37.0;AUS;03:55.870;4.6;35.0;CAN;04:03.402;4.4;37.0;FRA;03:53.769;4.5;34.0
1085;ITA;03:52.077;4.7;35.0;RSA;04:08.040;4.2;33.0;USA;03:57.859;4.6;37.0;AUS;03:56.918;4.5;35.0;CAN;04:04.499;4.4;37.0;FRA;03:54.965;4.5;34.0
1090;ITA;03:53.058;4.6;35.0;RSA;04:09.298;4.2;33.0;USA;03:58.872;4.6;37.0;AUS;03:58.075;4.5;35.0;CAN;04:05.707;4.4;37.0;FRA;03:56.095;4.5;34.0
1095;ITA;03:54.217;4.6;35.0;RSA;04:10.446;4.2;33.0;USA;04:00.038;4.6;37.0;AUS;03:59.224;4.5;35.0;CAN;04:06.869;4.4;37.0;FRA;03:57.141;4.5;34.0
1100;ITA;03:55.303;4.6;35.0;RSA;04:11.595;4.2;33.0;USA;04:01.165;4.6;37.0;AUS;04:00.256;4.5;35.0;CAN;04:07.927;4.4;37.0;FRA;03:58.349;4.5;34.0
1105;ITA;03:56.308;4.6;35.0;RSA;04:12.841;4.3;33.0;USA;04:02.192;4.6;37.0;AUS;04:01.473;4.4;34.0;CAN;04:09.120;4.4;37.0;FRA;03:59.450;4.4;34.0
1110;ITA;03:57.463;4.6;35.0;RSA;04:13.960;4.2;33.0;USA;04:03.347;4.5;38.0;AUS;04:02.615;4.4;34.0;CAN;04:10.303;4.4;37.0;FRA;04:00.533;4.4;34.0
1115;ITA;03:58.502;4.6;35.0;RSA;04:15.140;4.3;33.0;USA;04:04.498;4.5;38.0;AUS;04:03.644;4.4;34.0;CAN;04:11.393;4.4;37.0;FRA;04:01.731;4.4;34.0
1120;ITA;03:59.581;4.6;35.0;RSA;04:16.366;4.3;33.0;USA;04:05.566;4.5;38.0;AUS;04:04.854;4.4;34.0;CAN;04:12.513;4.4;37.0;FRA;04:02.804;4.4;34.0
1125;ITA;04:00.708;4.6;35.0;RSA;04:17.440;4.3;33.0;USA;04:06.686;4.5;37.0;AUS;04:05.995;4.4;34.0;CAN;04:13.712;4.4;37.0;FRA;04:03.933;4.4;34.0
1130;ITA;04:01.685;4.6;35.0;RSA;04:18.658;4.3;33.0;USA;04:07.855;4.4;37.0;AUS;04:07.028;4.4;34.0;CAN;04:14.853;4.4;37.0;FRA;04:05.108;4.4;34.0
1135;ITA;04:02.841;4.7;35.0;RSA;04:19.854;4.3;33.0;USA;04:08.927;4.5;37.0;AUS;04:08.233;4.4;34.0;CAN;04:15.918;4.4;37.0;FRA;04:06.136;4.4;34.0
1140;ITA;04:03.895;4.7;35.0;RSA;04:20.922;4.3;33.0;USA;04:10.018;4.5;37.0;AUS;04:09.335;4.5;34.0;CAN;04:17.122;4.4;37.0;FRA;04:07.335;4.5;34.0
1145;ITA;04:04.909;4.7;35.0;RSA;04:22.164;4.3;33.0;USA;04:11.190;4.5;37.0;AUS;04:10.404;4.5;34.0;CAN;04:18.288;4.4;37.0;FRA;04:08.485;4.4;34.0
1150;ITA;04:06.045;4.7;35.0;RSA;04:23.322;4.3;33.0;USA;04:12.292;4.5;37.0;AUS;04:11.599;4.5;34.0;CAN;04:19.341;4.4;37.0;FRA;04:09.522;4.4;34.0
1155;ITA;04:07.036;4.7;35.0;RSA;04:24.435;4.3;33.0;USA;04:13.376;4.5;37.0;AUS;04:12.669;4.5;34.0;CAN;04:20.523;4.4;37.0;FRA;04:10.738;4.4;34.0
1160;ITA;04:08.164;4.7;35.0;RSA;04:25.682;4.3;33.0;USA;04:14.538;4.5;37.0;AUS;04:13.782;4.5;34.0;CAN;04:21.713;4.4;37.0;FRA;04:11.872;4.4;34.0
1165;ITA;04:09.275;4.7;35.0;RSA;04:26.789;4.3;33.0;USA;04:15.663;4.5;37.0;AUS;04:14.956;4.5;34.0;CAN;04:22.826;4.4;37.0;FRA;04:12.947;4.4;34.0
1170;ITA;04:10.276;4.6;34.0;RSA;04:27.969;4.3;33.0;USA;04:16.698;4.5;37.0;AUS;04:15.995;4.5;34.0;CAN;04:23.937;4.4;37.0;FRA;04:14.169;4.4;34.0
1175;ITA;04:11.449;4.6;34.0;RSA;04:29.201;4.3;33.0;USA;04:17.879;4.5;37.0;AUS;04:17.165;4.5;34.0;CAN;04:25.154;4.3;37.0;FRA;04:15.283;4.4;34.0
1180;ITA;04:12.473;4.6;34.0;RSA;04:30.300;4.3;33.0;USA;04:19.020;4.5;37.0;AUS;04:18.322;4.5;34.0;CAN;04:26.324;4.3;37.0;FRA;04:16.455;4.3;34.0
1185;ITA;04:13.595;4.6;34.0;RSA;04:31.542;4.2;33.0;USA;04:20.052;4.5;37.0;AUS;04:19.352;4.4;34.0;CAN;04:27.409;4.3;37.0;FRA;04:17.650;4.3;34.0
1190;ITA;04:14.748;4.6;34.0;RSA;04:32.785;4.2;33.0;USA;04:21.230;4.4;37.0;AUS;04:20.558;4.4;34.0;CAN;04:28.622;4.3;37.0;FRA;04:18.725;4.3;34.0
1195;ITA;04:15.766;4.5;34.0;RSA;04:33.888;4.2;33.0;USA;04:22.385;4.4;37.0;AUS;04:21.689;4.4;34.0;CAN;04:29.811;4.3;37.0;FRA;04:19.865;4.3;34.0
1200;ITA;04:16.955;4.5;33.0;RSA;04:35.184;4.1;33.0;USA;04:23.433;4.5;37.0;AUS;04:22.734;4.4;34.0;CAN;04:30.898;4.3;37.0;FRA;04:21.020;4.4;34.0
1205;ITA;04:18.052;4.5;33.0;RSA;04:36.394;4.1;32.0;USA;04:24.573;4.5;37.0;AUS;04:23.935;4.4;34.0;CAN;04:32.040;4.3;37.0;FRA;04:22.024;4.5;34.0
1210;ITA;04:19.146;4.5;33.0;RSA;04:37.499;4.1;32.0;USA;04:25.743;4.5;37.0;AUS;04:25.023;4.4;34.0;CAN;04:33.241;4.4;37.0;FRA;04:23.136;4.6;35.0
1215;ITA;04:20.329;4.5;33.0;RSA;04:38.777;4.2;32.0;USA;04:26.825;4.5;37.0;AUS;04:26.106;4.5;34.0;CAN;04:34.367;4.4;37.0;FRA;04:24.232;4.7;35.0
1220;ITA;04:21.353;4.5;33.0;RSA;04:39.932;4.2;32.0;USA;04:27.914;4.5;37.0;AUS;04:27.288;4.5;34.0;CAN;04:35.451;4.4;37.0;FRA;04:25.209;4.7;36.0
1225;ITA;04:22.551;4.4;33.0;RSA;04:41.120;4.2;32.0;USA;04:29.084;4.5;37.0;AUS;04:28.313;4.5;34.0;CAN;04:36.668;4.4;37.0;FRA;04:26.342;4.7;36.0
1230;ITA;04:23.684;4.4;33.0;RSA;04:42.378;4.2;32.0;USA;04:30.181;4.5;37.0;AUS;04:29.460;4.5;34.0;CAN;04:37.824;4.4;36.0;FRA;04:27.421;4.7;36.0
1235;ITA;04:24.746;4.4;33.0;RSA;04:43.512;4.2;32.0;USA;04:31.241;4.5;37.0;AUS;04:30.612;4.5;34.0;CAN;04:38.880;4.4;36.0;FRA;04:28.410;4.7;36.0
1240;ITA;04:25.944;4.4;33.0;RSA;04:44.724;4.2;32.0;USA;04:32.425;4.5;37.0;AUS;04:31.620;4.5;34.0;CAN;04:40.096;4.4;36.0;FRA;04:29.563;4.7;36.0
1245;ITA;04:26.988;4.4;33.0;RSA;04:45.968;4.2;32.0;USA;04:33.556;4.5;37.0;AUS;04:32.815;4.5;34.0;CAN;04:41.285;4.4;36.0;FRA;04:30.602;4.7;36.0
1250;ITA;04:28.162;4.4;33.0;RSA;04:47.077;4.2;32.0;USA;04:34.597;4.5;37.0;AUS;04:33.944;4.5;34.0;CAN;04:42.361;4.3;36.0;FRA;04:31.658;4.6;36.0
1255;ITA;04:29.316;4.4;33.0;RSA;04:48.308;4.2;33.0;USA;04:35.781;4.4;37.0;AUS;04:34.985;4.5;34.0;CAN;04:43.546;4.3;36.0;FRA;04:32.804;4.6;36.0
1260;ITA;04:30.358;4.4;33.0;RSA;04:49.546;4.2;33.0;USA;04:36.932;4.4;37.0;AUS;04:36.189;4.5;34.0;CAN;04:44.757;4.3;36.0;FRA;04:33.830;4.6;36.0
1265;ITA;04:31.554;4.5;33.0;RSA;04:50.638;4.2;33.0;USA;04:37.981;4.4;37.0;AUS;04:37.288;4.4;34.0;CAN;04:45.889;4.3;36.0;FRA;04:34.941;4.6;36.0
1270;ITA;04:32.602;4.4;33.0;RSA;04:51.890;4.2;33.0;USA;04:39.139;4.4;37.0;AUS;04:38.383;4.4;34.0;CAN;04:47.014;4.3;36.0;FRA;04:36.095;4.6;36.0
1275;ITA;04:33.749;4.5;33.0;RSA;04:53.114;4.2;33.0;USA;04:40.307;4.4;37.0;AUS;04:39.585;4.4;34.0;CAN;04:48.249;4.3;36.0;FRA;04:37.113;4.6;36.0
1280;ITA;04:34.902;4.5;33.0;RSA;04:54.190;4.2;33.0;USA;04:41.380;4.4;37.0;AUS;04:40.655;4.4;34.0;CAN;04:49.431;4.3;36.0;FRA;04:38.278;4.5;36.0
1285;ITA;04:35.926;4.5;33.0;RSA;04:55.445;4.2;33.0;USA;04:42.486;4.4;37.0;AUS;04:41.833;4.4;34.0;CAN;04:50.522;4.3;36.0;FRA;04:39.428;4.5;36.0
1290;ITA;04:37.115;4.5;33.0;RSA;04:56.641;4.3;33.0;USA;04:43.665;4.5;37.0;AUS;04:43.004;4.4;34.0;CAN;04:51.757;4.3;36.0;FRA;04:40.443;4.5;35.0
1295;ITA;04:38.168;4.5;33.0;RSA;04:57.744;4.3;33.0;USA;04:44.748;4.5;37.0;AUS;04:44.058;4.4;34.0;CAN;04:52.995;4.2;36.0;FRA;04:41.640;4.5;35.0
1300;ITA;04:39.312;4.5;33.0;RSA;04:59.021;4.2;33.0;USA;04:45.808;4.5;37.0;AUS;04:45.276;4.4;34.0;CAN;04:54.159;4.2;36.0;FRA;04:42.790;4.5;35.0
1305;ITA;04:40.474;4.5;33.0;RSA;05:00.184;4.2;32.0;USA;04:46.982;4.5;37.0;AUS;04:46.478;4.3;34.0;CAN;04:55.312;4.2;36.0;FRA;04:43.822;4.4;35.0
1310;ITA;04:41.493;4.5;33.0;RSA;05:01.344;4.2;32.0;USA;04:48.097;4.5;37.0;AUS;04:47.533;4.3;34.0;CAN;04:56.581;4.2;36.0;FRA;04:45.049;4.4;35.0
1315;ITA;04:42.685;4.5;33.0;RSA;05:02.596;4.2;32.0;USA;04:49.130;4.5;37.0;AUS;04:48.754;4.3;34.0;CAN;04:57.797;4.2;36.0;FRA;04:46.172;4.4;35.0
1320;ITA;04:43.739;4.5;33.0;RSA;05:03.698;4.2;32.0;USA;04:50.308;4.5;37.0;AUS;04:49.935;4.3;34.0;CAN;04:58.907;4.2;36.0;FRA;04:47.240;4.4;35.0
1325;ITA;04:44.868;4.5;32.0;RSA;05:04.904;4.2;32.0;USA;04:51.446;4.5;37.0;AUS;04:50.984;4.3;34.0;CAN;05:00.147;4.2;36.0;FRA;04:48.460;4.4;34.0
1330;ITA;04:46.008;4.5;32.0;RSA;05:06.122;4.3;32.0;USA;04:52.469;4.5;37.0;AUS;04:52.198;4.4;34.0;CAN;05:01.384;4.2;36.0;FRA;04:49.581;4.4;34.0
1335;ITA;04:47.064;4.5;32.0;RSA;05:07.189;4.3;32.0;USA;04:53.653;4.5;37.0;AUS;04:53.348;4.4;34.0;CAN;05:02.536;4.2;36.0;FRA;04:50.671;4.4;34.0
1340;ITA;04:48.227;4.5;32.0;RSA;05:08.432;4.3;32.0;USA;04:54.798;4.5;37.0;AUS;04:54.408;4.4;34.0;CAN;05:03.694;4.2;36.0;FRA;04:51.890;4.4;34.0
1345;ITA;04:49.269;4.5;32.0;RSA;05:09.615;4.3;33.0;USA;04:55.831;4.5;37.0;AUS;04:55.609;4.4;34.0;CAN;05:04.956;4.2;36.0;FRA;04:53.001;4.4;34.0
1350;ITA;04:50.425;4.5;32.0;RSA;05:10.700;4.3;33.0;USA;04:56.990;4.5;37.0;AUS;04:56.731;4.4;34.0;CAN;05:06.162;4.2;36.0;FRA;04:54.121;4.4;34.0
1355;ITA;04:51.549;4.5;32.0;RSA;05:11.942;4.3;33.0;USA;04:58.140;4.5;37.0;AUS;04:57.814;4.4;34.0;CAN;05:07.266;4.2;36.0;FRA;04:55.328;4.4;34.0
1360;ITA;04:52.572;4.5;32.0;RSA;05:13.080;4.3;33.0;USA;04:59.190;4.5;37.0;AUS;04:59.033;4.4;34.0;CAN;05:08.514;4.2;36.0;FRA;04:56.407;4.4;34.0
1365;ITA;04:53.745;4.5;32.0;RSA;05:14.242;4.3;33.0;USA;05:00.305;4.5;37.0;AUS;05:00.145;4.4;34.0;CAN;05:09.727;4.2;36.0;FRA;04:57.589;4.4;34.0
1370;ITA;04:54.766;4.5;32.0;RSA;05:15.449;4.3;33.0;USA;05:01.469;4.5;37.0;AUS;05:01.266;4.4;34.0;CAN;05:10.841;4.2;36.0;FRA;04:58.762;4.4;34.0
1375;ITA;04:55.915;4.6;32.0;RSA;05:16.551;4.3;33.0;USA;05:02.560;4.5;37.0;AUS;05:02.481;4.4;34.0;CAN;05:12.026;4.3;36.0;FRA;04:59.813;4.4;34.0
1380;ITA;04:57.040;4.6;32.0;RSA;05:17.730;4.3;33.0;USA;05:03.641;4.5;37.0;AUS;05:03.567;4.3;34.0;CAN;05:13.234;4.3;36.0;FRA;05:01.027;4.4;34.0
1385;ITA;04:58.064;4.6;32.0;RSA;05:18.946;4.3;33.0;USA;05:04.824;4.5;37.0;AUS;05:04.708;4.4;34.0;CAN;05:14.405;4.3;36.0;FRA;05:02.201;4.4;34.0
1390;ITA;04:59.232;4.6;33.0;RSA;05:20.010;4.3;33.0;USA;05:05.941;4.4;37.0;AUS;05:05.901;4.4;34.0;CAN;05:15.507;4.3;36.0;FRA;05:03.238;4.4;34.0
1395;ITA;05:00.246;4.6;33.0;RSA;05:21.233;4.3;33.0;USA;05:07.002;4.5;37.0;AUS;05:06.935;4.4;34.0;CAN;05:16.751;4.3;36.0;FRA;05:04.460;4.4;34.0
1400;ITA;05:01.406;4.6;33.0;RSA;05:22.425;4.3;33.0;USA;05:08.166;4.5;37.0;AUS;05:08.119;4.4;34.0;CAN;05:17.955;4.3;36.0;FRA;05:05.602;4.4;34.0
1405;ITA;05:02.526;4.6;33.0;RSA;05:23.489;4.3;33.0;USA;05:09.299;4.5;37.0;AUS;05:09.279;4.4;34.0;CAN;05:19.040;4.3;36.0;FRA;05:06.660;4.4;34.0
1410;ITA;05:03.566;4.5;33.0;RSA;05:24.731;4.3;33.0;USA;05:10.325;4.5;37.0;AUS;05:10.308;4.4;34.0;CAN;05:20.251;4.3;36.0;FRA;05:07.880;4.4;34.0
1415;ITA;05:04.740;4.5;33.0;RSA;05:25.891;4.3;33.0;USA;05:11.496;4.5;37.0;AUS;05:11.514;4.4;34.0;CAN;05:21.475;4.3;36.0;FRA;05:08.983;4.4;34.0
1420;ITA;05:05.755;4.5;33.0;RSA;05:26.992;4.3;33.0;USA;05:12.631;4.5;37.0;AUS;05:12.643;4.4;34.0;CAN;05:22.605;4.3;36.0;FRA;05:10.093;4.4;34.0
1425;ITA;05:06.913;4.5;33.0;RSA;05:28.233;4.3;33.0;USA;05:13.649;4.5;37.0;AUS;05:13.683;4.4;34.0;CAN;05:23.738;4.3;36.0;FRA;05:11.303;4.4;34.0
1430;ITA;05:08.011;4.6;33.0;RSA;05:29.354;4.3;33.0;USA;05:14.832;4.5;37.0;AUS;05:14.885;4.5;34.0;CAN;05:24.969;4.3;36.0;FRA;05:12.379;4.4;34.0
1435;ITA;05:09.053;4.6;33.0;RSA;05:30.521;4.3;33.0;USA;05:15.961;4.5;37.0;AUS;05:15.978;4.5;34.0;CAN;05:26.140;4.3;36.0;FRA;05:13.555;4.4;34.0
1440;ITA;05:10.207;4.6;33.0;RSA;05:31.755;4.3;33.0;USA;05:17.009;4.5;37.0;AUS;05:17.066;4.5;34.0;CAN;05:27.220;4.3;36.0;FRA;05:14.729;4.4;34.0
1445;ITA;05:11.204;4.6;33.0;RSA;05:32.843;4.3;33.0;USA;05:18.130;4.5;37.0;AUS;05:18.254;4.4;34.0;CAN;05:28.454;4.3;36.0;FRA;05:15.778;4.4;34.0
1450;ITA;05:12.351;4.6;33.0;RSA;05:34.048;4.3;33.0;USA;05:19.285;4.5;37.0;AUS;05:19.307;4.5;34.0;CAN;05:29.642;4.3;36.0;FRA;05:16.968;4.4;34.0
1455;ITA;05:13.442;4.6;33.0;RSA;05:35.258;4.3;33.0;USA;05:20.353;4.5;37.0;AUS;05:20.433;4.5;34.0;CAN;05:30.727;4.3;36.0;FRA;05:18.130;4.4;34.0
1460;ITA;05:14.475;4.6;33.0;RSA;05:36.324;4.3;33.0;USA;05:21.442;4.5;37.0;AUS;05:21.596;4.5;34.0;CAN;05:31.914;4.3;36.0;FRA;05:19.168;4.4;34.0
1465;ITA;05:15.616;4.6;33.0;RSA;05:37.562;4.3;33.0;USA;05:22.609;4.5;37.0;AUS;05:22.609;4.5;34.0;CAN;05:33.119;4.3;36.0;FRA;05:20.372;4.4;34.0
1470;ITA;05:16.595;4.6;33.0;RSA;05:38.741;4.3;33.0;USA;05:23.699;4.5;37.0;AUS;05:23.781;4.5;34.0;CAN;05:34.247;4.3;36.0;FRA;05:21.492;4.4;34.0
1475;ITA;05:17.749;4.6;33.0;RSA;05:39.828;4.3;33.0;USA;05:24.767;4.5;37.0;AUS;05:24.907;4.5;34.0;CAN;05:35.344;4.3;36.0;FRA;05:22.542;4.4;34.0
1480;ITA;05:18.808;4.6;33.0;RSA;05:41.078;4.3;33.0;USA;05:25.925;4.5;37.0;AUS;05:25.927;4.5;34.0;CAN;05:36.571;4.4;36.0;FRA;05:23.728;4.5;34.0
1485;ITA;05:19.877;4.6;33.0;RSA;05:42.228;4.3;33.0;USA;05:27.030;4.5;37.0;AUS;05:27.117;4.5;34.0;CAN;05:37.699;4.4;37.0;FRA;05:24.781;4.5;34.0
1490;ITA;05:21.015;4.6;33.0;RSA;05:43.340;4.3;33.0;USA;05:28.056;4.5;37.0;AUS;05:28.187;4.5;34.0;CAN;05:38.751;4.4;37.0;FRA;05:25.899;4.5;34.0
1495;ITA;05:22.001;4.6;33.0;RSA;05:44.568;4.3;33.0;USA;05:29.225;4.5;37.0;AUS;05:29.269;4.5;34.0;CAN;05:39.955;4.4;37.0;FRA;05:27.061;4.5;34.0
1500;ITA;05:23.166;4.6;33.0;RSA;05:45.661;4.3;33.0;USA;05:30.328;4.6;37.0;AUS;05:30.452;4.5;34.0;CAN;05:41.126;4.4;37.0;FRA;05:28.072;4.5;34.0
1505;ITA;05:24.226;4.6;33.0;RSA;05:46.819;4.3;33.0;USA;05:31.347;4.6;37.0;AUS;05:31.509;4.5;34.0;CAN;05:42.182;4.4;37.0;FRA;05:29.253;4.5;34.0
1510;ITA;05:25.326;4.6;33.0;RSA;05:48.018;4.4;33.0;USA;05:32.504;4.6;37.0;AUS;05:32.621;4.5;34.0;CAN;05:43.365;4.4;36.0;FRA;05:30.381;4.5;34.0
1515;ITA;05:26.470;4.6;33.0;RSA;05:49.059;4.4;33.0;USA;05:33.605;4.6;37.0;AUS;05:33.785;4.5;34.0;CAN;05:44.547;4.4;36.0;FRA;05:31.395;4.5;34.0
1520;ITA;05:27.471;4.6;33.0;RSA;05:50.275;4.4;33.0;USA;05:34.621;4.6;37.0;AUS;05:34.807;4.5;34.0;CAN;05:45.630;4.4;36.0;FRA;05:32.576;4.5;34.0
1525;ITA;05:28.653;4.6;33.0;RSA;05:51.440;4.4;33.0;USA;05:35.754;4.6;37.0;AUS;05:35.979;4.5;34.0;CAN;05:46.768;4.4;36.0;FRA;05:33.654;4.5;34.0
1530;ITA;05:29.714;4.5;33.0;RSA;05:52.499;4.4;33.0;USA;05:36.859;4.6;37.0;AUS;05:37.130;4.5;35.0;CAN;05:47.960;4.4;36.0;FRA;05:34.729;4.6;34.0
1535;ITA;05:30.848;4.5;33.0;RSA;05:53.722;4.4;33.0;USA;05:37.848;4.6;37.0;AUS;05:38.145;4.5;35.0;CAN;05:49.067;4.4;36.0;FRA;05:35.901;4.5;34.0
1540;ITA;05:32.008;4.5;33.0;RSA;05:54.829;4.4;33.0;USA;05:39.000;4.6;37.0;AUS;05:39.336;4.5;35.0;CAN;05:50.164;4.4;36.0;FRA;05:36.928;4.5;34.0
1545;ITA;05:33.045;4.5;32.0;RSA;05:55.962;4.4;33.0;USA;05:40.127;4.6;37.0;AUS;05:40.457;4.5;35.0;CAN;05:51.382;4.4;36.0;FRA;05:38.085;4.5;34.0
1550;ITA;05:34.257;4.4;32.0;RSA;05:57.165;4.4;33.0;USA;05:41.159;4.6;37.0;AUS;05:41.501;4.5;35.0;CAN;05:52.523;4.4;36.0;FRA;05:39.256;4.5;34.0
1555;ITA;05:35.339;4.4;32.0;RSA;05:58.232;4.4;33.0;USA;05:42.300;4.5;37.0;AUS;05:42.705;4.5;34.0;CAN;05:53.603;4.4;36.0;FRA;05:40.282;4.5;34.0
1560;ITA;05:36.494;4.4;32.0;RSA;05:59.433;4.4;33.0;USA;05:43.447;4.5;37.0;AUS;05:43.779;4.5;34.0;CAN;05:54.830;4.3;36.0;FRA;05:41.483;4.4;34.0
1565;ITA;05:37.677;4.4;32.0;RSA;06:00.635;4.3;33.0;USA;05:44.506;4.5;37.0;AUS;05:44.904;4.4;34.0;CAN;05:56.025;4.3;36.0;FRA;05:42.655;4.4;34.0
1570;ITA;05:38.712;4.4;32.0;RSA;06:01.698;4.3;33.0;USA;05:45.605;4.5;37.0;AUS;05:46.099;4.4;34.0;CAN;05:57.110;4.3;36.0;FRA;05:43.690;4.4;34.0
1575;ITA;05:39.926;4.4;32.0;RSA;06:02.934;4.3;33.0;USA;05:46.769;4.5;37.0;AUS;05:47.136;4.4;34.0;CAN;05:58.283;4.3;36.0;FRA;05:44.905;4.4;34.0
1580;ITA;05:41.031;4.4;32.0;RSA;06:04.108;4.3;33.0;USA;05:47.861;4.5;37.0;AUS;05:48.326;4.4;34.0;CAN;05:59.503;4.3;37.0;FRA;05:46.056;4.4;34.0
1585;ITA;05:42.149;4.4;32.0;RSA;06:05.177;4.3;33.0;USA;05:48.922;4.5;37.0;AUS;05:49.509;4.4;34.0;CAN;06:00.666;4.3;37.0;FRA;05:47.104;4.4;34.0
1590;ITA;05:43.327;4.4;32.0;RSA;06:06.411;4.3;33.0;USA;05:50.087;4.5;37.0;AUS;05:50.557;4.4;34.0;CAN;06:01.772;4.3;37.0;FRA;05:48.316;4.4;34.0
1595;ITA;05:44.350;4.4;32.0;RSA;06:07.554;4.3;33.0;USA;05:51.211;4.5;37.0;AUS;05:51.778;4.4;34.0;CAN;06:03.019;4.3;37.0;FRA;05:49.435;4.4;34.0
1600;ITA;05:45.544;4.5;32.0;RSA;06:08.654;4.3;33.0;USA;05:52.233;4.5;37.0;AUS;05:52.942;4.4;34.0;CAN;06:04.239;4.2;37.0;FRA;05:50.536;4.4;34.0
1605;ITA;05:46.650;4.5;32.0;RSA;06:09.889;4.3;33.0;USA;05:53.408;4.5;38.0;AUS;05:53.993;4.4;34.0;CAN;06:05.385;4.2;37.0;FRA;05:51.760;4.4;34.0
1610;ITA;05:47.728;4.5;32.0;RSA;06:11.013;4.3;33.0;USA;05:54.556;4.5;38.0;AUS;05:55.225;4.4;34.0;CAN;06:06.565;4.2;37.0;FRA;05:52.873;4.4;34.0
1615;ITA;05:48.901;4.5;32.0;RSA;06:12.153;4.3;34.0;USA;05:55.591;4.5;38.0;AUS;05:56.374;4.4;34.0;CAN;06:07.835;4.2;37.0;FRA;05:54.012;4.3;34.0
1620;ITA;05:49.923;4.5;32.0;RSA;06:13.385;4.3;34.0;USA;05:56.758;4.4;38.0;AUS;05:57.466;4.3;34.0;CAN;06:09.055;4.1;37.0;FRA;05:55.236;4.3;34.0
1625;ITA;05:51.135;4.5;32.0;RSA;06:14.496;4.3;34.0;USA;05:57.932;4.4;38.0;AUS;05:58.709;4.3;34.0;CAN;06:10.173;4.1;36.0;FRA;05:56.338;4.3;34.0
1630;ITA;05:52.275;4.4;32.0;RSA;06:15.689;4.3;34.0;USA;05:59.037;4.4;38.0;AUS;05:59.844;4.3;34.0;CAN;06:11.424;4.1;36.0;FRA;05:57.502;4.3;34.0
1635;ITA;05:53.369;4.4;32.0;RSA;06:16.921;4.3;34.0;USA;06:00.104;4.4;38.0;AUS;06:00.980;4.3;34.0;CAN;06:12.681;4.1;36.0;FRA;05:58.724;4.3;34.0
1640;ITA;05:54.556;4.4;32.0;RSA;06:18.030;4.2;33.0;USA;06:01.281;4.4;38.0;AUS;06:02.220;4.3;34.0;CAN;06:13.877;4.1;36.0;FRA;05:59.807;4.3;34.0
1645;ITA;05:55.601;4.4;32.0;RSA;06:19.242;4.2;33.0;USA;06:02.405;4.5;38.0;AUS;06:03.337;4.3;34.0;CAN;06:15.018;4.1;36.0;FRA;06:00.986;4.3;34.0
1650;ITA;05:56.802;4.4;32.0;RSA;06:20.486;4.2;33.0;USA;06:03.424;4.5;38.0;AUS;06:04.474;4.3;34.0;CAN;06:16.291;4.1;36.0;FRA;06:02.193;4.3;34.0
1655;ITA;05:57.953;4.4;32.0;RSA;06:21.584;4.2;33.0;USA;06:04.589;4.5;38.0;AUS;06:05.707;4.3;34.0;CAN;06:17.519;4.1;36.0;FRA;06:03.250;4.3;34.0
1660;ITA;05:59.018;4.4;32.0;RSA;06:22.812;4.2;33.0;USA;06:05.737;4.5;38.0;AUS;06:06.805;4.3;34.0;CAN;06:18.651;4.2;36.0;FRA;06:04.461;4.3;34.0
1665;ITA;06:00.225;4.4;32.0;RSA;06:24.038;4.2;33.0;USA;06:06.757;4.5;38.0;AUS;06:07.973;4.3;34.0;CAN;06:19.831;4.2;36.0;FRA;06:05.661;4.3;34.0
1670;ITA;06:01.271;4.4;32.0;RSA;06:25.135;4.2;33.0;USA;06:07.898;4.5;38.0;AUS;06:09.195;4.3;34.0;CAN;06:21.089;4.2;36.0;FRA;06:06.712;4.3;34.0
1675;ITA;06:02.474;4.4;32.0;RSA;06:26.385;4.2;33.0;USA;06:09.058;4.5;38.0;AUS;06:10.292;4.3;34.0;CAN;06:22.290;4.2;36.0;FRA;06:07.912;4.3;34.0
1680;ITA;06:03.651;4.4;32.0;RSA;06:27.616;4.2;33.0;USA;06:10.157;4.5;38.0;AUS;06:11.457;4.3;34.0;CAN;06:23.404;4.2;36.0;FRA;06:09.079;4.4;34.0
1685;ITA;06:04.714;4.4;32.0;RSA;06:28.711;4.2;33.0;USA;06:11.208;4.5;38.0;AUS;06:12.673;4.3;34.0;CAN;06:24.667;4.2;36.0;FRA;06:10.099;4.4;34.0
1690;ITA;06:05.931;4.4;32.0;RSA;06:29.976;4.2;33.0;USA;06:12.382;4.5;38.0;AUS;06:13.769;4.3;34.0;CAN;06:25.925;4.1;36.0;FRA;06:11.298;4.4;35.0
1695;ITA;06:06.986;4.4;32.0;RSA;06:31.220;4.2;33.0;USA;06:13.520;4.5;38.0;AUS;06:14.914;4.3;35.0;CAN;06:27.121;4.1;36.0;FRA;06:12.459;4.5;35.0
1700;ITA;06:08.159;4.4;32.0;RSA;06:32.326;4.1;33.0;USA;06:14.562;4.5;38.0;AUS;06:16.138;4.3;35.0;CAN;06:28.237;4.1;36.0;FRA;06:13.493;4.4;35.0
1705;ITA;06:09.322;4.4;32.0;RSA;06:33.597;4.1;33.0;USA;06:15.719;4.5;38.0;AUS;06:17.254;4.3;35.0;CAN;06:29.497;4.1;37.0;FRA;06:14.713;4.4;35.0
1710;ITA;06:10.387;4.4;32.0;RSA;06:34.846;4.1;33.0;USA;06:16.891;4.4;38.0;AUS;06:18.368;4.3;35.0;CAN;06:30.708;4.2;37.0;FRA;06:15.889;4.4;35.0
1715;ITA;06:11.607;4.4;32.0;RSA;06:35.959;4.1;33.0;USA;06:17.994;4.4;38.0;AUS;06:19.584;4.3;35.0;CAN;06:31.843;4.2;37.0;FRA;06:16.943;4.4;35.0
1720;ITA;06:12.671;4.4;32.0;RSA;06:37.255;4.1;33.0;USA;06:19.045;4.4;38.0;AUS;06:20.701;4.4;35.0;CAN;06:33.007;4.2;37.0;FRA;06:18.172;4.3;35.0
1725;ITA;06:13.868;4.4;32.0;RSA;06:38.483;4.1;33.0;USA;06:20.223;4.5;38.0;AUS;06:21.794;4.4;35.0;CAN;06:34.252;4.2;37.0;FRA;06:19.341;4.3;35.0
1730;ITA;06:15.018;4.4;32.0;RSA;06:39.591;4.1;33.0;USA;06:21.327;4.5;38.0;AUS;06:22.999;4.4;35.0;CAN;06:35.441;4.2;37.0;FRA;06:20.395;4.3;35.0
1735;ITA;06:16.054;4.4;32.0;RSA;06:40.867;4.1;33.0;USA;06:22.341;4.6;38.0;AUS;06:24.115;4.4;35.0;CAN;06:36.526;4.3;37.0;FRA;06:21.619;4.4;35.0
1740;ITA;06:17.280;4.4;32.0;RSA;06:42.108;4.1;33.0;USA;06:23.485;4.6;38.0;AUS;06:25.203;4.4;35.0;CAN;06:37.739;4.3;37.0;FRA;06:22.771;4.4;35.0
1745;ITA;06:18.382;4.4;32.0;RSA;06:43.211;4.1;33.0;USA;06:24.613;4.6;38.0;AUS;06:26.421;4.4;35.0;CAN;06:38.961;4.3;37.0;FRA;06:23.831;4.4;35.0
1750;ITA;06:19.545;4.4;32.0;RSA;06:44.478;4.1;33.0;USA;06:25.664;4.6;38.0;AUS;06:27.518;4.4;35.0;CAN;06:40.113;4.3;37.0;FRA;06:25.031;4.4;35.0
1755;ITA;06:20.758;4.3;32.0;RSA;06:45.706;4.2;33.0;USA;06:26.749;4.6;38.0;AUS;06:28.607;4.4;35.0;CAN;06:41.215;4.3;37.0;FRA;06:26.149;4.4;35.0
1760;ITA;06:21.810;4.3;32.0;RSA;06:46.793;4.2;33.0;USA;06:27.883;4.6;38.0;AUS;06:29.806;4.4;35.0;CAN;06:42.471;4.3;37.0;FRA;06:27.172;4.5;35.0
1765;ITA;06:23.040;4.3;32.0;RSA;06:48.049;4.2;33.0;USA;06:28.974;4.6;38.0;AUS;06:30.887;4.4;35.0;CAN;06:43.645;4.3;37.0;FRA;06:28.321;4.5;36.0
1770;ITA;06:24.149;4.3;32.0;RSA;06:49.260;4.2;33.0;USA;06:29.994;4.6;39.0;AUS;06:31.999;4.4;35.0;CAN;06:44.737;4.3;37.0;FRA;06:29.439;4.6;36.0
1775;ITA;06:25.287;4.4;32.0;RSA;06:50.334;4.2;33.0;USA;06:31.146;4.6;39.0;AUS;06:33.181;4.4;35.0;CAN;06:45.882;4.3;37.0;FRA;06:30.435;4.6;37.0
1780;ITA;06:26.490;4.4;32.0;RSA;06:51.576;4.3;33.0;USA;06:32.263;4.6;39.0;AUS;06:34.240;4.4;35.0;CAN;06:47.085;4.3;37.0;FRA;06:31.567;4.6;37.0
1785;ITA;06:27.540;4.4;31.0;RSA;06:52.761;4.3;33.0;USA;06:33.275;4.6;39.0;AUS;06:35.367;4.5;35.0;CAN;06:48.234;4.4;37.0;FRA;06:32.693;4.6;37.0
1790;ITA;06:28.768;4.4;31.0;RSA;06:53.838;4.3;33.0;USA;06:34.357;4.6;39.0;AUS;06:36.542;4.5;35.0;CAN;06:49.295;4.4;38.0;FRA;06:33.696;4.6;37.0
1795;ITA;06:29.873;4.3;31.0;RSA;06:55.098;4.3;34.0;USA;06:35.477;4.6;39.0;AUS;06:37.583;4.5;35.0;CAN;06:50.493;4.4;38.0;FRA;06:34.825;4.6;37.0
1800;ITA;06:31.021;4.4;31.0;RSA;06:56.298;4.3;34.0;USA;06:36.533;4.7;39.0;AUS;06:38.732;4.5;35.0;CAN;06:51.676;4.4;38.0;FRA;06:35.961;4.6;37.0
1805;ITA;06:32.218;4.4;31.0;RSA;06:57.388;4.2;34.0;USA;06:37.551;4.7;39.0;AUS;06:39.896;4.5;35.0;CAN;06:52.780;4.4;38.0;FRA;06:36.990;4.6;37.0
1810;ITA;06:33.258;4.4;31.0;RSA;06:58.643;4.2;34.0;USA;06:38.686;4.7;39.0;AUS;06:40.923;4.5;35.0;CAN;06:53.872;4.4;38.0;FRA;06:38.113;4.6;37.0
1815;ITA;06:34.479;4.4;31.0;RSA;06:59.818;4.2;34.0;USA;06:39.776;4.7;39.0;AUS;06:42.102;4.5;35.0;CAN;06:55.082;4.4;38.0;FRA;06:39.260;4.6;37.0
1820;ITA;06:35.561;4.4;31.0;RSA;07:00.906;4.3;34.0;USA;06:40.784;4.7;39.0;AUS;06:43.255;4.5;35.0;CAN;06:56.242;4.4;38.0;FRA;06:40.299;4.6;37.0
1825;ITA;06:36.715;4.4;31.0;RSA;07:02.147;4.3;34.0;USA;06:41.888;4.6;39.0;AUS;06:44.275;4.5;35.0;CAN;06:57.306;4.4;38.0;FRA;06:41.413;4.5;37.0
1830;ITA;06:37.881;4.4;31.0;RSA;07:03.299;4.3;34.0;USA;06:43.005;4.6;40.0;AUS;06:45.476;4.5;35.0;CAN;06:58.497;4.4;38.0;FRA;06:42.568;4.5;37.0
1835;ITA;06:38.917;4.4;31.0;RSA;07:04.387;4.3;34.0;USA;06:44.065;4.6;40.0;AUS;06:46.615;4.4;35.0;CAN;06:59.700;4.3;38.0;FRA;06:43.607;4.5;37.0
1840;ITA;06:40.124;4.4;31.0;RSA;07:05.618;4.3;34.0;USA;06:45.083;4.6;40.0;AUS;06:47.634;4.4;35.0;CAN;07:00.845;4.3;38.0;FRA;06:44.723;4.5;37.0
1845;ITA;06:41.180;4.4;31.0;RSA;07:06.750;4.3;34.0;USA;06:46.221;4.6;40.0;AUS;06:48.843;4.5;35.0;CAN;07:01.941;4.3;38.0;FRA;06:45.884;4.5;37.0
1850;ITA;06:42.350;4.4;31.0;RSA;07:07.845;4.3;34.0;USA;06:47.313;4.6;40.0;AUS;06:49.978;4.5;35.0;CAN;07:03.167;4.3;38.0;FRA;06:46.927;4.5;36.0
1855;ITA;06:43.500;4.4;31.0;RSA;07:09.062;4.4;34.0;USA;06:48.301;4.7;40.0;AUS;06:51.020;4.4;35.0;CAN;07:04.355;4.3;38.0;FRA;06:48.032;4.5;36.0
1860;ITA;06:44.555;4.4;31.0;RSA;07:10.157;4.4;34.0;USA;06:49.407;4.7;40.0;AUS;06:52.224;4.4;35.0;CAN;07:05.469;4.3;38.0;FRA;06:49.185;4.5;36.0
1865;ITA;06:45.745;4.5;31.0;RSA;07:11.281;4.4;34.0;USA;06:50.511;4.7;40.0;AUS;06:53.332;4.4;35.0;CAN;07:06.593;4.3;38.0;FRA;06:50.225;4.6;36.0
1870;ITA;06:46.762;4.4;31.0;RSA;07:12.473;4.4;34.0;USA;06:51.540;4.7;40.0;AUS;06:54.423;4.5;35.0;CAN;07:07.754;4.4;38.0;FRA;06:51.309;4.6;36.0
1875;ITA;06:47.957;4.5;31.0;RSA;07:13.517;4.4;34.0;USA;06:52.572;4.7;40.0;AUS;06:55.596;4.5;35.0;CAN;07:08.884;4.4;38.0;FRA;06:52.455;4.6;37.0
1880;ITA;06:49.048;4.5;31.0;RSA;07:14.691;4.4;34.0;USA;06:53.686;4.7;40.0;AUS;06:56.689;4.4;35.0;CAN;07:09.930;4.5;38.0;FRA;06:53.505;4.6;37.0
1885;ITA;06:50.157;4.5;31.0;RSA;07:15.861;4.4;34.0;USA;06:54.740;4.7;40.0;AUS;06:57.768;4.4;35.0;CAN;07:11.102;4.5;38.0;FRA;06:54.590;4.6;37.0
1890;ITA;06:51.322;4.5;31.0;RSA;07:16.892;4.4;34.0;USA;06:55.724;4.7;40.0;AUS;06:58.940;4.5;35.0;CAN;07:12.262;4.4;38.0;FRA;06:55.716;4.6;37.0
1895;ITA;06:52.337;4.5;31.0;RSA;07:18.100;4.4;34.0;USA;06:56.824;4.7;40.0;AUS;06:59.983;4.5;35.0;CAN;07:13.335;4.4;38.0;FRA;06:56.758;4.6;37.0
1900;ITA;06:53.525;4.5;32.0;RSA;07:19.246;4.4;34.0;USA;06:57.891;4.8;40.0;AUS;07:01.093;4.5;35.0;CAN;07:14.464;4.5;38.0;FRA;06:57.828;4.6;37.0
1905;ITA;06:54.554;4.5;32.0;RSA;07:20.293;4.4;34.0;USA;06:58.858;4.8;40.0;AUS;07:02.238;4.6;35.0;CAN;07:15.602;4.5;38.0;FRA;06:58.972;4.6;37.0
1910;ITA;06:55.715;4.5;32.0;RSA;07:21.494;4.4;34.0;USA;06:59.941;4.8;40.0;AUS;07:03.231;4.6;35.0;CAN;07:16.720;4.5;38.0;FRA;07:00.013;4.6;37.0
1915;ITA;06:56.839;4.5;32.0;RSA;07:22.579;4.4;34.0;USA;07:01.010;4.8;40.0;AUS;07:04.385;4.6;35.0;CAN;07:17.751;4.5;38.0;FRA;07:01.084;4.6;37.0
1920;ITA;06:57.894;4.5;31.0;RSA;07:23.677;4.4;34.0;USA;07:01.991;4.8;40.0;AUS;07:05.498;4.6;35.0;CAN;07:18.920;4.5;38.0;FRA;07:02.220;4.6;37.0
1925;ITA;06:59.061;4.5;31.0;RSA;07:24.841;4.5;34.0;USA;07:03.013;4.8;40.0;AUS;07:06.486;4.6;35.0;CAN;07:20.062;4.5;38.0;FRA;07:03.248;4.6;37.0
1930;ITA;07:00.063;4.5;31.0;RSA;07:25.853;4.5;34.0;USA;07:04.104;4.8;40.0;AUS;07:07.643;4.6;35.0;CAN;07:21.102;4.5;38.0;FRA;07:04.340;4.6;37.0
1935;ITA;07:01.252;4.5;31.0;RSA;07:27.004;4.5;34.0;USA;07:05.147;4.8;41.0;AUS;07:08.705;4.6;35.0;CAN;07:22.203;4.5;38.0;FRA;07:05.481;4.6;37.0
1940;ITA;07:02.283;4.5;31.0;RSA;07:28.120;4.6;34.0;USA;07:06.114;4.8;41.0;AUS;07:09.738;4.6;35.0;CAN;07:23.359;4.5;38.0;FRA;07:06.489;4.6;37.0
1945;ITA;07:03.441;4.5;31.0;RSA;07:29.124;4.6;34.0;USA;07:07.193;4.8;41.0;AUS;07:10.863;4.7;35.0;CAN;07:24.458;4.6;38.0;FRA;07:07.598;4.6;37.0
1950;ITA;07:04.538;4.5;31.0;RSA;07:30.290;4.6;34.0;USA;07:08.266;4.8;41.0;AUS;07:11.868;4.7;36.0;CAN;07:25.483;4.5;38.0;FRA;07:08.731;4.6;36.0
1955;ITA;07:05.581;4.6;31.0;RSA;07:31.339;4.6;34.0;USA;07:09.266;4.8;41.0;AUS;07:12.950;4.7;36.0;CAN;07:26.645;4.5;39.0;FRA;07:09.738;4.6;36.0
1960;ITA;07:06.747;4.6;31.0;RSA;07:32.423;4.6;34.0;USA;07:10.289;4.8;41.0;AUS;07:14.071;4.7;36.0;CAN;07:27.770;4.5;39.0;FRA;07:10.874;4.6;36.0
1965;ITA;07:07.742;4.6;31.0;RSA;07:33.587;4.6;34.0;USA;07:11.383;4.8;41.0;AUS;07:15.045;4.7;36.0;CAN;07:28.810;4.6;39.0;FRA;07:11.996;4.6;36.0
1970;ITA;07:08.917;4.6;31.0;RSA;07:34.614;4.6;34.0;USA;07:12.426;4.8;41.0;AUS;07:16.195;4.7;36.0;CAN;07:29.905;4.6;39.0;FRA;07:12.997;4.6;36.0
1975;ITA;07:09.974;4.6;32.0;RSA;07:35.768;4.5;34.0;USA;07:13.402;4.8;41.0;AUS;07:17.298;4.6;36.0;CAN;07:31.058;4.6;39.0;FRA;07:14.152;4.6;36.0
1980;ITA;07:11.085;4.6;32.0;RSA;07:36.922;4.5;34.0;USA;07:14.481;4.8;41.0;AUS;07:18.298;4.6;36.0;CAN;07:32.156;4.6;39.0;FRA;07:15.273;4.6;36.0
1985;ITA;07:12.226;4.6;32.0;RSA;07:37.950;4.5;34.0;USA;07:15.538;4.8;41.0;AUS;07:19.480;4.6;36.0;CAN;07:33.191;4.6;39.0;FRA;07:16.275;4.6;36.0
1990;ITA;07:13.278;4.5;32.0;RSA;07:39.154;4.5;34.0;USA;07:16.511;4.8;41.0;AUS;07:20.559;4.6;35.0;CAN;07:34.354;4.5;39.0;FRA;07:17.445;4.6;36.0
1995;ITA;07:14.431;4.6;32.0;RSA;07:40.288;4.4;34.0;USA;07:17.559;4.8;41.0;AUS;07:21.615;4.5;35.0;CAN;07:35.497;4.5;39.0;FRA;07:18.554;4.6;36.0
2000;ITA;07:15.450;4.5;32.0;RSA;07:41.351;4.4;34.0;USA;07:18.644;4.8;41.0;AUS;07:22.793;4.5;35.0;CAN;07:36.557;4.5;39.0;FRA;07:19.558;4.6;36.0
