Distance;ShortName1;Time1;Speed1;Stroke1;ShortName2;Time2;Speed2;Stroke2;ShortName3;Time3;Speed3;Stroke3;ShortName5;Time5;Speed5;Stroke5;ShortName4;Time4;Speed4;Stroke4;
5;JPN;00:02.779;3.2;0.0;LTU;00:02.754;3.4;0.0;ESP;00:02.639;3.3;0.0;MEX;00:02.757;3.0;0.0;POL;00:02.964;2.9;0.0
10;JPN;00:04.033;3.6;43.0;LTU;00:03.997;3.9;55.0;ESP;00:03.844;3.8;47.0;MEX;00:04.003;3.6;52.0;POL;00:04.226;3.4;52.0
15;JPN;00:05.120;3.9;43.0;LTU;00:05.063;4.1;55.0;ESP;00:04.932;4.1;48.0;MEX;00:05.024;4.0;52.0;POL;00:05.470;3.8;52.0
20;JPN;00:06.069;4.3;44.0;LTU;00:06.101;4.4;54.0;ESP;00:05.898;4.4;49.0;MEX;00:06.053;4.4;53.0;POL;00:06.489;4.2;51.0
25;JPN;00:07.113;4.7;45.0;LTU;00:07.067;4.8;53.0;ESP;00:06.800;4.9;50.0;MEX;00:07.024;4.9;53.0;POL;00:07.499;4.6;50.0
30;JPN;00:08.069;5.1;45.0;LTU;00:07.941;5.1;53.0;ESP;00:07.784;5.2;50.0;MEX;00:07.940;5.2;53.0;POL;00:08.370;5.0;49.0
35;JPN;00:08.891;5.3;45.0;LTU;00:08.847;5.3;52.0;ESP;00:08.723;5.3;50.0;MEX;00:08.810;5.4;52.0;POL;00:09.340;5.2;48.0
40;JPN;00:09.847;5.4;45.0;LTU;00:09.812;5.5;51.0;ESP;00:09.669;5.4;50.0;MEX;00:09.738;5.5;52.0;POL;00:10.279;5.4;47.0
45;JPN;00:10.768;5.6;45.0;LTU;00:10.709;5.6;51.0;ESP;00:10.553;5.4;50.0;MEX;00:10.686;5.6;51.0;POL;00:11.087;5.5;46.0
50;JPN;00:11.574;5.6;44.0;LTU;00:11.533;5.6;50.0;ESP;00:11.418;5.5;50.0;MEX;00:11.572;5.6;51.0;POL;00:12.034;5.6;44.0
55;JPN;00:12.505;5.7;44.0;LTU;00:12.445;5.6;49.0;ESP;00:12.386;5.5;50.0;MEX;00:12.415;5.6;50.0;POL;00:12.944;5.6;43.0
60;JPN;00:13.370;5.7;44.0;LTU;00:13.355;5.7;48.0;ESP;00:13.322;5.5;50.0;MEX;00:13.374;5.6;49.0;POL;00:13.764;5.7;43.0
65;JPN;00:14.231;5.7;44.0;LTU;00:14.189;5.7;48.0;ESP;00:14.189;5.5;49.0;MEX;00:14.294;5.6;49.0;POL;00:14.685;5.7;42.0
70;JPN;00:15.149;5.7;44.0;LTU;00:15.076;5.7;48.0;ESP;00:15.113;5.5;49.0;MEX;00:15.136;5.6;48.0;POL;00:15.491;5.7;42.0
75;JPN;00:15.964;5.8;44.0;LTU;00:15.998;5.7;47.0;ESP;00:16.065;5.5;49.0;MEX;00:16.058;5.6;48.0;POL;00:16.401;5.7;42.0
80;JPN;00:16.843;5.7;44.0;LTU;00:16.839;5.7;47.0;ESP;00:16.989;5.4;48.0;MEX;00:16.995;5.6;48.0;POL;00:17.307;5.8;42.0
85;JPN;00:17.771;5.7;44.0;LTU;00:17.713;5.7;47.0;ESP;00:17.831;5.4;48.0;MEX;00:17.870;5.6;47.0;POL;00:18.101;5.8;42.0
90;JPN;00:18.567;5.7;43.0;LTU;00:18.639;5.7;46.0;ESP;00:18.817;5.4;47.0;MEX;00:18.746;5.6;47.0;POL;00:19.047;5.8;42.0
95;JPN;00:19.492;5.7;43.0;LTU;00:19.464;5.7;46.0;ESP;00:19.776;5.4;47.0;MEX;00:19.713;5.6;47.0;POL;00:19.874;5.8;41.0
100;JPN;00:20.404;5.8;43.0;LTU;00:20.363;5.7;46.0;ESP;00:20.657;5.4;47.0;MEX;00:20.609;5.5;47.0;POL;00:20.778;5.7;41.0
105;JPN;00:21.214;5.7;43.0;LTU;00:21.296;5.7;46.0;ESP;00:21.572;5.4;47.0;MEX;00:21.459;5.5;47.0;POL;00:21.692;5.7;41.0
110;JPN;00:22.186;5.7;42.0;LTU;00:22.128;5.6;45.0;ESP;00:22.545;5.4;46.0;MEX;00:22.432;5.5;46.0;POL;00:22.520;5.7;41.0
115;JPN;00:23.021;5.6;42.0;LTU;00:23.042;5.6;45.0;ESP;00:23.451;5.4;46.0;MEX;00:23.355;5.5;46.0;POL;00:23.461;5.7;41.0
120;JPN;00:23.963;5.6;42.0;LTU;00:23.974;5.6;45.0;ESP;00:24.323;5.4;46.0;MEX;00:24.207;5.5;46.0;POL;00:24.279;5.7;41.0
125;JPN;00:24.896;5.6;41.0;LTU;00:24.792;5.6;44.0;ESP;00:25.323;5.4;46.0;MEX;00:25.172;5.4;46.0;POL;00:25.216;5.6;41.0
130;JPN;00:25.754;5.5;41.0;LTU;00:25.732;5.6;44.0;ESP;00:26.263;5.4;46.0;MEX;00:26.127;5.4;46.0;POL;00:26.130;5.6;40.0
135;JPN;00:26.748;5.4;40.0;LTU;00:26.659;5.6;44.0;ESP;00:27.121;5.4;45.0;MEX;00:27.001;5.4;45.0;POL;00:26.954;5.6;40.0
140;JPN;00:27.586;5.4;40.0;LTU;00:27.472;5.6;44.0;ESP;00:28.120;5.4;45.0;MEX;00:27.953;5.4;45.0;POL;00:27.915;5.6;40.0
145;JPN;00:28.588;5.4;39.0;LTU;00:28.436;5.6;44.0;ESP;00:29.069;5.3;45.0;MEX;00:28.905;5.4;45.0;POL;00:28.731;5.6;40.0
150;JPN;00:29.525;5.4;39.0;LTU;00:29.352;5.6;44.0;ESP;00:29.929;5.3;45.0;MEX;00:29.798;5.4;45.0;POL;00:29.683;5.6;40.0
155;JPN;00:30.453;5.3;38.0;LTU;00:30.188;5.6;43.0;ESP;00:30.903;5.3;44.0;MEX;00:30.692;5.4;45.0;POL;00:30.603;5.6;40.0
160;JPN;00:31.463;5.3;38.0;LTU;00:31.167;5.5;43.0;ESP;00:31.886;5.4;44.0;MEX;00:31.681;5.4;45.0;POL;00:31.468;5.6;40.0
165;JPN;00:32.327;5.3;37.0;LTU;00:32.056;5.5;43.0;ESP;00:32.767;5.3;44.0;MEX;00:32.604;5.4;45.0;POL;00:32.444;5.5;40.0
170;JPN;00:33.369;5.2;37.0;LTU;00:32.933;5.5;43.0;ESP;00:33.751;5.3;44.0;MEX;00:33.486;5.4;45.0;POL;00:33.260;5.5;39.0
175;JPN;00:34.301;5.2;37.0;LTU;00:33.906;5.5;43.0;ESP;00:34.730;5.3;44.0;MEX;00:34.483;5.3;45.0;POL;00:34.251;5.4;39.0
180;JPN;00:35.286;5.2;37.0;LTU;00:34.769;5.5;42.0;ESP;00:35.650;5.3;44.0;MEX;00:35.423;5.3;44.0;POL;00:35.154;5.5;39.0
185;JPN;00:36.309;5.1;37.0;LTU;00:35.705;5.4;42.0;ESP;00:36.579;5.2;44.0;MEX;00:36.298;5.3;44.0;POL;00:36.042;5.5;39.0
190;JPN;00:37.192;5.1;37.0;LTU;00:36.672;5.4;42.0;ESP;00:37.606;5.2;43.0;MEX;00:37.306;5.3;44.0;POL;00:37.003;5.5;39.0
195;JPN;00:38.248;5.1;37.0;LTU;00:37.513;5.4;42.0;ESP;00:38.541;5.2;43.0;MEX;00:38.260;5.3;43.0;POL;00:37.857;5.5;39.0
200;JPN;00:39.163;5.1;37.0;LTU;00:38.486;5.4;42.0;ESP;00:39.448;5.2;43.0;MEX;00:39.148;5.3;43.0;POL;00:38.826;5.5;39.0
205;JPN;00:40.185;5.1;37.0;LTU;00:39.438;5.4;42.0;ESP;00:40.472;5.2;43.0;MEX;00:40.186;5.3;43.0;POL;00:39.689;5.5;39.0
210;JPN;00:41.173;5.1;37.0;LTU;00:40.276;5.4;42.0;ESP;00:41.436;5.2;43.0;MEX;00:41.135;5.3;43.0;POL;00:40.626;5.5;39.0
215;JPN;00:42.077;5.1;37.0;LTU;00:41.265;5.4;42.0;ESP;00:42.325;5.2;43.0;MEX;00:42.013;5.2;42.0;POL;00:41.557;5.4;39.0
220;JPN;00:43.128;5.1;36.0;LTU;00:42.181;5.4;42.0;ESP;00:43.356;5.2;43.0;MEX;00:43.040;5.2;42.0;POL;00:42.415;5.4;39.0
225;JPN;00:44.027;5.1;36.0;LTU;00:43.072;5.4;41.0;ESP;00:44.335;5.2;43.0;MEX;00:44.008;5.2;42.0;POL;00:43.398;5.4;38.0
230;JPN;00:45.080;5.1;36.0;LTU;00:44.048;5.4;41.0;ESP;00:45.209;5.2;43.0;MEX;00:44.886;5.2;42.0;POL;00:44.217;5.5;38.0
235;JPN;00:46.074;5.1;36.0;LTU;00:44.906;5.4;41.0;ESP;00:46.244;5.2;42.0;MEX;00:45.899;5.2;42.0;POL;00:45.212;5.5;38.0
240;JPN;00:47.022;5.1;36.0;LTU;00:45.867;5.4;41.0;ESP;00:47.235;5.2;42.0;MEX;00:46.868;5.3;42.0;POL;00:46.118;5.5;38.0
245;JPN;00:48.076;5.1;36.0;LTU;00:46.832;5.4;41.0;ESP;00:48.107;5.2;42.0;MEX;00:47.750;5.3;42.0;POL;00:47.022;5.5;38.0
250;JPN;00:48.969;5.1;36.0;LTU;00:47.675;5.4;41.0;ESP;00:49.131;5.2;42.0;MEX;00:48.769;5.2;42.0;POL;00:47.989;5.4;38.0
255;JPN;00:50.045;5.0;36.0;LTU;00:48.673;5.4;41.0;ESP;00:50.125;5.2;42.0;MEX;00:49.717;5.3;42.0;POL;00:48.827;5.4;38.0
260;JPN;00:51.033;5.0;36.0;LTU;00:49.610;5.4;41.0;ESP;00:51.004;5.2;42.0;MEX;00:50.628;5.3;42.0;POL;00:49.827;5.4;38.0
265;JPN;00:52.039;5.0;36.0;LTU;00:50.489;5.4;41.0;ESP;00:52.021;5.2;42.0;MEX;00:51.622;5.2;42.0;POL;00:50.662;5.4;38.0
270;JPN;00:53.069;5.0;36.0;LTU;00:51.483;5.4;41.0;ESP;00:53.023;5.2;42.0;MEX;00:52.581;5.2;42.0;POL;00:51.659;5.4;38.0
275;JPN;00:53.969;5.0;36.0;LTU;00:52.376;5.4;41.0;ESP;00:53.892;5.2;42.0;MEX;00:53.479;5.2;42.0;POL;00:52.577;5.4;37.0
280;JPN;00:55.054;5.0;36.0;LTU;00:53.329;5.3;41.0;ESP;00:54.921;5.1;42.0;MEX;00:54.508;5.2;42.0;POL;00:53.506;5.4;37.0
285;JPN;00:56.041;5.0;36.0;LTU;00:54.321;5.3;40.0;ESP;00:55.936;5.1;42.0;MEX;00:55.506;5.2;42.0;POL;00:54.481;5.4;37.0
290;JPN;00:57.034;5.0;36.0;LTU;00:55.178;5.3;40.0;ESP;00:56.830;5.1;42.0;MEX;00:56.397;5.2;42.0;POL;00:55.331;5.4;37.0
295;JPN;00:58.095;5.0;36.0;LTU;00:56.215;5.3;40.0;ESP;00:57.847;5.1;42.0;MEX;00:57.426;5.1;42.0;POL;00:56.346;5.3;37.0
300;JPN;00:58.993;5.0;36.0;LTU;00:57.147;5.3;40.0;ESP;00:58.871;5.1;42.0;MEX;00:58.437;5.1;42.0;POL;00:57.203;5.3;37.0
305;JPN;01:00.077;5.0;36.0;LTU;00:58.054;5.3;40.0;ESP;00:59.781;5.1;42.0;MEX;00:59.345;5.1;42.0;POL;00:58.210;5.3;37.0
310;JPN;01:01.060;5.0;36.0;LTU;00:59.075;5.2;40.0;ESP;01:00.777;5.1;41.0;MEX;01:00.351;5.1;42.0;POL;00:59.161;5.3;37.0
315;JPN;01:02.045;5.0;36.0;LTU;00:59.998;5.3;40.0;ESP;01:01.809;5.1;41.0;MEX;01:01.380;5.1;42.0;POL;01:00.070;5.3;37.0
320;JPN;01:03.102;5.0;36.0;LTU;01:00.959;5.2;40.0;ESP;01:02.726;5.1;41.0;MEX;01:02.308;5.1;42.0;POL;01:01.076;5.3;37.0
325;JPN;01:04.000;5.0;36.0;LTU;01:01.974;5.2;40.0;ESP;01:03.722;5.1;41.0;MEX;01:03.311;5.1;42.0;POL;01:01.934;5.3;37.0
330;JPN;01:05.087;5.0;36.0;LTU;01:02.840;5.2;39.0;ESP;01:04.764;5.1;41.0;MEX;01:04.362;5.0;42.0;POL;01:02.967;5.3;37.0
335;JPN;01:06.086;5.0;36.0;LTU;01:03.871;5.2;39.0;ESP;01:05.699;5.1;41.0;MEX;01:05.319;5.1;41.0;POL;01:03.857;5.3;37.0
340;JPN;01:07.055;5.0;36.0;LTU;01:04.858;5.2;39.0;ESP;01:06.712;5.0;41.0;MEX;01:06.302;5.0;41.0;POL;01:04.852;5.3;37.0
345;JPN;01:08.117;5.0;36.0;LTU;01:05.740;5.2;39.0;ESP;01:07.748;5.0;41.0;MEX;01:07.375;5.0;41.0;POL;01:05.847;5.3;37.0
350;JPN;01:09.013;5.0;36.0;LTU;01:06.785;5.2;39.0;ESP;01:08.695;5.0;41.0;MEX;01:08.367;5.0;41.0;POL;01:06.741;5.2;37.0
355;JPN;01:10.101;5.0;36.0;LTU;01:07.700;5.2;39.0;ESP;01:09.686;5.0;41.0;MEX;01:09.322;4.9;41.0;POL;01:07.779;5.2;37.0
360;JPN;01:11.110;5.0;36.0;LTU;01:08.678;5.2;39.0;ESP;01:10.752;5.0;41.0;MEX;01:10.406;4.9;41.0;POL;01:08.648;5.2;36.0
365;JPN;01:12.076;5.0;36.0;LTU;01:09.707;5.1;39.0;ESP;01:11.706;5.0;41.0;MEX;01:11.430;4.9;41.0;POL;01:09.703;5.2;36.0
370;JPN;01:13.146;5.0;36.0;LTU;01:10.603;5.1;39.0;ESP;01:12.689;5.0;41.0;MEX;01:12.389;4.9;41.0;POL;01:10.673;5.1;36.0
375;JPN;01:14.054;5.0;36.0;LTU;01:11.634;5.1;39.0;ESP;01:13.750;5.0;41.0;MEX;01:13.455;4.9;41.0;POL;01:11.634;5.1;36.0
380;JPN;01:15.132;5.0;36.0;LTU;01:12.652;5.1;39.0;ESP;01:14.721;5.0;41.0;MEX;01:14.494;4.9;41.0;POL;01:12.669;5.1;36.0
385;JPN;01:16.158;5.0;36.0;LTU;01:13.538;5.1;39.0;ESP;01:15.688;5.0;41.0;MEX;01:15.433;4.9;41.0;POL;01:13.550;5.1;36.0
390;JPN;01:17.104;5.0;36.0;LTU;01:14.587;5.1;39.0;ESP;01:16.744;5.0;40.0;MEX;01:16.498;4.9;40.0;POL;01:14.612;5.1;36.0
395;JPN;01:18.179;5.0;36.0;LTU;01:15.572;5.1;39.0;ESP;01:17.705;5.0;40.0;MEX;01:17.528;4.9;40.0;POL;01:15.525;5.1;36.0
400;JPN;01:19.094;5.0;36.0;LTU;01:16.500;5.1;39.0;ESP;01:18.678;5.0;40.0;MEX;01:18.449;5.0;40.0;POL;01:16.544;5.1;36.0
405;JPN;01:20.170;5.0;36.0;LTU;01:17.538;5.1;39.0;ESP;01:19.742;5.0;40.0;MEX;01:19.509;4.9;40.0;POL;01:17.541;5.1;36.0
410;JPN;01:21.192;5.0;36.0;LTU;01:18.447;5.1;39.0;ESP;01:20.708;5.0;40.0;MEX;01:20.540;5.0;40.0;POL;01:18.464;5.1;36.0
415;JPN;01:22.147;5.0;36.0;LTU;01:19.461;5.1;39.0;ESP;01:21.679;5.0;40.0;MEX;01:21.475;5.0;40.0;POL;01:19.491;5.1;36.0
420;JPN;01:23.227;4.9;36.0;LTU;01:20.483;5.1;38.0;ESP;01:22.740;5.0;40.0;MEX;01:22.533;4.9;40.0;POL;01:20.370;5.1;35.0
425;JPN;01:24.142;4.9;35.0;LTU;01:21.372;5.1;38.0;ESP;01:23.711;5.0;40.0;MEX;01:23.575;4.9;40.0;POL;01:21.435;5.1;35.0
430;JPN;01:25.236;4.9;35.0;LTU;01:22.428;5.1;38.0;ESP;01:24.693;5.0;40.0;MEX;01:24.525;4.9;40.0;POL;01:22.341;5.1;35.0
435;JPN;01:26.241;4.9;35.0;LTU;01:23.421;5.1;38.0;ESP;01:25.772;4.9;40.0;MEX;01:25.559;4.9;40.0;POL;01:23.370;5.1;35.0
440;JPN;01:27.234;4.9;35.0;LTU;01:24.349;5.1;38.0;ESP;01:26.729;5.0;40.0;MEX;01:26.593;4.9;40.0;POL;01:24.355;5.1;35.0
445;JPN;01:28.306;4.9;35.0;LTU;01:25.407;5.1;38.0;ESP;01:27.729;4.9;40.0;MEX;01:27.550;5.0;40.0;POL;01:25.296;5.1;35.0
450;JPN;01:29.214;4.9;35.0;LTU;01:26.326;5.1;38.0;ESP;01:28.776;5.0;40.0;MEX;01:28.583;5.0;40.0;POL;01:26.334;5.1;35.0
455;JPN;01:30.316;4.9;35.0;LTU;01:27.342;5.1;38.0;ESP;01:29.729;5.0;40.0;MEX;01:29.620;4.9;40.0;POL;01:27.219;5.1;35.0
460;JPN;01:31.305;4.9;35.0;LTU;01:28.374;5.1;38.0;ESP;01:30.726;5.0;40.0;MEX;01:30.575;5.0;40.0;POL;01:28.283;5.1;35.0
465;JPN;01:32.310;4.9;35.0;LTU;01:29.272;5.1;38.0;ESP;01:31.785;5.0;40.0;MEX;01:31.583;4.9;40.0;POL;01:29.168;5.1;35.0
470;JPN;01:33.380;4.9;35.0;LTU;01:30.337;5.1;38.0;ESP;01:32.726;5.0;40.0;MEX;01:32.645;4.9;40.0;POL;01:30.221;5.1;35.0
475;JPN;01:34.304;4.9;35.0;LTU;01:31.328;5.1;38.0;ESP;01:33.734;5.0;40.0;MEX;01:33.606;5.0;40.0;POL;01:31.174;5.1;35.0
480;JPN;01:35.413;4.9;35.0;LTU;01:32.253;5.1;38.0;ESP;01:34.789;5.0;39.0;MEX;01:34.606;4.9;40.0;POL;01:32.147;5.1;35.0
485;JPN;01:36.387;4.9;35.0;LTU;01:33.318;5.1;38.0;ESP;01:35.712;5.0;39.0;MEX;01:35.675;4.9;40.0;POL;01:33.165;5.1;35.0
490;JPN;01:37.426;4.9;35.0;LTU;01:34.291;5.0;38.0;ESP;01:36.747;5.0;39.0;MEX;01:36.646;5.0;40.0;POL;01:34.071;5.1;35.0
495;JPN;01:38.488;4.9;35.0;LTU;01:35.271;5.0;38.0;ESP;01:37.798;5.0;39.0;MEX;01:37.669;4.9;40.0;POL;01:35.121;5.1;35.0
500;JPN;01:39.405;4.9;35.0;LTU;01:36.312;5.0;38.0;ESP;01:38.727;5.0;39.0;MEX;01:38.746;4.9;39.0;POL;01:35.999;5.1;35.0
505;JPN;01:40.501;4.9;35.0;LTU;01:37.205;5.0;38.0;ESP;01:39.777;4.9;39.0;MEX;01:39.719;4.9;39.0;POL;01:37.067;5.1;35.0
510;JPN;01:41.460;4.9;35.0;LTU;01:38.261;5.1;38.0;ESP;01:40.829;4.9;39.0;MEX;01:40.732;4.9;39.0;POL;01:37.973;5.1;34.0
515;JPN;01:42.483;4.9;35.0;LTU;01:39.272;5.1;38.0;ESP;01:41.750;4.9;39.0;MEX;01:41.804;4.9;39.0;POL;01:39.016;5.1;34.0
520;JPN;01:43.524;5.0;35.0;LTU;01:40.184;5.1;38.0;ESP;01:42.801;4.9;39.0;MEX;01:42.772;4.9;39.0;POL;01:40.002;5.1;34.0
525;JPN;01:44.446;5.0;35.0;LTU;01:41.238;5.1;38.0;ESP;01:43.841;5.0;39.0;MEX;01:43.767;4.9;39.0;POL;01:40.968;5.1;34.0
530;JPN;01:45.518;5.0;35.0;LTU;01:42.172;5.1;38.0;ESP;01:44.747;5.0;39.0;MEX;01:44.829;4.9;39.0;POL;01:42.015;5.1;34.0
535;JPN;01:46.432;5.0;35.0;LTU;01:43.165;5.1;38.0;ESP;01:45.811;5.0;39.0;MEX;01:45.787;5.0;39.0;POL;01:42.930;5.1;34.0
540;JPN;01:47.499;5.0;35.0;LTU;01:44.189;5.1;38.0;ESP;01:46.848;5.0;39.0;MEX;01:46.792;5.0;39.0;POL;01:44.000;5.0;34.0
545;JPN;01:48.520;5.0;35.0;LTU;01:45.076;5.1;38.0;ESP;01:47.754;5.0;39.0;MEX;01:47.856;5.0;39.0;POL;01:44.904;5.0;34.0
550;JPN;01:49.461;5.0;35.0;LTU;01:46.131;5.1;38.0;ESP;01:48.827;5.0;39.0;MEX;01:48.806;5.0;39.0;POL;01:45.996;5.0;33.0
555;JPN;01:50.538;5.0;35.0;LTU;01:47.119;5.1;38.0;ESP;01:49.856;5.0;39.0;MEX;01:49.821;4.9;39.0;POL;01:46.902;5.0;33.0
560;JPN;01:51.450;5.0;35.0;LTU;01:48.053;5.1;38.0;ESP;01:50.768;5.0;39.0;MEX;01:50.883;4.9;39.0;POL;01:47.991;5.0;33.0
565;JPN;01:52.542;5.0;35.0;LTU;01:49.107;5.1;38.0;ESP;01:51.852;4.9;39.0;MEX;01:51.827;5.0;39.0;POL;01:49.006;4.9;33.0
570;JPN;01:53.577;4.9;35.0;LTU;01:50.016;5.1;38.0;ESP;01:52.883;5.0;39.0;MEX;01:52.852;4.9;39.0;POL;01:49.970;5.0;33.0
575;JPN;01:54.540;4.9;35.0;LTU;01:51.050;5.1;38.0;ESP;01:53.801;4.9;39.0;MEX;01:53.911;4.9;39.0;POL;01:51.030;5.0;33.0
580;JPN;01:55.630;4.9;35.0;LTU;01:52.081;5.1;38.0;ESP;01:54.894;4.9;39.0;MEX;01:54.858;5.0;39.0;POL;01:51.938;5.0;34.0
585;JPN;01:56.556;4.9;35.0;LTU;01:52.982;5.1;38.0;ESP;01:55.936;4.9;39.0;MEX;01:55.893;4.9;39.0;POL;01:53.022;5.0;34.0
590;JPN;01:57.639;4.9;35.0;LTU;01:54.051;5.0;38.0;ESP;01:56.865;4.9;39.0;MEX;01:56.948;4.9;39.0;POL;01:53.922;5.0;34.0
595;JPN;01:58.660;4.9;35.0;LTU;01:55.042;5.0;38.0;ESP;01:57.964;4.9;39.0;MEX;01:57.886;4.9;39.0;POL;01:55.009;5.0;34.0
600;JPN;01:59.628;4.9;35.0;LTU;01:55.990;5.0;38.0;ESP;01:59.006;4.9;39.0;MEX;01:58.919;4.9;39.0;POL;01:55.970;5.0;34.0
605;JPN;02:00.711;4.9;35.0;LTU;01:57.046;5.0;38.0;ESP;01:59.927;4.9;39.0;MEX;01:59.970;4.9;39.0;POL;01:56.997;5.0;34.0
610;JPN;02:01.620;4.9;35.0;LTU;01:57.963;5.0;38.0;ESP;02:01.015;4.9;39.0;MEX;02:00.893;5.0;39.0;POL;01:58.035;5.0;34.0
615;JPN;02:02.718;4.9;35.0;LTU;01:59.006;5.0;38.0;ESP;02:02.031;4.9;39.0;MEX;02:01.934;5.0;40.0;POL;01:58.977;5.0;34.0
620;JPN;02:03.729;4.9;35.0;LTU;02:00.034;5.0;38.0;ESP;02:02.962;4.9;39.0;MEX;02:02.983;5.0;40.0;POL;02:00.054;5.0;34.0
625;JPN;02:04.710;4.9;35.0;LTU;02:00.937;5.0;37.0;ESP;02:04.046;4.9;39.0;MEX;02:03.925;5.0;40.0;POL;02:00.956;5.0;34.0
630;JPN;02:05.787;4.9;35.0;LTU;02:02.003;5.0;37.0;ESP;02:05.041;5.0;39.0;MEX;02:04.979;4.9;39.0;POL;02:02.048;5.0;34.0
635;JPN;02:06.708;4.9;35.0;LTU;02:02.958;5.1;37.0;ESP;02:06.002;4.9;39.0;MEX;02:06.044;4.9;39.0;POL;02:02.970;5.0;34.0
640;JPN;02:07.798;4.9;35.0;LTU;02:03.959;5.0;37.0;ESP;02:07.092;4.9;39.0;MEX;02:06.979;4.9;39.0;POL;02:04.043;5.0;34.0
645;JPN;02:08.787;4.9;35.0;LTU;02:05.009;5.0;37.0;ESP;02:08.070;4.9;39.0;MEX;02:08.044;4.9;39.0;POL;02:05.053;5.0;34.0
650;JPN;02:09.791;4.9;35.0;LTU;02:05.911;5.0;37.0;ESP;02:09.060;4.9;39.0;MEX;02:09.106;4.9;39.0;POL;02:06.035;5.0;34.0
655;JPN;02:10.864;4.9;35.0;LTU;02:06.977;5.0;37.0;ESP;02:10.125;4.9;39.0;MEX;02:10.049;4.9;39.0;POL;02:07.101;4.9;34.0
660;JPN;02:11.773;4.9;35.0;LTU;02:07.993;5.0;37.0;ESP;02:11.077;4.9;39.0;MEX;02:11.123;4.9;39.0;POL;02:08.011;4.9;34.0
665;JPN;02:12.879;4.9;35.0;LTU;02:08.925;5.0;37.0;ESP;02:12.095;4.9;39.0;MEX;02:12.189;4.9;39.0;POL;02:09.099;5.0;34.0
670;JPN;02:13.858;4.9;35.0;LTU;02:09.992;5.0;37.0;ESP;02:13.158;4.9;39.0;MEX;02:13.113;4.9;39.0;POL;02:09.998;5.0;34.0
675;JPN;02:14.877;4.9;35.0;LTU;02:10.921;5.0;37.0;ESP;02:14.082;5.0;39.0;MEX;02:14.209;4.9;39.0;POL;02:11.095;5.0;34.0
680;JPN;02:15.938;4.9;35.0;LTU;02:11.964;5.0;37.0;ESP;02:15.137;4.9;39.0;MEX;02:15.241;4.9;39.0;POL;02:12.056;5.0;34.0
685;JPN;02:16.852;4.9;35.0;LTU;02:12.999;5.0;37.0;ESP;02:16.189;4.9;39.0;MEX;02:16.158;4.9;39.0;POL;02:13.085;5.0;34.0
690;JPN;02:17.943;4.9;35.0;LTU;02:13.909;5.0;37.0;ESP;02:17.096;4.9;39.0;MEX;02:17.225;4.9;39.0;POL;02:14.114;5.0;33.0
695;JPN;02:18.907;4.9;35.0;LTU;02:14.980;5.0;37.0;ESP;02:18.174;4.9;39.0;MEX;02:18.266;4.9;39.0;POL;02:15.072;5.0;33.0
700;JPN;02:19.934;4.9;35.0;LTU;02:15.959;5.0;37.0;ESP;02:19.203;5.0;39.0;MEX;02:19.180;5.0;39.0;POL;02:16.147;5.0;33.0
705;JPN;02:20.990;4.9;35.0;LTU;02:16.939;5.0;37.0;ESP;02:20.119;5.0;39.0;MEX;02:20.249;5.0;39.0;POL;02:17.065;5.0;33.0
710;JPN;02:21.905;4.9;35.0;LTU;02:17.995;5.0;37.0;ESP;02:21.207;5.0;39.0;MEX;02:21.281;5.0;39.0;POL;02:18.153;5.0;33.0
715;JPN;02:22.993;4.9;35.0;LTU;02:18.906;5.0;37.0;ESP;02:22.212;5.0;39.0;MEX;02:22.196;5.0;39.0;POL;02:19.069;4.9;33.0
720;JPN;02:23.940;4.9;35.0;LTU;02:19.975;5.0;37.0;ESP;02:23.169;4.9;38.0;MEX;02:23.284;4.9;39.0;POL;02:20.174;4.9;33.0
725;JPN;02:24.991;5.0;35.0;LTU;02:20.997;5.0;37.0;ESP;02:24.256;4.9;38.0;MEX;02:24.300;5.0;39.0;POL;02:21.141;4.9;33.0
730;JPN;02:26.045;4.9;35.0;LTU;02:21.934;5.0;37.0;ESP;02:25.220;4.9;38.0;MEX;02:25.230;4.9;39.0;POL;02:22.197;4.9;33.0
735;JPN;02:26.976;4.9;35.0;LTU;02:23.006;5.0;37.0;ESP;02:26.227;4.9;38.0;MEX;02:26.319;4.9;39.0;POL;02:23.238;4.9;33.0
740;JPN;02:28.074;4.9;35.0;LTU;02:23.931;5.0;37.0;ESP;02:27.302;4.9;38.0;MEX;02:27.347;4.9;39.0;POL;02:24.231;4.9;33.0
745;JPN;02:29.013;4.9;35.0;LTU;02:24.989;5.0;37.0;ESP;02:28.240;4.9;38.0;MEX;02:28.291;4.9;39.0;POL;02:25.281;4.9;33.0
750;JPN;02:30.094;4.9;35.0;LTU;02:26.031;5.0;37.0;ESP;02:29.291;4.9;38.0;MEX;02:29.381;4.9;39.0;POL;02:26.203;4.9;33.0
755;JPN;02:31.149;4.9;35.0;LTU;02:26.951;5.0;36.0;ESP;02:30.356;4.9;38.0;MEX;02:30.380;4.9;39.0;POL;02:27.295;4.9;33.0
760;JPN;02:32.096;4.9;35.0;LTU;02:28.035;5.0;36.0;ESP;02:31.279;4.9;38.0;MEX;02:31.362;4.9;39.0;POL;02:28.196;4.9;33.0
765;JPN;02:33.193;4.9;35.0;LTU;02:28.983;5.0;36.0;ESP;02:32.382;4.9;38.0;MEX;02:32.459;4.9;39.0;POL;02:29.295;5.0;33.0
770;JPN;02:34.135;4.9;35.0;LTU;02:30.023;4.9;36.0;ESP;02:33.412;4.9;38.0;MEX;02:33.479;4.9;39.0;POL;02:30.229;5.0;33.0
775;JPN;02:35.208;4.9;35.0;LTU;02:31.071;4.9;36.0;ESP;02:34.331;4.9;38.0;MEX;02:34.436;4.9;39.0;POL;02:31.285;5.0;33.0
780;JPN;02:36.261;4.9;35.0;LTU;02:31.986;4.9;36.0;ESP;02:35.424;4.9;38.0;MEX;02:35.524;4.9;39.0;POL;02:32.294;5.0;33.0
785;JPN;02:37.207;4.9;35.0;LTU;02:33.069;5.0;36.0;ESP;02:36.434;4.9;38.0;MEX;02:36.525;4.9;39.0;POL;02:33.263;5.0;33.0
790;JPN;02:38.301;4.9;35.0;LTU;02:34.024;5.0;36.0;ESP;02:37.366;4.9;38.0;MEX;02:37.485;4.9;39.0;POL;02:34.314;5.0;33.0
795;JPN;02:39.229;4.9;35.0;LTU;02:35.056;5.0;36.0;ESP;02:38.451;4.9;38.0;MEX;02:38.555;4.9;39.0;POL;02:35.231;5.0;33.0
800;JPN;02:40.313;4.9;35.0;LTU;02:36.111;5.0;36.0;ESP;02:39.427;5.0;38.0;MEX;02:39.556;5.0;39.0;POL;02:36.312;5.0;33.0
805;JPN;02:41.356;4.9;35.0;LTU;02:37.031;4.9;36.0;ESP;02:40.395;5.0;38.0;MEX;02:40.513;5.0;39.0;POL;02:37.205;5.0;33.0
810;JPN;02:42.301;4.9;35.0;LTU;02:38.117;4.9;36.0;ESP;02:41.465;5.0;38.0;MEX;02:41.602;4.9;39.0;POL;02:38.299;5.0;33.0
815;JPN;02:43.388;4.9;35.0;LTU;02:39.082;4.9;36.0;ESP;02:42.401;5.0;38.0;MEX;02:42.556;4.9;39.0;POL;02:39.210;5.0;33.0
820;JPN;02:44.317;4.9;35.0;LTU;02:40.102;4.9;36.0;ESP;02:43.430;5.0;38.0;MEX;02:43.590;4.9;39.0;POL;02:40.277;5.0;33.0
825;JPN;02:45.385;4.9;35.0;LTU;02:41.153;4.9;36.0;ESP;02:44.489;5.0;38.0;MEX;02:44.642;4.9;39.0;POL;02:41.276;5.0;33.0
830;JPN;02:46.421;4.9;35.0;LTU;02:42.066;5.0;36.0;ESP;02:45.398;5.0;38.0;MEX;02:45.627;4.9;39.0;POL;02:42.248;5.0;33.0
835;JPN;02:47.362;4.9;35.0;LTU;02:43.148;5.0;36.0;ESP;02:46.461;4.9;38.0;MEX;02:46.610;4.9;39.0;POL;02:43.294;5.0;33.0
840;JPN;02:48.448;4.9;35.0;LTU;02:44.102;5.0;36.0;ESP;02:47.495;5.0;38.0;MEX;02:47.679;4.9;39.0;POL;02:44.206;5.0;33.0
845;JPN;02:49.373;4.9;35.0;LTU;02:45.122;5.0;36.0;ESP;02:48.424;5.0;38.0;MEX;02:48.643;4.9;39.0;POL;02:45.276;5.0;33.0
850;JPN;02:50.453;4.9;35.0;LTU;02:46.170;5.0;36.0;ESP;02:49.485;5.0;38.0;MEX;02:49.654;4.9;39.0;POL;02:46.167;5.0;34.0
855;JPN;02:51.480;4.9;35.0;LTU;02:47.089;5.0;36.0;ESP;02:50.489;5.0;38.0;MEX;02:50.716;4.9;39.0;POL;02:47.253;5.1;34.0
860;JPN;02:52.441;4.9;35.0;LTU;02:48.172;5.0;36.0;ESP;02:51.424;5.0;38.0;MEX;02:51.648;5.0;39.0;POL;02:48.165;5.0;33.0
865;JPN;02:53.520;4.9;35.0;LTU;02:49.116;5.0;36.0;ESP;02:52.506;5.0;38.0;MEX;02:52.689;4.9;39.0;POL;02:49.223;5.0;33.0
870;JPN;02:54.425;4.9;35.0;LTU;02:50.170;5.0;36.0;ESP;02:53.487;5.0;38.0;MEX;02:53.745;4.9;39.0;POL;02:50.208;5.0;33.0
875;JPN;02:55.515;4.9;35.0;LTU;02:51.218;4.9;35.0;ESP;02:54.459;5.0;38.0;MEX;02:54.679;4.9;39.0;POL;02:51.200;5.0;33.0
880;JPN;02:56.529;4.9;35.0;LTU;02:52.143;4.9;35.0;ESP;02:55.526;5.0;38.0;MEX;02:55.749;4.9;39.0;POL;02:52.248;5.0;33.0
885;JPN;02:57.486;5.0;35.0;LTU;02:53.225;4.9;35.0;ESP;02:56.474;5.0;38.0;MEX;02:56.815;4.9;39.0;POL;02:53.173;5.0;33.0
890;JPN;02:58.549;5.0;35.0;LTU;02:54.148;4.9;35.0;ESP;02:57.491;5.0;38.0;MEX;02:57.747;4.9;39.0;POL;02:54.250;5.0;33.0
895;JPN;02:59.448;5.0;35.0;LTU;02:55.219;5.0;35.0;ESP;02:58.559;4.9;38.0;MEX;02:58.827;4.9;39.0;POL;02:55.167;5.0;33.0
900;JPN;03:00.536;5.0;35.0;LTU;02:56.247;5.0;35.0;ESP;02:59.484;4.9;38.0;MEX;02:59.843;4.9;39.0;POL;02:56.245;5.0;33.0
905;JPN;03:01.520;5.0;35.0;LTU;02:57.197;4.9;35.0;ESP;03:00.544;4.9;38.0;MEX;03:00.759;5.0;39.0;POL;02:57.164;5.0;33.0
910;JPN;03:02.510;5.0;35.0;LTU;02:58.274;4.9;35.0;ESP;03:01.590;4.9;38.0;MEX;03:01.828;5.0;39.0;POL;02:58.227;5.0;33.0
915;JPN;03:03.568;5.0;35.0;LTU;02:59.188;4.9;35.0;ESP;03:02.505;4.9;38.0;MEX;03:02.864;5.0;39.0;POL;02:59.223;5.0;33.0
920;JPN;03:04.480;5.0;35.0;LTU;03:00.278;4.9;35.0;ESP;03:03.585;4.9;38.0;MEX;03:03.784;5.0;39.0;POL;03:00.206;5.0;33.0
925;JPN;03:05.569;5.0;35.0;LTU;03:01.290;4.9;35.0;ESP;03:04.610;5.0;38.0;MEX;03:04.868;4.9;39.0;POL;03:01.258;5.0;33.0
930;JPN;03:06.528;5.0;35.0;LTU;03:02.279;4.9;35.0;ESP;03:05.526;5.0;38.0;MEX;03:05.907;4.9;39.0;POL;03:02.183;5.0;33.0
935;JPN;03:07.558;5.0;35.0;LTU;03:03.358;4.9;35.0;ESP;03:06.611;5.0;38.0;MEX;03:06.844;4.9;39.0;POL;03:03.267;5.0;33.0
940;JPN;03:08.608;4.9;35.0;LTU;03:04.285;4.9;35.0;ESP;03:07.596;5.0;38.0;MEX;03:07.931;4.9;39.0;POL;03:04.170;5.0;33.0
945;JPN;03:09.525;5.0;35.0;LTU;03:05.382;4.9;35.0;ESP;03:08.557;5.0;38.0;MEX;03:08.964;4.9;39.0;POL;03:05.269;5.0;33.0
950;JPN;03:10.617;5.0;35.0;LTU;03:06.393;4.9;35.0;ESP;03:09.633;4.9;38.0;MEX;03:09.886;4.9;39.0;POL;03:06.176;4.9;33.0
955;JPN;03:11.555;5.0;35.0;LTU;03:07.376;4.9;35.0;ESP;03:10.589;5.0;38.0;MEX;03:10.969;4.9;39.0;POL;03:07.265;5.0;33.0
960;JPN;03:12.613;4.9;35.0;LTU;03:08.450;4.9;35.0;ESP;03:11.631;5.0;38.0;MEX;03:11.996;5.0;39.0;POL;03:08.258;5.0;33.0
965;JPN;03:13.646;4.9;35.0;LTU;03:09.379;4.9;35.0;ESP;03:12.665;5.0;38.0;MEX;03:12.925;4.9;39.0;POL;03:09.263;5.0;33.0
970;JPN;03:14.578;4.9;35.0;LTU;03:10.459;4.9;35.0;ESP;03:13.590;5.0;38.0;MEX;03:14.004;4.9;39.0;POL;03:10.304;4.9;33.0
975;JPN;03:15.662;5.0;35.0;LTU;03:11.444;4.9;35.0;ESP;03:14.652;4.9;38.0;MEX;03:15.027;4.9;39.0;POL;03:11.262;4.9;33.0
980;JPN;03:16.585;5.0;35.0;LTU;03:12.453;4.9;35.0;ESP;03:15.696;4.9;38.0;MEX;03:15.965;4.9;39.0;POL;03:12.337;4.9;33.0
985;JPN;03:17.650;5.0;35.0;LTU;03:13.514;4.9;35.0;ESP;03:16.593;4.9;38.0;MEX;03:17.046;4.9;39.0;POL;03:13.244;4.9;33.0
990;JPN;03:18.670;5.0;35.0;LTU;03:14.424;4.9;35.0;ESP;03:17.666;5.0;38.0;MEX;03:18.052;4.9;39.0;POL;03:14.337;5.0;33.0
995;JPN;03:19.617;5.0;35.0;LTU;03:15.513;4.9;35.0;ESP;03:18.685;5.0;38.0;MEX;03:18.999;4.9;39.0;POL;03:15.246;5.0;33.0
1000;JPN;03:20.702;5.0;35.0;LTU;03:16.480;4.9;35.0;ESP;03:19.633;5.0;38.0;MEX;03:20.083;4.9;39.0;POL;03:16.340;5.0;33.0
1005;JPN;03:21.616;5.0;35.0;LTU;03:17.493;5.0;35.0;ESP;03:20.675;5.0;38.0;MEX;03:21.083;4.9;39.0;POL;03:17.328;5.0;33.0
1010;JPN;03:22.704;4.9;35.0;LTU;03:18.548;5.0;35.0;ESP;03:21.650;5.0;39.0;MEX;03:22.051;4.9;39.0;POL;03:18.353;4.9;33.0
1015;JPN;03:23.726;4.9;35.0;LTU;03:19.466;5.0;35.0;ESP;03:22.597;5.0;39.0;MEX;03:23.127;4.9;39.0;POL;03:19.389;4.9;33.0
1020;JPN;03:24.686;4.9;35.0;LTU;03:20.554;5.0;35.0;ESP;03:23.667;5.0;39.0;MEX;03:24.118;4.9;39.0;POL;03:20.323;4.9;33.0
1025;JPN;03:25.768;4.9;35.0;LTU;03:21.500;4.9;35.0;ESP;03:24.612;5.0;39.0;MEX;03:25.108;4.9;39.0;POL;03:21.402;5.0;33.0
1030;JPN;03:26.681;4.9;35.0;LTU;03:22.546;4.9;35.0;ESP;03:25.614;5.0;39.0;MEX;03:26.203;4.9;39.0;POL;03:22.306;5.0;33.0
1035;JPN;03:27.773;4.9;35.0;LTU;03:23.589;4.9;35.0;ESP;03:26.666;5.0;39.0;MEX;03:27.136;4.9;39.0;POL;03:23.398;5.0;33.0
1040;JPN;03:28.781;4.9;35.0;LTU;03:24.526;4.9;35.0;ESP;03:27.581;5.0;39.0;MEX;03:28.166;4.9;39.0;POL;03:24.315;5.0;33.0
1045;JPN;03:29.759;4.9;35.0;LTU;03:25.587;5.0;35.0;ESP;03:28.627;5.0;39.0;MEX;03:29.247;4.9;39.0;POL;03:25.394;5.0;33.0
1050;JPN;03:30.832;4.9;35.0;LTU;03:26.519;5.0;35.0;ESP;03:29.671;5.0;39.0;MEX;03:30.229;4.9;39.0;POL;03:26.393;5.0;33.0
1055;JPN;03:31.744;4.9;35.0;LTU;03:27.573;5.0;35.0;ESP;03:30.577;5.0;39.0;MEX;03:31.244;4.9;39.0;POL;03:27.388;5.0;33.0
1060;JPN;03:32.843;4.9;35.0;LTU;03:28.588;5.0;36.0;ESP;03:31.658;5.0;39.0;MEX;03:32.326;4.9;39.0;POL;03:28.448;4.9;33.0
1065;JPN;03:33.834;4.9;35.0;LTU;03:29.538;5.0;36.0;ESP;03:32.678;5.0;39.0;MEX;03:33.309;4.9;39.0;POL;03:29.377;4.9;33.0
1070;JPN;03:34.841;4.9;35.0;LTU;03:30.620;4.9;36.0;ESP;03:33.591;5.0;39.0;MEX;03:34.322;4.9;39.0;POL;03:30.465;4.9;33.0
1075;JPN;03:35.917;4.9;35.0;LTU;03:31.536;5.0;36.0;ESP;03:34.673;5.0;39.0;MEX;03:35.409;4.9;39.0;POL;03:31.373;4.9;33.0
1080;JPN;03:36.837;4.9;35.0;LTU;03:32.605;5.0;36.0;ESP;03:35.657;5.0;39.0;MEX;03:36.397;4.9;39.0;POL;03:32.473;4.9;33.0
1085;JPN;03:37.955;4.9;35.0;LTU;03:33.657;5.0;36.0;ESP;03:36.609;5.0;39.0;MEX;03:37.421;4.9;39.0;POL;03:33.415;4.9;33.0
1090;JPN;03:38.957;4.9;35.0;LTU;03:34.573;5.0;36.0;ESP;03:37.688;5.0;39.0;MEX;03:38.522;4.8;39.0;POL;03:34.478;4.9;33.0
1095;JPN;03:39.981;4.9;35.0;LTU;03:35.669;4.9;36.0;ESP;03:38.636;5.0;39.0;MEX;03:39.513;4.8;39.0;POL;03:35.517;4.9;33.0
1100;JPN;03:41.072;4.8;35.0;LTU;03:36.636;4.9;36.0;ESP;03:39.638;5.0;39.0;MEX;03:40.549;4.8;39.0;POL;03:36.468;4.9;34.0
1105;JPN;03:41.995;4.8;35.0;LTU;03:37.668;4.9;36.0;ESP;03:40.698;5.0;39.0;MEX;03:41.655;4.8;39.0;POL;03:37.545;4.9;34.0
1110;JPN;03:43.110;4.8;35.0;LTU;03:38.737;4.9;36.0;ESP;03:41.604;5.0;38.0;MEX;03:42.665;4.8;39.0;POL;03:38.448;4.9;34.0
1115;JPN;03:44.096;4.8;35.0;LTU;03:39.669;4.9;36.0;ESP;03:42.662;5.0;38.0;MEX;03:43.681;4.8;39.0;POL;03:39.547;5.0;34.0
1120;JPN;03:45.121;4.9;35.0;LTU;03:40.774;4.9;36.0;ESP;03:43.694;5.0;38.0;MEX;03:44.785;4.8;39.0;POL;03:40.481;5.0;34.0
1125;JPN;03:46.199;4.9;35.0;LTU;03:41.770;4.9;36.0;ESP;03:44.596;5.0;38.0;MEX;03:45.797;4.8;39.0;POL;03:41.530;5.0;34.0
1130;JPN;03:47.117;4.9;35.0;LTU;03:42.782;4.9;36.0;ESP;03:45.688;5.0;38.0;MEX;03:46.840;4.8;39.0;POL;03:42.548;5.0;34.0
1135;JPN;03:48.219;4.9;35.0;LTU;03:43.864;4.9;36.0;ESP;03:46.693;5.0;38.0;MEX;03:47.911;4.8;39.0;POL;03:43.497;5.0;34.0
1140;JPN;03:49.219;4.9;35.0;LTU;03:44.788;4.9;36.0;ESP;03:47.654;5.0;38.0;MEX;03:48.932;4.8;39.0;POL;03:44.571;5.0;34.0
1145;JPN;03:50.220;4.9;35.0;LTU;03:45.893;4.9;36.0;ESP;03:48.702;5.0;38.0;MEX;03:49.967;4.8;39.0;POL;03:45.482;5.0;34.0
1150;JPN;03:51.301;4.9;35.0;LTU;03:46.925;4.9;36.0;ESP;03:49.703;5.0;39.0;MEX;03:51.046;4.8;38.0;POL;03:46.586;5.0;34.0
1155;JPN;03:52.215;4.9;35.0;LTU;03:47.907;4.9;36.0;ESP;03:50.667;4.9;39.0;MEX;03:52.066;4.8;38.0;POL;03:47.510;4.9;34.0
1160;JPN;03:53.329;4.9;35.0;LTU;03:49.004;4.9;36.0;ESP;03:51.755;4.9;39.0;MEX;03:53.070;4.8;38.0;POL;03:48.593;4.9;34.0
1165;JPN;03:54.323;4.9;35.0;LTU;03:49.950;4.9;36.0;ESP;03:52.749;4.9;39.0;MEX;03:54.188;4.8;38.0;POL;03:49.653;4.9;34.0
1170;JPN;03:55.341;4.9;35.0;LTU;03:51.050;4.8;36.0;ESP;03:53.734;4.9;39.0;MEX;03:55.229;4.8;38.0;POL;03:50.633;4.9;34.0
1175;JPN;03:56.443;4.9;35.0;LTU;03:52.109;4.8;36.0;ESP;03:54.829;4.9;39.0;MEX;03:56.232;4.8;38.0;POL;03:51.708;4.9;34.0
1180;JPN;03:57.373;4.9;35.0;LTU;03:53.060;4.8;36.0;ESP;03:55.799;4.9;39.0;MEX;03:57.376;4.7;38.0;POL;03:52.620;4.9;34.0
1185;JPN;03:58.475;4.8;35.0;LTU;03:54.155;4.8;36.0;ESP;03:56.852;4.9;38.0;MEX;03:58.431;4.7;38.0;POL;03:53.743;4.9;34.0
1190;JPN;03:59.522;4.8;35.0;LTU;03:55.121;4.9;36.0;ESP;03:57.881;4.9;38.0;MEX;03:59.445;4.7;38.0;POL;03:54.717;4.9;34.0
1195;JPN;04:00.486;4.9;35.0;LTU;03:56.159;4.9;36.0;ESP;03:58.823;4.9;38.0;MEX;04:00.540;4.7;38.0;POL;03:55.756;4.9;34.0
1200;JPN;04:01.595;4.9;35.0;LTU;03:57.225;4.9;36.0;ESP;03:59.859;4.9;38.0;MEX;04:01.618;4.7;38.0;POL;03:56.836;4.9;34.0
1205;JPN;04:02.553;4.9;35.0;LTU;03:58.144;4.9;36.0;ESP;04:00.929;4.9;38.0;MEX;04:02.579;4.7;39.0;POL;03:57.767;4.9;34.0
1210;JPN;04:03.636;4.8;35.0;LTU;03:59.243;4.9;36.0;ESP;04:01.868;4.9;39.0;MEX;04:03.699;4.7;39.0;POL;03:58.881;4.9;34.0
1215;JPN;04:04.703;4.8;35.0;LTU;04:00.250;4.9;36.0;ESP;04:02.933;4.9;39.0;MEX;04:04.796;4.7;39.0;POL;03:59.810;4.9;34.0
1220;JPN;04:05.645;4.8;35.0;LTU;04:01.249;4.9;36.0;ESP;04:04.000;4.9;39.0;MEX;04:05.773;4.7;39.0;POL;04:00.919;4.9;34.0
1225;JPN;04:06.755;4.8;35.0;LTU;04:02.336;4.9;36.0;ESP;04:04.935;4.9;39.0;MEX;04:06.868;4.7;39.0;POL;04:01.962;4.8;34.0
1230;JPN;04:07.735;4.8;35.0;LTU;04:03.260;4.9;36.0;ESP;04:06.021;4.9;39.0;MEX;04:07.969;4.7;39.0;POL;04:02.943;4.8;34.0
1235;JPN;04:08.793;4.8;35.0;LTU;04:04.364;4.9;36.0;ESP;04:07.089;4.9;38.0;MEX;04:08.976;4.7;39.0;POL;04:04.037;4.9;34.0
1240;JPN;04:09.882;4.8;35.0;LTU;04:05.418;4.9;36.0;ESP;04:08.020;4.9;38.0;MEX;04:10.049;4.7;39.0;POL;04:04.958;4.9;34.0
1245;JPN;04:10.813;4.8;35.0;LTU;04:06.365;4.9;36.0;ESP;04:09.136;4.8;38.0;MEX;04:11.161;4.7;39.0;POL;04:06.078;4.9;34.0
1250;JPN;04:11.942;4.8;35.0;LTU;04:07.464;4.9;36.0;ESP;04:10.198;4.8;38.0;MEX;04:12.186;4.7;39.0;POL;04:07.057;4.9;34.0
1255;JPN;04:12.968;4.8;35.0;LTU;04:08.419;4.9;36.0;ESP;04:11.137;4.8;38.0;MEX;04:13.239;4.7;39.0;POL;04:08.097;4.9;34.0
1260;JPN;04:13.981;4.8;35.0;LTU;04:09.488;4.9;36.0;ESP;04:12.232;4.8;38.0;MEX;04:14.321;4.7;39.0;POL;04:09.153;4.9;34.0
1265;JPN;04:15.083;4.8;35.0;LTU;04:10.558;4.9;36.0;ESP;04:13.263;4.9;38.0;MEX;04:15.388;4.8;39.0;POL;04:10.099;4.9;34.0
1270;JPN;04:16.014;4.8;35.0;LTU;04:11.495;4.9;36.0;ESP;04:14.203;4.9;38.0;MEX;04:16.361;4.7;39.0;POL;04:11.200;4.9;34.0
1275;JPN;04:17.137;4.8;35.0;LTU;04:12.604;4.9;36.0;ESP;04:15.308;4.9;38.0;MEX;04:17.481;4.7;39.0;POL;04:12.119;4.9;34.0
1280;JPN;04:18.175;4.8;35.0;LTU;04:13.592;4.9;36.0;ESP;04:16.322;4.9;38.0;MEX;04:18.551;4.7;39.0;POL;04:13.216;4.9;34.0
1285;JPN;04:19.151;4.8;35.0;LTU;04:14.635;4.9;36.0;ESP;04:17.297;4.9;38.0;MEX;04:19.508;4.8;39.0;POL;04:14.232;4.9;34.0
1290;JPN;04:20.248;4.9;35.0;LTU;04:15.718;4.9;35.0;ESP;04:18.402;4.9;38.0;MEX;04:20.619;4.8;39.0;POL;04:15.228;4.9;34.0
1295;JPN;04:21.193;4.9;35.0;LTU;04:16.648;4.8;35.0;ESP;04:19.398;4.9;38.0;MEX;04:21.676;4.8;39.0;POL;04:16.312;4.9;34.0
1300;JPN;04:22.305;4.9;35.0;LTU;04:17.763;4.8;35.0;ESP;04:20.424;4.9;38.0;MEX;04:22.607;4.8;39.0;POL;04:17.227;4.9;34.0
1305;JPN;04:23.358;4.8;35.0;LTU;04:18.766;4.8;35.0;ESP;04:21.473;4.9;38.0;MEX;04:23.705;4.8;39.0;POL;04:18.330;4.9;34.0
1310;JPN;04:24.317;4.8;35.0;LTU;04:19.784;4.8;35.0;ESP;04:22.430;4.9;38.0;MEX;04:24.771;4.9;39.0;POL;04:19.247;4.9;34.0
1315;JPN;04:25.428;4.8;35.0;LTU;04:20.862;4.9;35.0;ESP;04:23.449;4.9;38.0;MEX;04:25.704;4.9;39.0;POL;04:20.324;4.9;34.0
1320;JPN;04:26.389;4.8;35.0;LTU;04:21.790;4.9;35.0;ESP;04:24.505;4.9;38.0;MEX;04:26.776;4.9;39.0;POL;04:21.347;5.0;34.0
1325;JPN;04:27.462;4.8;35.0;LTU;04:22.893;4.9;35.0;ESP;04:25.415;5.0;38.0;MEX;04:27.823;4.9;39.0;POL;04:22.297;5.0;34.0
1330;JPN;04:28.530;4.8;35.0;LTU;04:23.933;4.9;36.0;ESP;04:26.474;5.0;38.0;MEX;04:28.746;4.9;39.0;POL;04:23.366;5.0;34.0
1335;JPN;04:29.474;4.8;35.0;LTU;04:24.902;4.9;36.0;ESP;04:27.505;5.0;38.0;MEX;04:29.821;4.9;39.0;POL;04:24.275;5.0;34.0
1340;JPN;04:30.590;4.8;35.0;LTU;04:25.996;4.9;36.0;ESP;04:28.419;5.0;39.0;MEX;04:30.866;4.9;39.0;POL;04:25.374;5.0;34.0
1345;JPN;04:31.578;4.8;35.0;LTU;04:26.938;4.9;36.0;ESP;04:29.483;5.0;39.0;MEX;04:31.806;4.9;39.0;POL;04:26.285;5.0;34.0
1350;JPN;04:32.626;4.8;35.0;LTU;04:28.010;4.9;36.0;ESP;04:30.513;5.0;39.0;MEX;04:32.874;4.9;39.0;POL;04:27.350;5.0;34.0
1355;JPN;04:33.714;4.8;35.0;LTU;04:29.061;4.9;36.0;ESP;04:31.424;5.0;39.0;MEX;04:33.913;4.9;39.0;POL;04:28.363;5.0;34.0
1360;JPN;04:34.656;4.8;35.0;LTU;04:30.032;4.9;36.0;ESP;04:32.516;4.9;39.0;MEX;04:34.843;4.9;39.0;POL;04:29.328;5.0;34.0
1365;JPN;04:35.791;4.8;35.0;LTU;04:31.097;4.9;36.0;ESP;04:33.521;4.9;39.0;MEX;04:35.940;4.9;39.0;POL;04:30.395;5.0;34.0
1370;JPN;04:36.810;4.8;35.0;LTU;04:32.053;4.9;36.0;ESP;04:34.476;4.9;39.0;MEX;04:37.002;4.9;39.0;POL;04:31.305;5.0;34.0
1375;JPN;04:37.855;4.8;35.0;LTU;04:33.110;4.9;36.0;ESP;04:35.570;4.9;39.0;MEX;04:37.942;4.9;39.0;POL;04:32.401;5.0;34.0
1380;JPN;04:38.958;4.8;35.0;LTU;04:34.170;4.9;36.0;ESP;04:36.581;4.9;39.0;MEX;04:39.038;4.8;39.0;POL;04:33.308;4.9;34.0
1385;JPN;04:39.899;4.8;35.0;LTU;04:35.098;4.9;36.0;ESP;04:37.537;4.9;39.0;MEX;04:40.097;4.8;39.0;POL;04:34.407;4.9;34.0
1390;JPN;04:41.024;4.8;35.0;LTU;04:36.196;4.9;36.0;ESP;04:38.635;4.9;39.0;MEX;04:41.037;4.8;39.0;POL;04:35.430;4.9;34.0
1395;JPN;04:42.061;4.8;35.0;LTU;04:37.166;4.9;36.0;ESP;04:39.622;4.9;38.0;MEX;04:42.120;4.8;39.0;POL;04:36.409;4.9;34.0
1400;JPN;04:43.055;4.8;35.0;LTU;04:38.233;4.9;36.0;ESP;04:40.625;4.9;38.0;MEX;04:43.172;4.9;39.0;POL;04:37.482;4.9;34.0
1405;JPN;04:44.159;4.8;35.0;LTU;04:39.278;4.9;36.0;ESP;04:41.712;4.9;38.0;MEX;04:44.107;4.9;39.0;POL;04:38.392;4.9;34.0
1410;JPN;04:45.101;4.8;35.0;LTU;04:40.204;4.9;35.0;ESP;04:42.663;4.9;38.0;MEX;04:45.175;4.9;39.0;POL;04:39.485;4.9;34.0
1415;JPN;04:46.215;4.8;35.0;LTU;04:41.303;4.9;35.0;ESP;04:43.698;4.9;38.0;MEX;04:46.203;4.9;39.0;POL;04:40.402;4.9;34.0
1420;JPN;04:47.266;4.8;35.0;LTU;04:42.249;4.9;35.0;ESP;04:44.765;4.9;38.0;MEX;04:47.135;5.0;40.0;POL;04:41.467;5.0;34.0
1425;JPN;04:48.228;4.8;35.0;LTU;04:43.302;4.9;35.0;ESP;04:45.679;4.9;38.0;MEX;04:48.187;4.9;40.0;POL;04:42.473;5.0;34.0
1430;JPN;04:49.332;4.8;35.0;LTU;04:44.355;4.9;35.0;ESP;04:46.756;4.9;38.0;MEX;04:49.248;4.9;40.0;POL;04:43.434;5.0;34.0
1435;JPN;04:50.280;4.9;35.0;LTU;04:45.280;4.9;35.0;ESP;04:47.806;4.9;38.0;MEX;04:50.201;4.9;40.0;POL;04:44.496;5.0;34.0
1440;JPN;04:51.376;4.9;35.0;LTU;04:46.370;4.9;35.0;ESP;04:48.721;4.9;38.0;MEX;04:51.250;4.9;40.0;POL;04:45.398;5.0;34.0
1445;JPN;04:52.449;4.8;35.0;LTU;04:47.328;4.9;35.0;ESP;04:49.804;4.9;38.0;MEX;04:52.321;4.9;40.0;POL;04:46.482;5.0;34.0
1450;JPN;04:53.395;4.8;35.0;LTU;04:48.357;4.9;36.0;ESP;04:50.834;4.9;38.0;MEX;04:53.277;4.9;40.0;POL;04:47.389;5.0;34.0
1455;JPN;04:54.512;4.8;35.0;LTU;04:49.411;4.9;36.0;ESP;04:51.760;4.9;38.0;MEX;04:54.334;4.9;40.0;POL;04:48.481;5.0;34.0
1460;JPN;04:55.511;4.8;35.0;LTU;04:50.342;5.0;36.0;ESP;04:52.852;4.9;38.0;MEX;04:55.392;4.9;40.0;POL;04:49.472;5.0;34.0
1465;JPN;04:56.549;4.8;35.0;LTU;04:51.425;4.9;36.0;ESP;04:53.849;4.9;38.0;MEX;04:56.368;4.9;39.0;POL;04:50.467;4.9;34.0
1470;JPN;04:57.644;4.8;35.0;LTU;04:52.412;4.9;36.0;ESP;04:54.853;4.9;38.0;MEX;04:57.399;4.9;39.0;POL;04:51.524;4.9;34.0
1475;JPN;04:58.595;4.8;35.0;LTU;04:53.427;4.9;36.0;ESP;04:55.898;4.9;38.0;MEX;04:58.474;4.8;39.0;POL;04:52.452;4.9;34.0
1480;JPN;04:59.695;4.8;35.0;LTU;04:54.501;4.9;36.0;ESP;04:56.858;4.9;38.0;MEX;04:59.445;4.9;39.0;POL;04:53.547;5.0;34.0
1485;JPN;05:00.727;4.8;35.0;LTU;04:55.424;4.9;36.0;ESP;04:57.864;4.9;38.0;MEX;05:00.456;4.9;39.0;POL;04:54.452;4.9;34.0
1490;JPN;05:01.739;4.8;35.0;LTU;04:56.537;4.9;36.0;ESP;04:58.939;4.9;38.0;MEX;05:01.533;4.9;39.0;POL;04:55.555;4.9;34.0
1495;JPN;05:02.817;4.8;35.0;LTU;04:57.548;4.9;35.0;ESP;04:59.883;4.9;38.0;MEX;05:02.512;4.9;39.0;POL;04:56.552;4.9;34.0
1500;JPN;05:03.762;4.8;35.0;LTU;04:58.547;4.9;35.0;ESP;05:00.924;4.9;38.0;MEX;05:03.524;4.9;39.0;POL;04:57.560;4.9;34.0
1505;JPN;05:04.866;4.8;35.0;LTU;04:59.628;4.9;35.0;ESP;05:01.993;4.9;38.0;MEX;05:04.620;4.9;39.0;POL;04:58.642;4.9;34.0
1510;JPN;05:05.933;4.8;35.0;LTU;05:00.562;4.9;36.0;ESP;05:02.919;4.9;38.0;MEX;05:05.614;4.9;39.0;POL;04:59.572;4.9;34.0
1515;JPN;05:06.896;4.8;35.0;LTU;05:01.633;4.9;36.0;ESP;05:04.018;4.9;38.0;MEX;05:06.623;4.8;39.0;POL;05:00.685;4.9;34.0
1520;JPN;05:08.008;4.8;35.0;LTU;05:02.680;4.9;36.0;ESP;05:05.056;4.9;38.0;MEX;05:07.725;4.8;39.0;POL;05:01.609;4.9;34.0
1525;JPN;05:08.992;4.8;35.0;LTU;05:03.602;4.9;37.0;ESP;05:05.976;4.9;38.0;MEX;05:08.737;4.8;39.0;POL;05:02.702;4.9;34.0
1530;JPN;05:10.024;4.8;36.0;LTU;05:04.694;4.9;37.0;ESP;05:07.053;4.9;38.0;MEX;05:09.723;4.8;39.0;POL;05:03.733;4.9;34.0
1535;JPN;05:11.095;4.9;36.0;LTU;05:05.676;4.9;37.0;ESP;05:08.088;4.9;38.0;MEX;05:10.822;4.8;39.0;POL;05:04.698;4.9;34.0
1540;JPN;05:12.008;4.9;36.0;LTU;05:06.674;4.9;37.0;ESP;05:08.985;4.9;39.0;MEX;05:11.844;4.8;39.0;POL;05:05.778;4.9;34.0
1545;JPN;05:13.108;4.9;36.0;LTU;05:07.731;4.9;37.0;ESP;05:10.061;5.0;39.0;MEX;05:12.847;4.9;39.0;POL;05:06.685;4.9;34.0
1550;JPN;05:14.111;4.9;36.0;LTU;05:08.632;5.0;37.0;ESP;05:11.055;5.1;39.0;MEX;05:13.908;4.8;39.0;POL;05:07.778;4.9;34.0
1555;JPN;05:15.077;4.9;36.0;LTU;05:09.705;5.0;37.0;ESP;05:11.966;5.1;39.0;MEX;05:14.906;4.9;39.0;POL;05:08.751;4.9;34.0
1560;JPN;05:16.141;5.0;36.0;LTU;05:10.697;5.0;37.0;ESP;05:13.000;5.1;39.0;MEX;05:15.871;4.9;39.0;POL;05:09.758;5.0;35.0
1565;JPN;05:17.035;5.0;36.0;LTU;05:11.636;5.0;37.0;ESP;05:13.984;5.1;39.0;MEX;05:16.949;4.9;39.0;POL;05:10.817;5.0;35.0
1570;JPN;05:18.104;5.0;36.0;LTU;05:12.691;5.1;37.0;ESP;05:14.909;5.1;39.0;MEX;05:17.976;4.9;39.0;POL;05:11.733;5.0;35.0
1575;JPN;05:19.117;5.0;36.0;LTU;05:13.603;5.1;37.0;ESP;05:15.987;5.1;40.0;MEX;05:18.931;4.9;39.0;POL;05:12.832;5.0;35.0
1580;JPN;05:20.048;5.0;37.0;LTU;05:14.672;5.0;37.0;ESP;05:16.957;5.1;40.0;MEX;05:20.011;4.9;40.0;POL;05:13.780;4.9;35.0
1585;JPN;05:21.103;5.0;37.0;LTU;05:15.710;5.0;37.0;ESP;05:17.913;5.0;40.0;MEX;05:21.051;4.9;40.0;POL;05:14.839;4.9;35.0
1590;JPN;05:22.029;5.1;37.0;LTU;05:16.627;5.0;37.0;ESP;05:18.985;5.0;40.0;MEX;05:21.997;4.9;40.0;POL;05:15.895;4.9;35.0
1595;JPN;05:23.072;5.0;37.0;LTU;05:17.714;4.9;37.0;ESP;05:19.935;5.0;39.0;MEX;05:23.110;4.8;39.0;POL;05:16.834;4.9;35.0
1600;JPN;05:24.110;5.0;37.0;LTU;05:18.691;4.9;37.0;ESP;05:20.934;5.0;39.0;MEX;05:24.145;4.9;39.0;POL;05:17.934;4.9;35.0
1605;JPN;05:25.021;5.0;37.0;LTU;05:19.711;4.9;37.0;ESP;05:22.003;5.0;39.0;MEX;05:25.092;4.9;39.0;POL;05:18.873;4.9;35.0
1610;JPN;05:26.134;4.9;37.0;LTU;05:20.787;4.9;37.0;ESP;05:22.934;5.0;39.0;MEX;05:26.185;4.8;39.0;POL;05:19.954;4.9;35.0
1615;JPN;05:27.139;4.9;37.0;LTU;05:21.712;4.9;37.0;ESP;05:23.978;5.0;39.0;MEX;05:27.244;4.8;39.0;POL;05:21.011;4.9;35.0
1620;JPN;05:28.101;4.9;37.0;LTU;05:22.796;4.9;37.0;ESP;05:25.001;5.0;39.0;MEX;05:28.189;4.9;39.0;POL;05:21.945;4.9;35.0
1625;JPN;05:29.173;4.9;37.0;LTU;05:23.832;4.9;37.0;ESP;05:25.900;5.0;39.0;MEX;05:29.275;4.9;39.0;POL;05:23.038;4.9;35.0
1630;JPN;05:30.086;4.9;37.0;LTU;05:24.752;4.9;37.0;ESP;05:26.969;5.0;39.0;MEX;05:30.337;4.8;39.0;POL;05:23.945;4.9;35.0
1635;JPN;05:31.145;5.0;37.0;LTU;05:25.827;5.0;37.0;ESP;05:28.020;5.0;39.0;MEX;05:31.282;4.9;39.0;POL;05:25.044;4.9;35.0
1640;JPN;05:32.173;5.0;37.0;LTU;05:26.773;5.0;37.0;ESP;05:28.917;5.0;39.0;MEX;05:32.351;4.8;39.0;POL;05:26.078;4.9;35.0
1645;JPN;05:33.071;5.0;37.0;LTU;05:27.778;5.0;37.0;ESP;05:29.985;5.0;39.0;MEX;05:33.424;4.9;39.0;POL;05:27.042;4.9;35.0
1650;JPN;05:34.136;5.0;37.0;LTU;05:28.819;5.0;37.0;ESP;05:30.982;5.0;39.0;MEX;05:34.349;4.9;39.0;POL;05:28.137;4.9;35.0
1655;JPN;05:35.098;5.1;37.0;LTU;05:29.722;5.0;37.0;ESP;05:31.915;5.0;39.0;MEX;05:35.433;4.9;39.0;POL;05:29.058;4.9;35.0
1660;JPN;05:36.076;5.1;37.0;LTU;05:30.790;5.0;37.0;ESP;05:32.986;5.0;39.0;MEX;05:36.498;4.9;39.0;POL;05:30.167;4.9;35.0
1665;JPN;05:37.123;5.1;37.0;LTU;05:31.822;5.0;37.0;ESP;05:34.002;5.0;39.0;MEX;05:37.441;4.9;39.0;POL;05:31.190;4.9;35.0
1670;JPN;05:38.017;5.1;37.0;LTU;05:32.746;5.0;37.0;ESP;05:34.919;5.0;39.0;MEX;05:38.523;4.9;39.0;POL;05:32.172;4.9;35.0
1675;JPN;05:39.088;5.0;37.0;LTU;05:33.813;5.0;37.0;ESP;05:35.999;5.0;39.0;MEX;05:39.579;4.9;39.0;POL;05:33.253;4.9;35.0
1680;JPN;05:40.106;5.0;37.0;LTU;05:34.750;5.0;37.0;ESP;05:37.004;5.0;39.0;MEX;05:40.539;4.9;39.0;POL;05:34.178;4.9;35.0
1685;JPN;05:41.031;5.0;37.0;LTU;05:35.780;5.0;37.0;ESP;05:37.955;5.0;39.0;MEX;05:41.594;4.9;39.0;POL;05:35.267;4.9;35.0
1690;JPN;05:42.107;5.0;37.0;LTU;05:36.824;5.0;37.0;ESP;05:39.051;4.9;39.0;MEX;05:42.677;4.8;39.0;POL;05:36.265;4.9;35.0
1695;JPN;05:43.067;5.0;37.0;LTU;05:37.731;5.0;37.0;ESP;05:40.033;4.9;39.0;MEX;05:43.657;4.8;39.0;POL;05:37.264;4.9;35.0
1700;JPN;05:44.089;5.0;37.0;LTU;05:38.810;5.0;37.0;ESP;05:41.020;4.9;39.0;MEX;05:44.709;4.8;39.0;POL;05:38.332;4.9;35.0
1705;JPN;05:45.150;4.9;37.0;LTU;05:39.796;5.0;37.0;ESP;05:42.107;4.9;39.0;MEX;05:45.813;4.8;39.0;POL;05:39.245;4.9;35.0
1710;JPN;05:46.058;4.9;37.0;LTU;05:40.769;5.0;37.0;ESP;05:43.070;4.9;38.0;MEX;05:46.826;4.8;39.0;POL;05:40.346;4.9;35.0
1715;JPN;05:47.164;4.9;37.0;LTU;05:41.825;5.0;37.0;ESP;05:44.094;4.9;38.0;MEX;05:47.847;4.8;39.0;POL;05:41.302;4.9;35.0
1720;JPN;05:48.191;4.9;37.0;LTU;05:42.734;5.0;37.0;ESP;05:45.168;4.9;38.0;MEX;05:48.956;4.8;39.0;POL;05:42.346;4.9;35.0
1725;JPN;05:49.121;4.9;37.0;LTU;05:43.791;5.0;37.0;ESP;05:46.101;4.9;38.0;MEX;05:50.002;4.8;39.0;POL;05:43.405;4.9;35.0
1730;JPN;05:50.198;4.9;37.0;LTU;05:44.814;5.0;37.0;ESP;05:47.139;4.9;38.0;MEX;05:51.002;4.8;39.0;POL;05:44.327;4.9;35.0
1735;JPN;05:51.154;4.9;37.0;LTU;05:45.732;5.0;37.0;ESP;05:48.189;4.9;38.0;MEX;05:52.160;4.7;39.0;POL;05:45.422;4.9;35.0
1740;JPN;05:52.148;5.0;37.0;LTU;05:46.801;5.0;37.0;ESP;05:49.098;5.0;39.0;MEX;05:53.251;4.7;39.0;POL;05:46.354;4.9;35.0
1745;JPN;05:53.188;5.0;37.0;LTU;05:47.745;5.0;37.0;ESP;05:50.145;5.0;39.0;MEX;05:54.261;4.6;39.0;POL;05:47.432;4.9;35.0
1750;JPN;05:54.078;5.1;37.0;LTU;05:48.755;5.0;37.0;ESP;05:51.154;5.0;39.0;MEX;05:55.448;4.6;39.0;POL;05:48.472;4.9;35.0
1755;JPN;05:55.134;5.1;37.0;LTU;05:49.788;5.0;37.0;ESP;05:52.049;5.1;39.0;MEX;05:56.610;4.5;38.0;POL;05:49.422;4.9;35.0
1760;JPN;05:56.132;5.1;37.0;LTU;05:50.681;5.0;37.0;ESP;05:53.077;5.1;40.0;MEX;05:57.648;4.5;38.0;POL;05:50.514;4.9;35.0
1765;JPN;05:57.052;5.1;38.0;LTU;05:51.737;5.1;37.0;ESP;05:54.110;5.1;40.0;MEX;05:58.803;4.4;38.0;POL;05:51.425;4.9;35.0
1770;JPN;05:58.115;5.1;38.0;LTU;05:52.731;5.1;37.0;ESP;05:55.015;5.1;41.0;MEX;05:59.980;4.4;38.0;POL;05:52.519;4.9;35.0
1775;JPN;05:59.051;5.1;38.0;LTU;05:53.653;5.1;38.0;ESP;05:56.033;5.1;41.0;MEX;06:01.091;4.4;38.0;POL;05:53.546;4.9;35.0
1780;JPN;06:00.041;5.1;38.0;LTU;05:54.704;5.1;38.0;ESP;05:57.066;5.1;41.0;MEX;06:02.131;4.4;38.0;POL;05:54.489;4.9;35.0
1785;JPN;06:01.069;5.1;38.0;LTU;05:55.673;5.1;38.0;ESP;05:57.972;5.1;41.0;MEX;06:03.309;4.5;38.0;POL;05:55.569;4.9;35.0
1790;JPN;06:01.949;5.1;38.0;LTU;05:56.649;5.1;38.0;ESP;05:59.016;5.1;41.0;MEX;06:04.447;4.5;38.0;POL;05:56.485;5.0;36.0
1795;JPN;06:03.012;5.1;38.0;LTU;05:57.706;5.0;39.0;ESP;06:00.062;5.0;40.0;MEX;06:05.451;4.5;38.0;POL;05:57.554;5.0;36.0
1800;JPN;06:03.989;5.1;38.0;LTU;05:58.672;5.0;39.0;ESP;06:00.975;5.0;40.0;MEX;06:06.597;4.6;38.0;POL;05:58.583;5.0;36.0
1805;JPN;06:04.902;5.1;38.0;LTU;05:59.629;5.0;39.0;ESP;06:02.038;4.9;40.0;MEX;06:07.705;4.6;38.0;POL;05:59.514;5.0;36.0
1810;JPN;06:05.932;5.1;38.0;LTU;06:00.675;5.0;40.0;ESP;06:03.085;4.9;40.0;MEX;06:08.717;4.6;38.0;POL;06:00.591;5.0;36.0
1815;JPN;06:06.867;5.1;38.0;LTU;06:01.577;5.1;40.0;ESP;06:03.992;5.0;40.0;MEX;06:09.807;4.6;38.0;POL;06:01.507;5.0;36.0
1820;JPN;06:07.870;5.1;38.0;LTU;06:02.634;5.1;39.0;ESP;06:05.051;4.9;40.0;MEX;06:10.949;4.6;38.0;POL;06:02.559;5.0;36.0
1825;JPN;06:08.905;5.1;38.0;LTU;06:03.685;5.0;39.0;ESP;06:06.097;5.0;40.0;MEX;06:12.005;4.6;38.0;POL;06:03.583;5.0;36.0
1830;JPN;06:09.802;5.1;38.0;LTU;06:04.604;5.0;39.0;ESP;06:06.994;5.0;40.0;MEX;06:13.003;4.6;38.0;POL;06:04.516;5.0;36.0
1835;JPN;06:10.883;5.0;38.0;LTU;06:05.670;4.9;39.0;ESP;06:08.043;5.0;40.0;MEX;06:14.138;4.7;38.0;POL;06:05.572;5.0;36.0
1840;JPN;06:11.896;5.0;38.0;LTU;06:06.711;4.9;39.0;ESP;06:09.066;5.0;40.0;MEX;06:15.208;4.7;38.0;POL;06:06.483;5.0;36.0
1845;JPN;06:12.816;5.0;38.0;LTU;06:07.617;4.9;38.0;ESP;06:09.956;5.1;40.0;MEX;06:16.222;4.7;38.0;POL;06:07.534;5.0;36.0
1850;JPN;06:13.901;5.0;38.0;LTU;06:08.704;4.9;38.0;ESP;06:11.012;5.1;40.0;MEX;06:17.332;4.7;38.0;POL;06:08.564;5.0;36.0
1855;JPN;06:14.892;5.0;38.0;LTU;06:09.707;5.0;38.0;ESP;06:12.024;5.1;40.0;MEX;06:18.426;4.7;38.0;POL;06:09.484;5.0;36.0
1860;JPN;06:15.864;5.0;38.0;LTU;06:10.645;5.0;38.0;ESP;06:12.920;5.1;40.0;MEX;06:19.406;4.7;38.0;POL;06:10.559;5.0;36.0
1865;JPN;06:16.941;4.9;38.0;LTU;06:11.720;5.0;38.0;ESP;06:13.985;5.1;40.0;MEX;06:20.560;4.6;38.0;POL;06:11.466;5.0;36.0
1870;JPN;06:17.883;4.9;38.0;LTU;06:12.681;5.0;38.0;ESP;06:14.986;5.1;40.0;MEX;06:21.648;4.6;38.0;POL;06:12.526;5.0;36.0
1875;JPN;06:18.935;4.9;38.0;LTU;06:13.695;5.0;38.0;ESP;06:15.916;5.0;40.0;MEX;06:22.629;4.7;38.0;POL;06:13.541;5.0;36.0
1880;JPN;06:20.006;4.9;38.0;LTU;06:14.765;4.9;38.0;ESP;06:16.991;5.0;40.0;MEX;06:23.767;4.7;38.0;POL;06:14.466;5.0;36.0
1885;JPN;06:20.942;4.9;38.0;LTU;06:15.709;4.9;38.0;ESP;06:17.945;5.0;40.0;MEX;06:24.864;4.7;38.0;POL;06:15.533;5.0;36.0
1890;JPN;06:22.039;4.9;38.0;LTU;06:16.753;4.9;38.0;ESP;06:18.934;5.0;40.0;MEX;06:25.851;4.7;38.0;POL;06:16.424;5.0;36.0
1895;JPN;06:23.100;4.8;38.0;LTU;06:17.775;4.9;38.0;ESP;06:20.033;4.9;39.0;MEX;06:26.971;4.6;38.0;POL;06:17.501;5.0;36.0
1900;JPN;06:24.033;4.8;38.0;LTU;06:18.696;5.0;38.0;ESP;06:21.046;4.9;39.0;MEX;06:28.079;4.6;38.0;POL;06:18.499;5.0;36.0
1905;JPN;06:25.150;4.8;38.0;LTU;06:19.737;5.0;39.0;ESP;06:22.013;4.9;39.0;MEX;06:29.075;4.7;38.0;POL;06:19.454;5.0;36.0
1910;JPN;06:26.200;4.8;37.0;LTU;06:20.780;5.0;39.0;ESP;06:23.118;4.8;39.0;MEX;06:30.142;4.7;38.0;POL;06:20.525;5.0;36.0
1915;JPN;06:27.170;4.8;37.0;LTU;06:21.698;5.0;39.0;ESP;06:24.113;4.8;39.0;MEX;06:31.249;4.7;38.0;POL;06:21.427;5.0;36.0
1920;JPN;06:28.292;4.8;37.0;LTU;06:22.769;5.0;39.0;ESP;06:25.108;4.8;39.0;MEX;06:32.269;4.8;38.0;POL;06:22.525;5.0;36.0
1925;JPN;06:29.306;4.8;37.0;LTU;06:23.821;4.9;39.0;ESP;06:26.185;4.9;39.0;MEX;06:33.300;4.8;39.0;POL;06:23.553;4.9;36.0
1930;JPN;06:30.323;4.8;37.0;LTU;06:24.750;4.9;39.0;ESP;06:27.188;4.9;39.0;MEX;06:34.421;4.7;39.0;POL;06:24.498;4.9;36.0
1935;JPN;06:31.415;4.8;37.0;LTU;06:25.826;4.9;39.0;ESP;06:28.139;4.9;39.0;MEX;06:35.472;4.7;39.0;POL;06:25.577;4.9;36.0
1940;JPN;06:32.404;4.8;37.0;LTU;06:26.867;4.9;39.0;ESP;06:29.232;4.9;39.0;MEX;06:36.500;4.7;39.0;POL;06:26.492;4.9;36.0
1945;JPN;06:33.445;4.8;37.0;LTU;06:27.780;4.9;39.0;ESP;06:30.224;4.9;39.0;MEX;06:37.664;4.6;39.0;POL;06:27.554;5.0;36.0
1950;JPN;06:34.539;4.8;37.0;LTU;06:28.852;4.9;39.0;ESP;06:31.271;4.9;39.0;MEX;06:38.774;4.6;39.0;POL;06:28.550;5.0;36.0
1955;JPN;06:35.504;4.8;37.0;LTU;06:29.885;5.0;39.0;ESP;06:32.286;4.9;39.0;MEX;06:39.790;4.6;39.0;POL;06:29.478;5.0;36.0
1960;JPN;06:36.606;4.8;37.0;LTU;06:30.807;5.0;39.0;ESP;06:33.263;4.9;39.0;MEX;06:40.936;4.5;38.0;POL;06:30.552;5.0;36.0
1965;JPN;06:37.697;4.8;37.0;LTU;06:31.893;4.9;39.0;ESP;06:34.259;4.9;39.0;MEX;06:42.077;4.6;38.0;POL;06:31.477;5.0;36.0
1970;JPN;06:38.652;4.8;37.0;LTU;06:32.924;4.9;39.0;ESP;06:35.328;4.9;39.0;MEX;06:43.122;4.6;38.0;POL;06:32.511;5.0;36.0
1975;JPN;06:39.785;4.7;37.0;LTU;06:33.866;4.9;39.0;ESP;06:36.284;4.9;39.0;MEX;06:44.221;4.5;38.0;POL;06:33.543;5.0;36.0
1980;JPN;06:40.863;4.7;37.0;LTU;06:34.951;4.9;39.0;ESP;06:37.305;4.9;39.0;MEX;06:45.381;4.5;38.0;POL;06:34.450;5.0;36.0
1985;JPN;06:41.824;4.7;37.0;LTU;06:35.973;4.9;39.0;ESP;06:38.380;4.9;39.0;MEX;06:46.480;4.5;38.0;POL;06:35.526;5.0;36.0
1990;JPN;06:42.968;4.8;37.0;LTU;06:36.924;4.9;39.0;ESP;06:39.314;4.9;39.0;MEX;06:47.540;4.5;38.0;POL;06:36.459;5.0;36.0
1995;JPN;06:43.997;4.8;37.0;LTU;06:38.004;4.9;39.0;ESP;06:40.364;4.9;39.0;MEX;06:48.748;4.4;38.0;POL;06:37.495;5.0;36.0
2000;JPN;06:45.026;4.8;37.0;LTU;06:39.024;4.9;39.0;ESP;06:41.431;4.9;39.0;MEX;06:49.890;4.4;38.0;POL;06:38.538;5.0;36.0
