Distance;ShortName4;Time4;Speed4;Stroke4;ShortName5;Time5;Speed5;Stroke5;ShortName2;Time2;Speed2;Stroke2;ShortName3;Time3;Speed3;Stroke3;
5;ITA;00:02.855;2.9;0.0;ROU;00:03.161;2.4;0.0;NOR;00:03.050;2.6;0.0;HKG;00:02.746;2.9;0.0
10;ITA;00:04.226;3.3;45.0;ROU;00:04.690;2.9;48.0;NOR;00:04.613;3.0;46.0;HKG;00:04.175;3.2;46.0
15;ITA;00:05.483;3.6;44.0;ROU;00:05.997;3.3;49.0;NOR;00:06.005;3.3;44.0;HKG;00:05.498;3.6;44.0
20;ITA;00:06.673;4.0;44.0;ROU;00:07.165;3.9;49.0;NOR;00:07.296;3.6;44.0;HKG;00:06.706;3.9;42.0
25;ITA;00:07.818;4.3;44.0;ROU;00:08.249;4.3;49.0;NOR;00:08.596;3.8;44.0;HKG;00:07.796;4.1;41.0
30;ITA;00:08.911;4.3;44.0;ROU;00:09.380;4.4;49.0;NOR;00:09.790;4.0;44.0;HKG;00:09.029;4.3;39.0
35;ITA;00:10.091;4.3;43.0;ROU;00:10.558;4.5;49.0;NOR;00:11.019;4.1;44.0;HKG;00:10.261;4.3;39.0
40;ITA;00:11.294;4.3;42.0;ROU;00:11.695;4.5;48.0;NOR;00:12.247;4.2;43.0;HKG;00:11.464;4.3;38.0
45;ITA;00:12.476;4.3;42.0;ROU;00:12.817;4.5;47.0;NOR;00:13.439;4.2;43.0;HKG;00:12.530;4.2;38.0
50;ITA;00:13.605;4.3;41.0;ROU;00:13.961;4.5;47.0;NOR;00:14.610;4.2;43.0;HKG;00:13.790;4.2;37.0
55;ITA;00:14.766;4.3;40.0;ROU;00:15.074;4.4;46.0;NOR;00:15.779;4.2;43.0;HKG;00:15.035;4.2;37.0
60;ITA;00:16.003;4.2;40.0;ROU;00:16.122;4.4;45.0;NOR;00:16.989;4.2;43.0;HKG;00:16.195;4.2;36.0
65;ITA;00:17.223;4.2;39.0;ROU;00:17.277;4.4;45.0;NOR;00:18.228;4.2;42.0;HKG;00:17.407;4.1;36.0
70;ITA;00:18.377;4.2;39.0;ROU;00:18.429;4.4;44.0;NOR;00:19.417;4.2;42.0;HKG;00:18.688;4.1;35.0
75;ITA;00:19.551;4.2;38.0;ROU;00:19.558;4.5;43.0;NOR;00:20.595;4.2;42.0;HKG;00:19.919;4.1;35.0
80;ITA;00:20.817;4.1;38.0;ROU;00:20.596;4.5;43.0;NOR;00:21.698;4.3;42.0;HKG;00:21.038;4.1;35.0
85;ITA;00:22.054;4.1;37.0;ROU;00:21.725;4.5;42.0;NOR;00:22.889;4.3;41.0;HKG;00:22.330;4.1;35.0
90;ITA;00:23.191;4.1;37.0;ROU;00:22.896;4.5;41.0;NOR;00:24.141;4.2;41.0;HKG;00:23.589;4.1;35.0
95;ITA;00:24.422;4.1;37.0;ROU;00:24.045;4.5;41.0;NOR;00:25.361;4.2;40.0;HKG;00:24.728;4.1;35.0
100;ITA;00:25.699;4.1;37.0;ROU;00:25.125;4.4;41.0;NOR;00:26.542;4.2;40.0;HKG;00:25.962;4.1;35.0
105;ITA;00:26.945;4.1;36.0;ROU;00:26.275;4.4;40.0;NOR;00:27.671;4.2;40.0;HKG;00:27.260;4.1;35.0
110;ITA;00:28.080;4.1;36.0;ROU;00:27.446;4.4;40.0;NOR;00:28.934;4.1;39.0;HKG;00:28.492;4.1;35.0
115;ITA;00:29.396;4.0;36.0;ROU;00:28.620;4.4;40.0;NOR;00:30.193;4.1;39.0;HKG;00:29.664;4.0;35.0
120;ITA;00:30.699;4.0;36.0;ROU;00:29.722;4.4;40.0;NOR;00:31.440;4.1;39.0;HKG;00:31.013;4.0;34.0
125;ITA;00:31.905;3.9;35.0;ROU;00:30.874;4.3;39.0;NOR;00:32.567;4.1;39.0;HKG;00:32.336;3.9;34.0
130;ITA;00:33.136;3.9;35.0;ROU;00:32.098;4.3;39.0;NOR;00:33.818;4.1;38.0;HKG;00:33.547;3.9;34.0
135;ITA;00:34.488;3.9;35.0;ROU;00:33.288;4.3;38.0;NOR;00:35.097;4.1;38.0;HKG;00:34.815;3.9;34.0
140;ITA;00:35.825;3.9;34.0;ROU;00:34.388;4.3;38.0;NOR;00:36.339;4.1;38.0;HKG;00:36.182;3.9;34.0
145;ITA;00:37.077;3.9;34.0;ROU;00:35.652;4.2;37.0;NOR;00:37.506;4.1;38.0;HKG;00:37.516;3.9;34.0
150;ITA;00:38.391;3.8;34.0;ROU;00:36.923;4.1;37.0;NOR;00:38.724;4.1;38.0;HKG;00:38.734;3.8;34.0
155;ITA;00:39.777;3.8;34.0;ROU;00:38.167;4.1;37.0;NOR;00:40.043;4.0;38.0;HKG;00:40.074;3.8;34.0
160;ITA;00:41.150;3.8;34.0;ROU;00:39.296;4.1;37.0;NOR;00:41.342;3.9;37.0;HKG;00:41.470;3.8;34.0
165;ITA;00:42.385;3.7;33.0;ROU;00:40.599;4.0;36.0;NOR;00:42.595;3.9;37.0;HKG;00:42.817;3.8;34.0
170;ITA;00:43.752;3.7;33.0;ROU;00:41.881;4.0;36.0;NOR;00:43.734;4.0;38.0;HKG;00:44.009;3.8;34.0
175;ITA;00:45.130;3.8;33.0;ROU;00:43.068;4.0;36.0;NOR;00:44.999;4.0;38.0;HKG;00:45.368;3.8;33.0
180;ITA;00:46.420;3.8;33.0;ROU;00:44.273;4.0;35.0;NOR;00:46.286;4.1;38.0;HKG;00:46.725;3.9;33.0
185;ITA;00:47.592;3.9;33.0;ROU;00:45.551;4.1;35.0;NOR;00:47.569;4.0;38.0;HKG;00:47.935;3.9;33.0
190;ITA;00:48.955;3.9;33.0;ROU;00:46.770;4.1;35.0;NOR;00:48.757;4.0;37.0;HKG;00:49.221;3.9;33.0
195;ITA;00:50.287;3.9;33.0;ROU;00:47.884;4.1;35.0;NOR;00:49.979;4.0;37.0;HKG;00:50.600;3.9;32.0
200;ITA;00:51.469;3.9;33.0;ROU;00:49.187;4.1;35.0;NOR;00:51.279;4.0;37.0;HKG;00:51.891;3.8;32.0
205;ITA;00:52.822;3.9;33.0;ROU;00:50.464;4.1;35.0;NOR;00:52.557;4.0;37.0;HKG;00:53.113;3.8;32.0
210;ITA;00:54.178;3.9;32.0;ROU;00:51.602;4.1;35.0;NOR;00:53.747;4.0;36.0;HKG;00:54.499;3.8;32.0
215;ITA;00:55.428;3.8;32.0;ROU;00:52.944;4.0;35.0;NOR;00:54.974;4.0;36.0;HKG;00:55.862;3.8;32.0
220;ITA;00:56.756;3.8;32.0;ROU;00:54.249;3.9;34.0;NOR;00:56.317;4.0;36.0;HKG;00:57.079;3.8;32.0
225;ITA;00:58.144;3.8;32.0;ROU;00:55.520;3.9;34.0;NOR;00:57.641;3.9;36.0;HKG;00:58.481;3.7;32.0
230;ITA;00:59.468;3.8;32.0;ROU;00:56.690;3.9;34.0;NOR;00:58.884;3.9;36.0;HKG;00:59.818;3.8;32.0
235;ITA;01:00.688;3.8;32.0;ROU;00:57.982;4.0;34.0;NOR;01:00.083;3.9;36.0;HKG;01:01.063;3.8;32.0
240;ITA;01:02.087;3.8;32.0;ROU;00:59.264;4.0;34.0;NOR;01:01.409;3.9;36.0;HKG;01:02.337;3.8;32.0
245;ITA;01:03.446;3.8;32.0;ROU;01:00.448;4.0;34.0;NOR;01:02.711;3.9;36.0;HKG;01:03.745;3.8;33.0
250;ITA;01:04.672;3.8;32.0;ROU;01:01.763;4.0;34.0;NOR;01:03.985;3.9;36.0;HKG;01:05.105;3.8;33.0
255;ITA;01:06.096;3.7;32.0;ROU;01:03.073;3.9;34.0;NOR;01:05.194;3.9;36.0;HKG;01:06.317;3.8;33.0
260;ITA;01:07.504;3.7;32.0;ROU;01:04.328;3.9;34.0;NOR;01:06.583;3.9;36.0;HKG;01:07.667;3.8;33.0
265;ITA;01:08.835;3.7;32.0;ROU;01:05.516;3.9;34.0;NOR;01:07.965;3.8;35.0;HKG;01:09.055;3.8;33.0
270;ITA;01:10.134;3.7;32.0;ROU;01:06.883;3.9;33.0;NOR;01:09.319;3.7;35.0;HKG;01:10.402;3.8;33.0
275;ITA;01:11.566;3.7;32.0;ROU;01:08.208;3.9;33.0;NOR;01:10.554;3.7;35.0;HKG;01:11.630;3.8;33.0
280;ITA;01:12.952;3.7;32.0;ROU;01:09.384;3.9;33.0;NOR;01:11.955;3.7;35.0;HKG;01:12.991;3.8;34.0
285;ITA;01:14.168;3.7;31.0;ROU;01:10.722;3.9;33.0;NOR;01:13.303;3.8;35.0;HKG;01:14.378;3.8;34.0
290;ITA;01:15.605;3.7;31.0;ROU;01:12.060;3.9;34.0;NOR;01:14.623;3.8;34.0;HKG;01:15.724;3.8;34.0
295;ITA;01:17.014;3.7;31.0;ROU;01:13.351;3.9;34.0;NOR;01:15.834;3.8;34.0;HKG;01:16.918;3.8;34.0
300;ITA;01:18.288;3.7;31.0;ROU;01:14.516;3.9;34.0;NOR;01:17.182;3.8;34.0;HKG;01:18.311;3.8;33.0
305;ITA;01:19.652;3.7;31.0;ROU;01:15.867;3.9;34.0;NOR;01:18.546;3.8;34.0;HKG;01:19.677;3.8;33.0
310;ITA;01:21.040;3.7;31.0;ROU;01:17.181;3.9;34.0;NOR;01:19.839;3.8;34.0;HKG;01:20.911;3.8;33.0
315;ITA;01:22.321;3.7;31.0;ROU;01:18.387;3.9;34.0;NOR;01:21.035;3.8;34.0;HKG;01:22.229;3.8;32.0
320;ITA;01:23.574;3.8;31.0;ROU;01:19.615;3.9;34.0;NOR;01:22.389;3.9;34.0;HKG;01:23.610;3.8;32.0
325;ITA;01:24.977;3.9;31.0;ROU;01:20.930;4.0;34.0;NOR;01:23.743;3.9;34.0;HKG;01:24.876;3.8;32.0
330;ITA;01:26.335;3.8;31.0;ROU;01:22.192;4.0;34.0;NOR;01:25.036;3.8;34.0;HKG;01:26.138;3.8;32.0
335;ITA;01:27.575;3.7;31.0;ROU;01:23.345;4.0;34.0;NOR;01:26.273;3.8;34.0;HKG;01:27.527;3.8;32.0
340;ITA;01:29.022;3.7;31.0;ROU;01:24.690;4.0;34.0;NOR;01:27.644;3.8;34.0;HKG;01:28.866;3.8;32.0
345;ITA;01:30.472;3.7;31.0;ROU;01:25.994;3.9;34.0;NOR;01:29.010;3.8;34.0;HKG;01:30.081;3.8;32.0
350;ITA;01:31.769;3.6;30.0;ROU;01:27.159;3.9;33.0;NOR;01:30.325;3.8;34.0;HKG;01:31.505;3.8;32.0
355;ITA;01:33.236;3.5;30.0;ROU;01:28.553;3.9;33.0;NOR;01:31.593;3.7;34.0;HKG;01:32.889;3.7;32.0
360;ITA;01:34.662;3.5;30.0;ROU;01:29.894;3.8;33.0;NOR;01:32.986;3.7;34.0;HKG;01:34.218;3.7;33.0
365;ITA;01:36.000;3.6;31.0;ROU;01:31.184;3.8;33.0;NOR;01:34.352;3.7;34.0;HKG;01:35.477;3.7;33.0
370;ITA;01:37.307;3.6;31.0;ROU;01:32.417;3.8;33.0;NOR;01:35.676;3.8;34.0;HKG;01:36.878;3.8;33.0
375;ITA;01:38.754;3.7;31.0;ROU;01:33.781;3.8;33.0;NOR;01:36.935;3.8;34.0;HKG;01:38.256;3.8;32.0
380;ITA;01:40.165;3.7;31.0;ROU;01:35.097;3.9;33.0;NOR;01:38.289;3.8;34.0;HKG;01:39.510;3.7;32.0
385;ITA;01:41.415;3.6;31.0;ROU;01:36.265;3.9;33.0;NOR;01:39.654;3.8;34.0;HKG;01:40.879;3.7;32.0
390;ITA;01:42.871;3.6;31.0;ROU;01:37.631;3.9;33.0;NOR;01:40.941;3.8;34.0;HKG;01:42.299;3.7;32.0
395;ITA;01:44.314;3.6;31.0;ROU;01:38.971;3.9;33.0;NOR;01:42.189;3.8;34.0;HKG;01:43.628;3.7;32.0
400;ITA;01:45.648;3.6;31.0;ROU;01:40.195;3.9;33.0;NOR;01:43.576;3.8;34.0;HKG;01:44.907;3.7;32.0
405;ITA;01:47.007;3.6;31.0;ROU;01:41.488;3.9;33.0;NOR;01:44.932;3.8;34.0;HKG;01:46.328;3.7;32.0
410;ITA;01:48.448;3.6;31.0;ROU;01:42.845;3.9;33.0;NOR;01:46.170;3.8;34.0;HKG;01:47.707;3.7;32.0
415;ITA;01:49.821;3.6;31.0;ROU;01:44.162;3.8;33.0;NOR;01:47.484;3.8;33.0;HKG;01:48.932;3.7;32.0
420;ITA;01:51.079;3.6;30.0;ROU;01:45.411;3.8;32.0;NOR;01:48.850;3.8;33.0;HKG;01:50.346;3.7;32.0
425;ITA;01:52.528;3.7;30.0;ROU;01:46.850;3.8;32.0;NOR;01:50.183;3.8;33.0;HKG;01:51.726;3.7;32.0
430;ITA;01:53.872;3.7;30.0;ROU;01:48.215;3.7;32.0;NOR;01:51.392;3.8;33.0;HKG;01:53.019;3.7;32.0
435;ITA;01:55.082;3.7;31.0;ROU;01:49.425;3.7;32.0;NOR;01:52.772;3.8;33.0;HKG;01:54.300;3.7;32.0
440;ITA;01:56.519;3.8;31.0;ROU;01:50.757;3.8;32.0;NOR;01:54.112;3.8;33.0;HKG;01:55.683;3.8;32.0
445;ITA;01:57.879;3.8;31.0;ROU;01:52.119;3.9;32.0;NOR;01:55.320;3.8;32.0;HKG;01:56.985;3.8;31.0
450;ITA;01:59.082;3.7;30.0;ROU;01:53.385;3.8;32.0;NOR;01:56.638;3.9;33.0;HKG;01:58.204;3.8;31.0
455;ITA;02:00.517;3.8;30.0;ROU;01:54.599;3.9;32.0;NOR;01:58.001;3.9;33.0;HKG;01:59.598;3.8;31.0
460;ITA;02:01.929;3.7;30.0;ROU;01:55.931;3.9;32.0;NOR;01:59.317;3.8;33.0;HKG;02:00.917;3.8;31.0
465;ITA;02:03.129;3.7;30.0;ROU;01:57.191;4.0;32.0;NOR;02:00.538;3.8;33.0;HKG;02:02.161;3.8;31.0
470;ITA;02:04.560;3.7;30.0;ROU;01:58.409;4.0;32.0;NOR;02:01.940;3.8;33.0;HKG;02:03.559;3.8;32.0
475;ITA;02:05.933;3.8;30.0;ROU;01:59.748;3.9;32.0;NOR;02:03.310;3.8;33.0;HKG;02:04.897;3.8;32.0
480;ITA;02:07.138;3.8;30.0;ROU;02:01.023;3.9;32.0;NOR;02:04.533;3.8;33.0;HKG;02:06.085;3.8;32.0
485;ITA;02:08.508;3.8;30.0;ROU;02:02.219;3.9;32.0;NOR;02:05.851;3.8;33.0;HKG;02:07.441;3.8;31.0
490;ITA;02:09.855;3.8;30.0;ROU;02:03.567;3.9;32.0;NOR;02:07.204;3.8;33.0;HKG;02:08.789;3.9;31.0
495;ITA;02:11.024;3.8;30.0;ROU;02:04.837;3.9;32.0;NOR;02:08.456;3.9;33.0;HKG;02:09.991;3.8;31.0
500;ITA;02:12.407;3.9;30.0;ROU;02:06.013;3.9;32.0;NOR;02:09.674;3.9;33.0;HKG;02:11.317;3.9;31.0
505;ITA;02:13.747;3.9;30.0;ROU;02:07.344;4.0;32.0;NOR;02:11.017;3.9;33.0;HKG;02:12.665;3.9;31.0
510;ITA;02:14.915;3.8;30.0;ROU;02:08.592;4.0;32.0;NOR;02:12.315;3.9;33.0;HKG;02:13.897;3.9;31.0
515;ITA;02:16.288;3.9;30.0;ROU;02:09.759;4.0;32.0;NOR;02:13.517;3.9;32.0;HKG;02:15.215;3.9;31.0
520;ITA;02:17.607;3.9;30.0;ROU;02:11.084;4.0;32.0;NOR;02:14.862;3.9;32.0;HKG;02:16.580;3.8;32.0
525;ITA;02:18.822;3.8;30.0;ROU;02:12.334;4.0;32.0;NOR;02:16.203;3.9;32.0;HKG;02:17.867;3.8;32.0
530;ITA;02:20.238;3.8;30.0;ROU;02:13.556;4.0;32.0;NOR;02:17.388;3.8;32.0;HKG;02:19.171;3.8;31.0
535;ITA;02:21.582;3.8;30.0;ROU;02:14.894;3.9;31.0;NOR;02:18.795;3.8;32.0;HKG;02:20.539;3.8;31.0
540;ITA;02:22.791;3.8;30.0;ROU;02:16.149;3.9;31.0;NOR;02:20.186;3.8;32.0;HKG;02:21.895;3.8;31.0
545;ITA;02:24.190;3.8;30.0;ROU;02:17.393;3.9;31.0;NOR;02:21.409;3.7;31.0;HKG;02:23.095;3.8;32.0
550;ITA;02:25.516;3.8;30.0;ROU;02:18.761;3.9;31.0;NOR;02:22.789;3.7;31.0;HKG;02:24.505;3.8;32.0
555;ITA;02:26.748;3.8;30.0;ROU;02:20.063;3.8;31.0;NOR;02:24.172;3.8;31.0;HKG;02:25.884;3.8;32.0
560;ITA;02:28.127;3.8;30.0;ROU;02:21.298;3.8;31.0;NOR;02:25.482;3.8;31.0;HKG;02:27.108;3.8;32.0
565;ITA;02:29.416;3.8;30.0;ROU;02:22.679;3.8;31.0;NOR;02:26.757;3.8;31.0;HKG;02:28.479;3.8;31.0
570;ITA;02:30.720;3.8;30.0;ROU;02:23.999;3.8;31.0;NOR;02:28.156;3.8;31.0;HKG;02:29.857;3.8;31.0
575;ITA;02:32.097;3.8;30.0;ROU;02:25.195;3.8;31.0;NOR;02:29.509;3.8;31.0;HKG;02:31.074;3.8;31.0
580;ITA;02:33.415;3.8;30.0;ROU;02:26.579;3.9;31.0;NOR;02:30.747;3.7;31.0;HKG;02:32.437;3.8;31.0
585;ITA;02:34.698;3.7;30.0;ROU;02:27.947;3.8;31.0;NOR;02:32.173;3.7;31.0;HKG;02:33.859;3.8;31.0
590;ITA;02:36.127;3.7;30.0;ROU;02:29.151;3.8;31.0;NOR;02:33.562;3.7;31.0;HKG;02:35.241;3.7;32.0
595;ITA;02:37.497;3.7;31.0;ROU;02:30.532;3.8;31.0;NOR;02:34.764;3.7;31.0;HKG;02:36.474;3.7;32.0
600;ITA;02:38.720;3.7;31.0;ROU;02:31.875;3.8;31.0;NOR;02:36.189;3.7;31.0;HKG;02:37.877;3.7;32.0
605;ITA;02:40.127;3.8;30.0;ROU;02:33.070;3.8;31.0;NOR;02:37.568;3.8;31.0;HKG;02:39.276;3.7;32.0
610;ITA;02:41.446;3.8;30.0;ROU;02:34.454;3.8;31.0;NOR;02:38.754;3.7;31.0;HKG;02:40.565;3.7;32.0
615;ITA;02:42.654;3.8;30.0;ROU;02:35.798;3.8;31.0;NOR;02:40.107;3.8;31.0;HKG;02:41.892;3.7;32.0
620;ITA;02:44.036;3.9;30.0;ROU;02:36.962;3.8;31.0;NOR;02:41.472;3.9;32.0;HKG;02:43.272;3.8;31.0
625;ITA;02:45.357;3.9;30.0;ROU;02:38.336;3.9;31.0;NOR;02:42.691;3.8;32.0;HKG;02:44.570;3.8;31.0
630;ITA;02:46.548;3.8;30.0;ROU;02:39.655;3.9;31.0;NOR;02:44.005;3.8;32.0;HKG;02:45.826;3.8;31.0
635;ITA;02:47.922;3.9;30.0;ROU;02:40.801;3.9;31.0;NOR;02:45.346;3.9;31.0;HKG;02:47.202;3.8;31.0
640;ITA;02:49.202;3.9;30.0;ROU;02:42.124;3.9;32.0;NOR;02:46.565;3.9;31.0;HKG;02:48.478;3.8;31.0
645;ITA;02:50.412;3.9;30.0;ROU;02:43.422;4.0;32.0;NOR;02:47.816;3.9;31.0;HKG;02:49.701;3.9;31.0
650;ITA;02:51.759;3.9;31.0;ROU;02:44.536;4.0;32.0;NOR;02:49.164;3.9;32.0;HKG;02:51.067;3.9;31.0
655;ITA;02:53.001;3.9;31.0;ROU;02:45.834;4.0;32.0;NOR;02:50.462;3.9;32.0;HKG;02:52.354;3.9;31.0
660;ITA;02:54.262;3.9;31.0;ROU;02:47.121;4.1;32.0;NOR;02:51.662;3.9;32.0;HKG;02:53.609;3.8;31.0
665;ITA;02:55.630;3.9;31.0;ROU;02:48.244;4.1;32.0;NOR;02:53.031;3.9;32.0;HKG;02:54.998;3.8;31.0
670;ITA;02:56.856;3.9;31.0;ROU;02:49.578;4.0;32.0;NOR;02:54.359;3.9;32.0;HKG;02:56.242;3.8;31.0
675;ITA;02:58.171;3.8;31.0;ROU;02:50.884;4.0;32.0;NOR;02:55.516;3.9;32.0;HKG;02:57.526;3.8;31.0
680;ITA;02:59.532;3.8;31.0;ROU;02:52.029;3.9;31.0;NOR;02:56.896;3.9;32.0;HKG;02:58.908;3.9;31.0
685;ITA;03:00.788;3.8;31.0;ROU;02:53.378;3.9;31.0;NOR;02:58.259;3.9;32.0;HKG;03:00.182;3.8;31.0
690;ITA;03:02.067;3.9;31.0;ROU;02:54.662;3.9;31.0;NOR;02:59.474;3.8;32.0;HKG;03:01.454;3.8;31.0
695;ITA;03:03.402;3.9;31.0;ROU;02:55.819;3.9;31.0;NOR;03:00.868;3.8;32.0;HKG;03:02.857;3.8;31.0
700;ITA;03:04.623;3.9;31.0;ROU;02:57.170;4.0;31.0;NOR;03:02.292;3.7;32.0;HKG;03:04.193;3.8;31.0
705;ITA;03:05.956;3.8;31.0;ROU;02:58.435;4.0;31.0;NOR;03:03.644;3.6;32.0;HKG;03:05.436;3.8;31.0
710;ITA;03:07.327;3.8;31.0;ROU;02:59.635;3.9;31.0;NOR;03:04.875;3.7;32.0;HKG;03:06.847;3.8;31.0
715;ITA;03:08.576;3.8;31.0;ROU;03:00.984;3.9;31.0;NOR;03:06.261;3.8;32.0;HKG;03:08.246;3.8;31.0
720;ITA;03:09.875;3.8;31.0;ROU;03:02.209;3.9;31.0;NOR;03:07.636;3.8;32.0;HKG;03:09.475;3.7;31.0
725;ITA;03:11.237;3.8;31.0;ROU;03:03.456;3.9;31.0;NOR;03:08.833;3.8;32.0;HKG;03:10.876;3.7;31.0
730;ITA;03:12.460;3.8;31.0;ROU;03:04.777;4.0;31.0;NOR;03:10.184;3.8;32.0;HKG;03:12.267;3.7;31.0
735;ITA;03:13.811;3.8;30.0;ROU;03:05.957;3.9;31.0;NOR;03:11.543;3.9;32.0;HKG;03:13.505;3.8;31.0
740;ITA;03:15.179;3.8;30.0;ROU;03:07.281;3.9;31.0;NOR;03:12.715;3.9;32.0;HKG;03:14.822;3.8;31.0
745;ITA;03:16.394;3.8;30.0;ROU;03:08.605;3.9;31.0;NOR;03:14.044;3.9;31.0;HKG;03:16.211;3.8;31.0
750;ITA;03:17.737;3.8;30.0;ROU;03:09.761;3.9;31.0;NOR;03:15.370;3.9;31.0;HKG;03:17.503;3.8;31.0
755;ITA;03:19.107;3.8;30.0;ROU;03:11.119;3.9;31.0;NOR;03:16.561;3.9;31.0;HKG;03:18.751;3.8;31.0
760;ITA;03:20.296;3.8;30.0;ROU;03:12.427;3.9;31.0;NOR;03:17.864;3.9;31.0;HKG;03:20.141;3.8;31.0
765;ITA;03:21.652;3.8;30.0;ROU;03:13.548;3.9;31.0;NOR;03:19.200;3.9;32.0;HKG;03:21.457;3.8;31.0
770;ITA;03:23.003;3.9;30.0;ROU;03:14.891;4.0;31.0;NOR;03:20.425;3.9;32.0;HKG;03:22.703;3.8;31.0
775;ITA;03:24.159;3.8;30.0;ROU;03:16.203;4.0;31.0;NOR;03:21.682;3.9;32.0;HKG;03:24.073;3.8;31.0
780;ITA;03:25.533;3.9;30.0;ROU;03:17.326;3.9;31.0;NOR;03:23.026;3.9;32.0;HKG;03:25.411;3.8;31.0
785;ITA;03:26.869;3.9;30.0;ROU;03:18.680;4.0;31.0;NOR;03:24.336;3.9;32.0;HKG;03:26.589;3.8;31.0
790;ITA;03:28.024;3.9;30.0;ROU;03:19.969;4.0;31.0;NOR;03:25.555;3.9;32.0;HKG;03:27.968;3.8;31.0
795;ITA;03:29.393;3.9;30.0;ROU;03:21.106;4.0;31.0;NOR;03:26.950;3.8;32.0;HKG;03:29.312;3.9;31.0
800;ITA;03:30.694;3.9;30.0;ROU;03:22.435;4.0;31.0;NOR;03:28.300;3.8;32.0;HKG;03:30.505;3.8;31.0
805;ITA;03:31.875;3.9;30.0;ROU;03:23.634;4.0;31.0;NOR;03:29.482;3.8;32.0;HKG;03:31.855;3.8;31.0
810;ITA;03:33.246;3.9;30.0;ROU;03:24.891;4.0;31.0;NOR;03:30.877;3.8;31.0;HKG;03:33.215;3.8;32.0
815;ITA;03:34.501;3.9;30.0;ROU;03:26.184;4.0;31.0;NOR;03:32.249;3.8;31.0;HKG;03:34.429;3.8;32.0
820;ITA;03:35.753;3.9;30.0;ROU;03:27.309;4.0;30.0;NOR;03:33.465;3.8;31.0;HKG;03:35.785;3.8;32.0
825;ITA;03:37.119;3.9;30.0;ROU;03:28.630;4.0;30.0;NOR;03:34.927;3.7;31.0;HKG;03:37.204;3.8;32.0
830;ITA;03:38.370;3.9;30.0;ROU;03:29.894;4.1;30.0;NOR;03:36.398;3.6;31.0;HKG;03:38.555;3.7;32.0
835;ITA;03:39.622;3.9;30.0;ROU;03:31.023;4.0;30.0;NOR;03:37.777;3.5;31.0;HKG;03:39.786;3.7;32.0
840;ITA;03:40.979;3.9;30.0;ROU;03:32.350;4.1;30.0;NOR;03:39.141;3.5;30.0;HKG;03:41.242;3.7;32.0
845;ITA;03:42.233;3.9;30.0;ROU;03:33.576;4.0;30.0;NOR;03:40.632;3.5;30.0;HKG;03:42.669;3.7;32.0
850;ITA;03:43.583;3.8;31.0;ROU;03:34.779;4.0;30.0;NOR;03:42.078;3.5;30.0;HKG;03:43.957;3.6;31.0
855;ITA;03:45.001;3.7;31.0;ROU;03:36.112;4.0;30.0;NOR;03:43.316;3.5;30.0;HKG;03:45.352;3.6;31.0
860;ITA;03:46.333;3.7;31.0;ROU;03:37.344;4.0;30.0;NOR;03:44.732;3.6;30.0;HKG;03:46.781;3.6;31.0
865;ITA;03:47.594;3.7;30.0;ROU;03:38.686;3.9;30.0;NOR;03:46.094;3.7;31.0;HKG;03:48.052;3.7;31.0
870;ITA;03:48.993;3.8;30.0;ROU;03:40.068;3.8;30.0;NOR;03:47.331;3.8;31.0;HKG;03:49.392;3.7;30.0
875;ITA;03:50.289;3.8;30.0;ROU;03:41.309;3.7;30.0;NOR;03:48.619;3.9;31.0;HKG;03:50.818;3.8;30.0
880;ITA;03:51.559;3.8;30.0;ROU;03:42.610;3.8;30.0;NOR;03:49.971;3.9;32.0;HKG;03:52.100;3.7;30.0
885;ITA;03:52.966;3.8;30.0;ROU;03:43.967;3.8;30.0;NOR;03:51.230;3.9;32.0;HKG;03:53.443;3.7;30.0
890;ITA;03:54.302;3.8;30.0;ROU;03:45.125;3.9;30.0;NOR;03:52.441;3.9;32.0;HKG;03:54.839;3.7;30.0
895;ITA;03:55.531;3.8;30.0;ROU;03:46.487;3.9;30.0;NOR;03:53.778;3.9;32.0;HKG;03:56.153;3.8;30.0
900;ITA;03:56.931;3.8;30.0;ROU;03:47.820;3.9;30.0;NOR;03:55.033;3.9;32.0;HKG;03:57.378;3.8;30.0
905;ITA;03:58.229;3.8;30.0;ROU;03:48.951;3.9;30.0;NOR;03:56.280;3.9;31.0;HKG;03:58.759;3.8;30.0
910;ITA;03:59.455;3.8;30.0;ROU;03:50.328;3.9;30.0;NOR;03:57.582;3.9;31.0;HKG;04:00.029;3.9;30.0
915;ITA;04:00.820;3.9;30.0;ROU;03:51.621;3.9;30.0;NOR;03:58.842;3.9;32.0;HKG;04:01.319;3.8;30.0
920;ITA;04:02.053;3.9;30.0;ROU;03:52.770;3.9;30.0;NOR;04:00.058;3.9;32.0;HKG;04:02.680;3.8;30.0
925;ITA;04:03.360;3.9;30.0;ROU;03:54.114;3.9;30.0;NOR;04:01.416;3.9;32.0;HKG;04:03.950;3.8;30.0
930;ITA;04:04.672;3.9;30.0;ROU;03:55.381;4.0;31.0;NOR;04:02.723;3.9;32.0;HKG;04:05.233;3.8;30.0
935;ITA;04:05.838;3.9;30.0;ROU;03:56.551;4.0;31.0;NOR;04:03.924;3.9;32.0;HKG;04:06.616;3.8;30.0
940;ITA;04:07.164;3.9;30.0;ROU;03:57.880;4.0;31.0;NOR;04:05.305;3.9;31.0;HKG;04:07.889;3.8;30.0
945;ITA;04:08.505;3.9;30.0;ROU;03:59.052;4.0;31.0;NOR;04:06.585;3.9;31.0;HKG;04:09.194;3.8;30.0
950;ITA;04:09.679;3.9;30.0;ROU;04:00.316;4.0;31.0;NOR;04:07.785;3.9;31.0;HKG;04:10.601;3.8;30.0
955;ITA;04:11.021;3.9;30.0;ROU;04:01.622;4.1;31.0;NOR;04:09.139;3.9;31.0;HKG;04:11.878;3.8;30.0
960;ITA;04:12.359;3.9;30.0;ROU;04:02.735;4.0;31.0;NOR;04:10.412;3.9;31.0;HKG;04:13.172;3.8;30.0
965;ITA;04:13.508;3.9;30.0;ROU;04:04.085;4.0;30.0;NOR;04:11.645;3.9;31.0;HKG;04:14.564;3.8;30.0
970;ITA;04:14.888;3.9;30.0;ROU;04:05.359;4.0;30.0;NOR;04:12.984;3.9;31.0;HKG;04:15.838;3.8;30.0
975;ITA;04:16.187;3.9;30.0;ROU;04:06.488;4.0;30.0;NOR;04:14.207;3.9;31.0;HKG;04:17.104;3.8;30.0
980;ITA;04:17.351;3.9;30.0;ROU;04:07.818;4.0;30.0;NOR;04:15.473;3.9;31.0;HKG;04:18.494;3.8;30.0
985;ITA;04:18.694;3.9;30.0;ROU;04:09.020;4.0;30.0;NOR;04:16.792;4.0;31.0;HKG;04:19.754;3.8;30.0
990;ITA;04:19.883;4.0;30.0;ROU;04:10.259;4.0;30.0;NOR;04:18.022;3.9;31.0;HKG;04:21.043;3.8;30.0
995;ITA;04:21.180;3.9;30.0;ROU;04:11.568;4.0;30.0;NOR;04:19.290;3.9;31.0;HKG;04:22.431;3.8;30.0
1000;ITA;04:22.530;3.9;30.0;ROU;04:12.729;4.0;30.0;NOR;04:20.621;3.9;31.0;HKG;04:23.714;3.8;30.0
1005;ITA;04:23.736;3.9;30.0;ROU;04:14.049;4.0;30.0;NOR;04:21.905;3.9;31.0;HKG;04:25.019;3.8;30.0
1010;ITA;04:25.039;3.9;30.0;ROU;04:15.352;4.0;31.0;NOR;04:23.155;3.8;31.0;HKG;04:26.427;3.8;30.0
1015;ITA;04:26.379;3.9;30.0;ROU;04:16.482;3.9;31.0;NOR;04:24.565;3.8;31.0;HKG;04:27.746;3.7;30.0
1020;ITA;04:27.548;3.9;30.0;ROU;04:17.836;4.0;31.0;NOR;04:25.879;3.8;31.0;HKG;04:29.033;3.7;30.0
1025;ITA;04:28.921;3.9;30.0;ROU;04:19.138;4.0;30.0;NOR;04:27.076;3.8;31.0;HKG;04:30.467;3.7;30.0
1030;ITA;04:30.288;3.9;30.0;ROU;04:20.325;3.9;30.0;NOR;04:28.450;3.8;31.0;HKG;04:31.831;3.7;30.0
1035;ITA;04:31.474;3.8;30.0;ROU;04:21.651;3.9;30.0;NOR;04:29.770;3.9;31.0;HKG;04:33.092;3.7;30.0
1040;ITA;04:32.875;3.8;30.0;ROU;04:22.884;3.9;30.0;NOR;04:30.949;3.9;31.0;HKG;04:34.561;3.7;30.0
1045;ITA;04:34.260;3.8;30.0;ROU;04:24.172;3.9;30.0;NOR;04:32.356;3.9;31.0;HKG;04:35.955;3.7;30.0
1050;ITA;04:35.482;3.8;30.0;ROU;04:25.501;3.9;30.0;NOR;04:33.718;3.8;31.0;HKG;04:37.187;3.6;30.0
1055;ITA;04:36.868;3.8;30.0;ROU;04:26.763;3.9;31.0;NOR;04:34.926;3.8;31.0;HKG;04:38.634;3.6;30.0
1060;ITA;04:38.260;3.8;30.0;ROU;04:28.003;3.9;31.0;NOR;04:36.313;3.8;31.0;HKG;04:40.037;3.7;30.0
1065;ITA;04:39.480;3.7;30.0;ROU;04:29.364;3.9;31.0;NOR;04:37.667;3.8;31.0;HKG;04:41.245;3.7;30.0
1070;ITA;04:40.824;3.8;30.0;ROU;04:30.622;3.9;31.0;NOR;04:38.876;3.8;31.0;HKG;04:42.637;3.7;30.0
1075;ITA;04:42.181;3.8;30.0;ROU;04:31.921;3.8;31.0;NOR;04:40.208;3.8;31.0;HKG;04:43.997;3.8;30.0
1080;ITA;04:43.337;3.8;30.0;ROU;04:33.252;3.9;31.0;NOR;04:41.550;3.9;32.0;HKG;04:45.173;3.8;30.0
1085;ITA;04:44.734;3.9;30.0;ROU;04:34.498;3.8;31.0;NOR;04:42.766;3.9;32.0;HKG;04:46.591;3.8;30.0
1090;ITA;04:46.056;3.9;30.0;ROU;04:35.748;3.9;31.0;NOR;04:44.041;3.9;32.0;HKG;04:47.971;3.8;30.0
1095;ITA;04:47.232;3.8;30.0;ROU;04:37.096;3.9;31.0;NOR;04:45.384;3.9;32.0;HKG;04:49.168;3.7;30.0
1100;ITA;04:48.652;3.9;30.0;ROU;04:38.281;3.9;31.0;NOR;04:46.606;3.9;32.0;HKG;04:50.603;3.7;30.0
1105;ITA;04:50.047;3.8;30.0;ROU;04:39.608;3.9;31.0;NOR;04:47.911;3.9;31.0;HKG;04:52.038;3.7;30.0
1110;ITA;04:51.284;3.7;30.0;ROU;04:40.951;3.9;31.0;NOR;04:49.285;3.9;31.0;HKG;04:53.298;3.6;30.0
1115;ITA;04:52.735;3.6;30.0;ROU;04:42.133;3.9;31.0;NOR;04:50.551;3.8;31.0;HKG;04:54.717;3.6;30.0
1120;ITA;04:54.107;3.7;30.0;ROU;04:43.513;3.8;31.0;NOR;04:51.820;3.8;31.0;HKG;04:56.114;3.7;30.0
1125;ITA;04:55.320;3.7;30.0;ROU;04:44.865;3.9;31.0;NOR;04:53.173;3.8;31.0;HKG;04:57.380;3.7;30.0
1130;ITA;04:56.761;3.7;30.0;ROU;04:46.059;3.8;31.0;NOR;04:54.429;3.9;31.0;HKG;04:58.773;3.7;30.0
1135;ITA;04:58.147;3.7;30.0;ROU;04:47.419;3.8;31.0;NOR;04:55.704;3.9;31.0;HKG;05:00.148;3.7;30.0
1140;ITA;04:59.340;3.7;30.0;ROU;04:48.760;3.8;31.0;NOR;04:57.049;3.9;31.0;HKG;05:01.427;3.7;30.0
1145;ITA;05:00.752;3.8;30.0;ROU;04:49.901;3.9;31.0;NOR;04:58.313;3.9;31.0;HKG;05:02.760;3.7;30.0
1150;ITA;05:02.108;3.8;30.0;ROU;04:51.267;3.9;31.0;NOR;04:59.552;3.9;31.0;HKG;05:04.168;3.8;30.0
1155;ITA;05:03.305;3.8;30.0;ROU;04:52.584;3.9;31.0;NOR;05:00.904;3.9;31.0;HKG;05:05.430;3.7;30.0
1160;ITA;05:04.689;3.8;30.0;ROU;04:53.735;3.9;30.0;NOR;05:02.185;3.9;31.0;HKG;05:06.773;3.7;30.0
1165;ITA;05:06.057;3.8;30.0;ROU;04:55.116;3.9;30.0;NOR;05:03.412;3.9;31.0;HKG;05:08.175;3.8;30.0
1170;ITA;05:07.251;3.8;30.0;ROU;04:56.410;3.9;30.0;NOR;05:04.774;3.9;31.0;HKG;05:09.407;3.7;30.0
1175;ITA;05:08.647;3.8;30.0;ROU;04:57.609;3.9;30.0;NOR;05:06.036;3.9;31.0;HKG;05:10.771;3.8;30.0
1180;ITA;05:10.008;3.8;30.0;ROU;04:58.969;3.9;30.0;NOR;05:07.339;3.8;31.0;HKG;05:12.200;3.8;30.0
1185;ITA;05:11.188;3.8;30.0;ROU;05:00.218;3.9;30.0;NOR;05:08.705;3.8;31.0;HKG;05:13.490;3.7;30.0
1190;ITA;05:12.569;3.8;30.0;ROU;05:01.469;3.9;30.0;NOR;05:10.069;3.8;31.0;HKG;05:14.858;3.6;30.0
1195;ITA;05:13.919;3.8;30.0;ROU;05:02.825;3.9;30.0;NOR;05:11.283;3.7;31.0;HKG;05:16.306;3.6;30.0
1200;ITA;05:15.101;3.8;30.0;ROU;05:04.012;3.9;30.0;NOR;05:12.674;3.8;31.0;HKG;05:17.624;3.6;30.0
1205;ITA;05:16.497;3.8;31.0;ROU;05:05.365;3.9;30.0;NOR;05:14.028;3.8;31.0;HKG;05:18.968;3.6;30.0
1210;ITA;05:17.868;3.8;31.0;ROU;05:06.681;3.9;30.0;NOR;05:15.214;3.8;31.0;HKG;05:20.426;3.7;30.0
1215;ITA;05:19.069;3.8;31.0;ROU;05:07.826;3.9;30.0;NOR;05:16.615;3.8;31.0;HKG;05:21.762;3.6;30.0
1220;ITA;05:20.471;3.8;31.0;ROU;05:09.193;3.9;30.0;NOR;05:17.974;3.8;31.0;HKG;05:23.047;3.6;30.0
1225;ITA;05:21.829;3.8;31.0;ROU;05:10.531;3.9;30.0;NOR;05:19.159;3.8;31.0;HKG;05:24.479;3.7;30.0
1230;ITA;05:23.014;3.8;31.0;ROU;05:11.704;3.8;30.0;NOR;05:20.489;3.8;32.0;HKG;05:25.807;3.7;30.0
1235;ITA;05:24.401;3.8;31.0;ROU;05:13.106;3.8;30.0;NOR;05:21.835;3.9;32.0;HKG;05:27.106;3.7;30.0
1240;ITA;05:25.765;3.8;31.0;ROU;05:14.417;3.9;30.0;NOR;05:23.046;3.9;32.0;HKG;05:28.542;3.7;29.0
1245;ITA;05:26.938;3.8;31.0;ROU;05:15.606;3.8;30.0;NOR;05:24.363;3.9;32.0;HKG;05:29.834;3.7;29.0
1250;ITA;05:28.317;3.8;30.0;ROU;05:16.988;3.9;30.0;NOR;05:25.725;3.9;32.0;HKG;05:31.131;3.7;30.0
1255;ITA;05:29.674;3.9;30.0;ROU;05:18.265;3.9;30.0;NOR;05:27.013;3.8;32.0;HKG;05:32.546;3.8;30.0
1260;ITA;05:30.852;3.8;30.0;ROU;05:19.474;3.9;30.0;NOR;05:28.287;3.8;31.0;HKG;05:33.850;3.7;30.0
1265;ITA;05:32.236;3.8;30.0;ROU;05:20.825;3.9;30.0;NOR;05:29.639;3.8;31.0;HKG;05:35.152;3.7;30.0
1270;ITA;05:33.579;3.8;30.0;ROU;05:21.998;3.9;30.0;NOR;05:30.965;3.8;31.0;HKG;05:36.552;3.8;30.0
1275;ITA;05:34.724;3.8;30.0;ROU;05:23.322;3.9;30.0;NOR;05:32.179;3.8;31.0;HKG;05:37.783;3.8;30.0
1280;ITA;05:36.087;3.9;30.0;ROU;05:24.635;4.0;30.0;NOR;05:33.555;3.8;31.0;HKG;05:39.131;3.8;30.0
1285;ITA;05:37.391;3.9;31.0;ROU;05:25.770;3.9;30.0;NOR;05:34.881;3.8;31.0;HKG;05:40.513;3.8;30.0
1290;ITA;05:38.534;3.9;31.0;ROU;05:27.134;3.9;30.0;NOR;05:36.056;3.8;31.0;HKG;05:41.708;3.8;30.0
1295;ITA;05:39.889;4.0;31.0;ROU;05:28.417;3.9;30.0;NOR;05:37.418;3.9;31.0;HKG;05:43.116;3.8;30.0
1300;ITA;05:41.169;3.9;31.0;ROU;05:29.609;3.9;30.0;NOR;05:38.742;3.9;31.0;HKG;05:44.498;3.8;30.0
1305;ITA;05:42.345;3.9;31.0;ROU;05:30.959;4.0;30.0;NOR;05:39.896;3.9;32.0;HKG;05:45.701;3.7;30.0
1310;ITA;05:43.716;3.9;31.0;ROU;05:32.170;3.9;30.0;NOR;05:41.243;3.9;32.0;HKG;05:47.119;3.7;30.0
1315;ITA;05:44.968;3.9;31.0;ROU;05:33.473;3.9;30.0;NOR;05:42.562;3.9;32.0;HKG;05:48.506;3.8;30.0
1320;ITA;05:46.188;3.9;31.0;ROU;05:34.807;3.9;30.0;NOR;05:43.714;3.9;32.0;HKG;05:49.695;3.7;30.0
1325;ITA;05:47.528;3.9;31.0;ROU;05:35.949;3.9;30.0;NOR;05:45.058;3.9;32.0;HKG;05:51.138;3.8;30.0
1330;ITA;05:48.759;3.9;31.0;ROU;05:37.320;3.9;30.0;NOR;05:46.392;3.9;32.0;HKG;05:52.493;3.8;29.0
1335;ITA;05:49.978;3.9;31.0;ROU;05:38.631;3.9;30.0;NOR;05:47.575;3.9;32.0;HKG;05:53.712;3.7;29.0
1340;ITA;05:51.290;4.0;31.0;ROU;05:39.766;3.9;30.0;NOR;05:48.880;3.9;32.0;HKG;05:55.146;3.8;29.0
1345;ITA;05:52.467;4.0;31.0;ROU;05:41.114;4.0;30.0;NOR;05:50.208;3.9;32.0;HKG;05:56.486;3.8;29.0
1350;ITA;05:53.728;4.0;31.0;ROU;05:42.367;4.0;30.0;NOR;05:51.403;3.9;32.0;HKG;05:57.753;3.7;29.0
1355;ITA;05:55.036;4.0;31.0;ROU;05:43.559;4.0;30.0;NOR;05:52.663;3.9;32.0;HKG;05:59.179;3.7;29.0
1360;ITA;05:56.199;4.0;31.0;ROU;05:44.878;4.0;30.0;NOR;05:53.969;4.0;32.0;HKG;06:00.472;3.8;29.0
1365;ITA;05:57.521;4.0;31.0;ROU;05:46.022;4.0;30.0;NOR;05:55.155;4.0;32.0;HKG;06:01.786;3.7;29.0
1370;ITA;05:58.829;4.0;31.0;ROU;05:47.348;4.0;30.0;NOR;05:56.396;4.0;32.0;HKG;06:03.188;3.8;29.0
1375;ITA;05:59.973;3.9;31.0;ROU;05:48.660;4.0;30.0;NOR;05:57.703;4.1;32.0;HKG;06:04.484;3.8;29.0
1380;ITA;06:01.322;3.9;31.0;ROU;05:49.806;3.9;30.0;NOR;05:58.898;4.0;32.0;HKG;06:05.801;3.7;29.0
1385;ITA;06:02.648;3.9;31.0;ROU;05:51.172;3.9;30.0;NOR;06:00.177;4.0;32.0;HKG;06:07.231;3.8;29.0
1390;ITA;06:03.807;3.9;31.0;ROU;05:52.443;3.9;30.0;NOR;06:01.522;3.9;32.0;HKG;06:08.535;3.7;29.0
1395;ITA;06:05.172;3.9;31.0;ROU;05:53.660;3.9;30.0;NOR;06:02.731;3.9;32.0;HKG;06:09.895;3.6;29.0
1400;ITA;06:06.530;3.9;31.0;ROU;05:55.025;3.9;30.0;NOR;06:04.031;3.9;31.0;HKG;06:11.325;3.7;29.0
1405;ITA;06:07.709;3.8;31.0;ROU;05:56.301;3.9;30.0;NOR;06:05.373;3.9;31.0;HKG;06:12.597;3.7;29.0
1410;ITA;06:09.088;3.8;31.0;ROU;05:57.568;3.9;30.0;NOR;06:06.603;3.9;31.0;HKG;06:13.952;3.7;29.0
1415;ITA;06:10.431;3.8;31.0;ROU;05:58.899;3.9;30.0;NOR;06:07.918;3.9;31.0;HKG;06:15.385;3.7;29.0
1420;ITA;06:11.591;3.8;31.0;ROU;06:00.163;3.9;30.0;NOR;06:09.241;3.9;32.0;HKG;06:16.612;3.7;29.0
1425;ITA;06:12.973;3.9;31.0;ROU;06:01.441;3.9;30.0;NOR;06:10.509;3.9;32.0;HKG;06:17.995;3.7;29.0
1430;ITA;06:14.294;3.9;31.0;ROU;06:02.774;3.9;30.0;NOR;06:11.727;3.9;32.0;HKG;06:19.375;3.8;29.0
1435;ITA;06:15.444;3.9;31.0;ROU;06:04.000;3.9;31.0;NOR;06:13.078;3.9;32.0;HKG;06:20.590;3.8;30.0
1440;ITA;06:16.800;3.9;31.0;ROU;06:05.275;3.9;31.0;NOR;06:14.364;3.9;32.0;HKG;06:21.960;3.8;30.0
1445;ITA;06:18.098;3.9;31.0;ROU;06:06.600;3.9;31.0;NOR;06:15.527;3.9;32.0;HKG;06:23.343;3.8;30.0
1450;ITA;06:19.269;3.9;31.0;ROU;06:07.744;3.9;30.0;NOR;06:16.863;4.0;32.0;HKG;06:24.521;3.8;30.0
1455;ITA;06:20.620;3.9;31.0;ROU;06:09.073;4.0;30.0;NOR;06:18.138;4.0;32.0;HKG;06:25.898;3.8;30.0
1460;ITA;06:21.857;3.9;31.0;ROU;06:10.368;4.0;30.0;NOR;06:19.287;4.0;32.0;HKG;06:27.261;3.9;30.0
1465;ITA;06:23.047;4.0;31.0;ROU;06:11.489;4.0;31.0;NOR;06:20.619;4.0;32.0;HKG;06:28.450;3.8;30.0
1470;ITA;06:24.366;4.0;31.0;ROU;06:12.823;4.0;31.0;NOR;06:21.908;4.0;32.0;HKG;06:29.861;3.8;30.0
1475;ITA;06:25.567;4.0;31.0;ROU;06:14.080;4.0;31.0;NOR;06:23.097;3.9;32.0;HKG;06:31.255;3.8;30.0
1480;ITA;06:26.858;4.0;31.0;ROU;06:15.230;4.0;31.0;NOR;06:24.428;3.9;32.0;HKG;06:32.472;3.7;30.0
1485;ITA;06:28.193;3.9;31.0;ROU;06:16.550;4.1;31.0;NOR;06:25.730;3.9;32.0;HKG;06:33.928;3.7;30.0
1490;ITA;06:29.385;3.9;31.0;ROU;06:17.731;4.0;31.0;NOR;06:26.895;3.9;32.0;HKG;06:35.338;3.7;30.0
1495;ITA;06:30.729;3.9;31.0;ROU;06:19.022;4.0;30.0;NOR;06:28.257;3.9;32.0;HKG;06:36.587;3.6;30.0
1500;ITA;06:32.065;3.9;31.0;ROU;06:20.342;4.0;30.0;NOR;06:29.592;3.9;32.0;HKG;06:38.013;3.6;30.0
1505;ITA;06:33.248;3.9;31.0;ROU;06:21.485;3.9;30.0;NOR;06:30.751;3.9;32.0;HKG;06:39.431;3.7;30.0
1510;ITA;06:34.582;3.9;31.0;ROU;06:22.858;3.9;30.0;NOR;06:32.135;3.9;32.0;HKG;06:40.653;3.7;30.0
1515;ITA;06:35.935;3.9;31.0;ROU;06:24.211;3.9;30.0;NOR;06:33.489;3.9;32.0;HKG;06:42.131;3.6;29.0
1520;ITA;06:37.105;3.9;31.0;ROU;06:25.430;3.8;30.0;NOR;06:34.691;3.8;32.0;HKG;06:43.544;3.7;29.0
1525;ITA;06:38.470;3.9;31.0;ROU;06:26.874;3.8;29.0;NOR;06:36.013;3.9;32.0;HKG;06:44.786;3.6;29.0
1530;ITA;06:39.806;3.9;31.0;ROU;06:28.232;3.7;29.0;NOR;06:37.342;3.9;32.0;HKG;06:46.190;3.7;29.0
1535;ITA;06:40.970;3.9;31.0;ROU;06:29.474;3.7;29.0;NOR;06:38.563;3.9;32.0;HKG;06:47.616;3.7;30.0
1540;ITA;06:42.353;3.9;31.0;ROU;06:30.921;3.7;29.0;NOR;06:39.794;3.9;32.0;HKG;06:48.839;3.7;30.0
1545;ITA;06:43.700;3.9;31.0;ROU;06:32.256;3.7;30.0;NOR;06:41.118;4.0;32.0;HKG;06:50.247;3.7;30.0
1550;ITA;06:44.868;3.8;31.0;ROU;06:33.453;3.7;30.0;NOR;06:42.370;4.0;32.0;HKG;06:51.661;3.7;30.0
1555;ITA;06:46.251;3.9;31.0;ROU;06:34.830;3.8;30.0;NOR;06:43.602;3.9;32.0;HKG;06:52.926;3.7;30.0
1560;ITA;06:47.563;3.9;31.0;ROU;06:36.079;3.9;30.0;NOR;06:44.947;3.9;32.0;HKG;06:54.282;3.7;30.0
1565;ITA;06:48.710;3.9;31.0;ROU;06:37.317;3.9;30.0;NOR;06:46.230;3.9;32.0;HKG;06:55.709;3.7;30.0
1570;ITA;06:50.085;3.9;31.0;ROU;06:38.671;3.9;30.0;NOR;06:47.385;3.9;32.0;HKG;06:57.056;3.7;30.0
1575;ITA;06:51.409;3.9;31.0;ROU;06:39.919;3.9;30.0;NOR;06:48.734;4.0;33.0;HKG;06:58.353;3.6;30.0
1580;ITA;06:52.567;3.9;31.0;ROU;06:41.224;3.9;30.0;NOR;06:50.063;3.9;33.0;HKG;06:59.800;3.6;30.0
1585;ITA;06:53.937;3.9;31.0;ROU;06:42.594;3.9;30.0;NOR;06:51.243;3.9;33.0;HKG;07:01.172;3.7;30.0
1590;ITA;06:55.235;3.9;31.0;ROU;06:43.827;3.8;30.0;NOR;06:52.592;3.9;33.0;HKG;07:02.449;3.6;30.0
1595;ITA;06:56.402;3.9;31.0;ROU;06:45.141;3.8;30.0;NOR;06:53.949;3.9;33.0;HKG;07:03.892;3.7;29.0
1600;ITA;06:57.767;3.9;31.0;ROU;06:46.498;3.9;30.0;NOR;06:55.167;3.9;33.0;HKG;07:05.202;3.7;29.0
1605;ITA;06:59.043;3.9;31.0;ROU;06:47.652;3.9;30.0;NOR;06:56.429;3.9;33.0;HKG;07:06.526;3.7;29.0
1610;ITA;07:00.250;3.9;31.0;ROU;06:49.003;3.9;30.0;NOR;06:57.775;3.9;33.0;HKG;07:07.953;3.7;29.0
1615;ITA;07:01.577;3.9;31.0;ROU;06:50.339;3.9;30.0;NOR;06:59.075;3.9;33.0;HKG;07:09.263;3.7;29.0
1620;ITA;07:02.802;3.9;31.0;ROU;06:51.485;3.9;30.0;NOR;07:00.253;3.9;33.0;HKG;07:10.560;3.7;29.0
1625;ITA;07:04.049;4.0;31.0;ROU;06:52.846;3.9;30.0;NOR;07:01.626;3.9;33.0;HKG;07:11.975;3.8;29.0
1630;ITA;07:05.373;4.0;31.0;ROU;06:54.133;3.9;31.0;NOR;07:02.967;3.9;33.0;HKG;07:13.230;3.8;30.0
1635;ITA;07:06.628;3.9;31.0;ROU;06:55.273;3.9;31.0;NOR;07:04.149;3.8;33.0;HKG;07:14.573;3.7;30.0
1640;ITA;07:07.847;3.9;31.0;ROU;06:56.646;4.0;31.0;NOR;07:05.494;3.8;33.0;HKG;07:15.968;3.8;30.0
1645;ITA;07:09.188;3.9;31.0;ROU;06:57.944;3.9;31.0;NOR;07:06.844;3.9;32.0;HKG;07:17.180;3.8;29.0
1650;ITA;07:10.390;3.9;31.0;ROU;06:59.138;3.9;31.0;NOR;07:08.041;3.9;32.0;HKG;07:18.580;3.8;29.0
1655;ITA;07:11.655;4.0;31.0;ROU;07:00.507;3.9;30.0;NOR;07:09.370;3.9;32.0;HKG;07:19.970;3.8;29.0
1660;ITA;07:12.957;4.0;31.0;ROU;07:01.760;3.9;30.0;NOR;07:10.726;3.9;32.0;HKG;07:21.176;3.7;29.0
1665;ITA;07:14.140;4.0;31.0;ROU;07:02.994;3.9;30.0;NOR;07:11.995;3.8;32.0;HKG;07:22.590;3.7;30.0
1670;ITA;07:15.420;4.0;31.0;ROU;07:04.324;3.9;30.0;NOR;07:13.240;3.8;32.0;HKG;07:24.007;3.7;30.0
1675;ITA;07:16.753;4.0;31.0;ROU;07:05.490;3.9;30.0;NOR;07:14.581;3.9;32.0;HKG;07:25.260;3.7;30.0
1680;ITA;07:17.945;3.9;31.0;ROU;07:06.817;4.0;30.0;NOR;07:15.826;3.9;32.0;HKG;07:26.670;3.6;30.0
1685;ITA;07:19.277;3.9;31.0;ROU;07:08.118;4.0;30.0;NOR;07:17.067;3.9;32.0;HKG;07:28.098;3.7;30.0
1690;ITA;07:20.594;3.9;31.0;ROU;07:09.240;3.9;30.0;NOR;07:18.388;3.9;32.0;HKG;07:29.354;3.7;30.0
1695;ITA;07:21.781;3.9;31.0;ROU;07:10.578;4.0;30.0;NOR;07:19.639;3.9;32.0;HKG;07:30.735;3.7;30.0
1700;ITA;07:23.099;3.9;31.0;ROU;07:11.830;4.0;30.0;NOR;07:20.846;3.9;32.0;HKG;07:32.158;3.7;30.0
1705;ITA;07:24.430;3.9;31.0;ROU;07:13.014;4.0;30.0;NOR;07:22.203;3.9;32.0;HKG;07:33.399;3.7;30.0
1710;ITA;07:25.623;3.9;31.0;ROU;07:14.347;4.0;30.0;NOR;07:23.528;3.9;32.0;HKG;07:34.763;3.7;30.0
1715;ITA;07:26.954;3.9;31.0;ROU;07:15.521;4.0;30.0;NOR;07:24.681;3.9;32.0;HKG;07:36.166;3.8;30.0
1720;ITA;07:28.297;3.9;31.0;ROU;07:16.848;3.9;30.0;NOR;07:26.027;3.9;33.0;HKG;07:37.405;3.8;30.0
1725;ITA;07:29.495;3.9;31.0;ROU;07:18.165;3.9;30.0;NOR;07:27.364;3.9;33.0;HKG;07:38.771;3.7;30.0
1730;ITA;07:30.795;3.9;31.0;ROU;07:19.335;3.9;30.0;NOR;07:28.593;3.9;33.0;HKG;07:40.176;3.8;30.0
1735;ITA;07:32.159;3.9;31.0;ROU;07:20.679;3.9;30.0;NOR;07:29.892;3.9;33.0;HKG;07:41.433;3.7;30.0
1740;ITA;07:33.405;3.9;31.0;ROU;07:21.984;3.9;30.0;NOR;07:31.221;3.9;33.0;HKG;07:42.835;3.7;30.0
1745;ITA;07:34.745;3.8;31.0;ROU;07:23.167;3.9;30.0;NOR;07:32.468;3.9;33.0;HKG;07:44.250;3.7;30.0
1750;ITA;07:36.144;3.8;31.0;ROU;07:24.532;3.9;30.0;NOR;07:33.697;3.9;33.0;HKG;07:45.503;3.7;30.0
1755;ITA;07:37.494;3.7;31.0;ROU;07:25.793;3.9;30.0;NOR;07:35.045;3.9;32.0;HKG;07:46.823;3.7;30.0
1760;ITA;07:38.723;3.7;31.0;ROU;07:27.056;3.9;30.0;NOR;07:36.359;3.9;32.0;HKG;07:48.208;3.8;30.0
1765;ITA;07:40.104;3.8;31.0;ROU;07:28.439;3.9;30.0;NOR;07:37.521;3.9;32.0;HKG;07:49.429;3.8;30.0
1770;ITA;07:41.411;3.8;31.0;ROU;07:29.724;3.8;30.0;NOR;07:38.893;3.9;32.0;HKG;07:50.756;3.8;30.0
1775;ITA;07:42.584;3.9;31.0;ROU;07:31.079;3.7;30.0;NOR;07:40.224;3.9;32.0;HKG;07:52.129;3.9;30.0
1780;ITA;07:43.923;3.9;31.0;ROU;07:32.471;3.7;30.0;NOR;07:41.380;3.9;32.0;HKG;07:53.278;3.9;30.0
1785;ITA;07:45.193;3.9;31.0;ROU;07:33.637;3.7;30.0;NOR;07:42.724;3.9;32.0;HKG;07:54.640;3.9;30.0
1790;ITA;07:46.369;4.0;32.0;ROU;07:35.008;3.8;30.0;NOR;07:44.046;3.9;32.0;HKG;07:55.972;3.9;30.0
1795;ITA;07:47.663;4.0;32.0;ROU;07:36.340;3.9;30.0;NOR;07:45.213;3.9;32.0;HKG;07:57.164;3.9;30.0
1800;ITA;07:48.944;4.0;32.0;ROU;07:37.471;3.9;30.0;NOR;07:46.528;3.9;32.0;HKG;07:58.528;3.9;30.0
1805;ITA;07:50.094;4.0;32.0;ROU;07:38.811;3.9;30.0;NOR;07:47.863;3.9;32.0;HKG;07:59.876;3.8;30.0
1810;ITA;07:51.459;4.0;32.0;ROU;07:40.079;4.0;30.0;NOR;07:49.053;3.9;32.0;HKG;08:01.029;3.8;31.0
1815;ITA;07:52.770;3.9;32.0;ROU;07:41.248;4.0;30.0;NOR;07:50.369;3.9;32.0;HKG;08:02.376;3.9;31.0
1820;ITA;07:53.924;3.9;32.0;ROU;07:42.586;4.0;30.0;NOR;07:51.722;3.9;32.0;HKG;08:03.699;3.9;31.0
1825;ITA;07:55.279;3.9;32.0;ROU;07:43.798;4.0;30.0;NOR;07:53.024;3.9;32.0;HKG;08:04.844;3.9;31.0
1830;ITA;07:56.578;3.9;32.0;ROU;07:45.108;3.9;30.0;NOR;07:54.227;3.9;32.0;HKG;08:06.206;3.9;31.0
1835;ITA;07:57.709;3.9;32.0;ROU;07:46.461;3.9;30.0;NOR;07:55.602;3.9;32.0;HKG;08:07.546;3.9;31.0
1840;ITA;07:59.048;4.0;32.0;ROU;07:47.604;3.8;30.0;NOR;07:56.918;3.9;32.0;HKG;08:08.693;3.9;31.0
1845;ITA;08:00.341;4.0;32.0;ROU;07:48.970;3.9;30.0;NOR;07:58.099;3.8;32.0;HKG;08:10.044;3.9;31.0
1850;ITA;08:01.463;4.0;32.0;ROU;07:50.264;3.9;30.0;NOR;07:59.454;3.9;32.0;HKG;08:11.327;3.9;31.0
1855;ITA;08:02.770;4.0;32.0;ROU;07:51.438;3.9;30.0;NOR;08:00.760;3.9;32.0;HKG;08:12.488;3.9;31.0
1860;ITA;08:04.042;4.1;32.0;ROU;07:52.765;4.0;30.0;NOR;08:01.910;3.9;32.0;HKG;08:13.823;4.0;31.0
1865;ITA;08:05.156;4.1;32.0;ROU;07:53.960;4.0;30.0;NOR;08:03.205;4.0;32.0;HKG;08:15.083;4.0;31.0
1870;ITA;08:06.469;4.1;33.0;ROU;07:55.219;4.0;30.0;NOR;08:04.499;4.0;33.0;HKG;08:16.239;4.0;31.0
1875;ITA;08:07.749;4.1;33.0;ROU;07:56.502;4.1;30.0;NOR;08:05.676;4.0;33.0;HKG;08:17.560;4.0;31.0
1880;ITA;08:08.863;4.1;33.0;ROU;07:57.605;4.0;30.0;NOR;08:06.895;4.1;33.0;HKG;08:18.785;4.0;31.0
1885;ITA;08:10.157;4.1;33.0;ROU;07:58.920;4.1;30.0;NOR;08:08.189;4.1;33.0;HKG;08:19.975;4.0;31.0
1890;ITA;08:11.435;4.1;33.0;ROU;08:00.141;4.1;30.0;NOR;08:09.381;4.1;33.0;HKG;08:21.292;4.1;31.0
1895;ITA;08:12.548;4.1;33.0;ROU;08:01.367;4.1;30.0;NOR;08:10.599;4.1;33.0;HKG;08:22.434;4.0;31.0
1900;ITA;08:13.860;4.1;33.0;ROU;08:02.642;4.1;30.0;NOR;08:11.927;4.0;33.0;HKG;08:23.716;4.0;31.0
1905;ITA;08:15.134;4.1;33.0;ROU;08:03.756;4.0;30.0;NOR;08:13.138;4.0;33.0;HKG;08:25.010;4.1;31.0
1910;ITA;08:16.251;4.1;33.0;ROU;08:05.063;4.1;30.0;NOR;08:14.309;4.0;33.0;HKG;08:26.124;4.0;31.0
1915;ITA;08:17.539;4.1;33.0;ROU;08:06.312;4.1;30.0;NOR;08:15.610;4.1;33.0;HKG;08:27.438;4.1;31.0
1920;ITA;08:18.829;4.1;33.0;ROU;08:07.488;4.1;30.0;NOR;08:16.814;4.1;32.0;HKG;08:28.724;4.1;31.0
1925;ITA;08:19.948;4.1;33.0;ROU;08:08.750;4.1;30.0;NOR;08:18.016;4.1;32.0;HKG;08:29.847;4.0;31.0
1930;ITA;08:21.255;4.0;33.0;ROU;08:09.952;4.1;30.0;NOR;08:19.315;4.1;32.0;HKG;08:31.170;4.0;31.0
1935;ITA;08:22.557;4.0;33.0;ROU;08:11.165;4.1;30.0;NOR;08:20.551;4.0;32.0;HKG;08:32.463;4.0;32.0
1940;ITA;08:23.717;4.0;33.0;ROU;08:12.447;4.1;30.0;NOR;08:21.740;4.0;32.0;HKG;08:33.597;4.0;32.0
1945;ITA;08:25.057;4.0;32.0;ROU;08:13.533;4.1;30.0;NOR;08:23.052;4.0;32.0;HKG;08:34.911;4.0;32.0
1950;ITA;08:26.363;3.9;32.0;ROU;08:14.841;4.1;30.0;NOR;08:24.313;4.0;33.0;HKG;08:36.153;4.0;32.0
1955;ITA;08:27.504;3.9;32.0;ROU;08:16.049;4.1;30.0;NOR;08:25.470;4.0;33.0;HKG;08:37.255;4.1;32.0
1960;ITA;08:28.799;4.0;32.0;ROU;08:17.200;4.1;30.0;NOR;08:26.821;4.0;33.0;HKG;08:38.542;4.2;32.0
1965;ITA;08:30.084;4.1;32.0;ROU;08:18.468;4.2;30.0;NOR;08:28.138;3.9;33.0;HKG;08:39.774;4.1;32.0
1970;ITA;08:31.211;4.1;32.0;ROU;08:19.544;4.1;30.0;NOR;08:29.302;3.9;33.0;HKG;08:40.930;4.1;32.0
1975;ITA;08:32.526;4.1;32.0;ROU;08:20.832;4.2;30.0;NOR;08:30.622;3.9;33.0;HKG;08:42.221;4.1;32.0
1980;ITA;08:33.835;4.0;32.0;ROU;08:22.067;4.2;30.0;NOR;08:31.951;3.9;33.0;HKG;08:43.461;4.1;32.0
1985;ITA;08:34.972;4.0;32.0;ROU;08:23.175;4.1;30.0;NOR;08:33.158;3.9;33.0;HKG;08:44.628;4.0;32.0
1990;ITA;08:36.326;3.9;32.0;ROU;08:24.455;4.2;30.0;NOR;08:34.475;3.9;33.0;HKG;08:45.994;4.0;32.0
1995;ITA;08:37.639;3.9;32.0;ROU;08:25.566;4.1;30.0;NOR;08:35.816;3.9;33.0;HKG;08:47.311;3.9;32.0
2000;ITA;08:38.780;3.9;32.0;ROU;08:26.830;4.2;30.0;NOR;08:37.171;3.8;33.0;HKG;08:48.504;3.8;32.0
