Distance;ShortName1;Time1;Speed1;Stroke1;ShortName3;Time3;Speed3;Stroke3;ShortName5;Time5;Speed5;Stroke5;ShortName2;Time2;Speed2;Stroke2;ShortName4;Time4;Speed4;Stroke4;
5;THA;00:02.989;3.1;0.0;PAR;00:02.757;2.8;0.0;AUT;00:02.945;3.0;0.0;GEO;00:03.235;2.8;0.0;MDA;00:03.104;2.7;0.0
10;THA;00:04.318;3.5;0.0;PAR;00:04.057;3.4;53.0;AUT;00:04.310;3.4;46.0;GEO;00:04.676;3.1;38.0;MDA;00:04.517;3.1;43.0
15;THA;00:05.396;3.7;39.0;PAR;00:05.169;3.8;54.0;AUT;00:05.473;3.8;46.0;GEO;00:05.927;3.4;38.0;MDA;00:05.754;3.5;43.0
20;THA;00:06.497;4.1;40.0;PAR;00:06.265;4.3;53.0;AUT;00:06.544;4.2;46.0;GEO;00:07.048;3.9;38.0;MDA;00:06.872;4.1;43.0
25;THA;00:07.596;4.6;40.0;PAR;00:07.328;4.7;53.0;AUT;00:07.564;4.6;46.0;GEO;00:08.227;4.3;38.0;MDA;00:07.870;4.4;43.0
30;THA;00:08.578;4.9;40.0;PAR;00:08.298;4.9;52.0;AUT;00:08.536;4.7;46.0;GEO;00:09.334;4.5;38.0;MDA;00:08.929;4.6;43.0
35;THA;00:09.516;5.0;41.0;PAR;00:09.274;5.1;52.0;AUT;00:09.581;4.8;46.0;GEO;00:10.308;4.6;38.0;MDA;00:10.032;4.8;43.0
40;THA;00:10.582;5.1;41.0;PAR;00:10.137;5.1;51.0;AUT;00:10.615;4.9;46.0;GEO;00:11.468;4.6;38.0;MDA;00:11.049;4.9;43.0
45;THA;00:11.594;5.1;41.0;PAR;00:11.100;5.3;50.0;AUT;00:11.588;5.1;46.0;GEO;00:12.586;4.7;37.0;MDA;00:12.001;4.9;42.0
50;THA;00:12.511;5.1;41.0;PAR;00:12.083;5.4;48.0;AUT;00:12.503;5.1;46.0;GEO;00:13.587;4.6;36.0;MDA;00:13.117;4.9;42.0
55;THA;00:13.591;5.0;41.0;PAR;00:13.011;5.4;48.0;AUT;00:13.556;5.1;46.0;GEO;00:14.744;4.6;36.0;MDA;00:14.168;4.9;41.0
60;THA;00:14.567;5.0;40.0;PAR;00:13.880;5.4;47.0;AUT;00:14.557;5.1;45.0;GEO;00:15.838;4.6;36.0;MDA;00:15.106;4.8;41.0
65;THA;00:15.553;5.0;40.0;PAR;00:14.871;5.4;47.0;AUT;00:15.510;5.1;45.0;GEO;00:16.864;4.6;35.0;MDA;00:16.205;4.8;41.0
70;THA;00:16.636;4.9;39.0;PAR;00:15.862;5.3;47.0;AUT;00:16.451;5.1;44.0;GEO;00:18.036;4.6;35.0;MDA;00:17.305;4.8;40.0
75;THA;00:17.617;4.9;39.0;PAR;00:16.781;5.3;47.0;AUT;00:17.501;5.1;44.0;GEO;00:19.134;4.6;35.0;MDA;00:18.275;4.8;40.0
80;THA;00:18.628;4.9;39.0;PAR;00:17.702;5.3;46.0;AUT;00:18.491;5.1;44.0;GEO;00:20.285;4.5;35.0;MDA;00:19.350;4.8;40.0
85;THA;00:19.734;4.9;38.0;PAR;00:18.724;5.2;46.0;AUT;00:19.393;5.1;44.0;GEO;00:21.518;4.4;35.0;MDA;00:20.471;4.7;39.0
90;THA;00:20.722;4.9;38.0;PAR;00:19.695;5.2;46.0;AUT;00:20.449;5.1;43.0;GEO;00:22.595;4.3;35.0;MDA;00:21.482;4.7;39.0
95;THA;00:21.817;4.8;38.0;PAR;00:20.575;5.2;45.0;AUT;00:21.450;5.1;43.0;GEO;00:23.778;4.3;35.0;MDA;00:22.537;4.7;39.0
100;THA;00:22.930;4.7;38.0;PAR;00:21.606;5.2;45.0;AUT;00:22.363;5.1;43.0;GEO;00:24.987;4.3;35.0;MDA;00:23.684;4.7;39.0
105;THA;00:23.902;4.7;38.0;PAR;00:22.600;5.2;44.0;AUT;00:23.384;5.0;43.0;GEO;00:26.036;4.3;34.0;MDA;00:24.750;4.6;39.0
110;THA;00:24.989;4.7;38.0;PAR;00:23.533;5.1;44.0;AUT;00:24.446;5.0;43.0;GEO;00:27.252;4.4;34.0;MDA;00:25.745;4.6;39.0
115;THA;00:26.100;4.8;37.0;PAR;00:24.515;5.1;44.0;AUT;00:25.455;5.0;43.0;GEO;00:28.409;4.4;34.0;MDA;00:26.905;4.6;39.0
120;THA;00:27.062;4.8;37.0;PAR;00:25.560;5.1;43.0;AUT;00:26.405;5.0;43.0;GEO;00:29.422;4.4;34.0;MDA;00:27.986;4.6;39.0
125;THA;00:28.184;4.7;37.0;PAR;00:26.544;5.1;43.0;AUT;00:27.459;4.9;42.0;GEO;00:30.638;4.4;33.0;MDA;00:28.951;4.7;39.0
130;THA;00:29.299;4.7;37.0;PAR;00:27.492;5.0;43.0;AUT;00:28.495;4.9;42.0;GEO;00:31.752;4.5;33.0;MDA;00:30.101;4.7;39.0
135;THA;00:30.267;4.7;37.0;PAR;00:28.566;5.0;42.0;AUT;00:29.417;4.9;42.0;GEO;00:32.801;4.5;34.0;MDA;00:31.208;4.7;38.0
140;THA;00:31.402;4.7;37.0;PAR;00:29.590;5.0;42.0;AUT;00:30.477;4.9;42.0;GEO;00:34.004;4.5;34.0;MDA;00:32.189;4.7;38.0
145;THA;00:32.528;4.7;37.0;PAR;00:30.536;4.9;41.0;AUT;00:31.539;4.9;42.0;GEO;00:35.105;4.4;34.0;MDA;00:33.340;4.6;38.0
150;THA;00:33.515;4.6;37.0;PAR;00:31.645;4.9;40.0;AUT;00:32.508;4.9;42.0;GEO;00:36.213;4.4;34.0;MDA;00:34.493;4.6;38.0
155;THA;00:34.686;4.6;37.0;PAR;00:32.693;4.9;40.0;AUT;00:33.519;4.9;41.0;GEO;00:37.405;4.4;34.0;MDA;00:35.521;4.6;38.0
160;THA;00:35.823;4.6;37.0;PAR;00:33.685;4.8;39.0;AUT;00:34.620;4.9;41.0;GEO;00:38.481;4.4;34.0;MDA;00:36.638;4.5;38.0
165;THA;00:36.811;4.5;36.0;PAR;00:34.824;4.8;38.0;AUT;00:35.679;4.8;41.0;GEO;00:39.668;4.4;34.0;MDA;00:37.822;4.5;38.0
170;THA;00:37.972;4.5;36.0;PAR;00:35.891;4.7;38.0;AUT;00:36.635;4.8;41.0;GEO;00:40.873;4.3;34.0;MDA;00:38.853;4.5;38.0
175;THA;00:39.093;4.6;36.0;PAR;00:36.901;4.7;38.0;AUT;00:37.751;4.7;41.0;GEO;00:41.913;4.3;34.0;MDA;00:39.932;4.5;38.0
180;THA;00:40.093;4.6;36.0;PAR;00:38.048;4.6;37.0;AUT;00:38.826;4.8;41.0;GEO;00:43.129;4.3;34.0;MDA;00:41.094;4.6;38.0
185;THA;00:41.219;4.6;36.0;PAR;00:39.096;4.6;37.0;AUT;00:39.788;4.8;41.0;GEO;00:44.298;4.4;34.0;MDA;00:42.154;4.6;37.0
190;THA;00:42.326;4.6;36.0;PAR;00:40.144;4.6;37.0;AUT;00:40.869;4.8;40.0;GEO;00:45.327;4.4;33.0;MDA;00:43.211;4.6;37.0
195;THA;00:43.322;4.6;36.0;PAR;00:41.292;4.6;37.0;AUT;00:41.967;4.8;40.0;GEO;00:46.541;4.4;33.0;MDA;00:44.405;4.5;37.0
200;THA;00:44.493;4.6;36.0;PAR;00:42.332;4.6;37.0;AUT;00:42.976;4.8;40.0;GEO;00:47.650;4.4;33.0;MDA;00:45.530;4.5;37.0
205;THA;00:45.576;4.6;36.0;PAR;00:43.393;4.6;37.0;AUT;00:43.995;4.8;40.0;GEO;00:48.745;4.4;33.0;MDA;00:46.541;4.5;37.0
210;THA;00:46.630;4.6;36.0;PAR;00:44.536;4.6;37.0;AUT;00:45.101;4.8;40.0;GEO;00:49.954;4.4;33.0;MDA;00:47.743;4.5;37.0
215;THA;00:47.797;4.6;36.0;PAR;00:45.562;4.6;37.0;AUT;00:46.128;4.8;40.0;GEO;00:50.974;4.4;33.0;MDA;00:48.881;4.5;37.0
220;THA;00:48.838;4.5;35.0;PAR;00:46.638;4.6;37.0;AUT;00:47.099;4.8;40.0;GEO;00:52.184;4.4;33.0;MDA;00:49.870;4.5;37.0
225;THA;00:49.940;4.6;35.0;PAR;00:47.781;4.6;37.0;AUT;00:48.190;4.8;40.0;GEO;00:53.367;4.4;33.0;MDA;00:51.064;4.5;37.0
230;THA;00:51.096;4.6;35.0;PAR;00:48.811;4.6;37.0;AUT;00:49.218;4.9;40.0;GEO;00:54.405;4.4;33.0;MDA;00:52.217;4.5;37.0
235;THA;00:52.091;4.6;35.0;PAR;00:49.909;4.6;37.0;AUT;00:50.178;4.9;40.0;GEO;00:55.646;4.4;33.0;MDA;00:53.227;4.5;37.0
240;THA;00:53.245;4.6;35.0;PAR;00:51.058;4.6;37.0;AUT;00:51.273;4.9;40.0;GEO;00:56.813;4.3;33.0;MDA;00:54.362;4.5;37.0
245;THA;00:54.378;4.6;35.0;PAR;00:52.088;4.6;37.0;AUT;00:52.325;4.9;40.0;GEO;00:57.877;4.3;33.0;MDA;00:55.532;4.5;37.0
250;THA;00:55.364;4.6;35.0;PAR;00:53.169;4.6;37.0;AUT;00:53.267;4.8;40.0;GEO;00:59.103;4.4;33.0;MDA;00:56.570;4.5;37.0
255;THA;00:56.531;4.6;35.0;PAR;00:54.310;4.6;37.0;AUT;00:54.398;4.8;40.0;GEO;01:00.193;4.4;33.0;MDA;00:57.688;4.5;37.0
260;THA;00:57.660;4.6;35.0;PAR;00:55.332;4.6;37.0;AUT;00:55.474;4.8;39.0;GEO;01:01.352;4.4;33.0;MDA;00:58.872;4.5;37.0
265;THA;00:58.655;4.6;36.0;PAR;00:56.417;4.6;37.0;AUT;00:56.410;4.8;39.0;GEO;01:02.537;4.4;33.0;MDA;00:59.952;4.5;37.0
270;THA;00:59.863;4.6;36.0;PAR;00:57.546;4.6;37.0;AUT;00:57.522;4.8;39.0;GEO;01:03.569;4.4;33.0;MDA;01:01.023;4.5;37.0
275;THA;01:01.000;4.5;35.0;PAR;00:58.549;4.6;37.0;AUT;00:58.594;4.8;39.0;GEO;01:04.794;4.4;33.0;MDA;01:02.223;4.5;37.0
280;THA;01:02.040;4.4;35.0;PAR;00:59.642;4.7;37.0;AUT;00:59.547;4.8;39.0;GEO;01:05.984;4.4;33.0;MDA;01:03.345;4.5;37.0
285;THA;01:03.246;4.4;35.0;PAR;01:00.777;4.7;37.0;AUT;01:00.649;4.8;39.0;GEO;01:07.042;4.3;33.0;MDA;01:04.382;4.4;37.0
290;THA;01:04.391;4.4;35.0;PAR;01:01.782;4.6;37.0;AUT;01:01.733;4.8;39.0;GEO;01:08.294;4.3;33.0;MDA;01:05.599;4.4;37.0
295;THA;01:05.463;4.4;35.0;PAR;01:02.906;4.6;37.0;AUT;01:02.682;4.8;39.0;GEO;01:09.465;4.3;33.0;MDA;01:06.776;4.4;37.0
300;THA;01:06.694;4.4;35.0;PAR;01:04.056;4.6;37.0;AUT;01:03.774;4.8;39.0;GEO;01:10.557;4.3;33.0;MDA;01:07.818;4.4;37.0
305;THA;01:07.844;4.3;35.0;PAR;01:05.059;4.6;36.0;AUT;01:04.866;4.8;39.0;GEO;01:11.818;4.3;33.0;MDA;01:09.078;4.3;36.0
310;THA;01:08.911;4.3;35.0;PAR;01:06.205;4.6;36.0;AUT;01:05.843;4.8;39.0;GEO;01:12.993;4.3;33.0;MDA;01:10.264;4.3;36.0
315;THA;01:10.126;4.4;35.0;PAR;01:07.359;4.5;36.0;AUT;01:06.938;4.8;39.0;GEO;01:14.129;4.2;33.0;MDA;01:11.380;4.3;36.0
320;THA;01:11.283;4.4;35.0;PAR;01:08.369;4.5;36.0;AUT;01:08.033;4.8;39.0;GEO;01:15.434;4.2;33.0;MDA;01:12.487;4.3;36.0
325;THA;01:12.381;4.4;35.0;PAR;01:09.540;4.5;36.0;AUT;01:09.023;4.8;39.0;GEO;01:16.678;4.1;33.0;MDA;01:13.742;4.3;37.0
330;THA;01:13.665;4.3;35.0;PAR;01:10.726;4.5;36.0;AUT;01:10.090;4.7;39.0;GEO;01:17.900;4.0;33.0;MDA;01:14.958;4.3;37.0
335;THA;01:14.877;4.2;35.0;PAR;01:11.774;4.4;36.0;AUT;01:11.197;4.7;39.0;GEO;01:19.310;3.8;34.0;MDA;01:16.071;4.2;37.0
340;THA;01:15.940;4.2;35.0;PAR;01:12.961;4.4;36.0;AUT;01:12.224;4.7;39.0;GEO;01:20.641;3.7;34.0;MDA;01:17.340;4.1;36.0
345;THA;01:17.192;4.2;35.0;PAR;01:14.193;4.3;36.0;AUT;01:13.305;4.7;39.0;GEO;01:21.795;3.8;34.0;MDA;01:18.590;4.1;36.0
350;THA;01:18.407;4.3;35.0;PAR;01:15.375;4.3;36.0;AUT;01:14.432;4.7;39.0;GEO;01:23.105;3.9;33.0;MDA;01:19.736;4.1;36.0
355;THA;01:19.480;4.3;35.0;PAR;01:16.453;4.3;36.0;AUT;01:15.514;4.6;39.0;GEO;01:24.430;4.0;32.0;MDA;01:20.856;4.2;36.0
360;THA;01:20.759;4.2;34.0;PAR;01:17.716;4.3;36.0;AUT;01:16.521;4.6;39.0;GEO;01:25.586;4.0;32.0;MDA;01:22.113;4.3;36.0
365;THA;01:22.007;4.2;34.0;PAR;01:18.940;4.2;36.0;AUT;01:17.698;4.6;39.0;GEO;01:26.855;4.0;32.0;MDA;01:23.293;4.3;36.0
370;THA;01:23.082;4.2;34.0;PAR;01:20.010;4.2;35.0;AUT;01:18.822;4.5;38.0;GEO;01:28.151;4.0;32.0;MDA;01:24.344;4.3;36.0
375;THA;01:24.384;4.1;34.0;PAR;01:21.292;4.2;35.0;AUT;01:19.837;4.5;38.0;GEO;01:29.250;4.1;32.0;MDA;01:25.594;4.3;36.0
380;THA;01:25.653;4.1;34.0;PAR;01:22.527;4.2;35.0;AUT;01:21.028;4.5;38.0;GEO;01:30.545;4.1;32.0;MDA;01:26.792;4.3;36.0
385;THA;01:26.763;4.1;34.0;PAR;01:23.614;4.2;35.0;AUT;01:22.189;4.5;38.0;GEO;01:31.812;4.1;32.0;MDA;01:27.832;4.3;36.0
390;THA;01:28.003;4.1;34.0;PAR;01:24.865;4.2;35.0;AUT;01:23.227;4.5;37.0;GEO;01:32.925;4.1;31.0;MDA;01:29.064;4.3;36.0
395;THA;01:29.276;4.2;34.0;PAR;01:26.108;4.2;35.0;AUT;01:24.368;4.5;37.0;GEO;01:34.256;4.1;32.0;MDA;01:30.265;4.3;36.0
400;THA;01:30.396;4.1;34.0;PAR;01:27.228;4.2;34.0;AUT;01:25.551;4.4;37.0;GEO;01:35.541;4.0;32.0;MDA;01:31.307;4.3;36.0
405;THA;01:31.676;4.1;33.0;PAR;01:28.452;4.2;34.0;AUT;01:26.658;4.4;37.0;GEO;01:36.670;4.0;32.0;MDA;01:32.533;4.3;36.0
410;THA;01:32.939;4.1;33.0;PAR;01:29.724;4.2;34.0;AUT;01:27.724;4.4;37.0;GEO;01:38.009;4.0;32.0;MDA;01:33.790;4.3;36.0
415;THA;01:34.033;4.1;33.0;PAR;01:30.921;4.1;34.0;AUT;01:28.921;4.4;37.0;GEO;01:39.279;4.0;32.0;MDA;01:34.947;4.2;36.0
420;THA;01:35.284;4.1;33.0;PAR;01:32.052;4.1;34.0;AUT;01:30.054;4.4;37.0;GEO;01:40.420;4.0;32.0;MDA;01:36.084;4.1;36.0
425;THA;01:36.538;4.2;33.0;PAR;01:33.318;4.1;34.0;AUT;01:31.085;4.4;37.0;GEO;01:41.771;4.0;32.0;MDA;01:37.360;4.1;36.0
430;THA;01:37.634;4.2;33.0;PAR;01:34.504;4.2;34.0;AUT;01:32.289;4.4;37.0;GEO;01:43.067;4.0;32.0;MDA;01:38.574;4.2;36.0
435;THA;01:38.914;4.2;33.0;PAR;01:35.593;4.3;35.0;AUT;01:33.427;4.4;37.0;GEO;01:44.226;3.9;32.0;MDA;01:39.638;4.2;36.0
440;THA;01:40.189;4.1;33.0;PAR;01:36.814;4.3;35.0;AUT;01:34.444;4.5;37.0;GEO;01:45.606;3.9;31.0;MDA;01:40.877;4.2;36.0
445;THA;01:41.318;4.1;33.0;PAR;01:37.989;4.3;35.0;AUT;01:35.608;4.5;37.0;GEO;01:46.910;3.9;31.0;MDA;01:42.143;4.2;36.0
450;THA;01:42.594;4.1;33.0;PAR;01:39.032;4.3;35.0;AUT;01:36.752;4.5;37.0;GEO;01:48.126;3.8;31.0;MDA;01:43.311;4.2;36.0
455;THA;01:43.860;4.1;33.0;PAR;01:40.272;4.3;35.0;AUT;01:37.762;4.5;37.0;GEO;01:49.549;3.8;31.0;MDA;01:44.421;4.2;36.0
460;THA;01:45.036;4.1;33.0;PAR;01:41.463;4.3;35.0;AUT;01:38.936;4.5;37.0;GEO;01:50.916;3.8;31.0;MDA;01:45.692;4.2;36.0
465;THA;01:46.283;4.1;33.0;PAR;01:42.493;4.3;35.0;AUT;01:40.096;4.5;37.0;GEO;01:52.122;3.7;31.0;MDA;01:46.898;4.2;36.0
470;THA;01:47.606;4.0;33.0;PAR;01:43.728;4.3;35.0;AUT;01:41.099;4.5;37.0;GEO;01:53.524;3.8;31.0;MDA;01:47.968;4.2;35.0
475;THA;01:48.801;4.0;33.0;PAR;01:44.954;4.3;35.0;AUT;01:42.258;4.5;37.0;GEO;01:54.887;3.8;31.0;MDA;01:49.236;4.2;35.0
480;THA;01:50.010;4.0;33.0;PAR;01:46.045;4.3;35.0;AUT;01:43.418;4.5;37.0;GEO;01:56.052;3.8;31.0;MDA;01:50.493;4.2;35.0
485;THA;01:51.283;4.1;33.0;PAR;01:47.302;4.2;35.0;AUT;01:44.448;4.5;36.0;GEO;01:57.430;3.8;31.0;MDA;01:51.637;4.2;35.0
490;THA;01:52.459;4.1;33.0;PAR;01:48.553;4.1;35.0;AUT;01:45.592;4.5;36.0;GEO;01:58.716;3.9;31.0;MDA;01:52.798;4.1;35.0
495;THA;01:53.664;4.1;33.0;PAR;01:49.667;4.1;35.0;AUT;01:46.760;4.5;36.0;GEO;01:59.874;3.9;31.0;MDA;01:54.064;4.2;35.0
500;THA;01:54.977;4.1;33.0;PAR;01:50.860;4.2;35.0;AUT;01:47.805;4.5;36.0;GEO;02:01.235;4.0;31.0;MDA;01:55.263;4.2;35.0
505;THA;01:56.136;4.0;33.0;PAR;01:52.102;4.2;34.0;AUT;01:48.938;4.5;36.0;GEO;02:02.534;3.9;30.0;MDA;01:56.339;4.2;35.0
510;THA;01:57.384;4.0;32.0;PAR;01:53.223;4.3;34.0;AUT;01:50.123;4.5;36.0;GEO;02:03.748;3.9;30.0;MDA;01:57.639;4.2;35.0
515;THA;01:58.667;4.1;32.0;PAR;01:54.450;4.2;34.0;AUT;01:51.144;4.4;36.0;GEO;02:05.124;3.9;31.0;MDA;01:58.852;4.2;35.0
520;THA;01:59.758;4.1;32.0;PAR;01:55.672;4.2;34.0;AUT;01:52.350;4.4;36.0;GEO;02:06.434;3.8;31.0;MDA;01:59.916;4.2;35.0
525;THA;02:01.030;4.1;32.0;PAR;01:56.812;4.2;34.0;AUT;01:53.562;4.4;36.0;GEO;02:07.660;3.8;31.0;MDA;02:01.136;4.2;35.0
530;THA;02:02.275;4.2;32.0;PAR;01:57.956;4.2;34.0;AUT;01:54.609;4.3;35.0;GEO;02:09.063;3.8;31.0;MDA;02:02.351;4.3;35.0
535;THA;02:03.339;4.2;32.0;PAR;01:59.214;4.3;34.0;AUT;01:55.783;4.3;35.0;GEO;02:10.344;3.8;31.0;MDA;02:03.418;4.3;35.0
540;THA;02:04.620;4.2;32.0;PAR;02:00.390;4.2;34.0;AUT;01:56.995;4.3;36.0;GEO;02:11.578;3.8;30.0;MDA;02:04.606;4.3;35.0
545;THA;02:05.803;4.2;32.0;PAR;02:01.481;4.2;35.0;AUT;01:58.119;4.4;36.0;GEO;02:12.954;3.9;30.0;MDA;02:05.814;4.3;35.0
550;THA;02:06.943;4.2;32.0;PAR;02:02.716;4.3;35.0;AUT;01:59.186;4.4;36.0;GEO;02:14.182;3.9;30.0;MDA;02:06.886;4.3;35.0
555;THA;02:08.194;4.2;32.0;PAR;02:03.890;4.3;35.0;AUT;02:00.390;4.4;36.0;GEO;02:15.414;3.9;31.0;MDA;02:08.030;4.4;35.0
560;THA;02:09.279;4.2;32.0;PAR;02:04.950;4.3;35.0;AUT;02:01.528;4.4;36.0;GEO;02:16.768;4.0;31.0;MDA;02:09.241;4.4;35.0
565;THA;02:10.505;4.2;32.0;PAR;02:06.183;4.3;35.0;AUT;02:02.567;4.4;36.0;GEO;02:18.035;3.9;31.0;MDA;02:10.325;4.4;35.0
570;THA;02:11.747;4.3;32.0;PAR;02:07.359;4.3;35.0;AUT;02:03.764;4.4;36.0;GEO;02:19.285;3.9;31.0;MDA;02:11.472;4.4;35.0
575;THA;02:12.807;4.2;32.0;PAR;02:08.400;4.3;35.0;AUT;02:04.895;4.4;36.0;GEO;02:20.635;3.9;31.0;MDA;02:12.698;4.4;35.0
580;THA;02:14.092;4.2;32.0;PAR;02:09.646;4.4;35.0;AUT;02:05.917;4.5;36.0;GEO;02:21.771;3.9;30.0;MDA;02:13.808;4.3;35.0
585;THA;02:15.303;4.2;32.0;PAR;02:10.853;4.3;35.0;AUT;02:07.113;4.5;36.0;GEO;02:23.115;3.9;30.0;MDA;02:14.966;4.3;35.0
590;THA;02:16.391;4.2;32.0;PAR;02:11.916;4.3;35.0;AUT;02:08.260;4.5;36.0;GEO;02:24.420;4.0;30.0;MDA;02:16.221;4.3;35.0
595;THA;02:17.656;4.3;32.0;PAR;02:13.192;4.2;35.0;AUT;02:09.278;4.5;36.0;GEO;02:25.561;3.9;30.0;MDA;02:17.356;4.2;35.0
600;THA;02:18.714;4.3;32.0;PAR;02:14.407;4.2;35.0;AUT;02:10.503;4.4;36.0;GEO;02:26.928;4.0;30.0;MDA;02:18.445;4.3;35.0
605;THA;02:19.956;4.3;32.0;PAR;02:15.470;4.2;35.0;AUT;02:11.680;4.4;36.0;GEO;02:28.237;3.9;30.0;MDA;02:19.686;4.3;35.0
610;THA;02:21.210;4.2;32.0;PAR;02:16.726;4.2;35.0;AUT;02:12.695;4.4;36.0;GEO;02:29.397;3.9;30.0;MDA;02:20.844;4.3;35.0
615;THA;02:22.259;4.2;32.0;PAR;02:17.954;4.2;35.0;AUT;02:13.912;4.4;36.0;GEO;02:30.781;3.9;30.0;MDA;02:21.908;4.3;35.0
620;THA;02:23.533;4.2;32.0;PAR;02:19.052;4.2;34.0;AUT;02:15.072;4.4;36.0;GEO;02:32.071;3.9;31.0;MDA;02:23.169;4.3;35.0
625;THA;02:24.726;4.2;32.0;PAR;02:20.273;4.2;34.0;AUT;02:16.077;4.4;36.0;GEO;02:33.252;3.9;31.0;MDA;02:24.335;4.3;35.0
630;THA;02:25.810;4.3;32.0;PAR;02:21.523;4.2;34.0;AUT;02:17.286;4.4;36.0;GEO;02:34.606;3.9;31.0;MDA;02:25.378;4.3;36.0
635;THA;02:27.071;4.3;32.0;PAR;02:22.656;4.2;34.0;AUT;02:18.447;4.4;36.0;GEO;02:35.836;3.9;31.0;MDA;02:26.621;4.3;36.0
640;THA;02:28.156;4.3;32.0;PAR;02:23.888;4.2;34.0;AUT;02:19.447;4.4;36.0;GEO;02:37.079;3.9;30.0;MDA;02:27.817;4.3;36.0
645;THA;02:29.375;4.3;32.0;PAR;02:25.107;4.2;34.0;AUT;02:20.631;4.5;36.0;GEO;02:38.398;4.0;30.0;MDA;02:28.870;4.3;36.0
650;THA;02:30.584;4.3;31.0;PAR;02:26.258;4.2;34.0;AUT;02:21.777;4.5;36.0;GEO;02:39.522;3.9;30.0;MDA;02:30.078;4.3;36.0
655;THA;02:31.621;4.3;31.0;PAR;02:27.453;4.2;34.0;AUT;02:22.772;4.5;36.0;GEO;02:40.842;4.0;30.0;MDA;02:31.305;4.3;36.0
660;THA;02:32.874;4.4;31.0;PAR;02:28.626;4.3;34.0;AUT;02:23.950;4.5;36.0;GEO;02:42.109;4.1;30.0;MDA;02:32.408;4.3;36.0
665;THA;02:33.951;4.4;31.0;PAR;02:29.751;4.3;34.0;AUT;02:25.105;4.5;36.0;GEO;02:43.225;4.1;30.0;MDA;02:33.542;4.3;36.0
670;THA;02:35.120;4.4;32.0;PAR;02:30.871;4.3;34.0;AUT;02:26.106;4.5;36.0;GEO;02:44.553;4.1;30.0;MDA;02:34.779;4.3;36.0
675;THA;02:36.328;4.4;32.0;PAR;02:32.097;4.3;34.0;AUT;02:27.283;4.5;36.0;GEO;02:45.719;4.1;30.0;MDA;02:35.895;4.3;36.0
680;THA;02:37.382;4.3;32.0;PAR;02:33.197;4.3;34.0;AUT;02:28.439;4.5;36.0;GEO;02:46.966;4.1;30.0;MDA;02:36.980;4.3;35.0
685;THA;02:38.654;4.3;32.0;PAR;02:34.320;4.4;34.0;AUT;02:29.437;4.5;36.0;GEO;02:48.280;4.1;30.0;MDA;02:38.202;4.4;35.0
690;THA;02:39.813;4.3;32.0;PAR;02:35.516;4.4;34.0;AUT;02:30.598;4.5;36.0;GEO;02:49.403;4.0;30.0;MDA;02:39.328;4.4;35.0
695;THA;02:40.969;4.3;31.0;PAR;02:36.552;4.4;34.0;AUT;02:31.741;4.5;36.0;GEO;02:50.754;4.0;30.0;MDA;02:40.403;4.4;35.0
700;THA;02:42.228;4.2;31.0;PAR;02:37.738;4.4;34.0;AUT;02:32.725;4.6;36.0;GEO;02:52.062;4.0;31.0;MDA;02:41.655;4.4;36.0
705;THA;02:43.310;4.2;31.0;PAR;02:38.919;4.4;34.0;AUT;02:33.883;4.6;36.0;GEO;02:53.216;3.9;30.0;MDA;02:42.822;4.3;36.0
710;THA;02:44.587;4.2;31.0;PAR;02:39.952;4.4;34.0;AUT;02:35.006;4.6;36.0;GEO;02:54.630;3.9;30.0;MDA;02:43.862;4.3;36.0
715;THA;02:45.848;4.1;31.0;PAR;02:41.155;4.4;34.0;AUT;02:36.006;4.6;36.0;GEO;02:55.974;3.8;30.0;MDA;02:45.126;4.3;36.0
720;THA;02:46.935;4.1;31.0;PAR;02:42.339;4.4;34.0;AUT;02:37.173;4.6;36.0;GEO;02:57.152;3.8;30.0;MDA;02:46.333;4.3;36.0
725;THA;02:48.238;4.1;32.0;PAR;02:43.390;4.4;34.0;AUT;02:38.294;4.6;36.0;GEO;02:58.514;3.8;30.0;MDA;02:47.389;4.3;35.0
730;THA;02:49.491;4.1;32.0;PAR;02:44.643;4.3;35.0;AUT;02:39.278;4.6;36.0;GEO;02:59.746;3.9;30.0;MDA;02:48.681;4.2;35.0
735;THA;02:50.659;4.1;32.0;PAR;02:45.840;4.3;35.0;AUT;02:40.465;4.6;36.0;GEO;03:00.986;3.9;30.0;MDA;02:49.994;4.1;35.0
740;THA;02:51.950;4.1;32.0;PAR;02:46.929;4.3;35.0;AUT;02:41.588;4.6;36.0;GEO;03:02.346;4.0;30.0;MDA;02:51.199;4.0;35.0
745;THA;02:53.164;4.0;32.0;PAR;02:48.206;4.2;35.0;AUT;02:42.608;4.6;36.0;GEO;03:03.554;3.9;30.0;MDA;02:52.349;4.0;35.0
750;THA;02:54.341;4.0;31.0;PAR;02:49.432;4.2;35.0;AUT;02:43.840;4.5;36.0;GEO;03:04.902;3.9;30.0;MDA;02:53.656;4.0;35.0
755;THA;02:55.639;4.1;31.0;PAR;02:50.511;4.1;35.0;AUT;02:45.030;4.4;36.0;GEO;03:06.266;3.8;30.0;MDA;02:54.892;4.1;35.0
760;THA;02:56.771;4.1;31.0;PAR;02:51.721;4.2;34.0;AUT;02:46.082;4.3;36.0;GEO;03:07.454;3.8;30.0;MDA;02:55.968;4.1;35.0
765;THA;02:58.043;4.1;32.0;PAR;02:52.917;4.3;34.0;AUT;02:47.284;4.3;36.0;GEO;03:08.867;3.8;30.0;MDA;02:57.267;4.2;35.0
770;THA;02:59.354;4.1;32.0;PAR;02:53.959;4.3;34.0;AUT;02:48.439;4.3;36.0;GEO;03:10.193;3.8;30.0;MDA;02:58.541;4.1;35.0
775;THA;03:00.507;4.0;32.0;PAR;02:55.177;4.4;34.0;AUT;02:49.440;4.4;36.0;GEO;03:11.356;3.8;30.0;MDA;02:59.639;4.1;35.0
780;THA;03:01.766;4.0;32.0;PAR;02:56.395;4.3;34.0;AUT;02:50.610;4.5;36.0;GEO;03:12.739;3.9;30.0;MDA;03:00.836;4.1;35.0
785;THA;03:03.033;4.1;32.0;PAR;02:57.453;4.3;34.0;AUT;02:51.759;4.6;36.0;GEO;03:14.019;3.9;30.0;MDA;03:02.074;4.2;35.0
790;THA;03:04.083;4.1;32.0;PAR;02:58.704;4.3;34.0;AUT;02:52.754;4.6;36.0;GEO;03:15.242;3.9;29.0;MDA;03:03.143;4.3;35.0
795;THA;03:05.366;4.2;32.0;PAR;02:59.907;4.3;34.0;AUT;02:53.946;4.5;36.0;GEO;03:16.617;3.9;29.0;MDA;03:04.324;4.3;35.0
800;THA;03:06.610;4.2;32.0;PAR;03:00.946;4.3;34.0;AUT;02:55.100;4.5;35.0;GEO;03:17.839;3.9;29.0;MDA;03:05.582;4.3;35.0
805;THA;03:07.752;4.2;31.0;PAR;03:02.190;4.3;34.0;AUT;02:56.107;4.5;35.0;GEO;03:19.168;3.8;29.0;MDA;03:06.711;4.3;35.0
810;THA;03:09.047;4.1;31.0;PAR;03:03.385;4.3;34.0;AUT;02:57.309;4.5;35.0;GEO;03:20.525;3.9;29.0;MDA;03:07.890;4.2;35.0
815;THA;03:10.195;4.1;31.0;PAR;03:04.435;4.3;34.0;AUT;02:58.440;4.5;35.0;GEO;03:21.671;3.8;29.0;MDA;03:09.119;4.2;35.0
820;THA;03:11.413;4.1;31.0;PAR;03:05.684;4.3;34.0;AUT;02:59.464;4.5;35.0;GEO;03:23.076;3.9;29.0;MDA;03:10.306;4.2;35.0
825;THA;03:12.693;4.1;31.0;PAR;03:06.864;4.3;34.0;AUT;03:00.659;4.5;35.0;GEO;03:24.352;3.9;29.0;MDA;03:11.387;4.2;35.0
830;THA;03:13.777;4.1;31.0;PAR;03:07.929;4.3;34.0;AUT;03:01.761;4.5;35.0;GEO;03:25.529;3.9;29.0;MDA;03:12.657;4.2;35.0
835;THA;03:15.084;4.1;31.0;PAR;03:09.171;4.3;34.0;AUT;03:02.820;4.5;35.0;GEO;03:26.879;3.9;29.0;MDA;03:13.807;4.3;35.0
840;THA;03:16.328;4.1;31.0;PAR;03:10.344;4.3;34.0;AUT;03:04.018;4.5;35.0;GEO;03:28.052;3.9;29.0;MDA;03:14.879;4.3;35.0
845;THA;03:17.434;4.1;31.0;PAR;03:11.416;4.3;34.0;AUT;03:05.096;4.5;35.0;GEO;03:29.387;3.9;29.0;MDA;03:16.139;4.3;35.0
850;THA;03:18.720;4.1;31.0;PAR;03:12.657;4.3;34.0;AUT;03:06.183;4.5;35.0;GEO;03:30.751;3.9;29.0;MDA;03:17.339;4.3;35.0
855;THA;03:19.859;4.1;31.0;PAR;03:13.793;4.3;34.0;AUT;03:07.358;4.5;35.0;GEO;03:31.932;3.8;29.0;MDA;03:18.391;4.3;35.0
860;THA;03:21.083;4.2;31.0;PAR;03:14.885;4.3;34.0;AUT;03:08.402;4.5;35.0;GEO;03:33.340;3.8;29.0;MDA;03:19.645;4.3;35.0
865;THA;03:22.309;4.2;31.0;PAR;03:16.099;4.4;34.0;AUT;03:09.529;4.5;35.0;GEO;03:34.632;3.8;29.0;MDA;03:20.847;4.3;35.0
870;THA;03:23.371;4.2;31.0;PAR;03:17.211;4.4;34.0;AUT;03:10.704;4.5;35.0;GEO;03:35.855;3.8;29.0;MDA;03:21.921;4.3;35.0
875;THA;03:24.657;4.2;31.0;PAR;03:18.312;4.4;34.0;AUT;03:11.703;4.5;35.0;GEO;03:37.239;3.9;29.0;MDA;03:23.156;4.3;35.0
880;THA;03:25.882;4.2;31.0;PAR;03:19.529;4.4;34.0;AUT;03:12.884;4.5;35.0;GEO;03:38.517;3.9;29.0;MDA;03:24.387;4.3;35.0
885;THA;03:26.990;4.2;31.0;PAR;03:20.597;4.4;35.0;AUT;03:14.029;4.5;35.0;GEO;03:39.780;3.8;29.0;MDA;03:25.478;4.3;35.0
890;THA;03:28.295;4.2;31.0;PAR;03:21.773;4.3;35.0;AUT;03:15.020;4.5;35.0;GEO;03:41.176;3.9;29.0;MDA;03:26.669;4.3;35.0
895;THA;03:29.477;4.1;31.0;PAR;03:23.010;4.3;35.0;AUT;03:16.211;4.6;35.0;GEO;03:42.496;3.8;29.0;MDA;03:27.927;4.3;35.0
900;THA;03:30.647;4.1;32.0;PAR;03:24.166;4.3;35.0;AUT;03:17.335;4.5;35.0;GEO;03:43.757;3.7;30.0;MDA;03:29.099;4.2;35.0
905;THA;03:31.916;4.1;32.0;PAR;03:25.286;4.3;35.0;AUT;03:18.344;4.5;35.0;GEO;03:45.151;3.8;30.0;MDA;03:30.247;4.2;35.0
910;THA;03:32.990;4.2;32.0;PAR;03:26.540;4.3;35.0;AUT;03:19.523;4.5;35.0;GEO;03:46.474;3.8;31.0;MDA;03:31.548;4.1;35.0
915;THA;03:34.304;4.2;32.0;PAR;03:27.718;4.2;35.0;AUT;03:20.613;4.6;35.0;GEO;03:47.724;3.8;31.0;MDA;03:32.759;4.1;35.0
920;THA;03:35.588;4.1;31.0;PAR;03:28.829;4.3;35.0;AUT;03:21.683;4.6;35.0;GEO;03:49.143;3.8;30.0;MDA;03:33.841;4.1;35.0
925;THA;03:36.704;4.0;31.0;PAR;03:30.065;4.3;35.0;AUT;03:22.859;4.5;35.0;GEO;03:50.484;3.8;30.0;MDA;03:35.125;4.2;35.0
930;THA;03:38.023;4.0;31.0;PAR;03:31.251;4.3;35.0;AUT;03:23.910;4.5;35.0;GEO;03:51.766;3.7;30.0;MDA;03:36.373;4.2;35.0
935;THA;03:39.169;4.1;31.0;PAR;03:32.349;4.3;34.0;AUT;03:25.066;4.5;35.0;GEO;03:53.201;3.7;30.0;MDA;03:37.490;4.2;35.0
940;THA;03:40.396;4.1;30.0;PAR;03:33.612;4.2;34.0;AUT;03:26.220;4.5;35.0;GEO;03:54.514;3.7;29.0;MDA;03:38.684;4.2;35.0
945;THA;03:41.677;4.1;30.0;PAR;03:34.801;4.2;34.0;AUT;03:27.230;4.5;35.0;GEO;03:55.835;3.7;29.0;MDA;03:39.938;4.2;35.0
950;THA;03:42.765;4.1;30.0;PAR;03:35.879;4.3;34.0;AUT;03:28.438;4.4;35.0;GEO;03:57.274;3.7;29.0;MDA;03:41.068;4.2;35.0
955;THA;03:44.080;4.1;31.0;PAR;03:37.079;4.3;35.0;AUT;03:29.592;4.4;35.0;GEO;03:58.537;3.7;29.0;MDA;03:42.200;4.3;35.0
960;THA;03:45.351;4.1;31.0;PAR;03:38.261;4.4;35.0;AUT;03:30.601;4.4;34.0;GEO;03:59.837;3.7;29.0;MDA;03:43.450;4.3;35.0
965;THA;03:46.470;4.1;31.0;PAR;03:39.270;4.4;35.0;AUT;03:31.814;4.4;34.0;GEO;04:01.207;3.9;29.0;MDA;03:44.591;4.3;35.0
970;THA;03:47.783;4.1;31.0;PAR;03:40.477;4.4;35.0;AUT;03:32.955;4.4;34.0;GEO;04:02.379;3.8;29.0;MDA;03:45.736;4.3;34.0
975;THA;03:48.944;4.1;31.0;PAR;03:41.636;4.4;35.0;AUT;03:33.993;4.4;34.0;GEO;04:03.789;3.8;29.0;MDA;03:47.008;4.2;34.0
980;THA;03:50.170;4.1;31.0;PAR;03:42.664;4.4;35.0;AUT;03:35.199;4.4;34.0;GEO;04:05.118;3.9;29.0;MDA;03:48.196;4.2;34.0
985;THA;03:51.447;4.1;30.0;PAR;03:43.904;4.4;35.0;AUT;03:36.285;4.4;34.0;GEO;04:06.341;3.8;29.0;MDA;03:49.297;4.2;34.0
990;THA;03:52.524;4.1;30.0;PAR;03:45.118;4.4;35.0;AUT;03:37.396;4.4;34.0;GEO;04:07.769;3.8;29.0;MDA;03:50.592;4.2;35.0
995;THA;03:53.847;4.1;30.0;PAR;03:46.168;4.3;35.0;AUT;03:38.585;4.4;34.0;GEO;04:09.076;3.8;29.0;MDA;03:51.811;4.2;35.0
1000;THA;03:55.046;4.1;30.0;PAR;03:47.449;4.2;35.0;AUT;03:39.614;4.4;34.0;GEO;04:10.383;3.7;29.0;MDA;03:52.871;4.2;35.0
1005;THA;03:56.200;4.1;30.0;PAR;03:48.643;4.2;35.0;AUT;03:40.822;4.4;34.0;GEO;04:11.776;3.8;29.0;MDA;03:54.165;4.2;34.0
1010;THA;03:57.502;4.1;30.0;PAR;03:49.695;4.2;35.0;AUT;03:42.013;4.4;34.0;GEO;04:12.947;3.8;29.0;MDA;03:55.413;4.2;34.0
1015;THA;03:58.620;4.1;30.0;PAR;03:50.928;4.3;35.0;AUT;03:43.049;4.4;34.0;GEO;04:14.381;3.8;29.0;MDA;03:56.487;4.2;34.0
1020;THA;03:59.941;4.1;31.0;PAR;03:52.134;4.3;34.0;AUT;03:44.295;4.3;33.0;GEO;04:15.775;3.8;28.0;MDA;03:57.797;4.1;34.0
1025;THA;04:01.223;4.1;30.0;PAR;03:53.178;4.3;34.0;AUT;03:45.466;4.3;33.0;GEO;04:17.004;3.7;28.0;MDA;03:59.037;4.1;34.0
1030;THA;04:02.353;4.0;30.0;PAR;03:54.411;4.3;34.0;AUT;03:46.513;4.3;33.0;GEO;04:18.474;3.6;28.0;MDA;04:00.151;4.1;34.0
1035;THA;04:03.700;4.0;30.0;PAR;03:55.613;4.3;34.0;AUT;03:47.735;4.4;33.0;GEO;04:19.817;3.7;28.0;MDA;04:01.339;4.2;34.0
1040;THA;04:04.951;4.0;30.0;PAR;03:56.652;4.3;34.0;AUT;03:48.873;4.4;33.0;GEO;04:21.089;3.7;28.0;MDA;04:02.589;4.2;35.0
1045;THA;04:06.214;3.9;30.0;PAR;03:57.916;4.3;34.0;AUT;03:50.000;4.4;33.0;GEO;04:22.466;3.8;28.0;MDA;04:03.771;4.2;35.0
1050;THA;04:07.583;3.9;30.0;PAR;03:59.125;4.3;34.0;AUT;03:51.205;4.3;34.0;GEO;04:23.733;3.8;28.0;MDA;04:04.888;4.3;36.0
1055;THA;04:08.752;3.8;30.0;PAR;04:00.184;4.3;34.0;AUT;03:52.272;4.3;34.0;GEO;04:25.099;3.7;28.0;MDA;04:06.123;4.2;36.0
1060;THA;04:10.104;3.8;30.0;PAR;04:01.457;4.3;34.0;AUT;03:53.477;4.3;34.0;GEO;04:26.507;3.8;28.0;MDA;04:07.347;4.2;36.0
1065;THA;04:11.445;3.9;29.0;PAR;04:02.692;4.2;34.0;AUT;03:54.696;4.3;33.0;GEO;04:27.695;3.7;28.0;MDA;04:08.415;4.2;36.0
1070;THA;04:12.598;3.9;29.0;PAR;04:03.779;4.2;34.0;AUT;03:55.739;4.3;33.0;GEO;04:29.136;3.7;28.0;MDA;04:09.675;4.2;36.0
1075;THA;04:13.942;3.9;29.0;PAR;04:05.083;4.1;34.0;AUT;03:57.011;4.3;33.0;GEO;04:30.511;3.8;28.0;MDA;04:10.985;4.1;36.0
1080;THA;04:15.192;4.0;30.0;PAR;04:06.316;4.1;34.0;AUT;03:58.232;4.2;33.0;GEO;04:31.780;3.7;28.0;MDA;04:12.222;4.1;36.0
1085;THA;04:16.447;3.9;30.0;PAR;04:07.403;4.1;34.0;AUT;03:59.275;4.2;33.0;GEO;04:33.222;3.7;28.0;MDA;04:13.306;4.1;36.0
1090;THA;04:17.805;3.9;30.0;PAR;04:08.708;4.1;34.0;AUT;04:00.540;4.3;33.0;GEO;04:34.505;3.7;28.0;MDA;04:14.613;4.1;36.0
1095;THA;04:19.057;3.9;30.0;PAR;04:09.991;4.1;34.0;AUT;04:01.753;4.3;33.0;GEO;04:35.871;3.6;28.0;MDA;04:15.829;4.2;36.0
1100;THA;04:20.301;3.9;30.0;PAR;04:11.115;4.1;34.0;AUT;04:02.821;4.3;33.0;GEO;04:37.300;3.7;28.0;MDA;04:16.935;4.2;35.0
1105;THA;04:21.605;4.0;30.0;PAR;04:12.365;4.1;33.0;AUT;04:04.096;4.2;34.0;GEO;04:38.560;3.7;28.0;MDA;04:18.148;4.2;35.0
1110;THA;04:22.751;4.0;30.0;PAR;04:13.660;4.1;33.0;AUT;04:05.317;4.2;34.0;GEO;04:39.964;3.6;28.0;MDA;04:19.444;4.2;35.0
1115;THA;04:24.116;3.9;30.0;PAR;04:14.846;4.1;34.0;AUT;04:06.384;4.2;34.0;GEO;04:41.364;3.7;28.0;MDA;04:20.598;4.1;35.0
1120;THA;04:25.448;3.9;30.0;PAR;04:16.024;4.1;34.0;AUT;04:07.656;4.2;34.0;GEO;04:42.565;3.7;29.0;MDA;04:21.757;4.1;35.0
1125;THA;04:26.573;3.9;30.0;PAR;04:17.308;4.1;34.0;AUT;04:08.872;4.2;34.0;GEO;04:43.998;3.7;29.0;MDA;04:23.065;4.1;35.0
1130;THA;04:27.923;3.9;30.0;PAR;04:18.507;4.1;34.0;AUT;04:09.934;4.2;34.0;GEO;04:45.377;3.8;29.0;MDA;04:24.314;4.1;35.0
1135;THA;04:29.181;4.0;30.0;PAR;04:19.619;4.1;34.0;AUT;04:11.200;4.3;34.0;GEO;04:46.620;3.7;28.0;MDA;04:25.412;4.1;35.0
1140;THA;04:30.387;4.0;30.0;PAR;04:20.887;4.2;34.0;AUT;04:12.400;4.3;34.0;GEO;04:48.088;3.7;28.0;MDA;04:26.667;4.1;35.0
1145;THA;04:31.710;4.0;30.0;PAR;04:22.081;4.2;34.0;AUT;04:13.471;4.3;33.0;GEO;04:49.488;3.6;29.0;MDA;04:27.935;4.1;35.0
1150;THA;04:32.875;4.0;30.0;PAR;04:23.154;4.2;34.0;AUT;04:14.730;4.3;33.0;GEO;04:50.785;3.6;29.0;MDA;04:29.114;4.1;35.0
1155;THA;04:34.171;4.0;30.0;PAR;04:24.388;4.3;34.0;AUT;04:15.893;4.3;33.0;GEO;04:52.289;3.6;28.0;MDA;04:30.251;4.1;35.0
1160;THA;04:35.492;4.0;30.0;PAR;04:25.580;4.3;35.0;AUT;04:16.992;4.3;33.0;GEO;04:53.648;3.6;28.0;MDA;04:31.546;4.1;35.0
1165;THA;04:36.627;3.9;30.0;PAR;04:26.610;4.3;35.0;AUT;04:18.238;4.3;33.0;GEO;04:54.980;3.6;28.0;MDA;04:32.763;4.1;35.0
1170;THA;04:38.007;3.9;30.0;PAR;04:27.829;4.3;35.0;AUT;04:19.346;4.3;33.0;GEO;04:56.452;3.6;28.0;MDA;04:33.823;4.2;35.0
1175;THA;04:39.314;3.9;30.0;PAR;04:29.011;4.4;35.0;AUT;04:20.507;4.3;33.0;GEO;04:57.750;3.6;28.0;MDA;04:35.095;4.2;35.0
1180;THA;04:40.494;3.9;30.0;PAR;04:30.037;4.4;36.0;AUT;04:21.735;4.3;33.0;GEO;04:59.215;3.5;28.0;MDA;04:36.321;4.3;35.0
1185;THA;04:41.881;3.9;30.0;PAR;04:31.232;4.4;36.0;AUT;04:22.784;4.3;33.0;GEO;05:00.675;3.6;28.0;MDA;04:37.408;4.2;35.0
1190;THA;04:43.153;3.9;30.0;PAR;04:32.410;4.4;36.0;AUT;04:24.013;4.3;33.0;GEO;05:01.890;3.6;28.0;MDA;04:38.677;4.2;35.0
1195;THA;04:44.339;3.9;30.0;PAR;04:33.452;4.4;36.0;AUT;04:25.218;4.3;33.0;GEO;05:03.350;3.6;28.0;MDA;04:39.922;4.2;35.0
1200;THA;04:45.685;4.0;30.0;PAR;04:34.685;4.4;36.0;AUT;04:26.254;4.3;33.0;GEO;05:04.726;3.7;28.0;MDA;04:41.099;4.1;35.0
1205;THA;04:46.858;4.0;30.0;PAR;04:35.909;4.3;36.0;AUT;04:27.508;4.3;33.0;GEO;05:05.977;3.7;28.0;MDA;04:42.262;4.1;35.0
1210;THA;04:48.204;3.9;30.0;PAR;04:37.095;4.2;36.0;AUT;04:28.688;4.3;33.0;GEO;05:07.396;3.8;27.0;MDA;04:43.573;4.1;35.0
1215;THA;04:49.540;3.9;30.0;PAR;04:38.312;4.1;35.0;AUT;04:29.731;4.3;33.0;GEO;05:08.639;3.8;27.0;MDA;04:44.812;4.1;35.0
1220;THA;04:50.685;3.9;30.0;PAR;04:39.552;4.1;35.0;AUT;04:30.959;4.3;33.0;GEO;05:10.058;3.7;27.0;MDA;04:45.918;4.1;35.0
1225;THA;04:52.056;3.9;30.0;PAR;04:40.771;4.1;35.0;AUT;04:32.118;4.4;34.0;GEO;05:11.427;3.7;27.0;MDA;04:47.234;4.1;34.0
1230;THA;04:53.393;3.9;30.0;PAR;04:41.891;4.1;35.0;AUT;04:33.185;4.4;34.0;GEO;05:12.679;3.7;27.0;MDA;04:48.512;4.1;34.0
1235;THA;04:54.531;3.9;30.0;PAR;04:43.191;4.1;35.0;AUT;04:34.439;4.3;34.0;GEO;05:14.078;3.7;27.0;MDA;04:49.655;4.1;34.0
1240;THA;04:55.868;3.9;30.0;PAR;04:44.454;4.1;34.0;AUT;04:35.606;4.3;34.0;GEO;05:15.322;3.8;27.0;MDA;04:50.916;4.0;34.0
1245;THA;04:57.135;4.0;31.0;PAR;04:45.562;4.1;34.0;AUT;04:36.694;4.3;34.0;GEO;05:16.718;3.7;27.0;MDA;04:52.220;4.0;34.0
1250;THA;04:58.281;4.0;31.0;PAR;04:46.850;4.1;34.0;AUT;04:37.948;4.3;35.0;GEO;05:18.122;3.8;27.0;MDA;04:53.411;4.0;34.0
1255;THA;04:59.625;4.1;31.0;PAR;04:48.124;4.1;34.0;AUT;04:39.132;4.3;35.0;GEO;05:19.356;3.7;27.0;MDA;04:54.559;4.1;34.0
1260;THA;05:00.840;4.0;31.0;PAR;04:49.289;4.1;34.0;AUT;04:40.205;4.3;34.0;GEO;05:20.802;3.7;27.0;MDA;04:55.838;4.1;34.0
1265;THA;05:02.088;4.0;31.0;PAR;04:50.508;4.1;34.0;AUT;04:41.431;4.3;34.0;GEO;05:22.097;3.7;27.0;MDA;04:56.996;4.2;34.0
1270;THA;05:03.370;4.0;31.0;PAR;04:51.733;4.1;34.0;AUT;04:42.632;4.3;34.0;GEO;05:23.462;3.6;27.0;MDA;04:58.122;4.2;34.0
1275;THA;05:04.494;4.0;31.0;PAR;04:52.926;4.2;34.0;AUT;04:43.700;4.3;34.0;GEO;05:24.874;3.7;27.0;MDA;04:59.383;4.3;34.0
1280;THA;05:05.817;4.0;31.0;PAR;04:54.045;4.2;34.0;AUT;04:44.958;4.3;34.0;GEO;05:26.079;3.7;27.0;MDA;05:00.554;4.3;34.0
1285;THA;05:07.126;4.0;31.0;PAR;04:55.338;4.2;35.0;AUT;04:46.144;4.3;34.0;GEO;05:27.496;3.7;27.0;MDA;05:01.681;4.2;34.0
1290;THA;05:08.271;4.0;30.0;PAR;04:56.588;4.1;35.0;AUT;04:47.270;4.3;34.0;GEO;05:28.725;3.8;27.0;MDA;05:02.970;4.2;34.0
1295;THA;05:09.646;3.9;30.0;PAR;04:57.695;4.1;35.0;AUT;04:48.421;4.3;34.0;GEO;05:30.080;3.8;27.0;MDA;05:04.190;4.1;34.0
1300;THA;05:10.874;3.9;30.0;PAR;04:58.963;4.1;35.0;AUT;04:49.570;4.4;34.0;GEO;05:31.447;3.9;27.0;MDA;05:05.316;4.1;34.0
1305;THA;05:12.040;4.0;30.0;PAR;05:00.186;4.1;35.0;AUT;04:50.635;4.4;34.0;GEO;05:32.677;3.8;27.0;MDA;05:06.635;4.1;34.0
1310;THA;05:13.336;4.1;30.0;PAR;05:01.307;4.2;35.0;AUT;04:51.870;4.4;34.0;GEO;05:34.043;3.8;27.0;MDA;05:07.880;4.1;34.0
1315;THA;05:14.424;4.1;30.0;PAR;05:02.499;4.3;35.0;AUT;04:52.988;4.3;34.0;GEO;05:35.217;3.8;27.0;MDA;05:08.983;4.1;33.0
1320;THA;05:15.713;4.1;30.0;PAR;05:03.677;4.3;35.0;AUT;04:54.136;4.3;34.0;GEO;05:36.626;3.8;27.0;MDA;05:10.250;4.1;33.0
1325;THA;05:16.937;4.2;30.0;PAR;05:04.750;4.3;35.0;AUT;04:55.372;4.3;34.0;GEO;05:37.967;3.9;27.0;MDA;05:11.452;4.2;33.0
1330;THA;05:18.096;4.1;30.0;PAR;05:05.909;4.4;35.0;AUT;04:56.514;4.3;34.0;GEO;05:39.217;3.8;27.0;MDA;05:12.547;4.2;33.0
1335;THA;05:19.346;4.2;30.0;PAR;05:07.123;4.4;35.0;AUT;04:57.599;4.3;34.0;GEO;05:40.632;3.8;27.0;MDA;05:13.858;4.2;33.0
1340;THA;05:20.429;4.1;30.0;PAR;05:08.217;4.4;35.0;AUT;04:58.809;4.4;34.0;GEO;05:41.836;3.8;27.0;MDA;05:15.039;4.2;33.0
1345;THA;05:21.735;4.2;30.0;PAR;05:09.371;4.4;35.0;AUT;04:59.876;4.4;34.0;GEO;05:43.249;3.7;27.0;MDA;05:16.129;4.2;33.0
1350;THA;05:23.008;4.1;30.0;PAR;05:10.594;4.3;35.0;AUT;05:01.008;4.5;34.0;GEO;05:44.591;3.8;27.0;MDA;05:17.384;4.2;33.0
1355;THA;05:24.127;4.1;30.0;PAR;05:11.687;4.3;34.0;AUT;05:02.169;4.5;34.0;GEO;05:45.852;3.8;27.0;MDA;05:18.501;4.3;33.0
1360;THA;05:25.476;4.0;30.0;PAR;05:12.882;4.3;34.0;AUT;05:03.206;4.5;34.0;GEO;05:47.224;3.8;27.0;MDA;05:19.621;4.3;33.0
1365;THA;05:26.675;4.0;30.0;PAR;05:14.116;4.3;34.0;AUT;05:04.392;4.4;34.0;GEO;05:48.375;3.8;27.0;MDA;05:20.870;4.3;34.0
1370;THA;05:27.915;4.0;30.0;PAR;05:15.188;4.2;34.0;AUT;05:05.571;4.4;34.0;GEO;05:49.775;3.8;27.0;MDA;05:22.016;4.3;34.0
1375;THA;05:29.214;4.0;30.0;PAR;05:16.487;4.2;34.0;AUT;05:06.586;4.4;34.0;GEO;05:51.097;3.9;27.0;MDA;05:23.138;4.3;34.0
1380;THA;05:30.312;4.0;30.0;PAR;05:17.727;4.1;34.0;AUT;05:07.791;4.4;34.0;GEO;05:52.371;3.8;27.0;MDA;05:24.403;4.3;34.0
1385;THA;05:31.656;4.1;30.0;PAR;05:18.905;4.1;34.0;AUT;05:08.943;4.4;34.0;GEO;05:53.763;3.8;27.0;MDA;05:25.579;4.2;34.0
1390;THA;05:32.861;4.1;30.0;PAR;05:20.035;4.1;34.0;AUT;05:09.957;4.4;34.0;GEO;05:54.937;3.8;27.0;MDA;05:26.678;4.2;34.0
1395;THA;05:34.091;4.0;30.0;PAR;05:21.294;4.2;34.0;AUT;05:11.169;4.5;34.0;GEO;05:56.351;3.8;27.0;MDA;05:27.949;4.2;34.0
1400;THA;05:35.442;4.0;29.0;PAR;05:22.486;4.2;34.0;AUT;05:12.313;4.5;34.0;GEO;05:57.667;3.8;27.0;MDA;05:29.131;4.2;34.0
1405;THA;05:36.588;3.9;29.0;PAR;05:23.571;4.2;34.0;AUT;05:13.357;4.4;35.0;GEO;05:58.982;3.7;27.0;MDA;05:30.241;4.3;34.0
1410;THA;05:37.972;3.9;29.0;PAR;05:24.843;4.3;34.0;AUT;05:14.590;4.4;35.0;GEO;06:00.376;3.8;27.0;MDA;05:31.512;4.3;34.0
1415;THA;05:39.363;3.9;29.0;PAR;05:26.060;4.2;34.0;AUT;05:15.742;4.4;35.0;GEO;06:01.572;3.7;27.0;MDA;05:32.763;4.2;34.0
1420;THA;05:40.511;3.8;29.0;PAR;05:27.152;4.2;34.0;AUT;05:16.836;4.3;34.0;GEO;06:02.972;3.8;27.0;MDA;05:33.862;4.1;34.0
1425;THA;05:41.874;3.8;29.0;PAR;05:28.453;4.2;34.0;AUT;05:18.070;4.3;34.0;GEO;06:04.236;3.8;27.0;MDA;05:35.163;4.1;34.0
1430;THA;05:43.129;3.9;29.0;PAR;05:29.716;4.1;34.0;AUT;05:19.193;4.3;34.0;GEO;06:05.530;3.8;27.0;MDA;05:36.442;4.1;34.0
1435;THA;05:44.330;3.9;29.0;PAR;05:30.830;4.1;34.0;AUT;05:20.333;4.3;34.0;GEO;06:06.882;3.9;27.0;MDA;05:37.566;4.1;34.0
1440;THA;05:45.673;4.0;29.0;PAR;05:32.122;4.1;34.0;AUT;05:21.574;4.3;34.0;GEO;06:08.096;3.9;27.0;MDA;05:38.810;4.1;34.0
1445;THA;05:46.813;4.0;29.0;PAR;05:33.403;4.1;34.0;AUT;05:22.708;4.3;34.0;GEO;06:09.484;3.9;27.0;MDA;05:40.087;4.1;34.0
1450;THA;05:48.179;3.9;30.0;PAR;05:34.575;4.1;34.0;AUT;05:23.873;4.3;34.0;GEO;06:10.746;3.8;27.0;MDA;05:41.217;4.1;34.0
1455;THA;05:49.491;3.9;30.0;PAR;05:35.743;4.1;34.0;AUT;05:25.111;4.3;34.0;GEO;06:12.114;3.7;27.0;MDA;05:42.424;4.1;34.0
1460;THA;05:50.605;3.9;30.0;PAR;05:37.010;4.1;34.0;AUT;05:26.207;4.3;33.0;GEO;06:13.529;3.8;28.0;MDA;05:43.725;4.2;34.0
1465;THA;05:51.945;4.0;30.0;PAR;05:38.220;4.2;34.0;AUT;05:27.405;4.3;33.0;GEO;06:14.729;3.7;28.0;MDA;05:44.907;4.1;33.0
1470;THA;05:53.215;4.0;30.0;PAR;05:39.335;4.2;34.0;AUT;05:28.637;4.3;33.0;GEO;06:16.182;3.7;28.0;MDA;05:46.127;4.0;33.0
1475;THA;05:54.324;4.0;31.0;PAR;05:40.638;4.1;34.0;AUT;05:29.710;4.3;33.0;GEO;06:17.531;3.8;28.0;MDA;05:47.444;4.0;33.0
1480;THA;05:55.631;4.1;31.0;PAR;05:41.892;4.1;34.0;AUT;05:30.942;4.3;34.0;GEO;06:18.804;3.7;28.0;MDA;05:48.664;4.0;33.0
1485;THA;05:56.851;4.1;31.0;PAR;05:42.995;4.1;34.0;AUT;05:32.171;4.3;34.0;GEO;06:20.204;3.8;28.0;MDA;05:49.842;4.1;33.0
1490;THA;05:58.025;4.1;31.0;PAR;05:44.289;4.1;34.0;AUT;05:33.233;4.3;34.0;GEO;06:21.390;3.8;27.0;MDA;05:51.124;4.1;33.0
1495;THA;05:59.351;4.1;31.0;PAR;05:45.543;4.1;34.0;AUT;05:34.481;4.3;34.0;GEO;06:22.823;3.7;27.0;MDA;05:52.360;4.1;33.0
1500;THA;06:00.565;4.0;31.0;PAR;05:46.655;4.1;34.0;AUT;05:35.720;4.3;34.0;GEO;06:24.164;3.8;27.0;MDA;05:53.475;4.1;33.0
1505;THA;06:01.842;3.9;31.0;PAR;05:47.894;4.1;34.0;AUT;05:36.797;4.2;34.0;GEO;06:25.416;3.8;27.0;MDA;05:54.789;4.1;33.0
1510;THA;06:03.148;3.9;31.0;PAR;05:49.166;4.1;34.0;AUT;05:38.060;4.2;33.0;GEO;06:26.846;3.8;27.0;MDA;05:56.006;4.1;33.0
1515;THA;06:04.283;3.9;31.0;PAR;05:50.334;4.1;34.0;AUT;05:39.286;4.2;33.0;GEO;06:28.056;3.7;27.0;MDA;05:57.129;4.1;33.0
1520;THA;06:05.586;4.0;31.0;PAR;05:51.510;4.1;34.0;AUT;05:40.325;4.2;33.0;GEO;06:29.523;3.7;27.0;MDA;05:58.435;4.1;33.0
1525;THA;06:06.852;4.1;31.0;PAR;05:52.801;4.1;34.0;AUT;05:41.587;4.3;33.0;GEO;06:30.936;3.7;27.0;MDA;05:59.671;4.1;33.0
1530;THA;06:07.942;4.1;31.0;PAR;05:54.043;4.1;34.0;AUT;05:42.778;4.3;34.0;GEO;06:32.189;3.6;27.0;MDA;06:00.761;4.1;33.0
1535;THA;06:09.270;4.1;31.0;PAR;05:55.151;4.1;35.0;AUT;05:43.817;4.3;34.0;GEO;06:33.613;3.7;27.0;MDA;06:02.051;4.1;34.0
1540;THA;06:10.563;4.1;31.0;PAR;05:56.440;4.1;35.0;AUT;05:45.066;4.3;34.0;GEO;06:34.919;3.7;27.0;MDA;06:03.272;4.1;34.0
1545;THA;06:11.685;4.0;31.0;PAR;05:57.695;4.1;35.0;AUT;05:46.259;4.3;34.0;GEO;06:36.292;3.7;28.0;MDA;06:04.302;4.2;34.0
1550;THA;06:13.018;4.0;31.0;PAR;05:58.833;4.1;35.0;AUT;05:47.319;4.3;34.0;GEO;06:37.743;3.7;28.0;MDA;06:05.568;4.3;34.0
1555;THA;06:14.277;4.0;31.0;PAR;05:59.987;4.2;35.0;AUT;05:48.577;4.3;33.0;GEO;06:39.005;3.6;27.0;MDA;06:06.753;4.3;35.0
1560;THA;06:15.392;4.0;31.0;PAR;06:01.201;4.3;35.0;AUT;05:49.746;4.3;33.0;GEO;06:40.476;3.5;27.0;MDA;06:07.807;4.3;35.0
1565;THA;06:16.695;4.1;31.0;PAR;06:02.361;4.3;36.0;AUT;05:50.838;4.3;33.0;GEO;06:41.880;3.6;27.0;MDA;06:08.997;4.3;36.0
1570;THA;06:17.917;4.1;31.0;PAR;06:03.443;4.3;36.0;AUT;05:52.082;4.3;33.0;GEO;06:43.094;3.6;27.0;MDA;06:10.177;4.4;36.0
1575;THA;06:19.084;4.1;32.0;PAR;06:04.721;4.3;36.0;AUT;05:53.198;4.3;33.0;GEO;06:44.497;3.8;27.0;MDA;06:11.285;4.4;36.0
1580;THA;06:20.393;4.1;32.0;PAR;06:05.950;4.2;36.0;AUT;05:54.349;4.3;33.0;GEO;06:45.691;3.8;27.0;MDA;06:12.380;4.4;36.0
1585;THA;06:21.602;4.0;32.0;PAR;06:07.045;4.2;36.0;AUT;05:55.571;4.3;33.0;GEO;06:47.102;3.8;27.0;MDA;06:13.610;4.4;36.0
1590;THA;06:22.885;4.0;32.0;PAR;06:08.241;4.2;36.0;AUT;05:56.638;4.3;33.0;GEO;06:48.482;3.8;27.0;MDA;06:14.755;4.4;36.0
1595;THA;06:24.224;3.9;31.0;PAR;06:09.472;4.2;36.0;AUT;05:57.846;4.3;33.0;GEO;06:49.722;3.7;27.0;MDA;06:15.824;4.4;36.0
1600;THA;06:25.475;3.9;31.0;PAR;06:10.601;4.3;36.0;AUT;05:59.054;4.3;33.0;GEO;06:51.150;3.8;27.0;MDA;06:17.083;4.3;36.0
1605;THA;06:26.682;3.9;31.0;PAR;06:11.753;4.3;35.0;AUT;06:00.065;4.3;33.0;GEO;06:52.372;3.7;27.0;MDA;06:18.297;4.3;36.0
1610;THA;06:28.001;4.0;31.0;PAR;06:12.989;4.3;35.0;AUT;06:01.288;4.4;33.0;GEO;06:53.828;3.7;26.0;MDA;06:19.401;4.3;36.0
1615;THA;06:29.127;4.0;31.0;PAR;06:14.167;4.3;35.0;AUT;06:02.435;4.4;34.0;GEO;06:55.163;3.7;26.0;MDA;06:20.621;4.2;36.0
1620;THA;06:30.407;4.1;31.0;PAR;06:15.265;4.3;35.0;AUT;06:03.449;4.4;34.0;GEO;06:56.483;3.7;26.0;MDA;06:21.902;4.2;36.0
1625;THA;06:31.730;4.1;31.0;PAR;06:16.553;4.2;35.0;AUT;06:04.664;4.4;34.0;GEO;06:57.900;3.7;27.0;MDA;06:23.086;4.1;36.0
1630;THA;06:32.881;4.0;31.0;PAR;06:17.806;4.2;35.0;AUT;06:05.804;4.5;34.0;GEO;06:59.113;3.7;27.0;MDA;06:24.177;4.1;36.0
1635;THA;06:34.256;3.9;31.0;PAR;06:18.890;4.1;35.0;AUT;06:06.821;4.5;35.0;GEO;07:00.572;3.7;27.0;MDA;06:25.432;4.2;36.0
1640;THA;06:35.538;3.9;31.0;PAR;06:20.150;4.1;35.0;AUT;06:08.038;4.5;35.0;GEO;07:01.907;3.7;27.0;MDA;06:26.579;4.3;36.0
1645;THA;06:36.640;3.9;31.0;PAR;06:21.405;4.2;35.0;AUT;06:09.196;4.4;35.0;GEO;07:03.228;3.7;26.0;MDA;06:27.605;4.3;36.0
1650;THA;06:37.904;4.1;32.0;PAR;06:22.521;4.2;35.0;AUT;06:10.268;4.4;35.0;GEO;07:04.672;3.7;26.0;MDA;06:28.828;4.4;36.0
1655;THA;06:39.138;4.2;32.0;PAR;06:23.721;4.2;35.0;AUT;06:11.515;4.3;35.0;GEO;07:05.900;3.7;26.0;MDA;06:29.995;4.4;36.0
1660;THA;06:40.195;4.2;32.0;PAR;06:24.958;4.2;35.0;AUT;06:12.656;4.3;35.0;GEO;07:07.376;3.6;26.0;MDA;06:31.028;4.4;36.0
1665;THA;06:41.451;4.3;32.0;PAR;06:26.101;4.2;35.0;AUT;06:13.726;4.3;34.0;GEO;07:08.701;3.7;26.0;MDA;06:32.245;4.4;36.0
1670;THA;06:42.676;4.3;32.0;PAR;06:27.251;4.3;35.0;AUT;06:14.913;4.4;34.0;GEO;07:10.038;3.7;26.0;MDA;06:33.460;4.4;36.0
1675;THA;06:43.736;4.3;33.0;PAR;06:28.478;4.3;35.0;AUT;06:15.998;4.4;34.0;GEO;07:11.404;3.8;26.0;MDA;06:34.523;4.3;36.0
1680;THA;06:44.993;4.3;33.0;PAR;06:29.697;4.3;35.0;AUT;06:17.101;4.5;34.0;GEO;07:12.599;3.8;26.0;MDA;06:35.714;4.3;36.0
1685;THA;06:46.201;4.3;33.0;PAR;06:30.769;4.2;35.0;AUT;06:18.282;4.5;34.0;GEO;07:13.967;3.8;26.0;MDA;06:36.936;4.3;36.0
1690;THA;06:47.263;4.3;33.0;PAR;06:32.016;4.2;35.0;AUT;06:19.306;4.5;34.0;GEO;07:15.155;3.9;26.0;MDA;06:38.026;4.3;36.0
1695;THA;06:48.516;4.3;34.0;PAR;06:33.212;4.2;35.0;AUT;06:20.503;4.5;34.0;GEO;07:16.537;3.8;27.0;MDA;06:39.175;4.3;35.0
1700;THA;06:49.712;4.3;34.0;PAR;06:34.261;4.3;35.0;AUT;06:21.674;4.4;34.0;GEO;07:17.904;3.9;27.0;MDA;06:40.396;4.4;35.0
1705;THA;06:50.784;4.3;34.0;PAR;06:35.471;4.3;36.0;AUT;06:22.658;4.4;34.0;GEO;07:19.183;3.8;27.0;MDA;06:41.545;4.4;35.0
1710;THA;06:52.054;4.3;34.0;PAR;06:36.661;4.3;36.0;AUT;06:23.852;4.4;34.0;GEO;07:20.669;3.7;27.0;MDA;06:42.712;4.3;35.0
1715;THA;06:53.275;4.2;34.0;PAR;06:37.719;4.4;36.0;AUT;06:24.976;4.5;34.0;GEO;07:21.936;3.6;27.0;MDA;06:43.938;4.2;35.0
1720;THA;06:54.385;4.2;34.0;PAR;06:38.899;4.4;36.0;AUT;06:25.984;4.6;35.0;GEO;07:23.397;3.5;27.0;MDA;06:45.137;4.2;35.0
1725;THA;06:55.637;4.2;34.0;PAR;06:40.142;4.4;36.0;AUT;06:27.164;4.6;35.0;GEO;07:24.839;3.6;26.0;MDA;06:46.205;4.2;35.0
1730;THA;06:56.852;4.2;34.0;PAR;06:41.306;4.3;36.0;AUT;06:28.272;4.6;35.0;GEO;07:26.134;3.6;26.0;MDA;06:47.496;4.2;35.0
1735;THA;06:57.937;4.2;34.0;PAR;06:42.394;4.2;36.0;AUT;06:29.284;4.6;35.0;GEO;07:27.643;3.6;26.0;MDA;06:48.758;4.2;35.0
1740;THA;06:59.200;4.2;34.0;PAR;06:43.653;4.3;36.0;AUT;06:30.474;4.6;35.0;GEO;07:28.877;3.6;26.0;MDA;06:49.878;4.1;35.0
1745;THA;07:00.399;4.2;34.0;PAR;06:44.868;4.3;36.0;AUT;06:31.544;4.6;35.0;GEO;07:30.316;3.6;26.0;MDA;06:51.112;4.1;35.0
1750;THA;07:01.456;4.2;34.0;PAR;06:45.938;4.2;35.0;AUT;06:32.647;4.5;35.0;GEO;07:31.658;3.7;26.0;MDA;06:52.376;4.1;35.0
1755;THA;07:02.708;4.3;34.0;PAR;06:47.210;4.2;35.0;AUT;06:33.814;4.5;35.0;GEO;07:32.897;3.8;26.0;MDA;06:53.479;4.2;35.0
1760;THA;07:03.930;4.3;34.0;PAR;06:48.441;4.2;35.0;AUT;06:34.886;4.5;35.0;GEO;07:34.275;3.9;26.0;MDA;06:54.626;4.3;35.0
1765;THA;07:05.002;4.3;35.0;PAR;06:49.504;4.2;35.0;AUT;06:36.030;4.4;35.0;GEO;07:35.494;3.9;26.0;MDA;06:55.830;4.3;35.0
1770;THA;07:06.253;4.2;35.0;PAR;06:50.749;4.2;35.0;AUT;06:37.223;4.4;35.0;GEO;07:36.871;3.8;26.0;MDA;06:57.001;4.4;35.0
1775;THA;07:07.514;4.2;35.0;PAR;06:51.993;4.2;35.0;AUT;06:38.267;4.4;35.0;GEO;07:38.061;3.8;26.0;MDA;06:58.105;4.3;35.0
1780;THA;07:08.639;4.2;34.0;PAR;06:53.159;4.2;35.0;AUT;06:39.442;4.4;35.0;GEO;07:39.442;3.8;26.0;MDA;06:59.421;4.2;35.0
1785;THA;07:09.926;4.1;34.0;PAR;06:54.347;4.2;35.0;AUT;06:40.622;4.4;35.0;GEO;07:40.738;3.9;26.0;MDA;07:00.686;4.1;35.0
1790;THA;07:11.223;4.0;34.0;PAR;06:55.590;4.1;35.0;AUT;06:41.629;4.4;35.0;GEO;07:42.040;3.8;26.0;MDA;07:01.840;4.1;35.0
1795;THA;07:12.409;4.0;33.0;PAR;06:56.782;4.2;35.0;AUT;06:42.806;4.4;35.0;GEO;07:43.488;3.8;27.0;MDA;07:03.103;4.0;35.0
1800;THA;07:13.674;4.0;33.0;PAR;06:57.865;4.2;35.0;AUT;06:43.937;4.5;35.0;GEO;07:44.703;3.7;27.0;MDA;07:04.433;4.0;35.0
1805;THA;07:15.003;3.9;33.0;PAR;06:59.084;4.3;36.0;AUT;06:44.915;4.6;35.0;GEO;07:46.140;3.6;27.0;MDA;07:05.621;4.0;35.0
1810;THA;07:16.238;3.9;33.0;PAR;07:00.240;4.3;36.0;AUT;06:46.093;4.6;35.0;GEO;07:47.492;3.8;27.0;MDA;07:06.790;4.0;34.0
1815;THA;07:17.380;4.0;33.0;PAR;07:01.350;4.4;37.0;AUT;06:47.214;4.6;35.0;GEO;07:48.806;3.7;26.0;MDA;07:08.072;4.1;34.0
1820;THA;07:18.665;4.1;33.0;PAR;07:02.508;4.4;37.0;AUT;06:48.287;4.6;35.0;GEO;07:50.232;3.7;26.0;MDA;07:09.215;4.2;34.0
1825;THA;07:19.887;4.1;33.0;PAR;07:03.681;4.3;37.0;AUT;06:49.462;4.5;35.0;GEO;07:51.485;3.7;26.0;MDA;07:10.323;4.2;34.0
1830;THA;07:20.999;4.2;34.0;PAR;07:04.838;4.3;37.0;AUT;06:50.570;4.4;35.0;GEO;07:52.887;3.7;26.0;MDA;07:11.606;4.3;34.0
1835;THA;07:22.287;4.1;34.0;PAR;07:05.854;4.4;37.0;AUT;06:51.655;4.4;35.0;GEO;07:54.084;3.8;26.0;MDA;07:12.823;4.2;34.0
1840;THA;07:23.525;4.1;34.0;PAR;07:07.080;4.4;38.0;AUT;06:52.855;4.4;35.0;GEO;07:55.507;3.7;26.0;MDA;07:13.925;4.2;34.0
1845;THA;07:24.619;4.1;34.0;PAR;07:08.230;4.4;38.0;AUT;06:53.936;4.4;34.0;GEO;07:56.828;3.8;26.0;MDA;07:15.215;4.1;34.0
1850;THA;07:25.957;4.1;34.0;PAR;07:09.330;4.4;38.0;AUT;06:55.092;4.4;34.0;GEO;07:58.125;3.8;26.0;MDA;07:16.480;4.1;34.0
1855;THA;07:27.264;4.1;34.0;PAR;07:10.420;4.4;38.0;AUT;06:56.299;4.4;34.0;GEO;07:59.496;3.8;26.0;MDA;07:17.589;4.1;34.0
1860;THA;07:28.399;3.9;34.0;PAR;07:11.576;4.4;38.0;AUT;06:57.342;4.3;34.0;GEO;08:00.682;3.8;26.0;MDA;07:18.808;4.1;34.0
1865;THA;07:29.725;3.9;34.0;PAR;07:12.683;4.5;38.0;AUT;06:58.534;4.4;34.0;GEO;08:02.061;3.9;26.0;MDA;07:20.071;4.2;34.0
1870;THA;07:31.048;3.9;34.0;PAR;07:13.669;4.5;38.0;AUT;06:59.724;4.4;34.0;GEO;08:03.206;3.9;26.0;MDA;07:21.219;4.2;34.0
1875;THA;07:32.230;4.0;34.0;PAR;07:14.834;4.6;38.0;AUT;07:00.736;4.4;34.0;GEO;08:04.557;3.9;26.0;MDA;07:22.379;4.2;34.0
1880;THA;07:33.416;4.0;33.0;PAR;07:15.946;4.6;38.0;AUT;07:01.958;4.4;34.0;GEO;08:05.764;4.0;26.0;MDA;07:23.686;4.2;34.0
1885;THA;07:34.686;4.1;33.0;PAR;07:16.947;4.6;38.0;AUT;07:03.127;4.4;34.0;GEO;08:07.094;3.9;26.0;MDA;07:24.925;4.1;35.0
1890;THA;07:35.841;4.1;33.0;PAR;07:18.135;4.6;38.0;AUT;07:04.173;4.4;34.0;GEO;08:08.454;3.9;26.0;MDA;07:26.067;4.1;35.0
1895;THA;07:36.987;4.2;33.0;PAR;07:19.290;4.5;38.0;AUT;07:05.402;4.4;34.0;GEO;08:09.678;3.8;27.0;MDA;07:27.339;4.1;34.0
1900;THA;07:38.217;4.3;33.0;PAR;07:20.306;4.5;38.0;AUT;07:06.526;4.4;34.0;GEO;08:11.086;3.8;27.0;MDA;07:28.563;4.1;34.0
1905;THA;07:39.300;4.3;33.0;PAR;07:21.428;4.5;38.0;AUT;07:07.619;4.4;34.0;GEO;08:12.274;3.8;27.0;MDA;07:29.631;4.1;34.0
1910;THA;07:40.440;4.3;33.0;PAR;07:22.536;4.6;38.0;AUT;07:08.814;4.4;34.0;GEO;08:13.694;3.8;26.0;MDA;07:30.894;4.2;34.0
1915;THA;07:41.632;4.4;34.0;PAR;07:23.588;4.6;38.0;AUT;07:09.847;4.4;34.0;GEO;08:14.931;3.8;26.0;MDA;07:32.108;4.3;34.0
1920;THA;07:42.651;4.4;34.0;PAR;07:24.658;4.7;38.0;AUT;07:11.018;4.4;34.0;GEO;08:16.292;3.8;26.0;MDA;07:33.169;4.3;34.0
1925;THA;07:43.809;4.5;34.0;PAR;07:25.786;4.6;38.0;AUT;07:12.180;4.5;34.0;GEO;08:17.671;3.8;26.0;MDA;07:34.419;4.3;34.0
1930;THA;07:44.981;4.5;34.0;PAR;07:26.886;4.6;38.0;AUT;07:13.198;4.5;34.0;GEO;08:18.889;3.8;26.0;MDA;07:35.642;4.3;34.0
1935;THA;07:46.011;4.5;35.0;PAR;07:27.893;4.6;39.0;AUT;07:14.418;4.5;33.0;GEO;08:20.297;3.8;26.0;MDA;07:36.690;4.3;34.0
1940;THA;07:47.230;4.4;35.0;PAR;07:29.000;4.6;39.0;AUT;07:15.536;4.4;33.0;GEO;08:21.501;3.8;26.0;MDA;07:37.965;4.2;34.0
1945;THA;07:48.460;4.4;35.0;PAR;07:30.100;4.6;39.0;AUT;07:16.608;4.4;33.0;GEO;08:22.935;3.8;26.0;MDA;07:39.216;4.2;34.0
1950;THA;07:49.535;4.3;35.0;PAR;07:31.088;4.7;39.0;AUT;07:17.778;4.4;33.0;GEO;08:24.144;3.8;26.0;MDA;07:40.267;4.2;34.0
1955;THA;07:50.839;4.2;35.0;PAR;07:32.214;4.7;38.0;AUT;07:18.755;4.5;33.0;GEO;08:25.545;3.8;25.0;MDA;07:41.532;4.2;34.0
1960;THA;07:52.111;4.1;35.0;PAR;07:33.344;4.6;38.0;AUT;07:19.926;4.6;33.0;GEO;08:26.901;3.8;25.0;MDA;07:42.743;4.2;34.0
1965;THA;07:53.269;4.1;34.0;PAR;07:34.385;4.6;38.0;AUT;07:21.019;4.6;34.0;GEO;08:28.167;3.8;26.0;MDA;07:43.794;4.3;33.0
1970;THA;07:54.468;4.1;34.0;PAR;07:35.473;4.6;38.0;AUT;07:22.025;4.6;34.0;GEO;08:29.561;3.8;26.0;MDA;07:45.051;4.3;34.0
1975;THA;07:55.734;4.1;34.0;PAR;07:36.668;4.5;39.0;AUT;07:23.187;4.6;34.0;GEO;08:30.779;3.8;26.0;MDA;07:46.224;4.3;34.0
1980;THA;07:56.891;4.1;34.0;PAR;07:37.805;4.5;39.0;AUT;07:24.212;4.6;34.0;GEO;08:32.162;3.8;25.0;MDA;07:47.249;4.3;34.0
1985;THA;07:58.087;4.2;34.0;PAR;07:38.892;4.4;38.0;AUT;07:25.335;4.6;34.0;GEO;08:33.364;3.8;25.0;MDA;07:48.512;4.3;34.0
1990;THA;07:59.386;4.1;34.0;PAR;07:40.130;4.3;38.0;AUT;07:26.494;4.6;34.0;GEO;08:34.781;3.8;25.0;MDA;07:49.740;4.3;34.0
1995;THA;08:00.609;4.1;33.0;PAR;07:41.365;4.3;38.0;AUT;07:27.481;4.5;34.0;GEO;08:36.044;3.8;25.0;MDA;07:50.819;4.2;34.0
2000;THA;08:01.784;4.0;33.0;PAR;07:42.528;4.2;38.0;AUT;07:28.675;4.5;34.0;GEO;08:37.424;3.8;25.0;MDA;07:52.113;4.2;34.0
