Distance;ShortName1;Time1;Speed1;Stroke1;ShortName2;Time2;Speed2;Stroke2;ShortName5;Time5;Speed5;Stroke5;ShortName4;Time4;Speed4;Stroke4;ShortName6;Time6;Speed6;Stroke6;
5;PER;00:03.023;3.2;0.0;ITA2;00:03.009;3.3;0.0;EGY;00:03.132;2.9;0.0;ITA1;00:02.942;3.1;0.0;SVK;00:02.857;3.2;0.0
10;PER;00:04.186;4.0;44.0;ITA2;00:04.158;4.0;54.0;EGY;00:04.280;3.6;47.0;ITA1;00:04.160;3.9;52.0;SVK;00:04.066;3.8;48.0
15;PER;00:05.214;4.4;44.0;ITA2;00:05.254;4.3;54.0;EGY;00:05.508;4.0;49.0;ITA1;00:05.298;4.1;53.0;SVK;00:05.114;4.2;47.0
20;PER;00:06.105;4.6;44.0;ITA2;00:06.279;4.5;56.0;EGY;00:06.537;4.3;50.0;ITA1;00:06.325;4.4;54.0;SVK;00:06.174;4.5;47.0
25;PER;00:07.127;4.9;44.0;ITA2;00:07.289;4.8;57.0;EGY;00:07.606;4.7;50.0;ITA1;00:07.362;4.7;54.0;SVK;00:07.121;4.8;47.0
30;PER;00:08.100;5.3;44.0;ITA2;00:08.251;5.1;56.0;EGY;00:08.604;4.9;49.0;ITA1;00:08.390;4.9;54.0;SVK;00:08.056;5.0;47.0
35;PER;00:08.943;5.4;44.0;ITA2;00:09.217;5.2;56.0;EGY;00:09.503;5.0;49.0;ITA1;00:09.389;5.0;54.0;SVK;00:09.093;5.2;47.0
40;PER;00:09.914;5.4;44.0;ITA2;00:10.087;5.3;56.0;EGY;00:10.539;5.1;48.0;ITA1;00:10.373;5.1;54.0;SVK;00:10.094;5.2;46.0
45;PER;00:10.901;5.4;44.0;ITA2;00:11.041;5.3;51.0;EGY;00:11.575;5.1;45.0;ITA1;00:11.366;5.1;54.0;SVK;00:11.020;5.2;46.0
50;PER;00:11.750;5.4;44.0;ITA2;00:12.018;5.4;48.0;EGY;00:12.499;5.1;44.0;ITA1;00:12.330;5.1;53.0;SVK;00:12.041;5.1;45.0
55;PER;00:12.759;5.4;43.0;ITA2;00:12.918;5.4;47.0;EGY;00:13.509;5.1;43.0;ITA1;00:13.238;5.1;52.0;SVK;00:13.052;5.1;44.0
60;PER;00:13.746;5.3;43.0;ITA2;00:13.796;5.4;47.0;EGY;00:14.558;5.0;42.0;ITA1;00:14.248;5.1;52.0;SVK;00:13.970;5.1;44.0
65;PER;00:14.631;5.3;43.0;ITA2;00:14.799;5.4;46.0;EGY;00:15.461;5.1;42.0;ITA1;00:15.260;5.1;51.0;SVK;00:14.969;5.0;43.0
70;PER;00:15.592;5.3;42.0;ITA2;00:15.739;5.4;46.0;EGY;00:16.485;5.1;41.0;ITA1;00:16.253;5.1;50.0;SVK;00:16.027;5.0;42.0
75;PER;00:16.604;5.3;42.0;ITA2;00:16.626;5.4;46.0;EGY;00:17.540;5.1;40.0;ITA1;00:17.183;5.1;49.0;SVK;00:17.019;5.1;42.0
80;PER;00:17.474;5.2;42.0;ITA2;00:17.548;5.4;46.0;EGY;00:18.457;5.0;40.0;ITA1;00:18.144;5.1;49.0;SVK;00:17.945;5.0;42.0
85;PER;00:18.522;5.2;41.0;ITA2;00:18.545;5.4;46.0;EGY;00:19.564;4.9;39.0;ITA1;00:19.184;5.1;48.0;SVK;00:19.009;5.0;42.0
90;PER;00:19.540;5.1;41.0;ITA2;00:19.487;5.3;47.0;EGY;00:20.612;4.9;39.0;ITA1;00:20.196;5.1;48.0;SVK;00:20.044;5.0;42.0
95;PER;00:20.439;5.1;40.0;ITA2;00:20.348;5.3;47.0;EGY;00:21.537;4.9;39.0;ITA1;00:21.128;5.0;47.0;SVK;00:20.970;5.0;42.0
100;PER;00:21.515;5.0;40.0;ITA2;00:21.310;5.3;47.0;EGY;00:22.666;4.8;38.0;ITA1;00:22.117;5.0;47.0;SVK;00:22.028;4.9;42.0
105;PER;00:22.534;5.0;40.0;ITA2;00:22.306;5.4;47.0;EGY;00:23.722;4.8;38.0;ITA1;00:23.179;5.0;46.0;SVK;00:23.079;4.9;41.0
110;PER;00:23.443;5.0;39.0;ITA2;00:23.223;5.3;47.0;EGY;00:24.643;4.8;38.0;ITA1;00:24.183;5.0;45.0;SVK;00:24.012;4.9;41.0
115;PER;00:24.537;5.0;39.0;ITA2;00:24.202;5.3;46.0;EGY;00:25.772;4.8;38.0;ITA1;00:25.103;5.0;45.0;SVK;00:25.062;4.9;41.0
120;PER;00:25.559;5.0;39.0;ITA2;00:25.228;5.2;45.0;EGY;00:26.800;4.9;38.0;ITA1;00:26.140;5.0;44.0;SVK;00:26.124;4.9;41.0
125;PER;00:26.518;4.9;39.0;ITA2;00:26.197;5.1;44.0;EGY;00:27.787;4.9;37.0;ITA1;00:27.184;5.0;44.0;SVK;00:27.095;4.9;41.0
130;PER;00:27.643;4.9;39.0;ITA2;00:27.133;5.1;43.0;EGY;00:28.911;4.8;37.0;ITA1;00:28.166;5.0;43.0;SVK;00:28.127;4.9;40.0
135;PER;00:28.660;4.8;39.0;ITA2;00:28.197;5.0;43.0;EGY;00:29.891;4.8;37.0;ITA1;00:29.122;5.0;43.0;SVK;00:29.205;4.9;40.0
140;PER;00:29.644;4.8;38.0;ITA2;00:29.194;5.0;43.0;EGY;00:30.973;4.8;36.0;ITA1;00:30.205;4.9;43.0;SVK;00:30.188;4.9;40.0
145;PER;00:30.754;4.8;38.0;ITA2;00:30.088;5.0;43.0;EGY;00:32.087;4.7;36.0;ITA1;00:31.222;5.0;43.0;SVK;00:31.237;4.8;40.0
150;PER;00:31.760;4.8;38.0;ITA2;00:31.176;5.0;42.0;EGY;00:33.032;4.7;36.0;ITA1;00:32.141;4.9;43.0;SVK;00:32.332;4.8;39.0
155;PER;00:32.767;4.8;38.0;ITA2;00:32.198;5.0;42.0;EGY;00:34.173;4.7;36.0;ITA1;00:33.215;4.9;42.0;SVK;00:33.291;4.8;39.0
160;PER;00:33.867;4.8;38.0;ITA2;00:33.131;5.0;42.0;EGY;00:35.238;4.7;36.0;ITA1;00:34.260;4.9;42.0;SVK;00:34.394;4.8;38.0
165;PER;00:34.852;4.8;38.0;ITA2;00:34.220;4.9;40.0;EGY;00:36.250;4.7;35.0;ITA1;00:35.189;4.9;41.0;SVK;00:35.494;4.8;38.0
170;PER;00:35.881;4.8;38.0;ITA2;00:35.184;4.9;39.0;EGY;00:37.389;4.7;35.0;ITA1;00:36.251;4.9;41.0;SVK;00:36.450;4.7;38.0
175;PER;00:36.977;4.8;38.0;ITA2;00:36.212;4.9;38.0;EGY;00:38.346;4.7;35.0;ITA1;00:37.307;4.9;41.0;SVK;00:37.584;4.7;37.0
180;PER;00:37.954;4.8;38.0;ITA2;00:37.316;4.9;38.0;EGY;00:39.502;4.7;35.0;ITA1;00:38.244;4.9;40.0;SVK;00:38.684;4.7;37.0
185;PER;00:39.018;4.8;38.0;ITA2;00:38.365;4.8;38.0;EGY;00:40.622;4.6;35.0;ITA1;00:39.317;4.9;40.0;SVK;00:39.656;4.7;37.0
190;PER;00:40.120;4.8;38.0;ITA2;00:39.349;4.8;39.0;EGY;00:41.584;4.6;35.0;ITA1;00:40.377;4.9;40.0;SVK;00:40.817;4.7;37.0
195;PER;00:41.059;4.8;38.0;ITA2;00:40.447;4.8;39.0;EGY;00:42.754;4.6;35.0;ITA1;00:41.333;4.9;40.0;SVK;00:41.893;4.7;36.0
200;PER;00:42.181;4.8;38.0;ITA2;00:41.520;4.8;39.0;EGY;00:43.827;4.6;35.0;ITA1;00:42.380;4.9;40.0;SVK;00:42.895;4.7;36.0
205;PER;00:43.268;4.8;37.0;ITA2;00:42.471;4.8;40.0;EGY;00:44.866;4.6;35.0;ITA1;00:43.456;4.9;40.0;SVK;00:44.039;4.7;36.0
210;PER;00:44.202;4.8;37.0;ITA2;00:43.583;4.8;40.0;EGY;00:46.011;4.6;35.0;ITA1;00:44.433;4.9;39.0;SVK;00:45.076;4.6;36.0
215;PER;00:45.326;4.8;37.0;ITA2;00:44.643;4.8;40.0;EGY;00:46.999;4.6;35.0;ITA1;00:45.456;4.9;39.0;SVK;00:46.149;4.6;36.0
220;PER;00:46.374;4.8;37.0;ITA2;00:45.578;4.8;40.0;EGY;00:48.149;4.6;35.0;ITA1;00:46.542;4.9;39.0;SVK;00:47.282;4.6;36.0
225;PER;00:47.340;4.8;37.0;ITA2;00:46.686;4.8;40.0;EGY;00:49.274;4.6;35.0;ITA1;00:47.520;4.9;39.0;SVK;00:48.290;4.6;36.0
230;PER;00:48.457;4.8;37.0;ITA2;00:47.767;4.8;39.0;EGY;00:50.259;4.6;35.0;ITA1;00:48.529;4.9;39.0;SVK;00:49.372;4.6;36.0
235;PER;00:49.449;4.8;37.0;ITA2;00:48.726;4.8;39.0;EGY;00:51.440;4.6;34.0;ITA1;00:49.624;4.9;40.0;SVK;00:50.493;4.7;36.0
240;PER;00:50.486;4.8;37.0;ITA2;00:49.862;4.8;38.0;EGY;00:52.497;4.6;34.0;ITA1;00:50.595;4.9;39.0;SVK;00:51.461;4.7;36.0
245;PER;00:51.585;4.8;37.0;ITA2;00:50.932;4.7;37.0;EGY;00:53.565;4.6;34.0;ITA1;00:51.609;4.9;39.0;SVK;00:52.631;4.7;36.0
250;PER;00:52.532;4.8;36.0;ITA2;00:51.914;4.7;37.0;EGY;00:54.713;4.6;34.0;ITA1;00:52.693;4.9;39.0;SVK;00:53.720;4.6;36.0
255;PER;00:53.661;4.8;36.0;ITA2;00:53.040;4.7;37.0;EGY;00:55.679;4.6;34.0;ITA1;00:53.660;4.9;39.0;SVK;00:54.714;4.6;36.0
260;PER;00:54.745;4.8;36.0;ITA2;00:54.097;4.7;37.0;EGY;00:56.862;4.6;34.0;ITA1;00:54.711;4.9;39.0;SVK;00:55.868;4.6;35.0
265;PER;00:55.706;4.7;36.0;ITA2;00:55.075;4.8;37.0;EGY;00:57.973;4.6;34.0;ITA1;00:55.802;4.8;39.0;SVK;00:56.927;4.6;35.0
270;PER;00:56.852;4.7;36.0;ITA2;00:56.204;4.8;37.0;EGY;00:58.983;4.6;34.0;ITA1;00:56.766;4.8;39.0;SVK;00:58.020;4.6;35.0
275;PER;00:57.904;4.7;36.0;ITA2;00:57.244;4.8;37.0;EGY;01:00.153;4.6;34.0;ITA1;00:57.832;4.8;39.0;SVK;00:59.141;4.6;35.0
280;PER;00:58.917;4.7;36.0;ITA2;00:58.270;4.8;37.0;EGY;01:01.174;4.6;34.0;ITA1;00:58.923;4.8;38.0;SVK;01:00.147;4.6;35.0
285;PER;01:00.051;4.7;36.0;ITA2;00:59.402;4.7;37.0;EGY;01:02.284;4.6;34.0;ITA1;00:59.873;4.8;38.0;SVK;01:01.269;4.6;35.0
290;PER;01:01.063;4.7;36.0;ITA2;01:00.408;4.7;37.0;EGY;01:03.418;4.6;34.0;ITA1;01:00.950;4.8;38.0;SVK;01:02.399;4.6;35.0
295;PER;01:02.102;4.7;36.0;ITA2;01:01.483;4.7;37.0;EGY;01:04.394;4.6;34.0;ITA1;01:02.030;4.8;38.0;SVK;01:03.385;4.6;35.0
300;PER;01:03.210;4.8;36.0;ITA2;01:02.602;4.7;37.0;EGY;01:05.582;4.6;34.0;ITA1;01:02.966;4.8;38.0;SVK;01:04.540;4.6;36.0
305;PER;01:04.182;4.8;37.0;ITA2;01:03.568;4.7;36.0;EGY;01:06.659;4.6;34.0;ITA1;01:04.060;4.8;38.0;SVK;01:05.663;4.6;36.0
310;PER;01:05.241;4.8;37.0;ITA2;01:04.703;4.7;36.0;EGY;01:07.723;4.6;34.0;ITA1;01:05.125;4.9;38.0;SVK;01:06.641;4.6;36.0
315;PER;01:06.333;4.8;37.0;ITA2;01:05.807;4.7;36.0;EGY;01:08.880;4.6;34.0;ITA1;01:06.053;4.8;38.0;SVK;01:07.809;4.6;36.0
320;PER;01:07.276;4.8;37.0;ITA2;01:06.760;4.7;36.0;EGY;01:09.854;4.6;34.0;ITA1;01:07.164;4.8;38.0;SVK;01:08.913;4.6;36.0
325;PER;01:08.395;4.8;37.0;ITA2;01:07.917;4.7;36.0;EGY;01:11.031;4.6;34.0;ITA1;01:08.226;4.8;38.0;SVK;01:09.925;4.6;36.0
330;PER;01:09.478;4.8;37.0;ITA2;01:08.920;4.7;36.0;EGY;01:12.147;4.6;34.0;ITA1;01:09.163;4.8;38.0;SVK;01:11.088;4.6;36.0
335;PER;01:10.420;4.8;37.0;ITA2;01:10.027;4.7;35.0;EGY;01:13.158;4.6;34.0;ITA1;01:10.284;4.8;38.0;SVK;01:12.156;4.6;36.0
340;PER;01:11.563;4.8;37.0;ITA2;01:11.119;4.7;35.0;EGY;01:14.335;4.6;34.0;ITA1;01:11.330;4.8;38.0;SVK;01:13.223;4.6;35.0
345;PER;01:12.643;4.8;37.0;ITA2;01:12.087;4.7;34.0;EGY;01:15.374;4.6;34.0;ITA1;01:12.297;4.8;38.0;SVK;01:14.360;4.6;35.0
350;PER;01:13.617;4.7;37.0;ITA2;01:13.212;4.7;34.0;EGY;01:16.473;4.6;34.0;ITA1;01:13.427;4.8;38.0;SVK;01:15.376;4.6;35.0
355;PER;01:14.763;4.7;37.0;ITA2;01:14.298;4.7;35.0;EGY;01:17.611;4.6;34.0;ITA1;01:14.446;4.8;38.0;SVK;01:16.484;4.6;35.0
360;PER;01:15.805;4.7;37.0;ITA2;01:15.263;4.7;36.0;EGY;01:18.598;4.6;34.0;ITA1;01:15.433;4.8;38.0;SVK;01:17.608;4.6;35.0
365;PER;01:16.817;4.7;37.0;ITA2;01:16.351;4.8;37.0;EGY;01:19.764;4.6;34.0;ITA1;01:16.547;4.8;38.0;SVK;01:18.593;4.6;36.0
370;PER;01:17.946;4.7;36.0;ITA2;01:17.441;4.8;38.0;EGY;01:20.867;4.6;34.0;ITA1;01:17.541;4.8;38.0;SVK;01:19.750;4.6;36.0
375;PER;01:18.941;4.7;36.0;ITA2;01:18.393;4.8;38.0;EGY;01:21.902;4.6;34.0;ITA1;01:18.578;4.8;37.0;SVK;01:20.877;4.6;36.0
380;PER;01:20.015;4.7;36.0;ITA2;01:19.511;4.8;38.0;EGY;01:23.066;4.6;34.0;ITA1;01:19.673;4.8;37.0;SVK;01:21.858;4.6;36.0
385;PER;01:21.135;4.7;36.0;ITA2;01:20.608;4.7;38.0;EGY;01:24.052;4.6;34.0;ITA1;01:20.628;4.8;37.0;SVK;01:23.025;4.6;36.0
390;PER;01:22.102;4.7;36.0;ITA2;01:21.584;4.7;38.0;EGY;01:25.209;4.6;34.0;ITA1;01:21.705;4.8;37.0;SVK;01:24.121;4.6;36.0
395;PER;01:23.243;4.7;36.0;ITA2;01:22.673;4.7;38.0;EGY;01:26.332;4.6;34.0;ITA1;01:22.793;4.8;37.0;SVK;01:25.148;4.6;35.0
400;PER;01:24.349;4.7;36.0;ITA2;01:23.763;4.7;38.0;EGY;01:27.317;4.6;34.0;ITA1;01:23.731;4.8;37.0;SVK;01:26.319;4.6;35.0
405;PER;01:25.313;4.7;36.0;ITA2;01:24.714;4.8;38.0;EGY;01:28.499;4.6;34.0;ITA1;01:24.848;4.8;37.0;SVK;01:27.381;4.6;35.0
410;PER;01:26.464;4.7;36.0;ITA2;01:25.833;4.8;38.0;EGY;01:29.560;4.6;34.0;ITA1;01:25.919;4.8;37.0;SVK;01:28.468;4.5;35.0
415;PER;01:27.544;4.7;36.0;ITA2;01:26.917;4.8;38.0;EGY;01:30.643;4.6;34.0;ITA1;01:26.869;4.8;37.0;SVK;01:29.606;4.6;35.0
420;PER;01:28.535;4.7;36.0;ITA2;01:27.887;4.8;37.0;EGY;01:31.796;4.6;34.0;ITA1;01:28.007;4.8;37.0;SVK;01:30.606;4.6;35.0
425;PER;01:29.689;4.7;36.0;ITA2;01:29.022;4.7;37.0;EGY;01:32.780;4.6;34.0;ITA1;01:29.075;4.8;37.0;SVK;01:31.733;4.6;35.0
430;PER;01:30.740;4.7;36.0;ITA2;01:30.076;4.7;37.0;EGY;01:33.980;4.6;34.0;ITA1;01:30.034;4.8;37.0;SVK;01:32.860;4.6;35.0
435;PER;01:31.782;4.6;36.0;ITA2;01:31.121;4.7;37.0;EGY;01:35.101;4.5;34.0;ITA1;01:31.169;4.8;37.0;SVK;01:33.855;4.6;35.0
440;PER;01:32.944;4.6;36.0;ITA2;01:32.275;4.7;36.0;EGY;01:36.143;4.5;34.0;ITA1;01:32.171;4.8;37.0;SVK;01:34.986;4.6;36.0
445;PER;01:33.982;4.6;36.0;ITA2;01:33.310;4.6;36.0;EGY;01:37.331;4.5;34.0;ITA1;01:33.244;4.8;37.0;SVK;01:36.089;4.6;36.0
450;PER;01:35.070;4.6;36.0;ITA2;01:34.407;4.6;36.0;EGY;01:38.329;4.5;34.0;ITA1;01:34.335;4.8;37.0;SVK;01:37.075;4.6;36.0
455;PER;01:36.232;4.6;36.0;ITA2;01:35.559;4.6;36.0;EGY;01:39.520;4.5;33.0;ITA1;01:35.354;4.8;37.0;SVK;01:38.226;4.7;36.0
460;PER;01:37.243;4.6;36.0;ITA2;01:36.575;4.6;36.0;EGY;01:40.674;4.5;33.0;ITA1;01:36.364;4.8;37.0;SVK;01:39.293;4.6;36.0
465;PER;01:38.386;4.6;36.0;ITA2;01:37.710;4.6;36.0;EGY;01:41.659;4.5;33.0;ITA1;01:37.493;4.8;37.0;SVK;01:40.358;4.6;35.0
470;PER;01:39.538;4.5;36.0;ITA2;01:38.862;4.6;36.0;EGY;01:42.855;4.5;33.0;ITA1;01:38.502;4.8;37.0;SVK;01:41.501;4.6;35.0
475;PER;01:40.529;4.5;35.0;ITA2;01:39.859;4.6;36.0;EGY;01:43.942;4.5;34.0;ITA1;01:39.581;4.7;37.0;SVK;01:42.496;4.6;35.0
480;PER;01:41.691;4.6;35.0;ITA2;01:41.041;4.5;36.0;EGY;01:45.001;4.6;34.0;ITA1;01:40.677;4.7;37.0;SVK;01:43.640;4.6;35.0
485;PER;01:42.823;4.6;35.0;ITA2;01:42.182;4.5;35.0;EGY;01:46.171;4.6;34.0;ITA1;01:41.651;4.7;37.0;SVK;01:44.761;4.6;35.0
490;PER;01:43.803;4.6;35.0;ITA2;01:43.183;4.5;35.0;EGY;01:47.160;4.5;34.0;ITA1;01:42.737;4.7;37.0;SVK;01:45.740;4.6;35.0
495;PER;01:44.983;4.6;35.0;ITA2;01:44.344;4.5;35.0;EGY;01:48.364;4.5;34.0;ITA1;01:43.853;4.7;37.0;SVK;01:46.894;4.6;35.0
500;PER;01:46.086;4.6;35.0;ITA2;01:45.484;4.6;35.0;EGY;01:49.497;4.5;34.0;ITA1;01:44.812;4.7;37.0;SVK;01:48.000;4.6;35.0
505;PER;01:47.137;4.6;35.0;ITA2;01:46.490;4.6;36.0;EGY;01:50.516;4.5;33.0;ITA1;01:45.940;4.7;37.0;SVK;01:49.004;4.6;35.0
510;PER;01:48.301;4.6;35.0;ITA2;01:47.685;4.5;36.0;EGY;01:51.712;4.5;33.0;ITA1;01:47.047;4.7;37.0;SVK;01:50.162;4.6;36.0
515;PER;01:49.338;4.5;35.0;ITA2;01:48.841;4.5;36.0;EGY;01:52.773;4.5;33.0;ITA1;01:47.999;4.7;37.0;SVK;01:51.240;4.6;36.0
520;PER;01:50.439;4.6;35.0;ITA2;01:49.836;4.5;36.0;EGY;01:53.898;4.5;33.0;ITA1;01:49.161;4.7;37.0;SVK;01:52.270;4.6;36.0
525;PER;01:51.604;4.6;35.0;ITA2;01:51.037;4.5;36.0;EGY;01:55.062;4.5;33.0;ITA1;01:50.247;4.7;36.0;SVK;01:53.418;4.6;36.0
530;PER;01:52.609;4.6;35.0;ITA2;01:52.155;4.5;36.0;EGY;01:56.031;4.5;33.0;ITA1;01:51.224;4.7;36.0;SVK;01:54.452;4.6;36.0
535;PER;01:53.783;4.5;35.0;ITA2;01:53.211;4.5;35.0;EGY;01:57.230;4.5;33.0;ITA1;01:52.381;4.7;36.0;SVK;01:55.556;4.6;35.0
540;PER;01:54.938;4.5;35.0;ITA2;01:54.410;4.5;35.0;EGY;01:58.328;4.6;34.0;ITA1;01:53.436;4.7;36.0;SVK;01:56.694;4.6;35.0
545;PER;01:55.944;4.5;35.0;ITA2;01:55.502;4.4;35.0;EGY;01:59.403;4.6;34.0;ITA1;01:54.456;4.7;36.0;SVK;01:57.680;4.6;35.0
550;PER;01:57.159;4.5;34.0;ITA2;01:56.600;4.4;34.0;EGY;02:00.548;4.6;34.0;ITA1;01:55.599;4.7;36.0;SVK;01:58.840;4.6;35.0
555;PER;01:58.269;4.5;34.0;ITA2;01:57.787;4.5;34.0;EGY;02:01.550;4.5;34.0;ITA1;01:56.608;4.7;36.0;SVK;01:59.949;4.6;35.0
560;PER;01:59.327;4.5;34.0;ITA2;01:58.801;4.4;34.0;EGY;02:02.730;4.6;34.0;ITA1;01:57.680;4.7;36.0;SVK;02:00.939;4.6;36.0
565;PER;02:00.521;4.5;34.0;ITA2;02:00.003;4.4;34.0;EGY;02:03.856;4.5;34.0;ITA1;01:58.805;4.7;36.0;SVK;02:02.105;4.6;36.0
570;PER;02:01.560;4.5;34.0;ITA2;02:01.171;4.4;34.0;EGY;02:04.849;4.5;34.0;ITA1;01:59.770;4.7;36.0;SVK;02:03.199;4.6;36.0
575;PER;02:02.751;4.5;34.0;ITA2;02:02.201;4.4;33.0;EGY;02:06.040;4.5;34.0;ITA1;02:00.905;4.7;36.0;SVK;02:04.201;4.6;35.0
580;PER;02:03.914;4.4;34.0;ITA2;02:03.400;4.4;33.0;EGY;02:07.094;4.5;34.0;ITA1;02:02.008;4.7;36.0;SVK;02:05.348;4.6;35.0
585;PER;02:04.928;4.4;34.0;ITA2;02:04.474;4.4;33.0;EGY;02:08.175;4.6;34.0;ITA1;02:02.984;4.7;36.0;SVK;02:06.392;4.6;35.0
590;PER;02:06.136;4.4;34.0;ITA2;02:05.599;4.5;33.0;EGY;02:09.321;4.6;34.0;ITA1;02:04.113;4.7;36.0;SVK;02:07.458;4.6;35.0
595;PER;02:07.275;4.4;34.0;ITA2;02:06.778;4.5;33.0;EGY;02:10.288;4.6;34.0;ITA1;02:05.192;4.7;36.0;SVK;02:08.596;4.6;35.0
600;PER;02:08.331;4.4;34.0;ITA2;02:07.782;4.5;33.0;EGY;02:11.469;4.6;34.0;ITA1;02:06.174;4.7;36.0;SVK;02:09.613;4.6;35.0
605;PER;02:09.533;4.5;33.0;ITA2;02:08.976;4.5;33.0;EGY;02:12.536;4.6;34.0;ITA1;02:07.323;4.7;36.0;SVK;02:10.732;4.6;35.0
610;PER;02:10.553;4.4;33.0;ITA2;02:10.049;4.5;33.0;EGY;02:13.595;4.6;34.0;ITA1;02:08.357;4.7;36.0;SVK;02:11.866;4.6;35.0
615;PER;02:11.759;4.4;33.0;ITA2;02:11.181;4.5;32.0;EGY;02:14.763;4.6;34.0;ITA1;02:09.400;4.7;36.0;SVK;02:12.839;4.6;35.0
620;PER;02:12.914;4.4;33.0;ITA2;02:12.368;4.5;32.0;EGY;02:15.772;4.6;34.0;ITA1;02:10.546;4.7;36.0;SVK;02:14.007;4.6;35.0
625;PER;02:13.950;4.4;33.0;ITA2;02:13.427;4.4;32.0;EGY;02:16.908;4.6;34.0;ITA1;02:11.539;4.7;36.0;SVK;02:15.110;4.6;35.0
630;PER;02:15.166;4.4;33.0;ITA2;02:14.633;4.4;32.0;EGY;02:18.037;4.6;34.0;ITA1;02:12.641;4.7;36.0;SVK;02:16.104;4.6;35.0
635;PER;02:16.291;4.4;33.0;ITA2;02:15.693;4.4;32.0;EGY;02:19.010;4.6;34.0;ITA1;02:13.768;4.7;36.0;SVK;02:17.257;4.6;35.0
640;PER;02:17.391;4.4;33.0;ITA2;02:16.856;4.4;32.0;EGY;02:20.193;4.6;34.0;ITA1;02:14.744;4.7;36.0;SVK;02:18.320;4.6;35.0
645;PER;02:18.614;4.4;33.0;ITA2;02:18.043;4.4;32.0;EGY;02:21.250;4.6;34.0;ITA1;02:15.881;4.6;36.0;SVK;02:19.387;4.6;35.0
650;PER;02:19.620;4.4;33.0;ITA2;02:19.058;4.4;32.0;EGY;02:22.342;4.6;34.0;ITA1;02:16.995;4.6;36.0;SVK;02:20.536;4.6;35.0
655;PER;02:20.853;4.4;33.0;ITA2;02:20.275;4.4;32.0;EGY;02:23.472;4.6;34.0;ITA1;02:17.959;4.6;36.0;SVK;02:21.537;4.6;35.0
660;PER;02:22.003;4.4;33.0;ITA2;02:21.349;4.4;32.0;EGY;02:24.436;4.6;34.0;ITA1;02:19.119;4.7;36.0;SVK;02:22.681;4.6;35.0
665;PER;02:23.025;4.4;33.0;ITA2;02:22.501;4.4;32.0;EGY;02:25.641;4.6;34.0;ITA1;02:20.191;4.7;36.0;SVK;02:23.812;4.6;35.0
670;PER;02:24.249;4.4;33.0;ITA2;02:23.686;4.4;32.0;EGY;02:26.731;4.6;34.0;ITA1;02:21.194;4.7;36.0;SVK;02:24.807;4.6;35.0
675;PER;02:25.350;4.4;33.0;ITA2;02:24.715;4.4;32.0;EGY;02:27.737;4.6;34.0;ITA1;02:22.347;4.7;36.0;SVK;02:25.983;4.6;35.0
680;PER;02:26.470;4.4;33.0;ITA2;02:25.936;4.4;32.0;EGY;02:28.933;4.6;34.0;ITA1;02:23.376;4.7;36.0;SVK;02:27.068;4.6;34.0
685;PER;02:27.661;4.4;33.0;ITA2;02:27.023;4.4;32.0;EGY;02:29.963;4.5;34.0;ITA1;02:24.438;4.7;36.0;SVK;02:28.127;4.6;34.0
690;PER;02:28.660;4.4;33.0;ITA2;02:28.178;4.4;32.0;EGY;02:31.060;4.5;34.0;ITA1;02:25.575;4.6;36.0;SVK;02:29.286;4.6;34.0
695;PER;02:29.880;4.4;33.0;ITA2;02:29.374;4.4;32.0;EGY;02:32.204;4.5;34.0;ITA1;02:26.560;4.7;36.0;SVK;02:30.289;4.6;34.0
700;PER;02:31.046;4.4;33.0;ITA2;02:30.442;4.4;32.0;EGY;02:33.188;4.6;34.0;ITA1;02:27.693;4.6;36.0;SVK;02:31.447;4.6;34.0
705;PER;02:32.095;4.4;33.0;ITA2;02:31.650;4.4;32.0;EGY;02:34.381;4.7;34.0;ITA1;02:28.807;4.6;36.0;SVK;02:32.582;4.6;34.0
710;PER;02:33.342;4.4;33.0;ITA2;02:32.738;4.3;32.0;EGY;02:35.478;4.6;34.0;ITA1;02:29.768;4.6;36.0;SVK;02:33.572;4.6;34.0
715;PER;02:34.477;4.3;33.0;ITA2;02:33.912;4.3;31.0;EGY;02:36.520;4.5;34.0;ITA1;02:30.928;4.7;36.0;SVK;02:34.726;4.6;34.0
720;PER;02:35.576;4.3;33.0;ITA2;02:35.108;4.3;31.0;EGY;02:37.692;4.5;34.0;ITA1;02:32.009;4.7;35.0;SVK;02:35.827;4.6;35.0
725;PER;02:36.806;4.4;33.0;ITA2;02:36.144;4.3;31.0;EGY;02:38.709;4.6;34.0;ITA1;02:32.993;4.7;35.0;SVK;02:36.855;4.6;35.0
730;PER;02:37.875;4.4;33.0;ITA2;02:37.374;4.4;31.0;EGY;02:39.863;4.6;34.0;ITA1;02:34.149;4.7;36.0;SVK;02:37.983;4.6;36.0
735;PER;02:39.055;4.4;33.0;ITA2;02:38.461;4.4;31.0;EGY;02:41.002;4.5;34.0;ITA1;02:35.209;4.7;36.0;SVK;02:39.061;4.6;36.0
740;PER;02:40.224;4.4;33.0;ITA2;02:39.648;4.4;31.0;EGY;02:41.980;4.5;34.0;ITA1;02:36.231;4.7;36.0;SVK;02:40.135;4.6;36.0
745;PER;02:41.245;4.4;33.0;ITA2;02:40.838;4.4;32.0;EGY;02:43.176;4.6;34.0;ITA1;02:37.383;4.6;36.0;SVK;02:41.272;4.6;35.0
750;PER;02:42.481;4.4;33.0;ITA2;02:41.874;4.3;32.0;EGY;02:44.271;4.6;34.0;ITA1;02:38.411;4.6;36.0;SVK;02:42.290;4.6;35.0
755;PER;02:43.580;4.4;33.0;ITA2;02:43.128;4.3;32.0;EGY;02:45.320;4.6;34.0;ITA1;02:39.486;4.6;36.0;SVK;02:43.396;4.6;35.0
760;PER;02:44.691;4.4;33.0;ITA2;02:44.269;4.3;32.0;EGY;02:46.490;4.6;34.0;ITA1;02:40.621;4.6;36.0;SVK;02:44.525;4.6;35.0
765;PER;02:45.914;4.4;33.0;ITA2;02:45.420;4.3;32.0;EGY;02:47.497;4.5;34.0;ITA1;02:41.603;4.6;36.0;SVK;02:45.516;4.6;35.0
770;PER;02:46.968;4.4;33.0;ITA2;02:46.619;4.3;32.0;EGY;02:48.654;4.6;34.0;ITA1;02:42.735;4.6;36.0;SVK;02:46.690;4.6;35.0
775;PER;02:48.153;4.4;33.0;ITA2;02:47.637;4.3;32.0;EGY;02:49.788;4.6;34.0;ITA1;02:43.853;4.6;36.0;SVK;02:47.796;4.6;35.0
780;PER;02:49.329;4.4;33.0;ITA2;02:48.878;4.4;32.0;EGY;02:50.775;4.6;34.0;ITA1;02:44.812;4.6;36.0;SVK;02:48.820;4.6;35.0
785;PER;02:50.342;4.4;33.0;ITA2;02:50.049;4.4;32.0;EGY;02:51.964;4.6;34.0;ITA1;02:45.977;4.6;36.0;SVK;02:49.976;4.6;35.0
790;PER;02:51.566;4.4;33.0;ITA2;02:51.127;4.3;32.0;EGY;02:53.037;4.6;34.0;ITA1;02:47.076;4.6;36.0;SVK;02:51.008;4.6;34.0
795;PER;02:52.677;4.4;33.0;ITA2;02:52.341;4.4;32.0;EGY;02:54.111;4.6;34.0;ITA1;02:48.070;4.6;36.0;SVK;02:52.119;4.6;34.0
800;PER;02:53.760;4.4;33.0;ITA2;02:53.369;4.4;32.0;EGY;02:55.257;4.6;34.0;ITA1;02:49.241;4.6;36.0;SVK;02:53.269;4.6;34.0
805;PER;02:54.977;4.4;33.0;ITA2;02:54.578;4.4;32.0;EGY;02:56.230;4.6;34.0;ITA1;02:50.297;4.6;36.0;SVK;02:54.255;4.6;34.0
810;PER;02:55.997;4.4;33.0;ITA2;02:55.730;4.4;32.0;EGY;02:57.427;4.6;34.0;ITA1;02:51.342;4.6;36.0;SVK;02:55.437;4.6;34.0
815;PER;02:57.215;4.4;33.0;ITA2;02:56.848;4.4;32.0;EGY;02:58.541;4.6;34.0;ITA1;02:52.502;4.6;35.0;SVK;02:56.541;4.6;34.0
820;PER;02:58.410;4.4;33.0;ITA2;02:58.038;4.4;32.0;EGY;02:59.558;4.5;34.0;ITA1;02:53.487;4.6;35.0;SVK;02:57.584;4.6;34.0
825;PER;02:59.419;4.4;33.0;ITA2;02:59.065;4.3;32.0;EGY;03:00.733;4.6;34.0;ITA1;02:54.627;4.6;35.0;SVK;02:58.748;4.6;34.0
830;PER;03:00.656;4.4;33.0;ITA2;03:00.271;4.4;32.0;EGY;03:01.751;4.6;34.0;ITA1;02:55.750;4.6;35.0;SVK;02:59.794;4.6;34.0
835;PER;03:01.817;4.4;33.0;ITA2;03:01.431;4.4;32.0;EGY;03:02.869;4.6;34.0;ITA1;02:56.719;4.6;35.0;SVK;03:00.907;4.6;34.0
840;PER;03:02.876;4.4;33.0;ITA2;03:02.421;4.4;32.0;EGY;03:03.996;4.6;34.0;ITA1;02:57.883;4.6;35.0;SVK;03:02.064;4.6;34.0
845;PER;03:04.085;4.4;33.0;ITA2;03:03.598;4.5;33.0;EGY;03:04.982;4.6;34.0;ITA1;02:58.979;4.6;35.0;SVK;03:03.050;4.6;34.0
850;PER;03:05.125;4.4;33.0;ITA2;03:04.674;4.6;33.0;EGY;03:06.174;4.6;34.0;ITA1;02:59.973;4.6;35.0;SVK;03:04.239;4.5;34.0
855;PER;03:06.287;4.4;33.0;ITA2;03:05.701;4.6;34.0;EGY;03:07.264;4.6;34.0;ITA1;03:01.145;4.6;35.0;SVK;03:05.361;4.5;34.0
860;PER;03:07.457;4.5;33.0;ITA2;03:06.850;4.7;34.0;EGY;03:08.312;4.6;34.0;ITA1;03:02.196;4.6;35.0;SVK;03:06.398;4.5;34.0
865;PER;03:08.446;4.5;33.0;ITA2;03:07.818;4.7;35.0;EGY;03:09.481;4.6;34.0;ITA1;03:03.257;4.6;35.0;SVK;03:07.581;4.5;34.0
870;PER;03:09.669;4.5;33.0;ITA2;03:08.953;4.7;35.0;EGY;03:10.470;4.6;34.0;ITA1;03:04.406;4.6;35.0;SVK;03:08.656;4.5;34.0
875;PER;03:10.807;4.5;34.0;ITA2;03:10.076;4.7;35.0;EGY;03:11.642;4.6;34.0;ITA1;03:05.401;4.6;35.0;SVK;03:09.745;4.5;34.0
880;PER;03:11.856;4.4;34.0;ITA2;03:11.051;4.6;35.0;EGY;03:12.772;4.6;34.0;ITA1;03:06.533;4.6;35.0;SVK;03:10.898;4.5;34.0
885;PER;03:13.079;4.4;34.0;ITA2;03:12.214;4.6;35.0;EGY;03:13.760;4.6;34.0;ITA1;03:07.665;4.6;35.0;SVK;03:11.897;4.6;34.0
890;PER;03:14.134;4.4;33.0;ITA2;03:13.244;4.6;34.0;EGY;03:14.939;4.6;34.0;ITA1;03:08.626;4.6;35.0;SVK;03:13.040;4.6;35.0
895;PER;03:15.315;4.4;33.0;ITA2;03:14.340;4.6;34.0;EGY;03:16.004;4.6;34.0;ITA1;03:09.810;4.6;35.0;SVK;03:14.167;4.6;35.0
900;PER;03:16.529;4.4;33.0;ITA2;03:15.482;4.6;34.0;EGY;03:17.075;4.6;34.0;ITA1;03:10.901;4.6;35.0;SVK;03:15.148;4.6;35.0
905;PER;03:17.548;4.3;33.0;ITA2;03:16.452;4.6;34.0;EGY;03:18.229;4.6;34.0;ITA1;03:11.929;4.6;35.0;SVK;03:16.309;4.6;35.0
910;PER;03:18.768;4.4;33.0;ITA2;03:17.634;4.6;34.0;EGY;03:19.206;4.6;34.0;ITA1;03:13.100;4.6;35.0;SVK;03:17.412;4.6;35.0
915;PER;03:19.939;4.4;33.0;ITA2;03:18.722;4.6;34.0;EGY;03:20.380;4.6;34.0;ITA1;03:14.122;4.6;35.0;SVK;03:18.431;4.6;35.0
920;PER;03:20.975;4.4;33.0;ITA2;03:19.737;4.6;34.0;EGY;03:21.498;4.6;34.0;ITA1;03:15.223;4.6;35.0;SVK;03:19.601;4.6;35.0
925;PER;03:22.189;4.4;33.0;ITA2;03:20.905;4.6;34.0;EGY;03:22.494;4.6;34.0;ITA1;03:16.367;4.6;35.0;SVK;03:20.620;4.6;35.0
930;PER;03:23.266;4.4;33.0;ITA2;03:21.938;4.6;35.0;EGY;03:23.671;4.6;34.0;ITA1;03:17.343;4.6;35.0;SVK;03:21.742;4.6;35.0
935;PER;03:24.395;4.4;33.0;ITA2;03:23.014;4.6;35.0;EGY;03:24.725;4.6;34.0;ITA1;03:18.520;4.6;35.0;SVK;03:22.879;4.6;35.0
940;PER;03:25.594;4.4;33.0;ITA2;03:24.152;4.6;35.0;EGY;03:25.811;4.6;34.0;ITA1;03:19.630;4.6;35.0;SVK;03:23.874;4.6;34.0
945;PER;03:26.615;4.4;33.0;ITA2;03:25.129;4.6;35.0;EGY;03:26.964;4.6;34.0;ITA1;03:20.612;4.6;35.0;SVK;03:25.063;4.5;34.0
950;PER;03:27.844;4.4;33.0;ITA2;03:26.323;4.6;35.0;EGY;03:27.951;4.6;34.0;ITA1;03:21.786;4.6;35.0;SVK;03:26.160;4.5;34.0
955;PER;03:29.022;4.4;33.0;ITA2;03:27.327;4.6;34.0;EGY;03:29.137;4.6;34.0;ITA1;03:22.876;4.6;35.0;SVK;03:27.217;4.5;34.0
960;PER;03:30.054;4.4;33.0;ITA2;03:28.538;4.6;33.0;EGY;03:30.252;4.6;34.0;ITA1;03:23.912;4.6;35.0;SVK;03:28.406;4.5;34.0
965;PER;03:31.288;4.4;33.0;ITA2;03:29.654;4.5;32.0;EGY;03:31.268;4.6;34.0;ITA1;03:25.070;4.6;35.0;SVK;03:29.464;4.5;34.0
970;PER;03:32.410;4.4;33.0;ITA2;03:30.733;4.5;31.0;EGY;03:32.455;4.6;34.0;ITA1;03:26.084;4.6;35.0;SVK;03:30.538;4.5;34.0
975;PER;03:33.521;4.4;33.0;ITA2;03:31.918;4.5;31.0;EGY;03:33.513;4.5;34.0;ITA1;03:27.201;4.6;35.0;SVK;03:31.657;4.6;35.0
980;PER;03:34.740;4.4;33.0;ITA2;03:32.937;4.4;31.0;EGY;03:34.629;4.5;34.0;ITA1;03:28.338;4.6;35.0;SVK;03:32.664;4.6;35.0
985;PER;03:35.760;4.4;33.0;ITA2;03:34.151;4.4;32.0;EGY;03:35.793;4.5;34.0;ITA1;03:29.309;4.6;35.0;SVK;03:33.746;4.7;35.0
990;PER;03:36.975;4.4;33.0;ITA2;03:35.312;4.4;32.0;EGY;03:36.789;4.5;34.0;ITA1;03:30.478;4.6;35.0;SVK;03:34.861;4.7;36.0
995;PER;03:38.156;4.4;33.0;ITA2;03:36.379;4.4;32.0;EGY;03:37.981;4.5;34.0;ITA1;03:31.577;4.6;35.0;SVK;03:35.823;4.7;36.0
1000;PER;03:39.225;4.4;33.0;ITA2;03:37.603;4.4;32.0;EGY;03:39.107;4.5;34.0;ITA1;03:32.578;4.6;35.0;SVK;03:36.958;4.7;36.0
1005;PER;03:40.430;4.4;33.0;ITA2;03:38.629;4.4;32.0;EGY;03:40.124;4.5;34.0;ITA1;03:33.751;4.6;35.0;SVK;03:38.057;4.7;36.0
1010;PER;03:41.497;4.4;33.0;ITA2;03:39.849;4.4;32.0;EGY;03:41.320;4.5;34.0;ITA1;03:34.778;4.6;35.0;SVK;03:39.025;4.7;36.0
1015;PER;03:42.681;4.4;32.0;ITA2;03:41.019;4.4;32.0;EGY;03:42.386;4.5;34.0;ITA1;03:35.874;4.6;35.0;SVK;03:40.170;4.7;36.0
1020;PER;03:43.876;4.4;32.0;ITA2;03:42.073;4.4;32.0;EGY;03:43.492;4.5;34.0;ITA1;03:37.021;4.6;35.0;SVK;03:41.244;4.7;36.0
1025;PER;03:44.898;4.4;32.0;ITA2;03:43.289;4.4;32.0;EGY;03:44.656;4.5;34.0;ITA1;03:37.998;4.6;35.0;SVK;03:42.254;4.7;36.0
1030;PER;03:46.130;4.4;32.0;ITA2;03:44.337;4.4;32.0;EGY;03:45.636;4.5;34.0;ITA1;03:39.165;4.6;35.0;SVK;03:43.391;4.7;36.0
1035;PER;03:47.240;4.4;32.0;ITA2;03:45.531;4.4;32.0;EGY;03:46.843;4.5;34.0;ITA1;03:40.287;4.6;35.0;SVK;03:44.417;4.7;36.0
1040;PER;03:48.369;4.4;32.0;ITA2;03:46.704;4.4;32.0;EGY;03:47.971;4.5;34.0;ITA1;03:41.267;4.6;35.0;SVK;03:45.516;4.7;36.0
1045;PER;03:49.575;4.4;32.0;ITA2;03:47.736;4.4;32.0;EGY;03:48.997;4.5;34.0;ITA1;03:42.449;4.6;35.0;SVK;03:46.642;4.6;36.0
1050;PER;03:50.594;4.4;32.0;ITA2;03:48.940;4.4;32.0;EGY;03:50.199;4.5;34.0;ITA1;03:43.531;4.6;35.0;SVK;03:47.621;4.6;35.0
1055;PER;03:51.843;4.4;32.0;ITA2;03:49.943;4.4;32.0;EGY;03:51.260;4.5;34.0;ITA1;03:44.562;4.6;35.0;SVK;03:48.794;4.6;35.0
1060;PER;03:53.008;4.4;32.0;ITA2;03:51.133;4.5;32.0;EGY;03:52.386;4.5;34.0;ITA1;03:45.735;4.6;35.0;SVK;03:49.910;4.6;35.0
1065;PER;03:54.086;4.3;32.0;ITA2;03:52.255;4.5;32.0;EGY;03:53.559;4.5;34.0;ITA1;03:46.756;4.6;35.0;SVK;03:50.922;4.6;35.0
1070;PER;03:55.319;4.3;32.0;ITA2;03:53.309;4.5;32.0;EGY;03:54.559;4.5;34.0;ITA1;03:47.872;4.6;35.0;SVK;03:52.092;4.6;35.0
1075;PER;03:56.384;4.3;32.0;ITA2;03:54.506;4.5;32.0;EGY;03:55.741;4.5;34.0;ITA1;03:49.025;4.6;35.0;SVK;03:53.178;4.6;35.0
1080;PER;03:57.590;4.3;32.0;ITA2;03:55.519;4.5;32.0;EGY;03:56.862;4.5;34.0;ITA1;03:49.993;4.6;35.0;SVK;03:54.229;4.6;35.0
1085;PER;03:58.772;4.4;32.0;ITA2;03:56.737;4.4;32.0;EGY;03:57.875;4.5;34.0;ITA1;03:51.195;4.6;35.0;SVK;03:55.388;4.6;35.0
1090;PER;03:59.803;4.4;32.0;ITA2;03:57.888;4.4;32.0;EGY;03:59.065;4.6;34.0;ITA1;03:52.288;4.6;35.0;SVK;03:56.424;4.6;35.0
1095;PER;04:01.049;4.4;32.0;ITA2;03:58.971;4.4;32.0;EGY;04:00.105;4.6;34.0;ITA1;03:53.300;4.6;34.0;SVK;03:57.538;4.6;35.0
1100;PER;04:02.155;4.3;32.0;ITA2;04:00.178;4.4;32.0;EGY;04:01.245;4.5;34.0;ITA1;03:54.472;4.6;34.0;SVK;03:58.680;4.6;35.0
1105;PER;04:03.319;4.3;32.0;ITA2;04:01.186;4.4;32.0;EGY;04:02.416;4.5;34.0;ITA1;03:55.521;4.6;34.0;SVK;03:59.660;4.6;35.0
1110;PER;04:04.544;4.3;32.0;ITA2;04:02.394;4.4;32.0;EGY;04:03.412;4.5;34.0;ITA1;03:56.595;4.6;35.0;SVK;04:00.825;4.6;35.0
1115;PER;04:05.606;4.3;32.0;ITA2;04:03.532;4.4;32.0;EGY;04:04.632;4.5;34.0;ITA1;03:57.750;4.6;35.0;SVK;04:01.946;4.6;35.0
1120;PER;04:06.856;4.3;32.0;ITA2;04:04.610;4.4;32.0;EGY;04:05.773;4.4;34.0;ITA1;03:58.740;4.6;35.0;SVK;04:02.960;4.6;35.0
1125;PER;04:08.022;4.3;32.0;ITA2;04:05.773;4.5;32.0;EGY;04:06.807;4.4;34.0;ITA1;03:59.893;4.6;35.0;SVK;04:04.139;4.6;35.0
1130;PER;04:09.123;4.3;32.0;ITA2;04:06.781;4.5;32.0;EGY;04:08.015;4.4;34.0;ITA1;04:01.031;4.6;35.0;SVK;04:05.221;4.5;35.0
1135;PER;04:10.359;4.3;32.0;ITA2;04:07.982;4.5;32.0;EGY;04:09.086;4.4;34.0;ITA1;04:02.018;4.6;35.0;SVK;04:06.288;4.5;35.0
1140;PER;04:11.396;4.3;32.0;ITA2;04:09.097;4.5;32.0;EGY;04:10.195;4.5;34.0;ITA1;04:03.211;4.6;35.0;SVK;04:07.442;4.6;35.0
1145;PER;04:12.630;4.3;32.0;ITA2;04:10.188;4.5;32.0;EGY;04:11.375;4.5;34.0;ITA1;04:04.296;4.5;35.0;SVK;04:08.462;4.6;35.0
1150;PER;04:13.777;4.4;32.0;ITA2;04:11.378;4.5;31.0;EGY;04:12.389;4.5;34.0;ITA1;04:05.354;4.5;34.0;SVK;04:09.602;4.6;35.0
1155;PER;04:14.883;4.3;32.0;ITA2;04:12.402;4.4;31.0;EGY;04:13.585;4.5;34.0;ITA1;04:06.528;4.6;34.0;SVK;04:10.744;4.6;35.0
1160;PER;04:16.121;4.3;32.0;ITA2;04:13.632;4.4;31.0;EGY;04:14.742;4.4;34.0;ITA1;04:07.501;4.6;34.0;SVK;04:11.740;4.6;35.0
1165;PER;04:17.179;4.3;32.0;ITA2;04:14.639;4.4;31.0;EGY;04:15.758;4.4;34.0;ITA1;04:08.688;4.6;34.0;SVK;04:12.918;4.6;35.0
1170;PER;04:18.381;4.3;32.0;ITA2;04:15.880;4.4;31.0;EGY;04:16.984;4.4;34.0;ITA1;04:09.819;4.6;34.0;SVK;04:14.030;4.5;35.0
1175;PER;04:19.580;4.4;32.0;ITA2;04:16.958;4.4;30.0;EGY;04:18.106;4.4;34.0;ITA1;04:10.816;4.6;34.0;SVK;04:15.074;4.5;34.0
1180;PER;04:20.670;4.3;32.0;ITA2;04:18.109;4.4;30.0;EGY;04:19.174;4.4;34.0;ITA1;04:12.011;4.6;34.0;SVK;04:16.242;4.5;34.0
1185;PER;04:21.885;4.3;32.0;ITA2;04:19.301;4.4;30.0;EGY;04:20.383;4.4;34.0;ITA1;04:13.062;4.5;34.0;SVK;04:17.286;4.5;34.0
1190;PER;04:23.011;4.3;32.0;ITA2;04:20.318;4.4;30.0;EGY;04:21.448;4.4;34.0;ITA1;04:14.185;4.5;34.0;SVK;04:18.424;4.5;34.0
1195;PER;04:24.156;4.3;32.0;ITA2;04:21.538;4.4;30.0;EGY;04:22.614;4.4;34.0;ITA1;04:15.328;4.5;34.0;SVK;04:19.568;4.5;34.0
1200;PER;04:25.392;4.3;32.0;ITA2;04:22.558;4.4;31.0;EGY;04:23.774;4.4;34.0;ITA1;04:16.305;4.5;34.0;SVK;04:20.589;4.5;34.0
1205;PER;04:26.428;4.3;32.0;ITA2;04:23.769;4.4;31.0;EGY;04:24.778;4.4;34.0;ITA1;04:17.492;4.6;34.0;SVK;04:21.772;4.5;34.0
1210;PER;04:27.700;4.3;32.0;ITA2;04:24.879;4.5;31.0;EGY;04:25.994;4.4;34.0;ITA1;04:18.599;4.6;34.0;SVK;04:22.883;4.5;34.0
1215;PER;04:28.867;4.3;31.0;ITA2;04:25.980;4.4;31.0;EGY;04:27.133;4.4;34.0;ITA1;04:19.619;4.6;34.0;SVK;04:23.917;4.5;34.0
1220;PER;04:29.964;4.3;31.0;ITA2;04:27.163;4.5;30.0;EGY;04:28.174;4.4;33.0;ITA1;04:20.794;4.6;34.0;SVK;04:25.083;4.5;34.0
1225;PER;04:31.215;4.3;31.0;ITA2;04:28.200;4.4;30.0;EGY;04:29.377;4.4;33.0;ITA1;04:21.818;4.6;34.0;SVK;04:26.139;4.6;34.0
1230;PER;04:32.266;4.3;32.0;ITA2;04:29.415;4.4;30.0;EGY;04:30.461;4.4;33.0;ITA1;04:22.935;4.6;34.0;SVK;04:27.232;4.6;35.0
1235;PER;04:33.511;4.3;32.0;ITA2;04:30.409;4.4;30.0;EGY;04:31.579;4.4;34.0;ITA1;04:24.089;4.6;34.0;SVK;04:28.389;4.6;35.0
1240;PER;04:34.719;4.3;32.0;ITA2;04:31.623;4.5;30.0;EGY;04:32.768;4.4;34.0;ITA1;04:25.071;4.6;34.0;SVK;04:29.404;4.6;35.0
1245;PER;04:35.822;4.3;31.0;ITA2;04:32.699;4.5;30.0;EGY;04:33.796;4.4;34.0;ITA1;04:26.272;4.6;34.0;SVK;04:30.566;4.5;35.0
1250;PER;04:37.047;4.3;31.0;ITA2;04:33.849;4.5;30.0;EGY;04:34.987;4.4;34.0;ITA1;04:27.368;4.5;34.0;SVK;04:31.706;4.5;35.0
1255;PER;04:38.124;4.3;31.0;ITA2;04:35.021;4.5;30.0;EGY;04:36.146;4.4;34.0;ITA1;04:28.414;4.5;34.0;SVK;04:32.714;4.5;35.0
1260;PER;04:39.348;4.3;31.0;ITA2;04:36.056;4.4;30.0;EGY;04:37.164;4.4;34.0;ITA1;04:29.594;4.5;34.0;SVK;04:33.906;4.5;34.0
1265;PER;04:40.574;4.3;31.0;ITA2;04:37.262;4.5;30.0;EGY;04:38.383;4.4;34.0;ITA1;04:30.596;4.5;34.0;SVK;04:34.978;4.5;34.0
1270;PER;04:41.679;4.2;31.0;ITA2;04:38.264;4.4;30.0;EGY;04:39.509;4.4;34.0;ITA1;04:31.763;4.5;34.0;SVK;04:36.077;4.5;34.0
1275;PER;04:42.921;4.3;31.0;ITA2;04:39.489;4.5;30.0;EGY;04:40.568;4.4;34.0;ITA1;04:32.906;4.5;34.0;SVK;04:37.256;4.5;34.0
1280;PER;04:44.070;4.2;31.0;ITA2;04:40.496;4.4;30.0;EGY;04:41.771;4.4;34.0;ITA1;04:33.901;4.5;34.0;SVK;04:38.293;4.5;34.0
1285;PER;04:45.254;4.2;31.0;ITA2;04:41.728;4.5;30.0;EGY;04:42.822;4.4;34.0;ITA1;04:35.102;4.5;34.0;SVK;04:39.450;4.5;34.0
1290;PER;04:46.509;4.2;31.0;ITA2;04:42.825;4.4;30.0;EGY;04:43.962;4.4;34.0;ITA1;04:36.187;4.5;34.0;SVK;04:40.596;4.5;34.0
1295;PER;04:47.560;4.2;31.0;ITA2;04:43.975;4.4;30.0;EGY;04:45.138;4.5;34.0;ITA1;04:37.258;4.5;34.0;SVK;04:41.596;4.5;34.0
1300;PER;04:48.846;4.2;31.0;ITA2;04:45.151;4.4;30.0;EGY;04:46.144;4.5;34.0;ITA1;04:38.444;4.5;34.0;SVK;04:42.785;4.5;34.0
1305;PER;04:50.041;4.2;31.0;ITA2;04:46.192;4.4;30.0;EGY;04:47.343;4.5;34.0;ITA1;04:39.426;4.5;34.0;SVK;04:43.895;4.5;34.0
1310;PER;04:51.177;4.2;31.0;ITA2;04:47.402;4.4;30.0;EGY;04:48.480;4.5;34.0;ITA1;04:40.625;4.5;34.0;SVK;04:44.942;4.5;34.0
1315;PER;04:52.416;4.2;31.0;ITA2;04:48.429;4.4;30.0;EGY;04:49.511;4.5;34.0;ITA1;04:41.757;4.5;34.0;SVK;04:46.121;4.5;34.0
1320;PER;04:53.469;4.2;31.0;ITA2;04:49.643;4.4;30.0;EGY;04:50.718;4.5;34.0;ITA1;04:42.757;4.5;34.0;SVK;04:47.168;4.5;34.0
1325;PER;04:54.765;4.2;31.0;ITA2;04:50.721;4.4;30.0;EGY;04:51.758;4.4;34.0;ITA1;04:43.943;4.5;34.0;SVK;04:48.313;4.5;34.0
1330;PER;04:55.952;4.2;31.0;ITA2;04:51.927;4.4;30.0;EGY;04:52.911;4.4;34.0;ITA1;04:45.001;4.6;34.0;SVK;04:49.489;4.5;34.0
1335;PER;04:57.063;4.2;31.0;ITA2;04:53.101;4.3;30.0;EGY;04:54.092;4.5;34.0;ITA1;04:46.105;4.6;34.0;SVK;04:50.510;4.5;34.0
1340;PER;04:58.325;4.3;30.0;ITA2;04:54.230;4.3;30.0;EGY;04:55.083;4.5;34.0;ITA1;04:47.276;4.6;34.0;SVK;04:51.715;4.4;33.0
1345;PER;04:59.393;4.2;30.0;ITA2;04:55.441;4.3;30.0;EGY;04:56.294;4.5;34.0;ITA1;04:48.254;4.5;34.0;SVK;04:52.843;4.4;33.0
1350;PER;05:00.635;4.3;31.0;ITA2;04:56.452;4.3;30.0;EGY;04:57.444;4.5;34.0;ITA1;04:49.464;4.5;33.0;SVK;04:53.925;4.4;33.0
1355;PER;05:01.825;4.3;32.0;ITA2;04:57.702;4.4;30.0;EGY;04:58.461;4.5;34.0;ITA1;04:50.561;4.5;33.0;SVK;04:55.121;4.4;33.0
1360;PER;05:02.851;4.3;32.0;ITA2;04:58.780;4.4;30.0;EGY;04:59.674;4.5;34.0;ITA1;04:51.662;4.5;33.0;SVK;04:56.171;4.4;33.0
1365;PER;05:04.101;4.3;32.0;ITA2;04:59.974;4.4;30.0;EGY;05:00.771;4.4;34.0;ITA1;04:52.817;4.5;33.0;SVK;04:57.342;4.4;33.0
1370;PER;05:05.234;4.3;32.0;ITA2;05:01.137;4.4;30.0;EGY;05:01.856;4.4;34.0;ITA1;04:53.803;4.5;33.0;SVK;04:58.521;4.4;33.0
1375;PER;05:06.329;4.4;32.0;ITA2;05:02.245;4.3;30.0;EGY;05:03.041;4.5;34.0;ITA1;04:55.000;4.5;33.0;SVK;04:59.546;4.4;33.0
1380;PER;05:07.542;4.4;32.0;ITA2;05:03.474;4.4;30.0;EGY;05:04.036;4.5;34.0;ITA1;04:56.126;4.5;33.0;SVK;05:00.741;4.4;33.0
1385;PER;05:08.564;4.4;32.0;ITA2;05:04.522;4.3;30.0;EGY;05:05.218;4.5;34.0;ITA1;04:57.164;4.5;33.0;SVK;05:01.874;4.4;33.0
1390;PER;05:09.790;4.4;32.0;ITA2;05:05.773;4.4;30.0;EGY;05:06.360;4.5;34.0;ITA1;04:58.364;4.5;33.0;SVK;05:02.900;4.5;34.0
1395;PER;05:10.951;4.4;32.0;ITA2;05:06.810;4.3;29.0;EGY;05:07.369;4.5;34.0;ITA1;04:59.356;4.5;33.0;SVK;05:04.092;4.5;34.0
1400;PER;05:12.053;4.4;32.0;ITA2;05:08.057;4.3;29.0;EGY;05:08.574;4.5;34.0;ITA1;05:00.579;4.5;33.0;SVK;05:05.175;4.5;34.0
1405;PER;05:13.239;4.4;32.0;ITA2;05:09.160;4.3;29.0;EGY;05:09.665;4.5;34.0;ITA1;05:01.713;4.5;33.0;SVK;05:06.298;4.5;34.0
1410;PER;05:14.276;4.4;32.0;ITA2;05:10.351;4.3;29.0;EGY;05:10.736;4.5;34.0;ITA1;05:02.735;4.5;33.0;SVK;05:07.477;4.4;34.0
1415;PER;05:15.488;4.4;32.0;ITA2;05:11.575;4.3;29.0;EGY;05:11.916;4.5;34.0;ITA1;05:03.953;4.5;33.0;SVK;05:08.491;4.4;34.0
1420;PER;05:16.670;4.4;32.0;ITA2;05:12.646;4.3;29.0;EGY;05:12.932;4.5;34.0;ITA1;05:05.008;4.4;33.0;SVK;05:09.687;4.4;33.0
1425;PER;05:17.710;4.4;32.0;ITA2;05:13.910;4.3;29.0;EGY;05:14.113;4.5;34.0;ITA1;05:06.159;4.4;33.0;SVK;05:10.817;4.4;33.0
1430;PER;05:18.944;4.4;32.0;ITA2;05:14.976;4.3;29.0;EGY;05:15.261;4.5;34.0;ITA1;05:07.337;4.4;33.0;SVK;05:11.869;4.5;33.0
1435;PER;05:19.996;4.4;32.0;ITA2;05:16.230;4.3;29.0;EGY;05:16.263;4.5;34.0;ITA1;05:08.350;4.4;33.0;SVK;05:13.061;4.5;33.0
1440;PER;05:21.225;4.4;32.0;ITA2;05:17.353;4.3;29.0;EGY;05:17.469;4.5;34.0;ITA1;05:09.582;4.4;32.0;SVK;05:14.091;4.5;33.0
1445;PER;05:22.406;4.4;32.0;ITA2;05:18.492;4.3;29.0;EGY;05:18.578;4.5;34.0;ITA1;05:10.655;4.4;32.0;SVK;05:15.280;4.4;33.0
1450;PER;05:23.454;4.3;32.0;ITA2;05:19.673;4.4;29.0;EGY;05:19.617;4.5;34.0;ITA1;05:11.799;4.4;32.0;SVK;05:16.444;4.4;33.0
1455;PER;05:24.700;4.3;32.0;ITA2;05:20.688;4.4;30.0;EGY;05:20.797;4.5;34.0;ITA1;05:12.984;4.4;32.0;SVK;05:17.472;4.4;33.0
1460;PER;05:25.786;4.3;32.0;ITA2;05:21.880;4.5;30.0;EGY;05:21.847;4.5;34.0;ITA1;05:13.987;4.4;32.0;SVK;05:18.679;4.4;33.0
1465;PER;05:26.975;4.3;32.0;ITA2;05:22.862;4.5;30.0;EGY;05:22.968;4.5;34.0;ITA1;05:15.212;4.4;32.0;SVK;05:19.787;4.4;33.0
1470;PER;05:28.190;4.3;32.0;ITA2;05:24.067;4.6;30.0;EGY;05:24.136;4.5;34.0;ITA1;05:16.317;4.4;32.0;SVK;05:20.905;4.4;33.0
1475;PER;05:29.252;4.3;31.0;ITA2;05:25.061;4.5;30.0;EGY;05:25.147;4.5;34.0;ITA1;05:17.411;4.4;32.0;SVK;05:22.096;4.4;33.0
1480;PER;05:30.525;4.3;31.0;ITA2;05:26.250;4.6;30.0;EGY;05:26.336;4.5;34.0;ITA1;05:18.605;4.4;33.0;SVK;05:23.127;4.4;33.0
1485;PER;05:31.668;4.3;31.0;ITA2;05:27.302;4.5;30.0;EGY;05:27.468;4.5;34.0;ITA1;05:19.603;4.4;33.0;SVK;05:24.305;4.4;33.0
1490;PER;05:32.840;4.3;31.0;ITA2;05:28.452;4.5;30.0;EGY;05:28.466;4.5;34.0;ITA1;05:20.808;4.5;33.0;SVK;05:25.458;4.4;33.0
1495;PER;05:34.087;4.3;31.0;ITA2;05:29.550;4.6;30.0;EGY;05:29.660;4.5;34.0;ITA1;05:21.959;4.5;33.0;SVK;05:26.458;4.5;33.0
1500;PER;05:35.164;4.2;31.0;ITA2;05:30.636;4.5;30.0;EGY;05:30.757;4.5;34.0;ITA1;05:23.022;4.4;33.0;SVK;05:27.641;4.5;34.0
1505;PER;05:36.451;4.2;31.0;ITA2;05:31.777;4.6;30.0;EGY;05:31.825;4.5;34.0;ITA1;05:24.210;4.4;33.0;SVK;05:28.738;4.5;34.0
1510;PER;05:37.594;4.2;31.0;ITA2;05:32.768;4.5;30.0;EGY;05:33.017;4.5;34.0;ITA1;05:25.263;4.4;33.0;SVK;05:29.846;4.5;34.0
1515;PER;05:38.761;4.2;31.0;ITA2;05:33.961;4.6;30.0;EGY;05:34.076;4.5;34.0;ITA1;05:26.416;4.4;33.0;SVK;05:30.990;4.5;34.0
1520;PER;05:40.019;4.2;31.0;ITA2;05:34.960;4.5;30.0;EGY;05:35.238;4.4;34.0;ITA1;05:27.598;4.4;33.0;SVK;05:32.003;4.5;34.0
1525;PER;05:41.077;4.2;31.0;ITA2;05:36.148;4.6;30.0;EGY;05:36.379;4.4;34.0;ITA1;05:28.600;4.4;33.0;SVK;05:33.166;4.5;34.0
1530;PER;05:42.364;4.2;31.0;ITA2;05:37.249;4.5;31.0;EGY;05:37.389;4.5;34.0;ITA1;05:29.827;4.4;33.0;SVK;05:34.323;4.5;34.0
1535;PER;05:43.520;4.2;31.0;ITA2;05:38.305;4.5;31.0;EGY;05:38.572;4.5;35.0;ITA1;05:30.939;4.4;33.0;SVK;05:35.346;4.5;34.0
1540;PER;05:44.683;4.2;31.0;ITA2;05:39.475;4.6;31.0;EGY;05:39.705;4.5;35.0;ITA1;05:32.067;4.4;33.0;SVK;05:36.546;4.5;34.0
1545;PER;05:45.953;4.3;31.0;ITA2;05:40.478;4.6;31.0;EGY;05:40.704;4.5;35.0;ITA1;05:33.232;4.4;33.0;SVK;05:37.624;4.4;33.0
1550;PER;05:46.988;4.2;31.0;ITA2;05:41.665;4.6;31.0;EGY;05:41.910;4.5;35.0;ITA1;05:34.233;4.4;33.0;SVK;05:38.752;4.4;33.0
1555;PER;05:48.259;4.3;30.0;ITA2;05:42.643;4.5;31.0;EGY;05:43.039;4.5;35.0;ITA1;05:35.449;4.4;33.0;SVK;05:39.929;4.4;33.0
1560;PER;05:49.439;4.3;31.0;ITA2;05:43.844;4.5;31.0;EGY;05:44.074;4.5;35.0;ITA1;05:36.581;4.4;33.0;SVK;05:40.940;4.4;33.0
1565;PER;05:50.555;4.3;31.0;ITA2;05:44.923;4.5;31.0;EGY;05:45.291;4.5;35.0;ITA1;05:37.624;4.4;33.0;SVK;05:42.142;4.5;33.0
1570;PER;05:51.812;4.3;31.0;ITA2;05:46.047;4.5;31.0;EGY;05:46.400;4.4;34.0;ITA1;05:38.840;4.4;33.0;SVK;05:43.265;4.5;33.0
1575;PER;05:52.856;4.2;31.0;ITA2;05:47.212;4.5;31.0;EGY;05:47.481;4.4;34.0;ITA1;05:39.877;4.4;33.0;SVK;05:44.345;4.5;33.0
1580;PER;05:54.130;4.3;31.0;ITA2;05:48.237;4.5;31.0;EGY;05:48.668;4.4;34.0;ITA1;05:41.051;4.5;33.0;SVK;05:45.537;4.5;33.0
1585;PER;05:55.329;4.3;31.0;ITA2;05:49.445;4.5;31.0;EGY;05:49.731;4.4;34.0;ITA1;05:42.217;4.4;33.0;SVK;05:46.561;4.4;33.0
1590;PER;05:56.467;4.2;31.0;ITA2;05:50.439;4.4;31.0;EGY;05:50.912;4.4;34.0;ITA1;05:43.230;4.4;32.0;SVK;05:47.754;4.4;33.0
1595;PER;05:57.691;4.3;31.0;ITA2;05:51.662;4.5;31.0;EGY;05:52.088;4.4;34.0;ITA1;05:44.447;4.5;32.0;SVK;05:48.900;4.4;33.0
1600;PER;05:58.761;4.2;31.0;ITA2;05:52.742;4.4;31.0;EGY;05:53.123;4.4;34.0;ITA1;05:45.499;4.4;32.0;SVK;05:49.938;4.4;33.0
1605;PER;06:00.022;4.3;31.0;ITA2;05:53.901;4.4;31.0;EGY;05:54.259;4.4;34.0;ITA1;05:46.642;4.5;32.0;SVK;05:51.135;4.5;33.0
1610;PER;06:01.244;4.2;31.0;ITA2;05:55.088;4.4;31.0;EGY;05:55.407;4.5;34.0;ITA1;05:47.817;4.5;32.0;SVK;05:52.199;4.4;33.0
1615;PER;06:02.342;4.2;31.0;ITA2;05:56.107;4.4;31.0;EGY;05:56.429;4.5;34.0;ITA1;05:48.815;4.5;33.0;SVK;05:53.357;4.4;33.0
1620;PER;06:03.619;4.2;31.0;ITA2;05:57.321;4.4;31.0;EGY;05:57.655;4.5;34.0;ITA1;05:50.043;4.5;33.0;SVK;05:54.528;4.4;33.0
1625;PER;06:04.719;4.2;31.0;ITA2;05:58.350;4.4;31.0;EGY;05:58.807;4.4;34.0;ITA1;05:51.124;4.4;33.0;SVK;05:55.542;4.4;33.0
1630;PER;06:05.963;4.2;31.0;ITA2;05:59.548;4.4;31.0;EGY;05:59.833;4.4;34.0;ITA1;05:52.241;4.4;33.0;SVK;05:56.740;4.4;33.0
1635;PER;06:07.208;4.2;31.0;ITA2;06:00.692;4.4;31.0;EGY;06:01.061;4.4;34.0;ITA1;05:53.432;4.4;32.0;SVK;05:57.841;4.5;33.0
1640;PER;06:08.272;4.2;31.0;ITA2;06:01.776;4.4;31.0;EGY;06:02.199;4.4;34.0;ITA1;05:54.433;4.4;32.0;SVK;05:58.943;4.5;33.0
1645;PER;06:09.558;4.2;31.0;ITA2;06:02.952;4.4;31.0;EGY;06:03.233;4.4;34.0;ITA1;05:55.665;4.4;32.0;SVK;06:00.134;4.5;33.0
1650;PER;06:10.670;4.2;31.0;ITA2;06:03.949;4.4;31.0;EGY;06:04.450;4.4;34.0;ITA1;05:56.731;4.4;32.0;SVK;06:01.175;4.4;33.0
1655;PER;06:11.464;4.3;31.0;ITA2;06:05.163;4.5;31.0;EGY;06:05.521;4.4;34.0;ITA1;05:57.885;4.4;32.0;SVK;06:02.380;4.4;32.0
1660;PER;06:12.530;4.7;31.0;ITA2;06:06.249;4.4;31.0;EGY;06:06.589;4.5;35.0;ITA1;05:59.067;4.4;32.0;SVK;06:03.512;4.4;32.0
1665;PER;06:13.816;5.0;31.0;ITA2;06:07.369;4.5;31.0;EGY;06:07.770;4.5;35.0;ITA1;06:00.076;4.4;32.0;SVK;06:04.616;4.4;32.0
1670;PER;06:15.068;4.8;31.0;ITA2;06:08.530;4.5;31.0;EGY;06:08.834;4.5;35.0;ITA1;06:01.304;4.4;32.0;SVK;06:05.816;4.4;32.0
1675;PER;06:16.170;4.1;31.0;ITA2;06:09.543;4.5;31.0;EGY;06:09.965;4.5;35.0;ITA1;06:02.376;4.4;32.0;SVK;06:06.855;4.4;32.0
1680;PER;06:17.447;4.0;31.0;ITA2;06:10.745;4.5;31.0;EGY;06:11.121;4.5;35.0;ITA1;06:03.535;4.4;32.0;SVK;06:08.053;4.4;32.0
1685;PER;06:18.549;4.2;31.0;ITA2;06:11.811;4.5;31.0;EGY;06:11.728;4.5;35.0;ITA1;06:04.699;4.4;32.0;SVK;06:09.200;4.4;32.0
1690;PER;06:19.805;4.2;30.0;ITA2;06:12.531;4.7;31.0;EGY;06:12.893;5.0;35.0;ITA1;06:05.712;4.4;32.0;SVK;06:10.269;4.4;33.0
1695;PER;06:21.074;4.2;30.0;ITA2;06:13.565;5.1;31.0;EGY;06:13.929;5.3;35.0;ITA1;06:06.939;4.4;32.0;SVK;06:11.317;4.4;33.0
1700;PER;06:22.145;4.1;30.0;ITA2;06:14.761;5.3;30.0;EGY;06:15.089;5.1;35.0;ITA1;06:08.007;4.4;32.0;SVK;06:12.094;4.5;33.0
1705;PER;06:23.445;4.2;30.0;ITA2;06:15.786;4.6;30.0;EGY;06:16.278;4.4;35.0;ITA1;06:09.185;4.4;32.0;SVK;06:13.290;5.1;33.0
1710;PER;06:24.562;4.2;30.0;ITA2;06:17.021;4.3;30.0;EGY;06:17.343;4.3;35.0;ITA1;06:10.350;4.4;32.0;SVK;06:14.387;5.2;33.0
1715;PER;06:25.782;4.2;30.0;ITA2;06:18.085;4.3;30.0;EGY;06:18.482;4.4;35.0;ITA1;06:11.416;4.4;32.0;SVK;06:15.508;4.8;33.0
1720;PER;06:27.044;4.2;30.0;ITA2;06:19.194;4.4;30.0;EGY;06:19.659;4.4;35.0;ITA1;06:12.164;4.4;32.0;SVK;06:16.687;4.3;33.0
1725;PER;06:28.115;4.2;31.0;ITA2;06:20.387;4.5;31.0;EGY;06:20.709;4.4;35.0;ITA1;06:13.236;4.9;32.0;SVK;06:17.706;4.3;33.0
1730;PER;06:29.411;4.2;31.0;ITA2;06:21.385;4.4;31.0;EGY;06:21.867;4.4;35.0;ITA1;06:14.459;5.3;32.0;SVK;06:18.900;4.4;33.0
1735;PER;06:30.595;4.2;31.0;ITA2;06:22.593;4.5;32.0;EGY;06:23.033;4.4;35.0;ITA1;06:15.482;4.8;32.0;SVK;06:20.054;4.4;33.0
1740;PER;06:31.735;4.2;31.0;ITA2;06:23.662;4.5;32.0;EGY;06:24.056;4.4;35.0;ITA1;06:16.697;4.4;32.0;SVK;06:21.118;4.4;33.0
1745;PER;06:32.997;4.2;31.0;ITA2;06:24.771;4.5;32.0;EGY;06:25.220;4.5;35.0;ITA1;06:17.865;4.2;32.0;SVK;06:22.326;4.4;33.0
1750;PER;06:34.044;4.2;31.0;ITA2;06:25.939;4.5;32.0;EGY;06:26.382;4.5;35.0;ITA1;06:18.897;4.4;32.0;SVK;06:23.414;4.4;33.0
1755;PER;06:35.322;4.3;31.0;ITA2;06:26.985;4.5;32.0;EGY;06:27.408;4.5;35.0;ITA1;06:20.112;4.4;32.0;SVK;06:24.556;4.4;33.0
1760;PER;06:36.495;4.3;31.0;ITA2;06:28.165;4.5;32.0;EGY;06:28.566;4.5;36.0;ITA1;06:21.131;4.4;32.0;SVK;06:25.744;4.4;33.0
1765;PER;06:37.609;4.3;31.0;ITA2;06:29.158;4.5;31.0;EGY;06:29.724;4.5;36.0;ITA1;06:22.322;4.4;32.0;SVK;06:26.755;4.4;33.0
1770;PER;06:38.865;4.3;31.0;ITA2;06:30.364;4.5;31.0;EGY;06:30.740;4.5;36.0;ITA1;06:23.468;4.5;32.0;SVK;06:27.960;4.4;33.0
1775;PER;06:39.917;4.3;31.0;ITA2;06:31.451;4.5;31.0;EGY;06:31.888;4.5;36.0;ITA1;06:24.520;4.4;32.0;SVK;06:29.109;4.4;33.0
1780;PER;06:41.205;4.3;31.0;ITA2;06:32.555;4.5;31.0;EGY;06:33.038;4.5;36.0;ITA1;06:25.733;4.5;32.0;SVK;06:30.158;4.4;33.0
1785;PER;06:42.367;4.2;30.0;ITA2;06:33.721;4.5;31.0;EGY;06:34.045;4.5;36.0;ITA1;06:26.738;4.4;31.0;SVK;06:31.357;4.4;33.0
1790;PER;06:43.538;4.2;30.0;ITA2;06:34.770;4.5;31.0;EGY;06:35.188;4.6;36.0;ITA1;06:27.953;4.4;31.0;SVK;06:32.448;4.4;33.0
1795;PER;06:44.803;4.2;30.0;ITA2;06:35.957;4.5;31.0;EGY;06:36.330;4.6;36.0;ITA1;06:29.057;4.4;31.0;SVK;06:33.579;4.4;33.0
1800;PER;06:45.876;4.1;30.0;ITA2;06:36.960;4.4;31.0;EGY;06:37.349;4.6;36.0;ITA1;06:30.163;4.4;31.0;SVK;06:34.771;4.4;33.0
1805;PER;06:47.195;4.1;30.0;ITA2;06:38.180;4.5;30.0;EGY;06:38.522;4.6;36.0;ITA1;06:31.330;4.5;31.0;SVK;06:35.791;4.4;33.0
1810;PER;06:48.411;4.1;30.0;ITA2;06:39.219;4.4;30.0;EGY;06:39.676;4.5;36.0;ITA1;06:32.326;4.5;31.0;SVK;06:37.003;4.4;33.0
1815;PER;06:49.541;4.1;30.0;ITA2;06:40.386;4.5;30.0;EGY;06:40.710;4.5;36.0;ITA1;06:33.547;4.5;31.0;SVK;06:38.137;4.4;33.0
1820;PER;06:50.839;4.1;30.0;ITA2;06:41.496;4.5;30.0;EGY;06:41.853;4.4;36.0;ITA1;06:34.560;4.5;31.0;SVK;06:39.206;4.4;33.0
1825;PER;06:51.894;4.1;30.0;ITA2;06:42.590;4.5;30.0;EGY;06:43.001;4.5;36.0;ITA1;06:35.740;4.5;32.0;SVK;06:40.406;4.5;33.0
1830;PER;06:53.068;4.2;30.0;ITA2;06:43.743;4.6;30.0;EGY;06:44.045;4.5;36.0;ITA1;06:36.900;4.5;32.0;SVK;06:41.421;4.4;33.0
1835;PER;06:54.277;4.4;30.0;ITA2;06:44.759;4.5;30.0;EGY;06:45.164;4.5;36.0;ITA1;06:37.920;4.5;32.0;SVK;06:42.647;4.4;32.0
1840;PER;06:55.440;4.4;30.0;ITA2;06:45.962;4.5;30.0;EGY;06:46.334;4.5;36.0;ITA1;06:39.133;4.5;32.0;SVK;06:43.815;4.4;32.0
1845;PER;06:56.731;4.2;30.0;ITA2;06:46.953;4.5;30.0;EGY;06:47.385;4.5;36.0;ITA1;06:40.135;4.5;32.0;SVK;06:44.893;4.4;32.0
1850;PER;06:57.789;4.1;30.0;ITA2;06:48.170;4.5;30.0;EGY;06:48.537;4.5;36.0;ITA1;06:41.339;4.5;31.0;SVK;06:46.112;4.4;32.0
1855;PER;06:59.079;4.1;30.0;ITA2;06:49.184;4.5;30.0;EGY;06:49.737;4.4;36.0;ITA1;06:42.458;4.5;31.0;SVK;06:47.188;4.3;32.0
1860;PER;07:00.279;4.2;30.0;ITA2;06:50.408;4.5;30.0;EGY;06:50.815;4.4;36.0;ITA1;06:43.565;4.4;31.0;SVK;06:48.367;4.4;32.0
1865;PER;07:01.407;4.2;30.0;ITA2;06:51.461;4.5;30.0;EGY;06:51.917;4.4;36.0;ITA1;06:44.748;4.5;31.0;SVK;06:49.555;4.4;32.0
1870;PER;07:02.838;4.2;30.0;ITA2;06:52.497;4.5;29.0;EGY;06:52.953;4.5;36.0;ITA1;06:45.755;4.4;31.0;SVK;06:50.573;4.4;32.0
1875;PER;07:03.898;4.0;30.0;ITA2;06:53.539;4.7;29.0;EGY;06:53.946;4.7;36.0;ITA1;06:46.989;4.4;31.0;SVK;06:51.766;4.4;33.0
1880;PER;07:05.143;3.9;30.0;ITA2;06:54.726;4.8;29.0;EGY;06:55.160;4.7;36.0;ITA1;06:48.041;4.4;31.0;SVK;06:52.669;4.5;33.0
1885;PER;07:06.341;4.1;30.0;ITA2;06:55.871;4.6;29.0;EGY;06:56.320;4.6;36.0;ITA1;06:49.214;4.4;31.0;SVK;06:53.800;4.8;33.0
1890;PER;07:07.461;4.3;30.0;ITA2;06:56.924;4.4;29.0;EGY;06:57.366;4.4;36.0;ITA1;06:50.364;4.4;31.0;SVK;06:54.942;4.8;33.0
1895;PER;07:08.737;4.3;30.0;ITA2;06:58.084;4.4;29.0;EGY;06:58.512;4.4;36.0;ITA1;06:51.426;4.4;31.0;SVK;06:55.959;4.7;33.0
1900;PER;07:09.799;4.2;30.0;ITA2;06:59.071;4.5;30.0;EGY;06:59.689;4.5;36.0;ITA1;06:52.497;4.4;31.0;SVK;06:57.133;4.5;33.0
1905;PER;07:11.078;4.2;30.0;ITA2;07:00.264;4.6;30.0;EGY;07:00.716;4.4;36.0;ITA1;06:53.511;4.6;31.0;SVK;06:58.223;4.4;33.0
1910;PER;07:12.185;4.2;30.0;ITA2;07:01.259;4.6;30.0;EGY;07:01.870;4.4;36.0;ITA1;06:54.742;4.8;31.0;SVK;06:59.286;4.5;33.0
1915;PER;07:13.423;4.2;30.0;ITA2;07:02.580;4.5;31.0;EGY;07:03.218;4.4;36.0;ITA1;06:55.752;4.6;31.0;SVK;07:00.440;4.6;33.0
1920;PER;07:14.667;4.3;30.0;ITA2;07:03.690;4.4;31.0;EGY;07:04.330;4.2;36.0;ITA1;06:56.987;4.4;31.0;SVK;07:01.422;4.6;33.0
1925;PER;07:15.752;4.2;30.0;ITA2;07:04.733;4.3;31.0;EGY;07:05.371;4.2;36.0;ITA1;06:58.142;4.3;31.0;SVK;07:02.761;4.6;33.0
1930;PER;07:17.146;4.2;30.0;ITA2;07:05.905;4.4;30.0;EGY;07:06.587;4.4;36.0;ITA1;06:59.184;4.4;31.0;SVK;07:03.897;4.4;33.0
1935;PER;07:18.303;4.1;29.0;ITA2;07:06.916;4.5;30.0;EGY;07:07.703;4.5;36.0;ITA1;07:00.421;4.4;31.0;SVK;07:04.954;4.2;33.0
1940;PER;07:19.460;4.0;30.0;ITA2;07:08.115;4.6;30.0;EGY;07:08.725;4.5;36.0;ITA1;07:01.436;4.4;31.0;SVK;07:06.176;4.3;33.0
1945;PER;07:20.732;4.1;30.0;ITA2;07:09.113;4.5;30.0;EGY;07:09.918;4.5;36.0;ITA1;07:02.847;4.3;31.0;SVK;07:07.195;4.4;33.0
1950;PER;07:21.810;4.2;30.0;ITA2;07:10.335;4.5;30.0;EGY;07:11.046;4.5;36.0;ITA1;07:04.012;4.1;31.0;SVK;07:08.420;4.4;32.0
1955;PER;07:23.091;4.3;30.0;ITA2;07:11.357;4.4;30.0;EGY;07:12.049;4.5;36.0;ITA1;07:05.057;4.1;31.0;SVK;07:09.589;4.4;32.0
1960;PER;07:24.267;4.2;30.0;ITA2;07:12.562;4.4;30.0;EGY;07:13.195;4.6;37.0;ITA1;07:06.301;4.3;31.0;SVK;07:10.612;4.4;32.0
1965;PER;07:25.463;4.1;30.0;ITA2;07:13.641;4.4;30.0;EGY;07:14.302;4.6;37.0;ITA1;07:07.301;4.4;31.0;SVK;07:11.828;4.4;32.0
1970;PER;07:26.733;4.1;30.0;ITA2;07:14.775;4.5;30.0;EGY;07:15.340;4.6;38.0;ITA1;07:08.555;4.4;31.0;SVK;07:12.943;4.4;32.0
1975;PER;07:27.803;4.1;30.0;ITA2;07:15.952;4.5;30.0;EGY;07:16.424;4.6;38.0;ITA1;07:09.679;4.4;31.0;SVK;07:14.080;4.4;32.0
1980;PER;07:29.104;4.2;30.0;ITA2;07:17.128;4.4;30.0;EGY;07:17.699;4.6;38.0;ITA1;07:10.807;4.4;31.0;SVK;07:15.277;4.4;32.0
1985;PER;07:30.288;4.2;30.0;ITA2;07:18.347;4.3;30.0;EGY;07:18.806;4.4;38.0;ITA1;07:11.997;4.4;31.0;SVK;07:16.306;4.4;32.0
1990;PER;07:31.446;4.2;30.0;ITA2;07:19.336;4.2;29.0;EGY;07:19.856;4.3;38.0;ITA1;07:13.007;4.4;31.0;SVK;07:17.645;4.3;32.0
1995;PER;07:32.745;4.2;30.0;ITA2;07:20.571;4.3;29.0;EGY;07:21.082;4.3;38.0;ITA1;07:14.262;4.4;31.0;SVK;07:18.787;4.2;32.0
2000;PER;07:33.849;4.1;31.0;ITA2;07:21.588;4.4;29.0;EGY;07:22.266;4.4;38.0;ITA1;07:15.345;4.4;31.0;SVK;07:19.943;4.2;32.0
