Distance;ShortName2;Time2;Speed2;Stroke2;ShortName3;Time3;Speed3;Stroke3;ShortName1;Time1;Speed1;Stroke1;ShortName4;Time4;Speed4;Stroke4;ShortName5;Time5;Speed5;Stroke5;
5;ITA;00:02.883;3.2;0.0;USA;00:03.141;2.8;0.0;FRA;00:03.016;3.1;0.0;AUS;00:03.104;2.9;0.0;GER;00:03.079;3.0;0.0
10;ITA;00:04.182;3.7;46.0;USA;00:04.488;3.4;43.0;FRA;00:04.333;3.5;40.0;AUS;00:04.416;3.4;44.0;GER;00:04.384;3.4;39.0
15;ITA;00:05.236;3.9;46.0;USA;00:05.561;3.8;42.0;FRA;00:05.383;3.8;40.0;AUS;00:05.585;3.8;45.0;GER;00:05.415;3.7;39.0
20;ITA;00:06.169;4.4;47.0;USA;00:06.487;4.3;44.0;FRA;00:06.404;4.2;41.0;AUS;00:06.545;4.3;45.0;GER;00:06.473;4.2;41.0
25;ITA;00:07.102;4.9;47.0;USA;00:07.470;4.7;44.0;FRA;00:07.432;4.7;41.0;AUS;00:07.459;4.6;46.0;GER;00:07.455;4.7;42.0
30;ITA;00:08.025;5.2;47.0;USA;00:08.385;5.2;45.0;FRA;00:08.322;5.1;42.0;AUS;00:08.433;5.1;46.0;GER;00:08.327;5.2;43.0
35;ITA;00:08.890;5.6;47.0;USA;00:09.232;5.5;45.0;FRA;00:09.199;5.3;42.0;AUS;00:09.335;5.4;46.0;GER;00:09.173;5.4;43.0
40;ITA;00:09.691;5.7;48.0;USA;00:10.076;5.6;46.0;FRA;00:10.167;5.5;43.0;AUS;00:10.161;5.5;46.0;GER;00:10.123;5.6;44.0
45;ITA;00:10.578;5.8;48.0;USA;00:10.963;5.8;46.0;FRA;00:11.001;5.6;43.0;AUS;00:11.070;5.7;46.0;GER;00:10.920;5.7;44.0
50;ITA;00:11.440;5.9;48.0;USA;00:11.715;5.9;46.0;FRA;00:11.860;5.7;43.0;AUS;00:11.961;5.8;46.0;GER;00:11.769;5.8;45.0
55;ITA;00:12.196;5.9;48.0;USA;00:12.574;6.0;46.0;FRA;00:12.773;5.8;43.0;AUS;00:12.737;5.8;46.0;GER;00:12.675;5.9;45.0
60;ITA;00:13.075;6.0;48.0;USA;00:13.439;6.1;46.0;FRA;00:13.565;5.8;43.0;AUS;00:13.657;5.8;45.0;GER;00:13.449;5.9;45.0
65;ITA;00:13.928;6.0;48.0;USA;00:14.183;6.1;46.0;FRA;00:14.472;5.8;43.0;AUS;00:14.490;5.9;45.0;GER;00:14.325;5.9;45.0
70;ITA;00:14.685;6.1;48.0;USA;00:15.058;6.1;46.0;FRA;00:15.304;5.9;43.0;AUS;00:15.309;5.9;45.0;GER;00:15.206;5.9;45.0
75;ITA;00:15.556;6.1;48.0;USA;00:15.890;6.1;46.0;FRA;00:16.144;5.8;43.0;AUS;00:16.217;5.9;45.0;GER;00:15.967;5.9;45.0
80;ITA;00:16.400;6.1;48.0;USA;00:16.649;6.1;46.0;FRA;00:17.061;5.8;43.0;AUS;00:17.001;5.9;45.0;GER;00:16.880;5.9;45.0
85;ITA;00:17.151;6.1;48.0;USA;00:17.521;6.1;46.0;FRA;00:17.835;5.8;43.0;AUS;00:17.898;5.9;45.0;GER;00:17.698;6.0;45.0
90;ITA;00:18.040;6.1;48.0;USA;00:18.293;6.1;46.0;FRA;00:18.756;5.8;43.0;AUS;00:18.739;5.9;45.0;GER;00:18.501;5.9;45.0
95;ITA;00:18.873;6.1;48.0;USA;00:19.118;6.1;46.0;FRA;00:19.625;5.9;43.0;AUS;00:19.520;5.9;44.0;GER;00:19.407;5.9;45.0
100;ITA;00:19.647;6.1;48.0;USA;00:19.965;6.2;45.0;FRA;00:20.439;5.8;43.0;AUS;00:20.436;5.9;44.0;GER;00:20.214;5.9;45.0
105;ITA;00:20.541;6.1;47.0;USA;00:20.708;6.1;45.0;FRA;00:21.370;5.8;42.0;AUS;00:21.243;5.9;44.0;GER;00:21.089;5.9;45.0
110;ITA;00:21.352;6.0;47.0;USA;00:21.589;6.2;45.0;FRA;00:22.163;5.8;42.0;AUS;00:22.120;5.9;44.0;GER;00:21.961;5.9;44.0
115;ITA;00:22.164;6.0;47.0;USA;00:22.374;6.1;45.0;FRA;00:23.079;5.8;42.0;AUS;00:22.991;5.9;44.0;GER;00:22.730;5.9;44.0
120;ITA;00:23.052;6.0;47.0;USA;00:23.207;6.1;45.0;FRA;00:23.967;5.8;42.0;AUS;00:23.757;5.9;43.0;GER;00:23.660;5.9;44.0
125;ITA;00:23.837;6.0;46.0;USA;00:24.056;6.1;45.0;FRA;00:24.782;5.8;42.0;AUS;00:24.694;5.9;43.0;GER;00:24.500;5.9;44.0
130;ITA;00:24.729;5.9;46.0;USA;00:24.811;6.1;44.0;FRA;00:25.727;5.8;41.0;AUS;00:25.504;5.9;43.0;GER;00:25.329;5.8;43.0
135;ITA;00:25.596;5.9;46.0;USA;00:25.711;6.1;44.0;FRA;00:26.536;5.7;41.0;AUS;00:26.368;5.8;43.0;GER;00:26.249;5.8;43.0
140;ITA;00:26.365;5.9;46.0;USA;00:26.507;6.1;44.0;FRA;00:27.477;5.7;41.0;AUS;00:27.288;5.8;43.0;GER;00:27.045;5.8;43.0
145;ITA;00:27.299;5.9;45.0;USA;00:27.362;6.0;44.0;FRA;00:28.382;5.7;41.0;AUS;00:28.069;5.8;43.0;GER;00:27.963;5.8;43.0
150;ITA;00:28.154;5.9;45.0;USA;00:28.227;6.0;43.0;FRA;00:29.215;5.6;41.0;AUS;00:29.015;5.8;42.0;GER;00:28.848;5.8;43.0
155;ITA;00:28.948;5.8;45.0;USA;00:29.007;5.9;43.0;FRA;00:30.177;5.6;41.0;AUS;00:29.881;5.8;42.0;GER;00:29.684;5.8;43.0
160;ITA;00:29.874;5.8;45.0;USA;00:29.919;5.9;43.0;FRA;00:31.002;5.6;41.0;AUS;00:30.715;5.7;42.0;GER;00:30.620;5.7;43.0
165;ITA;00:30.668;5.8;45.0;USA;00:30.713;5.9;43.0;FRA;00:31.960;5.6;41.0;AUS;00:31.654;5.7;42.0;GER;00:31.463;5.7;43.0
170;ITA;00:31.567;5.8;44.0;USA;00:31.605;5.9;42.0;FRA;00:32.870;5.5;40.0;AUS;00:32.443;5.7;42.0;GER;00:32.354;5.6;42.0
175;ITA;00:32.476;5.8;44.0;USA;00:32.471;5.9;42.0;FRA;00:33.729;5.5;40.0;AUS;00:33.399;5.7;41.0;GER;00:33.283;5.6;42.0
180;ITA;00:33.272;5.8;44.0;USA;00:33.278;5.9;42.0;FRA;00:34.717;5.5;40.0;AUS;00:34.282;5.7;41.0;GER;00:34.096;5.6;42.0
185;ITA;00:34.187;5.8;44.0;USA;00:34.192;5.9;42.0;FRA;00:35.554;5.5;40.0;AUS;00:35.133;5.7;41.0;GER;00:35.049;5.6;42.0
190;ITA;00:35.071;5.8;44.0;USA;00:34.960;5.8;41.0;FRA;00:36.519;5.5;40.0;AUS;00:36.079;5.6;41.0;GER;00:35.962;5.6;42.0
195;ITA;00:35.874;5.8;44.0;USA;00:35.900;5.8;41.0;FRA;00:37.458;5.5;40.0;AUS;00:36.885;5.6;41.0;GER;00:36.797;5.6;42.0
200;ITA;00:36.813;5.8;44.0;USA;00:36.684;5.9;41.0;FRA;00:38.316;5.4;40.0;AUS;00:37.861;5.6;40.0;GER;00:37.769;5.6;42.0
205;ITA;00:37.671;5.8;44.0;USA;00:37.607;5.8;40.0;FRA;00:39.316;5.4;39.0;AUS;00:38.729;5.6;40.0;GER;00:38.645;5.6;42.0
210;ITA;00:38.555;5.7;44.0;USA;00:38.498;5.8;40.0;FRA;00:40.177;5.4;39.0;AUS;00:39.626;5.6;40.0;GER;00:39.550;5.5;42.0
215;ITA;00:39.468;5.7;44.0;USA;00:39.310;5.8;40.0;FRA;00:41.162;5.4;39.0;AUS;00:40.586;5.6;40.0;GER;00:40.519;5.5;42.0
220;ITA;00:40.300;5.7;43.0;USA;00:40.251;5.8;40.0;FRA;00:42.115;5.3;39.0;AUS;00:41.408;5.5;40.0;GER;00:41.359;5.5;42.0
225;ITA;00:41.234;5.6;43.0;USA;00:41.050;5.8;40.0;FRA;00:43.004;5.3;39.0;AUS;00:42.398;5.5;39.0;GER;00:42.350;5.4;42.0
230;ITA;00:42.161;5.6;43.0;USA;00:41.995;5.7;40.0;FRA;00:44.031;5.3;39.0;AUS;00:43.272;5.5;39.0;GER;00:43.272;5.4;42.0
235;ITA;00:42.971;5.6;43.0;USA;00:42.862;5.7;40.0;FRA;00:44.936;5.3;39.0;AUS;00:44.202;5.4;39.0;GER;00:44.123;5.4;42.0
240;ITA;00:43.958;5.5;43.0;USA;00:43.730;5.7;40.0;FRA;00:45.909;5.3;39.0;AUS;00:45.166;5.4;39.0;GER;00:45.134;5.4;41.0
245;ITA;00:44.857;5.6;43.0;USA;00:44.656;5.7;40.0;FRA;00:46.915;5.2;39.0;AUS;00:46.002;5.4;39.0;GER;00:46.060;5.4;41.0
250;ITA;00:45.723;5.5;42.0;USA;00:45.467;5.6;40.0;FRA;00:47.781;5.2;39.0;AUS;00:47.007;5.4;39.0;GER;00:46.938;5.4;41.0
255;ITA;00:46.683;5.5;42.0;USA;00:46.429;5.6;40.0;FRA;00:48.823;5.2;38.0;AUS;00:47.887;5.4;39.0;GER;00:47.957;5.3;41.0
260;ITA;00:47.562;5.5;42.0;USA;00:47.257;5.7;40.0;FRA;00:49.770;5.2;38.0;AUS;00:48.841;5.4;39.0;GER;00:48.848;5.3;41.0
265;ITA;00:48.450;5.5;42.0;USA;00:48.193;5.6;39.0;FRA;00:50.700;5.2;38.0;AUS;00:49.815;5.4;39.0;GER;00:49.807;5.3;41.0
270;ITA;00:49.417;5.5;42.0;USA;00:49.080;5.6;39.0;FRA;00:51.731;5.2;38.0;AUS;00:50.669;5.4;39.0;GER;00:50.830;5.3;41.0
275;ITA;00:50.232;5.5;42.0;USA;00:49.946;5.6;39.0;FRA;00:52.602;5.2;38.0;AUS;00:51.689;5.3;38.0;GER;00:51.735;5.2;41.0
280;ITA;00:51.202;5.5;42.0;USA;00:50.906;5.6;39.0;FRA;00:53.637;5.2;38.0;AUS;00:52.565;5.3;38.0;GER;00:52.730;5.2;41.0
285;ITA;00:52.140;5.5;42.0;USA;00:51.716;5.6;39.0;FRA;00:54.606;5.2;38.0;AUS;00:53.539;5.3;38.0;GER;00:53.711;5.2;41.0
290;ITA;00:52.962;5.5;42.0;USA;00:52.698;5.6;39.0;FRA;00:55.490;5.2;38.0;AUS;00:54.512;5.3;38.0;GER;00:54.591;5.2;41.0
295;ITA;00:53.949;5.5;42.0;USA;00:53.579;5.6;39.0;FRA;00:56.517;5.2;38.0;AUS;00:55.375;5.3;38.0;GER;00:55.621;5.2;40.0
300;ITA;00:54.832;5.5;42.0;USA;00:54.484;5.5;39.0;FRA;00:57.397;5.3;38.0;AUS;00:56.396;5.3;38.0;GER;00:56.604;5.2;40.0
305;ITA;00:55.719;5.5;41.0;USA;00:55.435;5.5;39.0;FRA;00:58.394;5.3;38.0;AUS;00:57.280;5.3;38.0;GER;00:57.481;5.2;40.0
310;ITA;00:56.686;5.5;41.0;USA;00:56.269;5.5;39.0;FRA;00:59.382;5.3;38.0;AUS;00:58.257;5.3;38.0;GER;00:58.516;5.2;40.0
315;ITA;00:57.518;5.5;41.0;USA;00:57.256;5.5;39.0;FRA;01:00.254;5.3;38.0;AUS;00:59.244;5.3;38.0;GER;00:59.470;5.2;40.0
320;ITA;00:58.490;5.5;41.0;USA;00:58.103;5.5;39.0;FRA;01:01.285;5.2;38.0;AUS;01:00.113;5.3;38.0;GER;01:00.361;5.2;40.0
325;ITA;00:59.418;5.5;41.0;USA;00:59.061;5.5;39.0;FRA;01:02.185;5.3;38.0;AUS;01:01.153;5.3;38.0;GER;01:01.395;5.2;40.0
330;ITA;01:00.290;5.5;41.0;USA;00:59.991;5.5;39.0;FRA;01:03.155;5.2;38.0;AUS;01:02.035;5.3;38.0;GER;01:02.337;5.2;40.0
335;ITA;01:01.260;5.4;41.0;USA;01:00.849;5.5;39.0;FRA;01:04.152;5.3;38.0;AUS;01:03.036;5.2;38.0;GER;01:03.268;5.2;40.0
340;ITA;01:02.096;5.5;41.0;USA;01:01.823;5.5;38.0;FRA;01:05.014;5.3;38.0;AUS;01:04.032;5.2;38.0;GER;01:04.292;5.2;40.0
345;ITA;01:03.079;5.4;41.0;USA;01:02.648;5.5;38.0;FRA;01:06.048;5.3;38.0;AUS;01:04.899;5.2;38.0;GER;01:05.190;5.2;40.0
350;ITA;01:04.028;5.4;41.0;USA;01:03.634;5.5;38.0;FRA;01:06.967;5.3;38.0;AUS;01:05.938;5.2;38.0;GER;01:06.187;5.2;40.0
355;ITA;01:04.862;5.4;41.0;USA;01:04.507;5.5;38.0;FRA;01:07.916;5.3;38.0;AUS;01:06.820;5.3;38.0;GER;01:07.183;5.2;40.0
360;ITA;01:05.873;5.4;41.0;USA;01:05.448;5.5;38.0;FRA;01:08.917;5.3;38.0;AUS;01:07.815;5.3;38.0;GER;01:08.052;5.2;40.0
365;ITA;01:06.791;5.4;41.0;USA;01:06.383;5.5;38.0;FRA;01:09.779;5.3;38.0;AUS;01:08.791;5.3;37.0;GER;01:09.086;5.2;39.0
370;ITA;01:07.667;5.4;40.0;USA;01:07.226;5.5;38.0;FRA;01:10.811;5.3;38.0;AUS;01:09.694;5.3;37.0;GER;01:10.043;5.2;39.0
375;ITA;01:08.665;5.4;40.0;USA;01:08.212;5.5;38.0;FRA;01:11.723;5.3;38.0;AUS;01:10.696;5.3;37.0;GER;01:10.949;5.2;39.0
380;ITA;01:09.524;5.4;40.0;USA;01:09.042;5.5;38.0;FRA;01:12.672;5.3;38.0;AUS;01:11.540;5.3;37.0;GER;01:11.974;5.2;39.0
385;ITA;01:10.487;5.4;40.0;USA;01:10.036;5.4;38.0;FRA;01:13.659;5.3;38.0;AUS;01:12.569;5.3;37.0;GER;01:12.864;5.2;39.0
390;ITA;01:11.448;5.4;40.0;USA;01:10.922;5.5;38.0;FRA;01:14.518;5.3;38.0;AUS;01:13.501;5.3;37.0;GER;01:13.861;5.2;39.0
395;ITA;01:12.291;5.4;40.0;USA;01:11.835;5.4;38.0;FRA;01:15.541;5.3;38.0;AUS;01:14.428;5.3;37.0;GER;01:14.858;5.2;39.0
400;ITA;01:13.295;5.4;40.0;USA;01:12.797;5.4;38.0;FRA;01:16.411;5.3;38.0;AUS;01:15.430;5.3;37.0;GER;01:15.764;5.2;39.0
405;ITA;01:14.194;5.4;40.0;USA;01:13.639;5.4;38.0;FRA;01:17.396;5.3;38.0;AUS;01:16.280;5.3;37.0;GER;01:16.784;5.2;39.0
410;ITA;01:15.138;5.4;40.0;USA;01:14.637;5.4;38.0;FRA;01:18.349;5.3;38.0;AUS;01:17.303;5.3;37.0;GER;01:17.739;5.2;39.0
415;ITA;01:16.095;5.4;40.0;USA;01:15.484;5.4;38.0;FRA;01:19.233;5.3;38.0;AUS;01:18.175;5.3;37.0;GER;01:18.681;5.1;39.0
420;ITA;01:16.934;5.4;40.0;USA;01:16.457;5.4;38.0;FRA;01:20.220;5.4;37.0;AUS;01:19.158;5.3;37.0;GER;01:19.716;5.1;39.0
425;ITA;01:17.936;5.4;40.0;USA;01:17.377;5.4;38.0;FRA;01:21.065;5.4;37.0;AUS;01:20.117;5.3;37.0;GER;01:20.609;5.1;39.0
430;ITA;01:18.869;5.4;40.0;USA;01:18.260;5.4;38.0;FRA;01:22.069;5.4;37.0;AUS;01:20.994;5.3;37.0;GER;01:21.633;5.1;39.0
435;ITA;01:19.747;5.4;40.0;USA;01:19.234;5.4;38.0;FRA;01:22.974;5.4;37.0;AUS;01:21.994;5.3;37.0;GER;01:22.615;5.1;39.0
440;ITA;01:20.752;5.4;40.0;USA;01:20.067;5.4;38.0;FRA;01:23.901;5.4;37.0;AUS;01:22.831;5.3;37.0;GER;01:23.490;5.2;39.0
445;ITA;01:21.614;5.4;40.0;USA;01:21.067;5.4;38.0;FRA;01:24.868;5.4;37.0;AUS;01:23.847;5.4;37.0;GER;01:24.523;5.2;39.0
450;ITA;01:22.589;5.3;40.0;USA;01:21.937;5.4;38.0;FRA;01:25.756;5.4;37.0;AUS;01:24.731;5.4;37.0;GER;01:25.443;5.2;39.0
455;ITA;01:23.556;5.4;40.0;USA;01:22.892;5.4;38.0;FRA;01:26.738;5.4;37.0;AUS;01:25.692;5.4;37.0;GER;01:26.401;5.2;39.0
460;ITA;01:24.410;5.3;40.0;USA;01:23.839;5.4;38.0;FRA;01:27.587;5.4;37.0;AUS;01:26.654;5.4;37.0;GER;01:27.399;5.3;39.0
465;ITA;01:25.420;5.3;40.0;USA;01:24.710;5.4;38.0;FRA;01:28.592;5.4;37.0;AUS;01:27.524;5.4;37.0;GER;01:28.265;5.3;39.0
470;ITA;01:26.325;5.4;40.0;USA;01:25.713;5.4;38.0;FRA;01:29.523;5.4;37.0;AUS;01:28.536;5.3;37.0;GER;01:29.305;5.2;38.0
475;ITA;01:27.260;5.3;39.0;USA;01:26.552;5.4;38.0;FRA;01:30.437;5.3;37.0;AUS;01:29.377;5.3;37.0;GER;01:30.266;5.2;38.0
480;ITA;01:28.253;5.3;39.0;USA;01:27.572;5.4;38.0;FRA;01:31.425;5.3;37.0;AUS;01:30.403;5.3;37.0;GER;01:31.218;5.2;38.0
485;ITA;01:29.107;5.3;39.0;USA;01:28.486;5.3;38.0;FRA;01:32.278;5.3;37.0;AUS;01:31.311;5.3;37.0;GER;01:32.245;5.1;38.0
490;ITA;01:30.126;5.3;39.0;USA;01:29.417;5.3;37.0;FRA;01:33.296;5.3;37.0;AUS;01:32.255;5.3;37.0;GER;01:33.132;5.1;38.0
495;ITA;01:31.061;5.3;39.0;USA;01:30.409;5.3;37.0;FRA;01:34.154;5.3;37.0;AUS;01:33.235;5.3;37.0;GER;01:34.155;5.1;38.0
500;ITA;01:31.970;5.3;39.0;USA;01:31.261;5.3;37.0;FRA;01:35.161;5.3;37.0;AUS;01:34.099;5.3;37.0;GER;01:35.146;5.1;38.0
505;ITA;01:32.991;5.3;39.0;USA;01:32.282;5.3;37.0;FRA;01:36.086;5.3;37.0;AUS;01:35.117;5.3;37.0;GER;01:36.042;5.2;38.0
510;ITA;01:33.877;5.3;39.0;USA;01:33.149;5.3;37.0;FRA;01:37.017;5.3;37.0;AUS;01:35.962;5.3;37.0;GER;01:37.091;5.2;38.0
515;ITA;01:34.862;5.3;39.0;USA;01:34.139;5.3;37.0;FRA;01:38.021;5.3;37.0;AUS;01:36.989;5.3;37.0;GER;01:38.021;5.2;38.0
520;ITA;01:35.858;5.3;39.0;USA;01:35.097;5.3;37.0;FRA;01:38.870;5.3;37.0;AUS;01:37.906;5.3;37.0;GER;01:39.002;5.1;38.0
525;ITA;01:36.721;5.3;39.0;USA;01:35.979;5.3;37.0;FRA;01:39.886;5.3;37.0;AUS;01:38.841;5.3;37.0;GER;01:40.020;5.1;38.0
530;ITA;01:37.760;5.2;39.0;USA;01:36.983;5.3;37.0;FRA;01:40.767;5.3;37.0;AUS;01:39.821;5.3;37.0;GER;01:40.906;5.1;38.0
535;ITA;01:38.691;5.2;39.0;USA;01:37.835;5.3;37.0;FRA;01:41.736;5.3;37.0;AUS;01:40.679;5.3;37.0;GER;01:41.963;5.1;38.0
540;ITA;01:39.622;5.2;39.0;USA;01:38.845;5.3;37.0;FRA;01:42.677;5.3;37.0;AUS;01:41.692;5.3;37.0;GER;01:42.924;5.1;38.0
545;ITA;01:40.634;5.2;39.0;USA;01:39.769;5.3;37.0;FRA;01:43.562;5.4;37.0;AUS;01:42.536;5.3;37.0;GER;01:43.866;5.1;38.0
550;ITA;01:41.502;5.3;39.0;USA;01:40.689;5.3;37.0;FRA;01:44.563;5.4;37.0;AUS;01:43.553;5.3;37.0;GER;01:44.895;5.1;38.0
555;ITA;01:42.521;5.2;39.0;USA;01:41.676;5.3;37.0;FRA;01:45.402;5.4;37.0;AUS;01:44.436;5.4;37.0;GER;01:45.774;5.1;38.0
560;ITA;01:43.474;5.2;39.0;USA;01:42.526;5.3;37.0;FRA;01:46.407;5.4;37.0;AUS;01:45.404;5.3;37.0;GER;01:46.800;5.1;38.0
565;ITA;01:44.378;5.2;39.0;USA;01:43.542;5.3;37.0;FRA;01:47.297;5.4;37.0;AUS;01:46.371;5.4;37.0;GER;01:47.764;5.2;38.0
570;ITA;01:45.404;5.2;39.0;USA;01:44.401;5.3;37.0;FRA;01:48.228;5.4;37.0;AUS;01:47.229;5.4;37.0;GER;01:48.654;5.2;38.0
575;ITA;01:46.301;5.3;39.0;USA;01:45.403;5.3;37.0;FRA;01:49.191;5.4;37.0;AUS;01:48.233;5.4;37.0;GER;01:49.660;5.3;38.0
580;ITA;01:47.297;5.3;39.0;USA;01:46.346;5.3;37.0;FRA;01:50.042;5.4;37.0;AUS;01:49.072;5.4;36.0;GER;01:50.546;5.3;38.0
585;ITA;01:48.272;5.3;39.0;USA;01:47.249;5.3;37.0;FRA;01:51.044;5.4;37.0;AUS;01:50.086;5.4;36.0;GER;01:51.542;5.3;38.0
590;ITA;01:49.135;5.3;39.0;USA;01:48.242;5.3;37.0;FRA;01:51.886;5.4;37.0;AUS;01:50.965;5.4;36.0;GER;01:52.506;5.3;38.0
595;ITA;01:50.178;5.2;39.0;USA;01:49.091;5.3;37.0;FRA;01:52.883;5.4;37.0;AUS;01:51.935;5.4;36.0;GER;01:53.419;5.2;38.0
600;ITA;01:51.113;5.2;39.0;USA;01:50.109;5.3;37.0;FRA;01:53.800;5.4;37.0;AUS;01:52.887;5.4;36.0;GER;01:54.459;5.2;38.0
605;ITA;01:52.069;5.2;39.0;USA;01:50.977;5.3;37.0;FRA;01:54.715;5.4;37.0;AUS;01:53.779;5.4;36.0;GER;01:55.376;5.2;38.0
610;ITA;01:53.069;5.2;39.0;USA;01:51.967;5.3;37.0;FRA;01:55.705;5.4;37.0;AUS;01:54.779;5.3;36.0;GER;01:56.367;5.2;38.0
615;ITA;01:53.935;5.2;39.0;USA;01:52.920;5.3;37.0;FRA;01:56.559;5.4;37.0;AUS;01:55.627;5.3;36.0;GER;01:57.382;5.1;38.0
620;ITA;01:54.978;5.2;38.0;USA;01:53.814;5.3;37.0;FRA;01:57.586;5.3;37.0;AUS;01:56.651;5.3;36.0;GER;01:58.268;5.1;38.0
625;ITA;01:55.960;5.2;38.0;USA;01:54.822;5.3;37.0;FRA;01:58.460;5.3;37.0;AUS;01:57.509;5.3;36.0;GER;01:59.320;5.1;38.0
630;ITA;01:56.862;5.2;38.0;USA;01:55.678;5.3;37.0;FRA;01:59.454;5.3;37.0;AUS;01:58.524;5.3;36.0;GER;02:00.256;5.1;38.0
635;ITA;01:57.912;5.1;38.0;USA;01:56.705;5.3;37.0;FRA;02:00.423;5.3;37.0;AUS;01:59.451;5.3;36.0;GER;02:01.225;5.1;38.0
640;ITA;01:58.814;5.1;38.0;USA;01:57.610;5.3;37.0;FRA;02:01.318;5.3;37.0;AUS;02:00.386;5.3;36.0;GER;02:02.256;5.1;38.0
645;ITA;01:59.812;5.1;38.0;USA;01:58.566;5.3;37.0;FRA;02:02.337;5.3;37.0;AUS;02:01.377;5.3;36.0;GER;02:03.137;5.1;38.0
650;ITA;02:00.819;5.1;38.0;USA;01:59.547;5.3;37.0;FRA;02:03.196;5.3;37.0;AUS;02:02.241;5.3;36.0;GER;02:04.190;5.1;38.0
655;ITA;02:01.710;5.2;38.0;USA;02:00.410;5.3;37.0;FRA;02:04.227;5.3;37.0;AUS;02:03.264;5.3;36.0;GER;02:05.183;5.1;38.0
660;ITA;02:02.737;5.2;38.0;USA;02:01.417;5.3;37.0;FRA;02:05.150;5.3;37.0;AUS;02:04.115;5.3;36.0;GER;02:06.102;5.1;38.0
665;ITA;02:03.675;5.2;38.0;USA;02:02.264;5.3;37.0;FRA;02:06.096;5.3;37.0;AUS;02:05.140;5.3;36.0;GER;02:07.155;5.1;38.0
670;ITA;02:04.612;5.2;38.0;USA;02:03.280;5.4;37.0;FRA;02:07.083;5.3;37.0;AUS;02:06.049;5.3;36.0;GER;02:08.074;5.1;38.0
675;ITA;02:05.632;5.2;38.0;USA;02:04.181;5.4;37.0;FRA;02:07.958;5.3;37.0;AUS;02:06.998;5.3;36.0;GER;02:09.085;5.1;38.0
680;ITA;02:06.502;5.2;38.0;USA;02:05.111;5.4;37.0;FRA;02:08.987;5.3;37.0;AUS;02:07.978;5.3;36.0;GER;02:10.098;5.1;38.0
685;ITA;02:07.537;5.2;38.0;USA;02:06.084;5.4;37.0;FRA;02:09.843;5.3;37.0;AUS;02:08.849;5.3;36.0;GER;02:10.997;5.1;38.0
690;ITA;02:08.503;5.2;38.0;USA;02:06.947;5.4;37.0;FRA;02:10.867;5.3;37.0;AUS;02:09.862;5.3;36.0;GER;02:12.059;5.1;38.0
695;ITA;02:09.411;5.2;38.0;USA;02:07.964;5.3;37.0;FRA;02:11.817;5.3;37.0;AUS;02:10.708;5.3;36.0;GER;02:12.992;5.1;37.0
700;ITA;02:10.435;5.2;38.0;USA;02:08.804;5.3;37.0;FRA;02:12.734;5.3;37.0;AUS;02:11.735;5.3;36.0;GER;02:13.992;5.1;37.0
705;ITA;02:11.298;5.2;38.0;USA;02:09.810;5.3;37.0;FRA;02:13.736;5.3;37.0;AUS;02:12.620;5.3;36.0;GER;02:15.015;5.1;37.0
710;ITA;02:12.347;5.2;38.0;USA;02:10.721;5.4;37.0;FRA;02:14.608;5.3;37.0;AUS;02:13.593;5.3;36.0;GER;02:15.907;5.1;37.0
715;ITA;02:13.308;5.2;38.0;USA;02:11.638;5.4;37.0;FRA;02:15.648;5.3;37.0;AUS;02:14.559;5.3;36.0;GER;02:16.970;5.1;37.0
720;ITA;02:14.205;5.2;38.0;USA;02:12.611;5.4;37.0;FRA;02:16.545;5.3;37.0;AUS;02:15.445;5.3;36.0;GER;02:17.888;5.1;37.0
725;ITA;02:15.240;5.2;38.0;USA;02:13.457;5.4;37.0;FRA;02:17.537;5.2;37.0;AUS;02:16.453;5.3;36.0;GER;02:18.890;5.1;37.0
730;ITA;02:16.133;5.2;38.0;USA;02:14.459;5.4;37.0;FRA;02:18.520;5.2;37.0;AUS;02:17.300;5.3;36.0;GER;02:19.928;5.1;37.0
735;ITA;02:17.133;5.2;38.0;USA;02:15.304;5.4;37.0;FRA;02:19.409;5.2;37.0;AUS;02:18.328;5.3;36.0;GER;02:20.819;5.1;37.0
740;ITA;02:18.122;5.2;38.0;USA;02:16.301;5.4;37.0;FRA;02:20.439;5.2;37.0;AUS;02:19.197;5.3;36.0;GER;02:21.876;5.1;37.0
745;ITA;02:19.007;5.2;38.0;USA;02:17.213;5.4;37.0;FRA;02:21.302;5.2;37.0;AUS;02:20.190;5.3;36.0;GER;02:22.853;5.1;37.0
750;ITA;02:20.039;5.2;38.0;USA;02:18.130;5.4;37.0;FRA;02:22.340;5.2;37.0;AUS;02:21.139;5.3;36.0;GER;02:23.788;5.1;37.0
755;ITA;02:20.943;5.2;38.0;USA;02:19.098;5.4;37.0;FRA;02:23.291;5.2;37.0;AUS;02:22.049;5.3;36.0;GER;02:24.832;5.1;37.0
760;ITA;02:21.952;5.2;38.0;USA;02:19.950;5.4;37.0;FRA;02:24.243;5.2;37.0;AUS;02:23.023;5.3;36.0;GER;02:25.721;5.1;37.0
765;ITA;02:22.911;5.2;38.0;USA;02:20.951;5.4;37.0;FRA;02:25.247;5.2;37.0;AUS;02:23.868;5.3;36.0;GER;02:26.774;5.1;37.0
770;ITA;02:23.796;5.2;38.0;USA;02:21.784;5.4;37.0;FRA;02:26.118;5.2;36.0;AUS;02:24.883;5.4;36.0;GER;02:27.768;5.1;37.0
775;ITA;02:24.834;5.2;38.0;USA;02:22.790;5.4;37.0;FRA;02:27.163;5.2;36.0;AUS;02:25.728;5.4;36.0;GER;02:28.692;5.1;37.0
780;ITA;02:25.750;5.2;38.0;USA;02:23.674;5.4;37.0;FRA;02:28.052;5.2;36.0;AUS;02:26.744;5.4;36.0;GER;02:29.746;5.1;37.0
785;ITA;02:26.716;5.2;38.0;USA;02:24.624;5.4;37.0;FRA;02:29.058;5.2;36.0;AUS;02:27.650;5.4;36.0;GER;02:30.659;5.1;37.0
790;ITA;02:27.719;5.2;38.0;USA;02:25.582;5.4;37.0;FRA;02:30.026;5.2;36.0;AUS;02:28.598;5.3;36.0;GER;02:31.707;5.1;37.0
795;ITA;02:28.585;5.2;38.0;USA;02:26.454;5.4;37.0;FRA;02:30.939;5.2;36.0;AUS;02:29.579;5.3;36.0;GER;02:32.686;5.1;37.0
800;ITA;02:29.625;5.2;38.0;USA;02:27.450;5.4;37.0;FRA;02:31.968;5.2;36.0;AUS;02:30.453;5.3;36.0;GER;02:33.619;5.1;37.0
805;ITA;02:30.560;5.2;38.0;USA;02:28.293;5.4;37.0;FRA;02:32.839;5.2;36.0;AUS;02:31.469;5.3;36.0;GER;02:34.676;5.1;37.0
810;ITA;02:31.509;5.2;38.0;USA;02:29.308;5.4;37.0;FRA;02:33.883;5.2;36.0;AUS;02:32.316;5.3;36.0;GER;02:35.603;5.1;37.0
815;ITA;02:32.529;5.2;38.0;USA;02:30.181;5.4;37.0;FRA;02:34.813;5.2;36.0;AUS;02:33.352;5.3;36.0;GER;02:36.615;5.1;37.0
820;ITA;02:33.405;5.2;38.0;USA;02:31.163;5.4;37.0;FRA;02:35.789;5.2;36.0;AUS;02:34.240;5.3;36.0;GER;02:37.640;5.1;37.0
825;ITA;02:34.459;5.2;38.0;USA;02:32.120;5.3;37.0;FRA;02:36.808;5.2;36.0;AUS;02:35.231;5.3;36.0;GER;02:38.569;5.1;37.0
830;ITA;02:35.426;5.1;38.0;USA;02:33.001;5.3;37.0;FRA;02:37.691;5.1;36.0;AUS;02:36.201;5.3;36.0;GER;02:39.608;5.1;37.0
835;ITA;02:36.365;5.1;38.0;USA;02:34.004;5.3;37.0;FRA;02:38.747;5.1;36.0;AUS;02:37.109;5.3;36.0;GER;02:40.563;5.1;37.0
840;ITA;02:37.400;5.1;38.0;USA;02:34.852;5.3;37.0;FRA;02:39.654;5.1;36.0;AUS;02:38.126;5.2;36.0;GER;02:41.540;5.1;37.0
845;ITA;02:38.276;5.1;38.0;USA;02:35.875;5.3;37.0;FRA;02:40.657;5.1;36.0;AUS;02:38.997;5.2;36.0;GER;02:42.579;5.1;37.0
850;ITA;02:39.299;5.1;38.0;USA;02:36.746;5.3;36.0;FRA;02:41.661;5.1;36.0;AUS;02:40.043;5.2;36.0;GER;02:43.479;5.1;37.0
855;ITA;02:40.271;5.2;38.0;USA;02:37.737;5.3;36.0;FRA;02:42.556;5.2;36.0;AUS;02:40.928;5.2;36.0;GER;02:44.543;5.1;37.0
860;ITA;02:41.200;5.2;38.0;USA;02:38.691;5.3;36.0;FRA;02:43.602;5.1;36.0;AUS;02:41.951;5.2;36.0;GER;02:45.529;5.1;37.0
865;ITA;02:42.183;5.2;38.0;USA;02:39.590;5.3;36.0;FRA;02:44.493;5.1;36.0;AUS;02:42.911;5.2;36.0;GER;02:46.478;5.1;37.0
870;ITA;02:43.057;5.3;38.0;USA;02:40.595;5.3;36.0;FRA;02:45.518;5.1;37.0;AUS;02:43.840;5.2;36.0;GER;02:47.517;5.0;37.0
875;ITA;02:44.062;5.3;38.0;USA;02:41.447;5.3;36.0;FRA;02:46.497;5.2;37.0;AUS;02:44.848;5.2;36.0;GER;02:48.396;5.1;37.0
880;ITA;02:45.019;5.3;38.0;USA;02:42.464;5.3;36.0;FRA;02:47.402;5.2;37.0;AUS;02:45.714;5.2;35.0;GER;02:49.411;5.1;37.0
885;ITA;02:45.915;5.3;38.0;USA;02:43.334;5.3;36.0;FRA;02:48.433;5.2;37.0;AUS;02:46.751;5.2;35.0;GER;02:50.375;5.2;37.0
890;ITA;02:46.912;5.3;38.0;USA;02:44.317;5.3;36.0;FRA;02:49.297;5.2;37.0;AUS;02:47.609;5.3;35.0;GER;02:51.261;5.3;38.0
895;ITA;02:47.797;5.3;38.0;USA;02:45.259;5.3;36.0;FRA;02:50.328;5.2;37.0;AUS;02:48.647;5.3;35.0;GER;02:52.252;5.3;38.0
900;ITA;02:48.775;5.3;38.0;USA;02:46.153;5.4;36.0;FRA;02:51.277;5.2;37.0;AUS;02:49.564;5.3;35.0;GER;02:53.122;5.3;38.0
905;ITA;02:49.754;5.3;38.0;USA;02:47.143;5.4;36.0;FRA;02:52.200;5.2;37.0;AUS;02:50.530;5.3;35.0;GER;02:54.109;5.4;38.0
910;ITA;02:50.618;5.3;38.0;USA;02:47.982;5.4;36.0;FRA;02:53.212;5.2;37.0;AUS;02:51.510;5.3;35.0;GER;02:55.049;5.4;39.0
915;ITA;02:51.624;5.3;38.0;USA;02:48.987;5.4;36.0;FRA;02:54.071;5.3;37.0;AUS;02:52.397;5.3;35.0;GER;02:55.908;5.4;39.0
920;ITA;02:52.501;5.3;38.0;USA;02:49.828;5.4;36.0;FRA;02:55.097;5.3;37.0;AUS;02:53.420;5.3;35.0;GER;02:56.907;5.4;39.0
925;ITA;02:53.461;5.3;38.0;USA;02:50.816;5.4;36.0;FRA;02:56.021;5.3;37.0;AUS;02:54.278;5.3;35.0;GER;02:57.771;5.4;39.0
930;ITA;02:54.419;5.4;38.0;USA;02:51.712;5.4;36.0;FRA;02:56.966;5.3;37.0;AUS;02:55.324;5.3;35.0;GER;02:58.730;5.4;39.0
935;ITA;02:55.300;5.4;38.0;USA;02:52.628;5.4;36.0;FRA;02:57.966;5.3;37.0;AUS;02:56.207;5.3;35.0;GER;02:59.684;5.4;39.0
940;ITA;02:56.283;5.4;38.0;USA;02:53.580;5.4;36.0;FRA;02:58.837;5.3;37.0;AUS;02:57.218;5.2;35.0;GER;03:00.599;5.4;39.0
945;ITA;02:57.129;5.4;38.0;USA;02:54.436;5.5;36.0;FRA;02:59.864;5.3;37.0;AUS;02:58.177;5.2;35.0;GER;03:01.549;5.4;39.0
950;ITA;02:58.120;5.4;38.0;USA;02:55.427;5.5;36.0;FRA;03:00.770;5.3;37.0;AUS;02:59.103;5.2;35.0;GER;03:02.422;5.4;39.0
955;ITA;02:59.052;5.4;38.0;USA;02:56.258;5.4;36.0;FRA;03:01.741;5.2;37.0;AUS;03:00.118;5.2;35.0;GER;03:03.397;5.3;39.0
960;ITA;02:59.935;5.4;38.0;USA;02:57.258;5.4;36.0;FRA;03:02.715;5.2;37.0;AUS;03:00.988;5.2;35.0;GER;03:04.362;5.3;39.0
965;ITA;03:00.932;5.4;38.0;USA;02:58.102;5.4;36.0;FRA;03:03.605;5.3;37.0;AUS;03:02.032;5.2;35.0;GER;03:05.226;5.3;39.0
970;ITA;03:01.762;5.4;38.0;USA;02:59.096;5.4;36.0;FRA;03:04.640;5.3;37.0;AUS;03:02.904;5.2;35.0;GER;03:06.237;5.3;39.0
975;ITA;03:02.777;5.4;38.0;USA;02:59.995;5.4;36.0;FRA;03:05.531;5.3;37.0;AUS;03:03.930;5.2;35.0;GER;03:07.117;5.3;38.0
980;ITA;03:03.667;5.4;38.0;USA;03:00.903;5.4;36.0;FRA;03:06.537;5.2;37.0;AUS;03:04.875;5.2;35.0;GER;03:08.091;5.3;38.0
985;ITA;03:04.610;5.4;38.0;USA;03:01.868;5.4;36.0;FRA;03:07.493;5.2;37.0;AUS;03:05.823;5.2;35.0;GER;03:09.051;5.3;38.0
990;ITA;03:05.611;5.4;38.0;USA;03:02.710;5.4;37.0;FRA;03:08.410;5.2;37.0;AUS;03:06.835;5.2;36.0;GER;03:09.933;5.3;38.0
995;ITA;03:06.461;5.3;38.0;USA;03:03.698;5.4;37.0;FRA;03:09.442;5.2;37.0;AUS;03:07.713;5.2;36.0;GER;03:10.954;5.3;38.0
1000;ITA;03:07.481;5.3;38.0;USA;03:04.523;5.4;37.0;FRA;03:10.315;5.2;37.0;AUS;03:08.767;5.2;36.0;GER;03:11.833;5.3;38.0
1005;ITA;03:08.391;5.3;38.0;USA;03:05.522;5.5;37.0;FRA;03:11.367;5.2;37.0;AUS;03:09.651;5.2;36.0;GER;03:12.832;5.3;38.0
1010;ITA;03:09.356;5.3;38.0;USA;03:06.399;5.5;37.0;FRA;03:12.320;5.2;37.0;AUS;03:10.711;5.1;36.0;GER;03:13.820;5.3;38.0
1015;ITA;03:10.324;5.3;38.0;USA;03:07.322;5.5;37.0;FRA;03:13.247;5.2;37.0;AUS;03:11.672;5.1;36.0;GER;03:14.712;5.2;38.0
1020;ITA;03:11.177;5.3;38.0;USA;03:08.280;5.5;37.0;FRA;03:14.274;5.2;37.0;AUS;03:12.633;5.1;35.0;GER;03:15.753;5.2;38.0
1025;ITA;03:12.210;5.3;38.0;USA;03:09.145;5.4;37.0;FRA;03:15.140;5.2;37.0;AUS;03:13.685;5.1;35.0;GER;03:16.668;5.2;38.0
1030;ITA;03:13.132;5.3;38.0;USA;03:10.155;5.4;37.0;FRA;03:16.185;5.2;37.0;AUS;03:14.576;5.1;35.0;GER;03:17.666;5.1;38.0
1035;ITA;03:14.083;5.3;38.0;USA;03:11.003;5.4;37.0;FRA;03:17.132;5.2;37.0;AUS;03:15.665;5.0;35.0;GER;03:18.685;5.1;38.0
1040;ITA;03:15.088;5.2;38.0;USA;03:12.022;5.3;37.0;FRA;03:18.077;5.2;37.0;AUS;03:16.604;5.0;35.0;GER;03:19.583;5.1;38.0
1045;ITA;03:15.957;5.2;38.0;USA;03:12.950;5.3;37.0;FRA;03:19.099;5.2;37.0;AUS;03:17.629;5.0;35.0;GER;03:20.653;5.1;38.0
1050;ITA;03:17.011;5.2;38.0;USA;03:13.885;5.3;37.0;FRA;03:19.968;5.2;37.0;AUS;03:18.674;5.0;35.0;GER;03:21.624;5.1;38.0
1055;ITA;03:17.953;5.2;38.0;USA;03:14.879;5.3;37.0;FRA;03:21.023;5.2;37.0;AUS;03:19.588;5.0;35.0;GER;03:22.586;5.0;38.0
1060;ITA;03:18.912;5.2;38.0;USA;03:15.744;5.3;37.0;FRA;03:21.955;5.2;37.0;AUS;03:20.675;5.0;35.0;GER;03:23.625;5.0;38.0
1065;ITA;03:19.943;5.1;38.0;USA;03:16.776;5.3;37.0;FRA;03:22.932;5.2;37.0;AUS;03:21.589;5.0;35.0;GER;03:24.507;5.1;38.0
1070;ITA;03:20.822;5.1;38.0;USA;03:17.648;5.3;37.0;FRA;03:23.929;5.1;37.0;AUS;03:22.646;5.0;35.0;GER;03:25.567;5.1;38.0
1075;ITA;03:21.872;5.1;38.0;USA;03:18.661;5.3;37.0;FRA;03:24.836;5.1;37.0;AUS;03:23.656;5.0;35.0;GER;03:26.534;5.1;38.0
1080;ITA;03:22.825;5.1;38.0;USA;03:19.610;5.3;37.0;FRA;03:25.890;5.1;37.0;AUS;03:24.589;5.0;35.0;GER;03:27.457;5.1;38.0
1085;ITA;03:23.765;5.1;38.0;USA;03:20.533;5.3;36.0;FRA;03:26.794;5.1;36.0;AUS;03:25.648;5.0;35.0;GER;03:28.499;5.1;37.0
1090;ITA;03:24.796;5.1;38.0;USA;03:21.536;5.3;36.0;FRA;03:27.820;5.1;36.0;AUS;03:26.532;5.1;35.0;GER;03:29.386;5.1;37.0
1095;ITA;03:25.672;5.2;38.0;USA;03:22.395;5.3;36.0;FRA;03:28.817;5.1;36.0;AUS;03:27.602;5.1;35.0;GER;03:30.437;5.1;37.0
1100;ITA;03:26.697;5.2;38.0;USA;03:23.422;5.3;36.0;FRA;03:29.717;5.1;36.0;AUS;03:28.555;5.1;35.0;GER;03:31.439;5.1;37.0
1105;ITA;03:27.661;5.2;38.0;USA;03:24.286;5.3;36.0;FRA;03:30.774;5.1;37.0;AUS;03:29.532;5.1;35.0;GER;03:32.393;5.1;37.0
1110;ITA;03:28.601;5.2;38.0;USA;03:25.306;5.3;36.0;FRA;03:31.685;5.1;37.0;AUS;03:30.564;5.1;35.0;GER;03:33.413;5.1;37.0
1115;ITA;03:29.587;5.2;38.0;USA;03:26.229;5.3;36.0;FRA;03:32.697;5.1;37.0;AUS;03:31.451;5.1;35.0;GER;03:34.341;5.1;37.0
1120;ITA;03:30.470;5.3;38.0;USA;03:27.145;5.3;36.0;FRA;03:33.699;5.1;37.0;AUS;03:32.513;5.1;35.0;GER;03:35.346;5.1;37.0
1125;ITA;03:31.475;5.2;38.0;USA;03:28.134;5.3;36.0;FRA;03:34.595;5.1;37.0;AUS;03:33.397;5.1;35.0;GER;03:36.365;5.1;37.0
1130;ITA;03:32.454;5.2;38.0;USA;03:28.991;5.3;36.0;FRA;03:35.642;5.1;37.0;AUS;03:34.448;5.1;35.0;GER;03:37.263;5.1;37.0
1135;ITA;03:33.335;5.2;38.0;USA;03:30.012;5.3;36.0;FRA;03:36.530;5.2;37.0;AUS;03:35.426;5.1;35.0;GER;03:38.315;5.1;37.0
1140;ITA;03:34.366;5.2;38.0;USA;03:30.884;5.3;36.0;FRA;03:37.556;5.2;37.0;AUS;03:36.368;5.1;35.0;GER;03:39.278;5.1;37.0
1145;ITA;03:35.251;5.3;38.0;USA;03:31.890;5.3;36.0;FRA;03:38.538;5.2;37.0;AUS;03:37.405;5.1;35.0;GER;03:40.238;5.1;37.0
1150;ITA;03:36.244;5.3;38.0;USA;03:32.835;5.3;36.0;FRA;03:39.444;5.2;37.0;AUS;03:38.284;5.1;35.0;GER;03:41.277;5.1;37.0
1155;ITA;03:37.231;5.3;38.0;USA;03:33.758;5.3;36.0;FRA;03:40.479;5.2;37.0;AUS;03:39.350;5.1;35.0;GER;03:42.162;5.1;37.0
1160;ITA;03:38.109;5.3;38.0;USA;03:34.763;5.3;36.0;FRA;03:41.339;5.2;37.0;AUS;03:40.256;5.1;35.0;GER;03:43.224;5.1;37.0
1165;ITA;03:39.149;5.2;38.0;USA;03:35.626;5.3;36.0;FRA;03:42.386;5.2;37.0;AUS;03:41.273;5.1;35.0;GER;03:44.211;5.1;37.0
1170;ITA;03:40.046;5.2;38.0;USA;03:36.656;5.3;36.0;FRA;03:43.326;5.2;37.0;AUS;03:42.255;5.1;35.0;GER;03:45.130;5.1;37.0
1175;ITA;03:41.043;5.2;38.0;USA;03:37.539;5.3;36.0;FRA;03:44.279;5.2;36.0;AUS;03:43.165;5.1;35.0;GER;03:46.177;5.1;37.0
1180;ITA;03:42.040;5.2;38.0;USA;03:38.534;5.3;36.0;FRA;03:45.295;5.2;36.0;AUS;03:44.191;5.2;35.0;GER;03:47.086;5.1;37.0
1185;ITA;03:42.918;5.2;38.0;USA;03:39.498;5.3;36.0;FRA;03:46.169;5.2;36.0;AUS;03:45.054;5.2;35.0;GER;03:48.111;5.1;37.0
1190;ITA;03:43.967;5.2;38.0;USA;03:40.397;5.3;36.0;FRA;03:47.222;5.2;36.0;AUS;03:46.095;5.2;36.0;GER;03:49.117;5.1;37.0
1195;ITA;03:44.877;5.2;38.0;USA;03:41.408;5.3;36.0;FRA;03:48.130;5.2;36.0;AUS;03:46.979;5.2;36.0;GER;03:50.015;5.1;37.0
1200;ITA;03:45.869;5.2;38.0;USA;03:42.263;5.3;36.0;FRA;03:49.137;5.2;36.0;AUS;03:47.980;5.3;36.0;GER;03:51.070;5.1;37.0
1205;ITA;03:46.873;5.2;38.0;USA;03:43.291;5.3;36.0;FRA;03:50.110;5.1;36.0;AUS;03:48.947;5.3;36.0;GER;03:52.007;5.1;37.0
1210;ITA;03:47.748;5.2;38.0;USA;03:44.190;5.3;36.0;FRA;03:51.033;5.1;36.0;AUS;03:49.848;5.3;36.0;GER;03:52.985;5.1;37.0
1215;ITA;03:48.794;5.2;38.0;USA;03:45.167;5.3;36.0;FRA;03:52.074;5.1;36.0;AUS;03:50.863;5.3;36.0;GER;03:54.003;5.1;37.0
1220;ITA;03:49.704;5.2;37.0;USA;03:46.153;5.3;36.0;FRA;03:52.948;5.1;36.0;AUS;03:51.724;5.3;36.0;GER;03:54.875;5.1;38.0
1225;ITA;03:50.677;5.2;37.0;USA;03:47.037;5.3;36.0;FRA;03:53.990;5.2;36.0;AUS;03:52.769;5.3;36.0;GER;03:55.917;5.1;38.0
1230;ITA;03:51.676;5.2;37.0;USA;03:48.058;5.3;36.0;FRA;03:54.960;5.2;36.0;AUS;03:53.646;5.2;36.0;GER;03:56.873;5.2;38.0
1235;ITA;03:52.542;5.2;37.0;USA;03:48.917;5.3;36.0;FRA;03:55.887;5.2;36.0;AUS;03:54.663;5.2;36.0;GER;03:57.820;5.2;38.0
1240;ITA;03:53.580;5.2;38.0;USA;03:49.943;5.3;36.0;FRA;03:56.914;5.2;36.0;AUS;03:55.619;5.2;36.0;GER;03:58.845;5.2;38.0
1245;ITA;03:54.489;5.3;38.0;USA;03:50.861;5.3;36.0;FRA;03:57.783;5.2;36.0;AUS;03:56.547;5.2;36.0;GER;03:59.731;5.2;38.0
1250;ITA;03:55.463;5.2;38.0;USA;03:51.801;5.3;36.0;FRA;03:58.832;5.2;36.0;AUS;03:57.554;5.2;36.0;GER;04:00.786;5.1;38.0
1255;ITA;03:56.466;5.2;38.0;USA;03:52.788;5.3;36.0;FRA;03:59.772;5.2;36.0;AUS;03:58.416;5.2;36.0;GER;04:01.779;5.1;38.0
1260;ITA;03:57.334;5.2;38.0;USA;03:53.649;5.3;36.0;FRA;04:00.735;5.2;36.0;AUS;03:59.448;5.3;36.0;GER;04:02.702;5.1;38.0
1265;ITA;03:58.377;5.2;38.0;USA;03:54.665;5.3;37.0;FRA;04:01.752;5.2;36.0;AUS;04:00.308;5.3;36.0;GER;04:03.755;5.1;38.0
1270;ITA;03:59.283;5.2;38.0;USA;03:55.517;5.3;37.0;FRA;04:02.630;5.2;36.0;AUS;04:01.347;5.3;36.0;GER;04:04.665;5.1;37.0
1275;ITA;04:00.263;5.2;38.0;USA;03:56.534;5.3;37.0;FRA;04:03.675;5.2;36.0;AUS;04:02.263;5.3;36.0;GER;04:05.675;5.1;37.0
1280;ITA;04:01.262;5.2;38.0;USA;03:57.434;5.3;37.0;FRA;04:04.568;5.2;36.0;AUS;04:03.203;5.3;36.0;GER;04:06.672;5.1;37.0
1285;ITA;04:02.134;5.2;38.0;USA;03:58.368;5.4;37.0;FRA;04:05.565;5.2;36.0;AUS;04:04.195;5.3;36.0;GER;04:07.559;5.1;37.0
1290;ITA;04:03.175;5.2;38.0;USA;03:59.345;5.4;37.0;FRA;04:06.546;5.2;36.0;AUS;04:05.060;5.3;36.0;GER;04:08.600;5.2;37.0
1295;ITA;04:04.075;5.2;37.0;USA;04:00.208;5.4;37.0;FRA;04:07.429;5.2;37.0;AUS;04:06.082;5.3;36.0;GER;04:09.510;5.2;37.0
1300;ITA;04:05.053;5.2;37.0;USA;04:01.215;5.4;36.0;FRA;04:08.452;5.3;37.0;AUS;04:06.939;5.3;36.0;GER;04:10.498;5.2;37.0
1305;ITA;04:06.041;5.2;37.0;USA;04:02.061;5.3;36.0;FRA;04:09.316;5.3;37.0;AUS;04:07.962;5.3;36.0;GER;04:11.495;5.2;37.0
1310;ITA;04:06.906;5.3;37.0;USA;04:03.079;5.3;36.0;FRA;04:10.340;5.3;37.0;AUS;04:08.878;5.3;36.0;GER;04:12.368;5.2;37.0
1315;ITA;04:07.935;5.3;37.0;USA;04:03.959;5.3;36.0;FRA;04:11.287;5.3;37.0;AUS;04:09.818;5.3;36.0;GER;04:13.406;5.2;38.0
1320;ITA;04:08.829;5.3;38.0;USA;04:04.948;5.3;36.0;FRA;04:12.210;5.3;37.0;AUS;04:10.805;5.3;36.0;GER;04:14.309;5.2;38.0
1325;ITA;04:09.800;5.3;38.0;USA;04:05.875;5.3;36.0;FRA;04:13.227;5.3;37.0;AUS;04:11.669;5.3;36.0;GER;04:15.295;5.2;38.0
1330;ITA;04:10.791;5.3;38.0;USA;04:06.804;5.3;36.0;FRA;04:14.092;5.3;37.0;AUS;04:12.687;5.3;36.0;GER;04:16.295;5.2;38.0
1335;ITA;04:11.657;5.3;38.0;USA;04:07.809;5.3;36.0;FRA;04:15.128;5.2;37.0;AUS;04:13.533;5.3;36.0;GER;04:17.173;5.2;38.0
1340;ITA;04:12.690;5.3;38.0;USA;04:08.667;5.3;36.0;FRA;04:16.061;5.2;37.0;AUS;04:14.559;5.3;36.0;GER;04:18.219;5.2;38.0
1345;ITA;04:13.590;5.3;38.0;USA;04:09.697;5.3;36.0;FRA;04:17.009;5.2;37.0;AUS;04:15.465;5.3;36.0;GER;04:19.146;5.2;38.0
1350;ITA;04:14.580;5.2;38.0;USA;04:10.573;5.3;36.0;FRA;04:18.021;5.2;37.0;AUS;04:16.422;5.3;36.0;GER;04:20.137;5.2;38.0
1355;ITA;04:15.579;5.2;38.0;USA;04:11.591;5.3;36.0;FRA;04:18.892;5.2;37.0;AUS;04:17.403;5.3;36.0;GER;04:21.155;5.1;37.0
1360;ITA;04:16.459;5.2;38.0;USA;04:12.546;5.3;36.0;FRA;04:19.938;5.2;37.0;AUS;04:18.300;5.3;36.0;GER;04:22.049;5.1;37.0
1365;ITA;04:17.514;5.2;38.0;USA;04:13.486;5.2;36.0;FRA;04:20.858;5.2;37.0;AUS;04:19.297;5.3;36.0;GER;04:23.118;5.1;37.0
1370;ITA;04:18.426;5.2;38.0;USA;04:14.480;5.2;36.0;FRA;04:21.849;5.2;37.0;AUS;04:20.144;5.3;36.0;GER;04:24.059;5.1;37.0
1375;ITA;04:19.408;5.2;38.0;USA;04:15.350;5.2;36.0;FRA;04:22.845;5.2;37.0;AUS;04:21.178;5.3;36.0;GER;04:25.037;5.1;37.0
1380;ITA;04:20.422;5.2;38.0;USA;04:16.397;5.2;36.0;FRA;04:23.725;5.2;37.0;AUS;04:22.082;5.3;36.0;GER;04:26.058;5.1;37.0
1385;ITA;04:21.317;5.2;38.0;USA;04:17.263;5.2;36.0;FRA;04:24.774;5.2;37.0;AUS;04:23.038;5.3;36.0;GER;04:26.957;5.1;37.0
1390;ITA;04:22.354;5.1;38.0;USA;04:18.295;5.2;36.0;FRA;04:25.687;5.2;37.0;AUS;04:24.015;5.3;36.0;GER;04:27.982;5.1;37.0
1395;ITA;04:23.271;5.1;38.0;USA;04:19.260;5.2;36.0;FRA;04:26.682;5.2;37.0;AUS;04:24.886;5.3;36.0;GER;04:28.947;5.2;37.0
1400;ITA;04:24.266;5.1;38.0;USA;04:20.175;5.2;36.0;FRA;04:27.681;5.1;37.0;AUS;04:25.908;5.3;36.0;GER;04:29.876;5.2;38.0
1405;ITA;04:25.307;5.1;38.0;USA;04:21.194;5.2;36.0;FRA;04:28.579;5.2;37.0;AUS;04:26.757;5.3;36.0;GER;04:30.912;5.1;38.0
1410;ITA;04:26.187;5.1;38.0;USA;04:22.063;5.2;36.0;FRA;04:29.633;5.1;37.0;AUS;04:27.789;5.3;36.0;GER;04:31.802;5.1;38.0
1415;ITA;04:27.247;5.1;38.0;USA;04:23.108;5.2;36.0;FRA;04:30.550;5.1;37.0;AUS;04:28.713;5.3;36.0;GER;04:32.833;5.1;38.0
1420;ITA;04:28.228;5.1;37.0;USA;04:24.003;5.2;36.0;FRA;04:31.560;5.1;37.0;AUS;04:29.649;5.3;36.0;GER;04:33.829;5.1;38.0
1425;ITA;04:29.190;5.1;37.0;USA;04:25.002;5.2;36.0;FRA;04:32.574;5.1;37.0;AUS;04:30.646;5.3;36.0;GER;04:34.723;5.1;38.0
1430;ITA;04:30.194;5.1;37.0;USA;04:25.996;5.2;36.0;FRA;04:33.467;5.1;37.0;AUS;04:31.508;5.3;37.0;GER;04:35.776;5.1;38.0
1435;ITA;04:31.091;5.1;37.0;USA;04:26.882;5.2;36.0;FRA;04:34.521;5.1;37.0;AUS;04:32.539;5.3;37.0;GER;04:36.715;5.1;38.0
1440;ITA;04:32.122;5.1;37.0;USA;04:27.919;5.2;36.0;FRA;04:35.424;5.1;37.0;AUS;04:33.410;5.3;37.0;GER;04:37.690;5.1;38.0
1445;ITA;04:33.126;5.1;37.0;USA;04:28.773;5.2;36.0;FRA;04:36.460;5.1;37.0;AUS;04:34.419;5.3;37.0;GER;04:38.716;5.1;38.0
1450;ITA;04:34.028;5.1;37.0;USA;04:29.810;5.2;36.0;FRA;04:37.442;5.1;37.0;AUS;04:35.387;5.3;37.0;GER;04:39.602;5.1;38.0
1455;ITA;04:35.074;5.1;38.0;USA;04:30.747;5.2;36.0;FRA;04:38.386;5.1;37.0;AUS;04:36.285;5.3;37.0;GER;04:40.657;5.1;38.0
1460;ITA;04:36.005;5.1;38.0;USA;04:31.692;5.2;36.0;FRA;04:39.401;5.1;37.0;AUS;04:37.303;5.3;37.0;GER;04:41.636;5.1;38.0
1465;ITA;04:36.994;5.1;38.0;USA;04:32.692;5.2;36.0;FRA;04:40.311;5.1;37.0;AUS;04:38.155;5.3;37.0;GER;04:42.570;5.1;38.0
1470;ITA;04:38.011;5.1;38.0;USA;04:33.563;5.2;36.0;FRA;04:41.332;5.1;37.0;AUS;04:39.196;5.3;37.0;GER;04:43.625;5.1;38.0
1475;ITA;04:38.890;5.1;38.0;USA;04:34.599;5.3;36.0;FRA;04:42.305;5.1;37.0;AUS;04:40.110;5.3;37.0;GER;04:44.546;5.1;38.0
1480;ITA;04:39.950;5.1;38.0;USA;04:35.476;5.3;36.0;FRA;04:43.178;5.2;37.0;AUS;04:41.077;5.3;37.0;GER;04:45.579;5.1;38.0
1485;ITA;04:40.877;5.1;38.0;USA;04:36.501;5.2;36.0;FRA;04:44.213;5.2;37.0;AUS;04:42.072;5.3;37.0;GER;04:46.607;5.0;38.0
1490;ITA;04:41.871;5.1;38.0;USA;04:37.463;5.2;36.0;FRA;04:45.122;5.2;38.0;AUS;04:42.948;5.2;37.0;GER;04:47.502;5.0;38.0
1495;ITA;04:42.925;5.1;38.0;USA;04:38.396;5.2;36.0;FRA;04:46.097;5.2;38.0;AUS;04:43.991;5.2;37.0;GER;04:48.563;5.0;38.0
1500;ITA;04:43.821;5.1;38.0;USA;04:39.428;5.2;36.0;FRA;04:47.100;5.2;38.0;AUS;04:44.878;5.2;37.0;GER;04:49.547;5.1;38.0
1505;ITA;04:44.881;5.0;38.0;USA;04:40.304;5.2;36.0;FRA;04:47.971;5.2;38.0;AUS;04:45.909;5.2;37.0;GER;04:50.465;5.1;38.0
1510;ITA;04:45.897;5.0;38.0;USA;04:41.366;5.1;36.0;FRA;04:49.012;5.2;38.0;AUS;04:46.895;5.2;37.0;GER;04:51.512;5.1;38.0
1515;ITA;04:46.818;5.0;37.0;USA;04:42.298;5.1;36.0;FRA;04:49.931;5.2;38.0;AUS;04:47.811;5.1;37.0;GER;04:52.435;5.1;38.0
1520;ITA;04:47.897;5.0;37.0;USA;04:43.292;5.1;36.0;FRA;04:50.902;5.2;38.0;AUS;04:48.850;5.1;37.0;GER;04:53.437;5.1;38.0
1525;ITA;04:48.851;5.0;37.0;USA;04:44.305;5.1;36.0;FRA;04:51.911;5.2;38.0;AUS;04:49.726;5.1;36.0;GER;04:54.469;5.1;38.0
1530;ITA;04:49.855;5.0;37.0;USA;04:45.195;5.1;36.0;FRA;04:52.785;5.2;38.0;AUS;04:50.785;5.1;36.0;GER;04:55.356;5.1;38.0
1535;ITA;04:50.908;5.0;37.0;USA;04:46.250;5.1;36.0;FRA;04:53.829;5.2;38.0;AUS;04:51.745;5.1;36.0;GER;04:56.415;5.1;38.0
1540;ITA;04:51.808;5.0;37.0;USA;04:47.144;5.1;36.0;FRA;04:54.766;5.2;38.0;AUS;04:52.693;5.1;36.0;GER;04:57.409;5.1;38.0
1545;ITA;04:52.883;5.0;37.0;USA;04:48.165;5.1;36.0;FRA;04:55.719;5.2;38.0;AUS;04:53.722;5.1;36.0;GER;04:58.317;5.1;38.0
1550;ITA;04:53.888;5.0;37.0;USA;04:49.161;5.1;36.0;FRA;04:56.734;5.2;38.0;AUS;04:54.593;5.1;36.0;GER;04:59.368;5.1;38.0
1555;ITA;04:54.818;5.0;37.0;USA;04:50.057;5.2;36.0;FRA;04:57.620;5.2;38.0;AUS;04:55.645;5.1;36.0;GER;05:00.301;5.1;38.0
1560;ITA;04:55.872;5.0;37.0;USA;04:51.095;5.2;36.0;FRA;04:58.642;5.2;38.0;AUS;04:56.566;5.2;36.0;GER;05:01.275;5.1;38.0
1565;ITA;04:56.801;5.1;37.0;USA;04:51.966;5.2;36.0;FRA;04:59.591;5.2;38.0;AUS;04:57.539;5.2;36.0;GER;05:02.299;5.1;38.0
1570;ITA;04:57.807;5.1;38.0;USA;04:53.020;5.2;36.0;FRA;05:00.516;5.2;38.0;AUS;04:58.541;5.2;36.0;GER;05:03.185;5.1;38.0
1575;ITA;04:58.828;5.1;38.0;USA;04:53.971;5.2;36.0;FRA;05:01.531;5.2;38.0;AUS;04:59.421;5.2;36.0;GER;05:04.231;5.1;38.0
1580;ITA;04:59.715;5.1;38.0;USA;04:54.923;5.2;36.0;FRA;05:02.391;5.3;38.0;AUS;05:00.465;5.2;37.0;GER;05:05.215;5.1;38.0
1585;ITA;05:00.777;5.1;38.0;USA;04:55.942;5.1;36.0;FRA;05:03.414;5.2;38.0;AUS;05:01.341;5.2;37.0;GER;05:06.149;5.1;38.0
1590;ITA;05:01.763;5.1;38.0;USA;04:56.822;5.2;36.0;FRA;05:04.352;5.3;38.0;AUS;05:02.364;5.2;37.0;GER;05:07.156;5.1;38.0
1595;ITA;05:02.704;5.1;38.0;USA;04:57.869;5.2;36.0;FRA;05:05.262;5.3;38.0;AUS;05:03.333;5.2;37.0;GER;05:08.074;5.2;38.0
1600;ITA;05:03.730;5.1;38.0;USA;04:58.760;5.2;36.0;FRA;05:06.247;5.3;38.0;AUS;05:04.238;5.2;37.0;GER;05:09.052;5.2;39.0
1605;ITA;05:04.650;5.1;38.0;USA;04:59.780;5.2;36.0;FRA;05:07.102;5.3;38.0;AUS;05:05.263;5.2;37.0;GER;05:10.047;5.2;39.0
1610;ITA;05:05.637;5.1;38.0;USA;05:00.760;5.2;36.0;FRA;05:08.119;5.3;38.0;AUS;05:06.127;5.2;37.0;GER;05:10.925;5.2;39.0
1615;ITA;05:06.651;5.1;38.0;USA;05:01.672;5.2;36.0;FRA;05:09.050;5.3;38.0;AUS;05:07.174;5.2;37.0;GER;05:11.951;5.2;39.0
1620;ITA;05:07.521;5.1;38.0;USA;05:02.699;5.2;36.0;FRA;05:09.922;5.3;39.0;AUS;05:08.070;5.2;37.0;GER;05:12.936;5.2;39.0
1625;ITA;05:08.563;5.2;38.0;USA;05:03.568;5.2;36.0;FRA;05:10.924;5.3;39.0;AUS;05:09.058;5.2;37.0;GER;05:13.827;5.2;39.0
1630;ITA;05:09.536;5.2;39.0;USA;05:04.618;5.2;36.0;FRA;05:11.776;5.4;39.0;AUS;05:10.064;5.2;37.0;GER;05:14.866;5.2;39.0
1635;ITA;05:10.433;5.2;39.0;USA;05:05.530;5.2;36.0;FRA;05:12.756;5.4;39.0;AUS;05:10.962;5.2;37.0;GER;05:15.754;5.2;39.0
1640;ITA;05:11.471;5.2;39.0;USA;05:06.522;5.2;36.0;FRA;05:13.711;5.4;39.0;AUS;05:11.979;5.2;37.0;GER;05:16.774;5.1;39.0
1645;ITA;05:12.375;5.2;39.0;USA;05:07.516;5.2;36.0;FRA;05:14.565;5.4;39.0;AUS;05:12.887;5.2;37.0;GER;05:17.807;5.1;39.0
1650;ITA;05:13.335;5.2;39.0;USA;05:08.402;5.2;36.0;FRA;05:15.576;5.4;39.0;AUS;05:13.873;5.2;37.0;GER;05:18.703;5.1;39.0
1655;ITA;05:14.342;5.2;39.0;USA;05:09.422;5.2;36.0;FRA;05:16.443;5.4;39.0;AUS;05:14.879;5.2;37.0;GER;05:19.755;5.1;39.0
1660;ITA;05:15.207;5.3;39.0;USA;05:10.296;5.2;36.0;FRA;05:17.411;5.3;39.0;AUS;05:15.761;5.2;37.0;GER;05:20.777;5.1;38.0
1665;ITA;05:16.239;5.2;39.0;USA;05:11.283;5.3;37.0;FRA;05:18.389;5.3;39.0;AUS;05:16.811;5.2;37.0;GER;05:21.691;5.0;38.0
1670;ITA;05:17.214;5.2;39.0;USA;05:12.244;5.3;37.0;FRA;05:19.239;5.3;39.0;AUS;05:17.725;5.2;37.0;GER;05:22.769;5.0;38.0
1675;ITA;05:18.102;5.2;39.0;USA;05:13.145;5.3;37.0;FRA;05:20.244;5.3;39.0;AUS;05:18.717;5.2;37.0;GER;05:23.752;5.0;38.0
1680;ITA;05:19.139;5.2;39.0;USA;05:14.129;5.3;38.0;FRA;05:21.161;5.4;39.0;AUS;05:19.710;5.1;37.0;GER;05:24.751;5.0;38.0
1685;ITA;05:20.040;5.2;39.0;USA;05:14.994;5.3;38.0;FRA;05:22.093;5.4;39.0;AUS;05:20.606;5.1;37.0;GER;05:25.784;5.0;38.0
1690;ITA;05:21.016;5.2;39.0;USA;05:15.995;5.3;38.0;FRA;05:23.062;5.4;39.0;AUS;05:21.652;5.1;37.0;GER;05:26.728;5.0;38.0
1695;ITA;05:22.036;5.2;39.0;USA;05:16.962;5.3;38.0;FRA;05:23.908;5.4;39.0;AUS;05:22.580;5.2;37.0;GER;05:27.752;5.0;38.0
1700;ITA;05:22.924;5.2;39.0;USA;05:17.844;5.3;38.0;FRA;05:24.909;5.3;39.0;AUS;05:23.555;5.2;37.0;GER;05:28.806;5.0;38.0
1705;ITA;05:23.925;5.2;39.0;USA;05:18.865;5.3;38.0;FRA;05:25.847;5.4;39.0;AUS;05:24.571;5.2;37.0;GER;05:29.719;5.0;38.0
1710;ITA;05:24.928;5.2;40.0;USA;05:19.739;5.3;38.0;FRA;05:26.729;5.3;39.0;AUS;05:25.443;5.2;37.0;GER;05:30.786;5.0;38.0
1715;ITA;05:25.805;5.2;40.0;USA;05:20.774;5.2;38.0;FRA;05:27.741;5.3;39.0;AUS;05:26.485;5.2;38.0;GER;05:31.808;5.0;38.0
1720;ITA;05:26.841;5.2;40.0;USA;05:21.719;5.2;38.0;FRA;05:28.628;5.3;40.0;AUS;05:27.428;5.2;38.0;GER;05:32.744;5.0;38.0
1725;ITA;05:27.837;5.2;40.0;USA;05:22.664;5.2;38.0;FRA;05:29.594;5.3;40.0;AUS;05:28.371;5.2;38.0;GER;05:33.792;5.0;38.0
1730;ITA;05:28.718;5.1;40.0;USA;05:23.698;5.1;37.0;FRA;05:30.585;5.3;40.0;AUS;05:29.390;5.2;38.0;GER;05:34.780;5.0;38.0
1735;ITA;05:29.765;5.1;40.0;USA;05:24.574;5.2;37.0;FRA;05:31.442;5.3;40.0;AUS;05:30.260;5.2;38.0;GER;05:35.717;5.0;38.0
1740;ITA;05:30.716;5.1;40.0;USA;05:25.612;5.2;37.0;FRA;05:32.455;5.3;39.0;AUS;05:31.296;5.2;38.0;GER;05:36.775;5.0;38.0
1745;ITA;05:31.641;5.1;40.0;USA;05:26.595;5.2;37.0;FRA;05:33.397;5.3;39.0;AUS;05:32.257;5.2;38.0;GER;05:37.721;5.1;39.0
1750;ITA;05:32.680;5.1;40.0;USA;05:27.504;5.2;37.0;FRA;05:34.295;5.3;39.0;AUS;05:33.175;5.2;38.0;GER;05:38.704;5.1;39.0
1755;ITA;05:33.640;5.2;40.0;USA;05:28.540;5.2;37.0;FRA;05:35.308;5.3;39.0;AUS;05:34.208;5.2;38.0;GER;05:39.742;5.1;39.0
1760;ITA;05:34.555;5.1;40.0;USA;05:29.422;5.2;37.0;FRA;05:36.186;5.3;39.0;AUS;05:35.083;5.2;38.0;GER;05:40.645;5.1;39.0
1765;ITA;05:35.595;5.2;40.0;USA;05:30.451;5.2;37.0;FRA;05:37.175;5.3;39.0;AUS;05:36.114;5.2;38.0;GER;05:41.695;5.1;39.0
1770;ITA;05:36.530;5.2;40.0;USA;05:31.420;5.2;37.0;FRA;05:38.156;5.3;39.0;AUS;05:37.065;5.2;38.0;GER;05:42.688;5.1;39.0
1775;ITA;05:37.462;5.2;40.0;USA;05:32.334;5.2;37.0;FRA;05:39.015;5.3;39.0;AUS;05:37.979;5.2;38.0;GER;05:43.577;5.1;39.0
1780;ITA;05:38.478;5.2;40.0;USA;05:33.361;5.2;37.0;FRA;05:40.040;5.3;39.0;AUS;05:39.007;5.2;38.0;GER;05:44.638;5.1;39.0
1785;ITA;05:39.386;5.2;40.0;USA;05:34.228;5.2;37.0;FRA;05:40.966;5.3;39.0;AUS;05:39.905;5.2;38.0;GER;05:45.605;5.1;39.0
1790;ITA;05:40.340;5.2;40.0;USA;05:35.267;5.2;37.0;FRA;05:41.869;5.3;39.0;AUS;05:40.888;5.2;38.0;GER;05:46.544;5.1;39.0
1795;ITA;05:41.337;5.3;41.0;USA;05:36.208;5.2;37.0;FRA;05:42.869;5.3;39.0;AUS;05:41.875;5.2;38.0;GER;05:47.585;5.1;39.0
1800;ITA;05:42.207;5.3;41.0;USA;05:37.163;5.2;37.0;FRA;05:43.720;5.3;39.0;AUS;05:42.764;5.3;38.0;GER;05:48.501;5.1;39.0
1805;ITA;05:43.195;5.3;41.0;USA;05:38.178;5.2;37.0;FRA;05:44.692;5.3;40.0;AUS;05:43.759;5.3;39.0;GER;05:49.514;5.1;39.0
1810;ITA;05:44.164;5.3;41.0;USA;05:39.051;5.2;37.0;FRA;05:45.645;5.4;40.0;AUS;05:44.681;5.3;39.0;GER;05:50.495;5.1;39.0
1815;ITA;05:45.007;5.3;41.0;USA;05:40.093;5.2;37.0;FRA;05:46.491;5.4;40.0;AUS;05:45.622;5.3;39.0;GER;05:51.364;5.2;39.0
1820;ITA;05:46.001;5.3;41.0;USA;05:41.002;5.2;37.0;FRA;05:47.490;5.4;40.0;AUS;05:46.614;5.3;39.0;GER;05:52.407;5.2;39.0
1825;ITA;05:46.973;5.4;42.0;USA;05:41.994;5.2;37.0;FRA;05:48.400;5.4;40.0;AUS;05:47.480;5.3;39.0;GER;05:53.365;5.2;39.0
1830;ITA;05:47.814;5.3;42.0;USA;05:42.996;5.2;37.0;FRA;05:49.293;5.4;40.0;AUS;05:48.483;5.3;39.0;GER;05:54.289;5.2;39.0
1835;ITA;05:48.815;5.3;42.0;USA;05:43.878;5.2;37.0;FRA;05:50.279;5.4;40.0;AUS;05:49.449;5.3;39.0;GER;05:55.290;5.2;39.0
1840;ITA;05:49.785;5.4;42.0;USA;05:44.920;5.2;37.0;FRA;05:51.111;5.4;40.0;AUS;05:50.320;5.3;39.0;GER;05:56.169;5.3;39.0
1845;ITA;05:50.645;5.3;42.0;USA;05:45.816;5.2;37.0;FRA;05:52.095;5.4;40.0;AUS;05:51.341;5.3;39.0;GER;05:57.172;5.3;39.0
1850;ITA;05:51.642;5.3;42.0;USA;05:46.825;5.2;37.0;FRA;05:53.051;5.4;41.0;AUS;05:52.253;5.3;39.0;GER;05:58.122;5.3;39.0
1855;ITA;05:52.610;5.3;42.0;USA;05:47.809;5.2;37.0;FRA;05:53.911;5.4;41.0;AUS;05:53.186;5.3;39.0;GER;05:58.983;5.3;39.0
1860;ITA;05:53.468;5.3;42.0;USA;05:48.705;5.2;37.0;FRA;05:54.893;5.4;41.0;AUS;05:54.183;5.3;39.0;GER;06:00.000;5.3;39.0
1865;ITA;05:54.481;5.3;42.0;USA;05:49.737;5.2;37.0;FRA;05:55.813;5.4;41.0;AUS;05:55.045;5.3;39.0;GER;06:00.890;5.3;39.0
1870;ITA;05:55.426;5.3;42.0;USA;05:50.614;5.2;37.0;FRA;05:56.722;5.4;41.0;AUS;05:56.049;5.3;39.0;GER;06:01.829;5.3;39.0
1875;ITA;05:56.283;5.3;42.0;USA;05:51.654;5.2;37.0;FRA;05:57.691;5.4;41.0;AUS;05:57.016;5.3;40.0;GER;06:02.820;5.3;39.0
1880;ITA;05:57.283;5.3;42.0;USA;05:52.603;5.2;37.0;FRA;05:58.565;5.4;41.0;AUS;05:57.893;5.3;40.0;GER;06:03.682;5.3;39.0
1885;ITA;05:58.231;5.3;42.0;USA;05:53.548;5.2;37.0;FRA;05:59.488;5.4;41.0;AUS;05:58.919;5.3;40.0;GER;06:04.675;5.3;39.0
1890;ITA;05:59.101;5.3;42.0;USA;05:54.571;5.2;37.0;FRA;06:00.457;5.4;41.0;AUS;05:59.827;5.3;40.0;GER;06:05.637;5.3;40.0
1895;ITA;06:00.127;5.3;42.0;USA;05:55.452;5.2;37.0;FRA;06:01.290;5.4;41.0;AUS;06:00.782;5.3;40.0;GER;06:06.536;5.3;40.0
1900;ITA;06:01.070;5.3;42.0;USA;05:56.496;5.2;37.0;FRA;06:02.270;5.4;41.0;AUS;06:01.800;5.2;40.0;GER;06:07.534;5.3;40.0
1905;ITA;06:01.954;5.3;42.0;USA;05:57.452;5.2;37.0;FRA;06:03.204;5.4;41.0;AUS;06:02.695;5.2;40.0;GER;06:08.434;5.3;40.0
1910;ITA;06:02.967;5.3;42.0;USA;05:58.379;5.2;37.0;FRA;06:04.053;5.4;41.0;AUS;06:03.684;5.2;40.0;GER;06:09.382;5.3;39.0
1915;ITA;06:03.908;5.3;42.0;USA;05:59.394;5.2;37.0;FRA;06:05.046;5.4;41.0;AUS;06:04.678;5.2;40.0;GER;06:10.378;5.3;39.0
1920;ITA;06:04.762;5.3;42.0;USA;06:00.259;5.2;37.0;FRA;06:05.936;5.4;41.0;AUS;06:05.561;5.2;40.0;GER;06:11.232;5.3;39.0
1925;ITA;06:05.762;5.3;42.0;USA;06:01.286;5.2;38.0;FRA;06:06.847;5.4;41.0;AUS;06:06.568;5.2;40.0;GER;06:12.238;5.3;39.0
1930;ITA;06:06.708;5.4;43.0;USA;06:02.220;5.3;38.0;FRA;06:07.827;5.4;41.0;AUS;06:07.540;5.3;40.0;GER;06:13.188;5.3;39.0
1935;ITA;06:07.556;5.4;43.0;USA;06:03.153;5.3;38.0;FRA;06:08.653;5.4;41.0;AUS;06:08.435;5.3;40.0;GER;06:14.081;5.3;39.0
1940;ITA;06:08.572;5.4;43.0;USA;06:04.153;5.3;38.0;FRA;06:09.630;5.4;41.0;AUS;06:09.454;5.2;40.0;GER;06:15.084;5.3;39.0
1945;ITA;06:09.501;5.4;43.0;USA;06:05.014;5.3;37.0;FRA;06:10.576;5.4;41.0;AUS;06:10.397;5.2;40.0;GER;06:15.964;5.3;39.0
1950;ITA;06:10.344;5.4;43.0;USA;06:06.046;5.3;37.0;FRA;06:11.406;5.4;41.0;AUS;06:11.318;5.2;40.0;GER;06:16.963;5.3;39.0
1955;ITA;06:11.353;5.4;43.0;USA;06:06.938;5.3;37.0;FRA;06:12.380;5.5;41.0;AUS;06:12.331;5.2;40.0;GER;06:17.924;5.3;39.0
1960;ITA;06:12.276;5.4;43.0;USA;06:07.921;5.3;37.0;FRA;06:13.256;5.5;41.0;AUS;06:13.219;5.3;40.0;GER;06:18.782;5.3;39.0
1965;ITA;06:13.124;5.4;43.0;USA;06:08.900;5.3;37.0;FRA;06:14.135;5.5;41.0;AUS;06:14.203;5.2;40.0;GER;06:19.804;5.3;39.0
1970;ITA;06:14.129;5.4;43.0;USA;06:09.782;5.3;37.0;FRA;06:15.084;5.6;41.0;AUS;06:15.197;5.3;40.0;GER;06:20.744;5.3;39.0
1975;ITA;06:15.059;5.4;43.0;USA;06:10.804;5.3;37.0;FRA;06:15.900;5.6;41.0;AUS;06:16.094;5.3;40.0;GER;06:21.648;5.3;39.0
1980;ITA;06:15.916;5.4;43.0;USA;06:11.668;5.3;37.0;FRA;06:16.856;5.6;41.0;AUS;06:17.077;5.2;41.0;GER;06:22.654;5.3;39.0
1985;ITA;06:16.926;5.4;43.0;USA;06:12.692;5.3;37.0;FRA;06:17.779;5.6;41.0;AUS;06:18.071;5.2;41.0;GER;06:23.526;5.3;39.0
1990;ITA;06:17.845;5.4;43.0;USA;06:13.631;5.3;37.0;FRA;06:18.609;5.6;41.0;AUS;06:18.935;5.2;41.0;GER;06:24.516;5.3;39.0
1995;ITA;06:18.747;5.4;43.0;USA;06:14.571;5.3;37.0;FRA;06:19.584;5.6;41.0;AUS;06:19.937;5.2;41.0;GER;06:25.482;5.3;39.0
2000;ITA;06:19.736;5.3;43.0;USA;06:15.580;5.3;37.0;FRA;06:20.468;5.6;41.0;AUS;06:20.930;5.3;41.0;GER;06:26.352;5.3;39.0
