Distance;ShortName1;Time1;Speed1;Stroke1;ShortName2;Time2;Speed2;Stroke2;ShortName3;Time3;Speed3;Stroke3;ShortName4;Time4;Speed4;Stroke4;ShortName6;Time6;Speed6;Stroke6;ShortName5;Time5;Speed5;Stroke5;
5;USA;00:02.996;3.1;0.0;NED;00:02.988;3.0;0.0;GBR;00:03.000;3.1;0.0;NZL;00:03.238;2.7;0.0;CAN;00:03.278;2.8;0.0;FRA;00:02.943;3.0;0.0
10;USA;00:04.356;3.3;37.0;NED;00:04.348;3.4;43.0;GBR;00:04.359;3.4;39.0;NZL;00:04.697;3.1;40.0;CAN;00:04.721;3.2;40.0;FRA;00:04.330;3.4;42.0
15;USA;00:05.528;3.5;37.0;NED;00:05.571;3.6;43.0;GBR;00:05.434;3.6;39.0;NZL;00:05.968;3.4;40.0;CAN;00:05.977;3.4;40.0;FRA;00:05.529;3.6;42.0
20;USA;00:06.670;4.1;38.0;NED;00:06.647;4.1;44.0;GBR;00:06.491;4.1;40.0;NZL;00:07.008;4.0;40.0;CAN;00:07.031;3.9;41.0;FRA;00:06.534;4.0;43.0
25;USA;00:07.727;4.4;39.0;NED;00:07.629;4.5;44.0;GBR;00:07.593;4.5;41.0;NZL;00:08.119;4.4;41.0;CAN;00:08.118;4.3;41.0;FRA;00:07.621;4.5;43.0
30;USA;00:08.734;4.8;40.0;NED;00:08.711;4.7;45.0;GBR;00:08.579;4.9;41.0;NZL;00:09.152;4.7;41.0;CAN;00:09.233;4.6;41.0;FRA;00:08.663;4.8;43.0
35;USA;00:09.692;4.9;40.0;NED;00:09.708;4.9;45.0;GBR;00:09.461;5.1;42.0;NZL;00:10.152;4.9;41.0;CAN;00:10.239;4.8;42.0;FRA;00:09.601;5.0;43.0
40;USA;00:10.762;5.0;41.0;NED;00:10.692;5.0;45.0;GBR;00:10.475;5.2;43.0;NZL;00:11.044;5.0;41.0;CAN;00:11.134;4.9;42.0;FRA;00:10.500;5.1;43.0
45;USA;00:11.759;5.0;41.0;NED;00:11.587;5.1;45.0;GBR;00:11.406;5.3;43.0;NZL;00:12.056;5.1;42.0;CAN;00:12.160;5.0;42.0;FRA;00:11.521;5.2;43.0
50;USA;00:12.682;5.0;41.0;NED;00:12.590;5.2;45.0;GBR;00:12.244;5.4;43.0;NZL;00:13.040;5.2;42.0;CAN;00:13.174;5.1;43.0;FRA;00:12.436;5.3;43.0
55;USA;00:13.744;5.0;41.0;NED;00:13.566;5.2;44.0;GBR;00:13.213;5.4;43.0;NZL;00:13.894;5.3;42.0;CAN;00:14.112;5.2;43.0;FRA;00:13.329;5.3;43.0
60;USA;00:14.744;5.1;41.0;NED;00:14.442;5.3;44.0;GBR;00:14.160;5.5;43.0;NZL;00:14.906;5.3;42.0;CAN;00:15.065;5.2;43.0;FRA;00:14.337;5.4;43.0
65;USA;00:15.643;5.1;41.0;NED;00:15.405;5.3;44.0;GBR;00:14.989;5.5;43.0;NZL;00:15.867;5.3;42.0;CAN;00:16.105;5.2;43.0;FRA;00:15.236;5.4;43.0
70;USA;00:16.690;5.1;41.0;NED;00:16.386;5.3;44.0;GBR;00:15.960;5.5;43.0;NZL;00:16.719;5.3;42.0;CAN;00:17.071;5.1;43.0;FRA;00:16.156;5.3;42.0
75;USA;00:17.672;5.1;41.0;NED;00:17.269;5.3;44.0;GBR;00:16.894;5.5;43.0;NZL;00:17.727;5.3;42.0;CAN;00:18.002;5.1;43.0;FRA;00:17.167;5.3;42.0
80;USA;00:18.601;5.1;40.0;NED;00:18.212;5.3;44.0;GBR;00:17.715;5.5;43.0;NZL;00:18.697;5.3;42.0;CAN;00:19.020;5.1;43.0;FRA;00:18.102;5.3;42.0
85;USA;00:19.632;5.1;40.0;NED;00:19.195;5.4;44.0;GBR;00:18.700;5.5;43.0;NZL;00:19.552;5.3;42.0;CAN;00:19.999;5.1;42.0;FRA;00:18.988;5.3;42.0
90;USA;00:20.603;5.1;40.0;NED;00:20.079;5.3;43.0;GBR;00:19.589;5.5;43.0;NZL;00:20.568;5.3;42.0;CAN;00:20.898;5.1;42.0;FRA;00:19.997;5.3;42.0
95;USA;00:21.554;5.1;40.0;NED;00:21.030;5.3;43.0;GBR;00:20.488;5.5;43.0;NZL;00:21.530;5.3;42.0;CAN;00:21.951;5.1;42.0;FRA;00:20.922;5.3;42.0
100;USA;00:22.613;5.0;40.0;NED;00:22.014;5.3;43.0;GBR;00:21.439;5.5;43.0;NZL;00:22.425;5.3;42.0;CAN;00:22.952;5.1;42.0;FRA;00:21.830;5.3;42.0
105;USA;00:23.574;5.0;40.0;NED;00:22.893;5.3;43.0;GBR;00:22.343;5.5;43.0;NZL;00:23.463;5.2;42.0;CAN;00:23.845;5.1;42.0;FRA;00:22.854;5.3;42.0
110;USA;00:24.560;5.0;40.0;NED;00:23.889;5.3;43.0;GBR;00:23.227;5.4;43.0;NZL;00:24.415;5.2;42.0;CAN;00:24.906;5.1;42.0;FRA;00:23.775;5.3;42.0
115;USA;00:25.619;5.0;39.0;NED;00:24.861;5.3;43.0;GBR;00:24.229;5.4;43.0;NZL;00:25.320;5.2;42.0;CAN;00:25.935;5.1;42.0;FRA;00:24.725;5.2;42.0
120;USA;00:26.550;5.0;39.0;NED;00:25.750;5.3;42.0;GBR;00:25.124;5.4;43.0;NZL;00:26.373;5.1;42.0;CAN;00:26.860;5.0;42.0;FRA;00:25.756;5.2;41.0
125;USA;00:27.589;5.0;39.0;NED;00:26.741;5.2;42.0;GBR;00:26.051;5.3;42.0;NZL;00:27.340;5.1;41.0;CAN;00:27.909;5.0;42.0;FRA;00:26.685;5.2;41.0
130;USA;00:28.639;5.0;39.0;NED;00:27.747;5.2;42.0;GBR;00:27.038;5.3;42.0;NZL;00:28.238;5.1;41.0;CAN;00:28.972;4.9;42.0;FRA;00:27.652;5.1;41.0
135;USA;00:29.557;5.0;39.0;NED;00:28.636;5.2;42.0;GBR;00:27.903;5.3;42.0;NZL;00:29.296;5.1;41.0;CAN;00:29.955;4.9;41.0;FRA;00:28.696;5.1;41.0
140;USA;00:30.626;4.9;39.0;NED;00:29.655;5.2;41.0;GBR;00:28.893;5.3;42.0;NZL;00:30.277;5.1;41.0;CAN;00:30.960;4.9;41.0;FRA;00:29.632;5.1;41.0
145;USA;00:31.670;4.9;39.0;NED;00:30.677;5.2;41.0;GBR;00:29.890;5.3;42.0;NZL;00:31.207;5.1;40.0;CAN;00:32.052;4.9;41.0;FRA;00:30.623;5.1;41.0
150;USA;00:32.592;5.0;39.0;NED;00:31.591;5.1;41.0;GBR;00:30.768;5.3;41.0;NZL;00:32.276;5.1;40.0;CAN;00:33.080;4.9;41.0;FRA;00:31.681;5.0;41.0
155;USA;00:33.681;4.9;39.0;NED;00:32.620;5.1;41.0;GBR;00:31.787;5.2;41.0;NZL;00:33.263;5.0;40.0;CAN;00:34.043;4.8;41.0;FRA;00:32.629;5.0;40.0
160;USA;00:34.722;4.9;38.0;NED;00:33.657;5.0;41.0;GBR;00:32.780;5.2;41.0;NZL;00:34.209;5.0;40.0;CAN;00:35.152;4.8;40.0;FRA;00:33.632;5.0;40.0
165;USA;00:35.654;4.9;38.0;NED;00:34.591;5.0;41.0;GBR;00:33.666;5.2;41.0;NZL;00:35.285;5.0;40.0;CAN;00:36.195;4.8;40.0;FRA;00:34.699;5.0;40.0
170;USA;00:36.766;4.9;38.0;NED;00:35.646;5.0;41.0;GBR;00:34.736;5.1;40.0;NZL;00:36.233;5.0;40.0;CAN;00:37.146;4.8;40.0;FRA;00:35.654;5.0;40.0
175;USA;00:37.801;4.9;38.0;NED;00:36.714;4.9;40.0;GBR;00:35.708;5.1;40.0;NZL;00:37.211;5.0;40.0;CAN;00:38.255;4.8;40.0;FRA;00:36.656;4.9;40.0
180;USA;00:38.784;4.8;38.0;NED;00:37.655;4.9;40.0;GBR;00:36.646;5.1;39.0;NZL;00:38.282;5.0;40.0;CAN;00:39.315;4.8;40.0;FRA;00:37.720;4.9;40.0
185;USA;00:39.886;4.8;38.0;NED;00:38.726;4.9;40.0;GBR;00:37.702;5.1;39.0;NZL;00:39.276;5.0;40.0;CAN;00:40.265;4.8;40.0;FRA;00:38.679;5.0;40.0
190;USA;00:40.891;4.8;38.0;NED;00:39.796;4.8;39.0;GBR;00:38.617;5.1;39.0;NZL;00:40.210;5.0;40.0;CAN;00:41.355;4.8;40.0;FRA;00:39.683;4.9;40.0
195;USA;00:41.902;4.8;38.0;NED;00:40.728;4.9;39.0;GBR;00:39.657;5.1;38.0;NZL;00:41.276;5.0;40.0;CAN;00:42.422;4.8;40.0;FRA;00:40.745;4.9;40.0
200;USA;00:42.984;4.8;37.0;NED;00:41.803;4.9;39.0;GBR;00:40.690;5.0;38.0;NZL;00:42.246;5.0;40.0;CAN;00:43.370;4.8;40.0;FRA;00:41.692;5.0;40.0
205;USA;00:43.915;4.8;37.0;NED;00:42.874;4.9;39.0;GBR;00:41.592;5.0;38.0;NZL;00:43.190;5.0;40.0;CAN;00:44.424;4.8;40.0;FRA;00:42.707;4.9;40.0
210;USA;00:45.037;4.9;36.0;NED;00:43.809;4.9;39.0;GBR;00:42.680;5.0;38.0;NZL;00:44.251;5.0;40.0;CAN;00:45.488;4.9;40.0;FRA;00:43.758;5.0;40.0
215;USA;00:46.074;4.8;36.0;NED;00:44.896;4.9;39.0;GBR;00:43.646;5.0;38.0;NZL;00:45.173;5.1;40.0;CAN;00:46.406;4.9;40.0;FRA;00:44.703;5.0;40.0
220;USA;00:47.075;4.8;35.0;NED;00:45.963;4.9;39.0;GBR;00:44.631;5.0;37.0;NZL;00:46.176;5.1;40.0;CAN;00:47.509;4.9;40.0;FRA;00:45.728;5.0;40.0
225;USA;00:48.185;4.8;35.0;NED;00:46.893;4.9;39.0;GBR;00:45.696;5.0;37.0;NZL;00:47.211;5.1;39.0;CAN;00:48.610;4.9;40.0;FRA;00:46.807;4.9;40.0
230;USA;00:49.142;4.8;35.0;NED;00:47.998;4.8;39.0;GBR;00:46.606;5.0;37.0;NZL;00:48.097;5.1;39.0;CAN;00:49.622;4.8;39.0;FRA;00:47.741;4.9;40.0
235;USA;00:50.255;4.8;35.0;NED;00:49.062;4.8;38.0;GBR;00:47.707;5.0;37.0;NZL;00:49.174;5.1;39.0;CAN;00:50.680;4.7;39.0;FRA;00:48.806;4.9;40.0
240;USA;00:51.333;4.8;35.0;NED;00:50.004;4.8;38.0;GBR;00:48.736;4.9;37.0;NZL;00:50.177;5.1;38.0;CAN;00:51.807;4.7;39.0;FRA;00:49.899;4.8;39.0
245;USA;00:52.286;4.8;35.0;NED;00:51.113;4.8;38.0;GBR;00:49.694;4.9;37.0;NZL;00:51.102;5.0;38.0;CAN;00:52.851;4.7;39.0;FRA;00:50.888;4.8;39.0
250;USA;00:53.432;4.8;36.0;NED;00:52.163;4.8;38.0;GBR;00:50.804;4.9;37.0;NZL;00:52.179;5.0;38.0;CAN;00:53.847;4.7;39.0;FRA;00:51.917;4.8;39.0
255;USA;00:54.485;4.8;36.0;NED;00:53.129;4.8;38.0;GBR;00:51.776;4.9;37.0;NZL;00:53.123;5.0;38.0;CAN;00:54.965;4.7;39.0;FRA;00:52.998;4.8;39.0
260;USA;00:55.494;4.7;36.0;NED;00:54.243;4.8;38.0;GBR;00:52.813;4.9;37.0;NZL;00:54.137;5.0;38.0;CAN;00:56.000;4.8;39.0;FRA;00:53.953;4.8;39.0
265;USA;00:56.623;4.7;36.0;NED;00:55.304;4.8;38.0;GBR;00:53.901;4.9;37.0;NZL;00:55.190;5.0;38.0;CAN;00:56.998;4.8;39.0;FRA;00:54.997;4.9;39.0
270;USA;00:57.634;4.7;36.0;NED;00:56.265;4.8;38.0;GBR;00:54.826;4.9;37.0;NZL;00:56.084;5.0;38.0;CAN;00:58.103;4.8;39.0;FRA;00:56.043;4.9;39.0
275;USA;00:58.720;4.7;36.0;NED;00:57.385;4.8;38.0;GBR;00:55.931;4.8;37.0;NZL;00:57.156;5.0;38.0;CAN;00:59.150;4.8;39.0;FRA;00:56.982;4.9;39.0
280;USA;00:59.823;4.7;36.0;NED;00:58.433;4.8;38.0;GBR;00:56.975;4.9;37.0;NZL;00:58.178;5.0;38.0;CAN;01:00.134;4.8;39.0;FRA;00:58.013;4.9;39.0
285;USA;01:00.778;4.7;36.0;NED;00:59.405;4.8;38.0;GBR;00:57.913;4.9;37.0;NZL;00:59.126;5.0;38.0;CAN;01:01.264;4.8;39.0;FRA;00:59.067;4.9;39.0
290;USA;01:01.909;4.7;36.0;NED;01:00.517;4.8;38.0;GBR;00:59.012;4.9;37.0;NZL;01:00.166;5.0;38.0;CAN;01:02.316;4.7;38.0;FRA;00:59.990;5.0;39.0
295;USA;01:02.975;4.8;36.0;NED;01:01.542;4.8;38.0;GBR;00:59.974;4.9;37.0;NZL;01:01.147;5.0;38.0;CAN;01:03.321;4.8;38.0;FRA;01:01.069;5.0;39.0
300;USA;01:03.942;4.8;36.0;NED;01:02.551;4.8;38.0;GBR;01:00.996;4.9;37.0;NZL;01:02.114;5.0;38.0;CAN;01:04.396;4.8;38.0;FRA;01:02.096;5.0;39.0
305;USA;01:05.061;4.8;36.0;NED;01:03.652;4.8;38.0;GBR;01:02.061;4.9;37.0;NZL;01:03.187;5.0;38.0;CAN;01:05.456;4.8;38.0;FRA;01:03.006;5.0;39.0
310;USA;01:06.056;4.8;36.0;NED;01:04.637;4.8;37.0;GBR;01:02.967;4.9;37.0;NZL;01:04.120;5.0;38.0;CAN;01:06.419;4.8;38.0;FRA;01:04.095;4.9;39.0
315;USA;01:07.121;4.8;36.0;NED;01:05.685;4.8;37.0;GBR;01:04.065;4.9;37.0;NZL;01:05.164;4.9;38.0;CAN;01:07.560;4.8;38.0;FRA;01:05.136;4.9;39.0
320;USA;01:08.207;4.8;36.0;NED;01:06.767;4.8;37.0;GBR;01:05.070;4.9;37.0;NZL;01:06.215;4.9;38.0;CAN;01:08.640;4.8;38.0;FRA;01:06.064;4.9;39.0
325;USA;01:09.152;4.8;35.0;NED;01:07.714;4.8;37.0;GBR;01:06.026;4.9;37.0;NZL;01:07.116;5.0;38.0;CAN;01:09.642;4.7;38.0;FRA;01:07.176;4.9;39.0
330;USA;01:10.288;4.8;35.0;NED;01:08.824;4.8;37.0;GBR;01:07.106;4.9;37.0;NZL;01:08.216;4.9;38.0;CAN;01:10.768;4.7;38.0;FRA;01:08.195;4.9;38.0
335;USA;01:11.333;4.8;35.0;NED;01:09.893;4.8;37.0;GBR;01:08.008;5.0;37.0;NZL;01:09.245;4.9;38.0;CAN;01:11.848;4.7;38.0;FRA;01:09.190;4.8;38.0
340;USA;01:12.354;4.8;35.0;NED;01:10.844;4.8;37.0;GBR;01:09.099;4.9;37.0;NZL;01:10.183;4.9;38.0;CAN;01:12.822;4.7;38.0;FRA;01:10.301;4.8;38.0
345;USA;01:13.476;4.7;35.0;NED;01:11.967;4.8;37.0;GBR;01:10.144;4.9;37.0;NZL;01:11.281;4.9;38.0;CAN;01:13.981;4.7;38.0;FRA;01:11.360;4.8;38.0
350;USA;01:14.444;4.7;35.0;NED;01:13.054;4.8;37.0;GBR;01:11.059;4.9;37.0;NZL;01:12.260;4.9;37.0;CAN;01:15.091;4.7;38.0;FRA;01:12.326;4.8;38.0
355;USA;01:15.574;4.7;35.0;NED;01:14.018;4.8;37.0;GBR;01:12.170;4.9;37.0;NZL;01:13.273;4.9;37.0;CAN;01:16.067;4.6;38.0;FRA;01:13.460;4.8;38.0
360;USA;01:16.673;4.7;35.0;NED;01:15.154;4.7;37.0;GBR;01:13.168;4.9;37.0;NZL;01:14.356;4.9;37.0;CAN;01:17.234;4.6;38.0;FRA;01:14.526;4.8;38.0
365;USA;01:17.635;4.7;35.0;NED;01:16.204;4.7;37.0;GBR;01:14.169;4.9;37.0;NZL;01:15.295;4.9;37.0;CAN;01:18.351;4.6;38.0;FRA;01:15.493;4.7;38.0
370;USA;01:18.780;4.7;35.0;NED;01:17.209;4.7;37.0;GBR;01:15.265;4.9;37.0;NZL;01:16.390;4.9;37.0;CAN;01:19.336;4.6;38.0;FRA;01:16.638;4.7;38.0
375;USA;01:19.820;4.7;35.0;NED;01:18.344;4.7;37.0;GBR;01:16.204;4.9;37.0;NZL;01:17.477;4.8;37.0;CAN;01:20.491;4.6;38.0;FRA;01:17.727;4.7;38.0
380;USA;01:20.864;4.7;35.0;NED;01:19.402;4.7;37.0;GBR;01:17.310;4.8;37.0;NZL;01:18.412;4.8;37.0;CAN;01:21.615;4.6;38.0;FRA;01:18.688;4.7;38.0
385;USA;01:21.972;4.7;35.0;NED;01:20.409;4.7;37.0;GBR;01:18.377;4.8;36.0;NZL;01:19.536;4.8;37.0;CAN;01:22.611;4.6;37.0;FRA;01:19.842;4.7;38.0
390;USA;01:22.924;4.7;35.0;NED;01:21.536;4.7;37.0;GBR;01:19.322;4.8;36.0;NZL;01:20.599;4.8;37.0;CAN;01:23.747;4.6;37.0;FRA;01:20.932;4.7;38.0
395;USA;01:24.062;4.7;35.0;NED;01:22.554;4.7;37.0;GBR;01:20.448;4.8;36.0;NZL;01:21.548;4.8;37.0;CAN;01:24.889;4.6;37.0;FRA;01:21.902;4.7;38.0
400;USA;01:25.129;4.7;35.0;NED;01:23.603;4.7;37.0;GBR;01:21.459;4.8;36.0;NZL;01:22.684;4.8;37.0;CAN;01:25.919;4.6;37.0;FRA;01:23.057;4.7;38.0
405;USA;01:26.117;4.8;35.0;NED;01:24.723;4.7;37.0;GBR;01:22.470;4.8;36.0;NZL;01:23.686;4.8;37.0;CAN;01:27.087;4.5;37.0;FRA;01:24.150;4.7;38.0
410;USA;01:27.257;4.8;35.0;NED;01:25.718;4.7;37.0;GBR;01:23.570;4.8;36.0;NZL;01:24.699;4.8;37.0;CAN;01:28.224;4.5;37.0;FRA;01:25.126;4.7;38.0
415;USA;01:28.280;4.7;35.0;NED;01:26.815;4.7;37.0;GBR;01:24.507;4.8;36.0;NZL;01:25.803;4.8;37.0;CAN;01:29.298;4.5;37.0;FRA;01:26.286;4.6;38.0
420;USA;01:29.354;4.7;35.0;NED;01:27.938;4.7;37.0;GBR;01:25.624;4.8;36.0;NZL;01:26.742;4.8;37.0;CAN;01:30.390;4.5;37.0;FRA;01:27.397;4.6;38.0
425;USA;01:30.468;4.7;35.0;NED;01:28.913;4.7;37.0;GBR;01:26.695;4.8;36.0;NZL;01:27.843;4.8;36.0;CAN;01:31.567;4.5;37.0;FRA;01:28.375;4.6;38.0
430;USA;01:31.426;4.7;35.0;NED;01:30.053;4.7;37.0;GBR;01:27.638;4.8;36.0;NZL;01:28.911;4.8;36.0;CAN;01:32.649;4.5;37.0;FRA;01:29.530;4.6;37.0
435;USA;01:32.581;4.7;35.0;NED;01:31.171;4.6;36.0;GBR;01:28.769;4.8;36.0;NZL;01:29.850;4.8;36.0;CAN;01:33.696;4.5;37.0;FRA;01:30.638;4.6;37.0
440;USA;01:33.658;4.7;35.0;NED;01:32.151;4.6;36.0;GBR;01:29.770;4.8;36.0;NZL;01:30.987;4.8;36.0;CAN;01:34.880;4.5;37.0;FRA;01:31.608;4.6;37.0
445;USA;01:34.662;4.7;35.0;NED;01:33.294;4.6;36.0;GBR;01:30.800;4.8;36.0;NZL;01:32.009;4.8;36.0;CAN;01:35.990;4.5;37.0;FRA;01:32.766;4.6;37.0
450;USA;01:35.794;4.7;35.0;NED;01:34.386;4.6;36.0;GBR;01:31.899;4.8;36.0;NZL;01:33.012;4.8;36.0;CAN;01:37.022;4.5;37.0;FRA;01:33.880;4.6;37.0
455;USA;01:36.793;4.7;35.0;NED;01:35.374;4.7;36.0;GBR;01:32.834;4.8;36.0;NZL;01:34.120;4.8;36.0;CAN;01:38.220;4.5;37.0;FRA;01:34.852;4.6;37.0
460;USA;01:37.899;4.7;35.0;NED;01:36.522;4.7;36.0;GBR;01:33.961;4.8;36.0;NZL;01:35.063;4.8;36.0;CAN;01:39.348;4.5;37.0;FRA;01:36.020;4.6;37.0
465;USA;01:39.006;4.7;35.0;NED;01:37.591;4.7;36.0;GBR;01:35.003;4.8;36.0;NZL;01:36.168;4.8;36.0;CAN;01:40.359;4.5;37.0;FRA;01:37.125;4.6;37.0
470;USA;01:39.972;4.7;35.0;NED;01:38.611;4.7;36.0;GBR;01:35.988;4.8;36.0;NZL;01:37.256;4.8;36.0;CAN;01:41.552;4.5;37.0;FRA;01:38.099;4.6;37.0
475;USA;01:41.129;4.7;35.0;NED;01:39.754;4.6;36.0;GBR;01:37.121;4.8;36.0;NZL;01:38.204;4.8;36.0;CAN;01:42.691;4.5;37.0;FRA;01:39.261;4.6;37.0
480;USA;01:42.200;4.7;35.0;NED;01:40.798;4.6;36.0;GBR;01:38.130;4.8;36.0;NZL;01:39.347;4.8;36.0;CAN;01:43.683;4.5;37.0;FRA;01:40.350;4.6;37.0
485;USA;01:43.223;4.7;35.0;NED;01:41.856;4.6;36.0;GBR;01:39.186;4.8;36.0;NZL;01:40.398;4.8;36.0;CAN;01:44.878;4.5;37.0;FRA;01:41.333;4.6;37.0
490;USA;01:44.368;4.7;35.0;NED;01:42.989;4.6;36.0;GBR;01:40.304;4.7;36.0;NZL;01:41.385;4.8;36.0;CAN;01:46.009;4.5;37.0;FRA;01:42.488;4.7;37.0
495;USA;01:45.376;4.6;35.0;NED;01:43.990;4.6;36.0;GBR;01:41.255;4.7;36.0;NZL;01:42.507;4.8;36.0;CAN;01:47.004;4.5;37.0;FRA;01:43.575;4.7;37.0
500;USA;01:46.494;4.6;35.0;NED;01:45.088;4.7;36.0;GBR;01:42.386;4.7;36.0;NZL;01:43.476;4.8;36.0;CAN;01:48.166;4.6;37.0;FRA;01:44.565;4.6;37.0
505;USA;01:47.606;4.6;35.0;NED;01:46.202;4.7;36.0;GBR;01:43.470;4.7;36.0;NZL;01:44.555;4.8;36.0;CAN;01:49.308;4.6;37.0;FRA;01:45.726;4.6;37.0
510;USA;01:48.576;4.6;35.0;NED;01:47.180;4.7;36.0;GBR;01:44.454;4.8;36.0;NZL;01:45.643;4.8;36.0;CAN;01:50.310;4.6;37.0;FRA;01:46.812;4.6;37.0
515;USA;01:49.729;4.7;35.0;NED;01:48.314;4.7;36.0;GBR;01:45.568;4.8;36.0;NZL;01:46.576;4.8;36.0;CAN;01:51.480;4.5;37.0;FRA;01:47.805;4.6;37.0
520;USA;01:50.779;4.7;35.0;NED;01:49.413;4.7;36.0;GBR;01:46.593;4.8;36.0;NZL;01:47.699;4.8;36.0;CAN;01:52.637;4.5;37.0;FRA;01:48.962;4.6;37.0
525;USA;01:51.817;4.7;35.0;NED;01:50.396;4.7;36.0;GBR;01:47.619;4.8;36.0;NZL;01:48.737;4.8;36.0;CAN;01:53.676;4.5;37.0;FRA;01:50.046;4.6;37.0
530;USA;01:52.944;4.7;35.0;NED;01:51.544;4.7;36.0;GBR;01:48.735;4.8;36.0;NZL;01:49.713;4.8;36.0;CAN;01:54.820;4.5;37.0;FRA;01:51.038;4.6;37.0
535;USA;01:53.911;4.7;35.0;NED;01:52.631;4.7;36.0;GBR;01:49.681;4.8;36.0;NZL;01:50.836;4.8;36.0;CAN;01:56.000;4.5;37.0;FRA;01:52.201;4.6;37.0
540;USA;01:55.079;4.7;35.0;NED;01:53.622;4.7;36.0;GBR;01:50.810;4.8;36.0;NZL;01:51.821;4.8;36.0;CAN;01:57.090;4.4;37.0;FRA;01:53.291;4.6;37.0
545;USA;01:56.166;4.7;35.0;NED;01:54.766;4.7;36.0;GBR;01:51.906;4.8;36.0;NZL;01:52.883;4.8;36.0;CAN;01:58.194;4.4;37.0;FRA;01:54.291;4.6;37.0
550;USA;01:57.157;4.6;35.0;NED;01:55.824;4.7;36.0;GBR;01:52.856;4.7;36.0;NZL;01:53.980;4.8;36.0;CAN;01:59.405;4.4;37.0;FRA;01:55.468;4.6;37.0
555;USA;01:58.317;4.6;35.0;NED;01:56.849;4.7;36.0;GBR;01:54.009;4.7;36.0;NZL;01:54.924;4.8;36.0;CAN;02:00.516;4.4;37.0;FRA;01:56.563;4.6;37.0
560;USA;01:59.375;4.6;35.0;NED;01:57.991;4.7;36.0;GBR;01:55.069;4.7;36.0;NZL;01:56.059;4.8;36.0;CAN;02:01.576;4.4;36.0;FRA;01:57.579;4.6;37.0
565;USA;02:00.464;4.6;35.0;NED;01:59.012;4.7;36.0;GBR;01:56.072;4.7;36.0;NZL;01:57.142;4.8;36.0;CAN;02:02.779;4.4;36.0;FRA;01:58.751;4.6;37.0
570;USA;02:01.570;4.6;35.0;NED;02:00.095;4.6;36.0;GBR;01:57.213;4.7;36.0;NZL;01:58.093;4.7;36.0;CAN;02:03.917;4.4;36.0;FRA;01:59.846;4.6;37.0
575;USA;02:02.550;4.6;35.0;NED;02:01.221;4.7;36.0;GBR;01:58.210;4.7;36.0;NZL;01:59.244;4.7;36.0;CAN;02:04.955;4.4;36.0;FRA;02:00.847;4.6;37.0
580;USA;02:03.709;4.6;35.0;NED;02:02.192;4.7;36.0;GBR;01:59.298;4.7;36.0;NZL;02:00.288;4.7;36.0;CAN;02:06.167;4.4;36.0;FRA;02:02.006;4.6;37.0
585;USA;02:04.820;4.6;35.0;NED;02:03.328;4.7;36.0;GBR;02:00.411;4.7;36.0;NZL;02:01.296;4.7;36.0;CAN;02:07.320;4.4;36.0;FRA;02:03.087;4.6;37.0
590;USA;02:05.821;4.6;35.0;NED;02:04.433;4.7;36.0;GBR;02:01.367;4.7;36.0;NZL;02:02.417;4.8;36.0;CAN;02:08.352;4.4;36.0;FRA;02:04.083;4.6;37.0
595;USA;02:06.998;4.6;35.0;NED;02:05.412;4.7;36.0;GBR;02:02.525;4.7;36.0;NZL;02:03.398;4.8;36.0;CAN;02:09.556;4.4;36.0;FRA;02:05.238;4.6;37.0
600;USA;02:08.055;4.6;35.0;NED;02:06.563;4.7;36.0;GBR;02:03.603;4.7;35.0;NZL;02:04.479;4.8;36.0;CAN;02:10.716;4.4;36.0;FRA;02:06.302;4.7;37.0
605;USA;02:09.119;4.6;35.0;NED;02:07.636;4.7;36.0;GBR;02:04.596;4.7;35.0;NZL;02:05.569;4.8;36.0;CAN;02:11.730;4.4;36.0;FRA;02:07.315;4.7;37.0
610;USA;02:10.242;4.6;35.0;NED;02:08.641;4.7;36.0;GBR;02:05.748;4.7;35.0;NZL;02:06.505;4.8;36.0;CAN;02:12.909;4.4;36.0;FRA;02:08.457;4.7;37.0
615;USA;02:11.214;4.6;35.0;NED;02:09.778;4.7;36.0;GBR;02:06.761;4.7;35.0;NZL;02:07.639;4.8;36.0;CAN;02:14.061;4.5;36.0;FRA;02:09.500;4.7;37.0
620;USA;02:12.374;4.7;35.0;NED;02:10.794;4.7;36.0;GBR;02:07.840;4.7;35.0;NZL;02:08.697;4.8;36.0;CAN;02:15.106;4.5;36.0;FRA;02:10.529;4.7;37.0
625;USA;02:13.483;4.7;35.0;NED;02:11.868;4.7;36.0;GBR;02:08.962;4.7;35.0;NZL;02:09.657;4.8;36.0;CAN;02:16.232;4.5;37.0;FRA;02:11.676;4.7;37.0
630;USA;02:14.480;4.6;35.0;NED;02:12.988;4.7;36.0;GBR;02:09.916;4.7;35.0;NZL;02:10.794;4.8;36.0;CAN;02:17.402;4.5;37.0;FRA;02:12.703;4.7;37.0
635;USA;02:15.647;4.6;35.0;NED;02:13.969;4.7;36.0;GBR;02:11.069;4.7;35.0;NZL;02:11.787;4.8;36.0;CAN;02:18.463;4.5;37.0;FRA;02:13.747;4.7;37.0
640;USA;02:16.696;4.6;35.0;NED;02:15.108;4.7;36.0;GBR;02:12.156;4.7;35.0;NZL;02:12.840;4.8;36.0;CAN;02:19.557;4.5;37.0;FRA;02:14.881;4.7;37.0
645;USA;02:17.764;4.6;35.0;NED;02:16.201;4.6;36.0;GBR;02:13.131;4.7;35.0;NZL;02:13.949;4.8;36.0;CAN;02:20.723;4.5;37.0;FRA;02:15.894;4.7;37.0
650;USA;02:18.890;4.6;35.0;NED;02:17.189;4.6;36.0;GBR;02:14.288;4.7;35.0;NZL;02:14.886;4.8;36.0;CAN;02:21.791;4.5;37.0;FRA;02:16.978;4.7;37.0
655;USA;02:19.845;4.6;35.0;NED;02:18.336;4.7;36.0;GBR;02:15.322;4.7;35.0;NZL;02:16.027;4.8;36.0;CAN;02:22.873;4.5;37.0;FRA;02:18.072;4.7;37.0
660;USA;02:21.013;4.7;35.0;NED;02:19.405;4.7;36.0;GBR;02:16.371;4.7;35.0;NZL;02:17.094;4.8;36.0;CAN;02:24.043;4.5;37.0;FRA;02:19.043;4.7;37.0
665;USA;02:22.086;4.7;35.0;NED;02:20.418;4.7;36.0;GBR;02:17.509;4.7;35.0;NZL;02:18.056;4.8;36.0;CAN;02:25.119;4.5;37.0;FRA;02:20.155;4.7;37.0
670;USA;02:23.104;4.7;34.0;NED;02:21.555;4.7;36.0;GBR;02:18.475;4.7;35.0;NZL;02:19.194;4.8;36.0;CAN;02:26.186;4.5;37.0;FRA;02:21.267;4.7;37.0
675;USA;02:24.240;4.7;34.0;NED;02:22.561;4.7;36.0;GBR;02:19.617;4.7;35.0;NZL;02:20.204;4.8;36.0;CAN;02:27.369;4.5;37.0;FRA;02:22.233;4.7;37.0
680;USA;02:25.227;4.6;34.0;NED;02:23.668;4.7;36.0;GBR;02:20.737;4.7;35.0;NZL;02:21.260;4.8;36.0;CAN;02:28.472;4.5;37.0;FRA;02:23.389;4.7;37.0
685;USA;02:26.356;4.7;34.0;NED;02:24.761;4.7;36.0;GBR;02:21.707;4.6;35.0;NZL;02:22.371;4.7;36.0;CAN;02:29.518;4.5;37.0;FRA;02:24.505;4.6;37.0
690;USA;02:27.468;4.7;34.0;NED;02:25.732;4.7;36.0;GBR;02:22.876;4.6;35.0;NZL;02:23.311;4.7;36.0;CAN;02:30.712;4.5;37.0;FRA;02:25.474;4.6;37.0
695;USA;02:28.454;4.7;34.0;NED;02:26.887;4.7;36.0;GBR;02:23.954;4.6;35.0;NZL;02:24.452;4.8;36.0;CAN;02:31.843;4.5;37.0;FRA;02:26.645;4.6;36.0
700;USA;02:29.631;4.6;34.0;NED;02:27.980;4.6;35.0;GBR;02:24.953;4.6;35.0;NZL;02:25.529;4.8;36.0;CAN;02:32.880;4.5;37.0;FRA;02:27.754;4.6;36.0
705;USA;02:30.711;4.6;34.0;NED;02:28.997;4.6;35.0;GBR;02:26.126;4.7;35.0;NZL;02:26.500;4.8;36.0;CAN;02:34.113;4.4;37.0;FRA;02:28.741;4.6;36.0
710;USA;02:31.777;4.6;34.0;NED;02:30.173;4.6;35.0;GBR;02:27.181;4.6;35.0;NZL;02:27.663;4.7;36.0;CAN;02:35.250;4.4;36.0;FRA;02:29.920;4.6;36.0
715;USA;02:32.936;4.6;34.0;NED;02:31.228;4.6;35.0;GBR;02:28.253;4.6;35.0;NZL;02:28.716;4.7;36.0;CAN;02:36.284;4.4;36.0;FRA;02:31.036;4.6;36.0
720;USA;02:33.925;4.6;34.0;NED;02:32.318;4.6;35.0;GBR;02:29.414;4.6;35.0;NZL;02:29.766;4.7;36.0;CAN;02:37.498;4.4;36.0;FRA;02:32.036;4.6;36.0
725;USA;02:35.109;4.6;34.0;NED;02:33.480;4.5;35.0;GBR;02:30.426;4.6;35.0;NZL;02:30.891;4.6;36.0;CAN;02:38.646;4.4;36.0;FRA;02:33.230;4.5;36.0
730;USA;02:36.230;4.6;34.0;NED;02:34.520;4.5;35.0;GBR;02:31.565;4.6;35.0;NZL;02:31.867;4.6;36.0;CAN;02:39.671;4.5;36.0;FRA;02:34.313;4.5;36.0
735;USA;02:37.223;4.6;34.0;NED;02:35.622;4.6;35.0;GBR;02:32.706;4.6;35.0;NZL;02:32.978;4.7;36.0;CAN;02:40.857;4.5;36.0;FRA;02:35.298;4.6;36.0
740;USA;02:38.397;4.6;34.0;NED;02:36.770;4.6;35.0;GBR;02:33.674;4.6;35.0;NZL;02:34.069;4.7;36.0;CAN;02:42.024;4.4;36.0;FRA;02:36.456;4.6;36.0
745;USA;02:39.468;4.6;34.0;NED;02:37.766;4.6;35.0;GBR;02:34.850;4.6;35.0;NZL;02:35.009;4.7;35.0;CAN;02:43.080;4.4;36.0;FRA;02:37.523;4.7;36.0
750;USA;02:40.527;4.6;34.0;NED;02:38.905;4.6;35.0;GBR;02:35.937;4.6;35.0;NZL;02:36.145;4.8;35.0;CAN;02:44.287;4.4;36.0;FRA;02:38.529;4.7;36.0
755;USA;02:41.669;4.6;34.0;NED;02:40.022;4.6;35.0;GBR;02:36.928;4.6;35.0;NZL;02:37.148;4.8;35.0;CAN;02:45.488;4.3;36.0;FRA;02:39.674;4.7;36.0
760;USA;02:42.649;4.6;34.0;NED;02:41.003;4.6;35.0;GBR;02:38.085;4.7;35.0;NZL;02:38.180;4.8;35.0;CAN;02:46.575;4.3;36.0;FRA;02:40.714;4.7;36.0
765;USA;02:43.811;4.6;34.0;NED;02:42.161;4.6;35.0;GBR;02:39.116;4.7;35.0;NZL;02:39.295;4.8;35.0;CAN;02:47.696;4.3;36.0;FRA;02:41.766;4.7;36.0
770;USA;02:44.914;4.6;34.0;NED;02:43.241;4.6;35.0;GBR;02:40.168;4.7;35.0;NZL;02:40.235;4.8;35.0;CAN;02:48.882;4.4;36.0;FRA;02:42.912;4.7;36.0
775;USA;02:45.896;4.6;34.0;NED;02:44.245;4.6;35.0;GBR;02:41.290;4.7;35.0;NZL;02:41.358;4.8;35.0;CAN;02:49.981;4.4;36.0;FRA;02:43.929;4.6;36.0
780;USA;02:47.044;4.7;34.0;NED;02:45.386;4.7;35.0;GBR;02:42.238;4.7;35.0;NZL;02:42.437;4.8;35.0;CAN;02:51.062;4.4;36.0;FRA;02:45.025;4.6;36.0
785;USA;02:48.068;4.7;34.0;NED;02:46.399;4.7;35.0;GBR;02:43.368;4.7;35.0;NZL;02:43.395;4.8;35.0;CAN;02:52.266;4.4;36.0;FRA;02:46.161;4.6;36.0
790;USA;02:49.153;4.7;34.0;NED;02:47.470;4.7;35.0;GBR;02:44.435;4.8;35.0;NZL;02:44.536;4.8;35.0;CAN;02:53.378;4.4;36.0;FRA;02:47.146;4.6;36.0
795;USA;02:50.274;4.7;34.0;NED;02:48.585;4.7;35.0;GBR;02:45.399;4.8;35.0;NZL;02:45.545;4.8;35.0;CAN;02:54.481;4.4;36.0;FRA;02:48.270;4.6;36.0
800;USA;02:51.241;4.7;34.0;NED;02:49.553;4.7;35.0;GBR;02:46.532;4.8;35.0;NZL;02:46.596;4.8;35.0;CAN;02:55.658;4.4;36.0;FRA;02:49.388;4.6;36.0
805;USA;02:52.406;4.6;34.0;NED;02:50.687;4.7;35.0;GBR;02:47.523;4.8;35.0;NZL;02:47.714;4.8;35.0;CAN;02:56.786;4.4;36.0;FRA;02:50.369;4.7;36.0
810;USA;02:53.486;4.6;34.0;NED;02:51.782;4.7;35.0;GBR;02:48.615;4.8;35.0;NZL;02:48.665;4.8;35.0;CAN;02:57.821;4.4;36.0;FRA;02:51.511;4.6;36.0
815;USA;02:54.524;4.6;34.0;NED;02:52.781;4.7;36.0;GBR;02:49.703;4.8;35.0;NZL;02:49.816;4.7;35.0;CAN;02:59.031;4.4;36.0;FRA;02:52.622;4.6;36.0
820;USA;02:55.679;4.6;34.0;NED;02:53.926;4.7;36.0;GBR;02:50.652;4.8;35.0;NZL;02:50.903;4.7;35.0;CAN;03:00.161;4.4;36.0;FRA;02:53.594;4.6;36.0
825;USA;02:56.670;4.6;34.0;NED;02:54.989;4.6;36.0;GBR;02:51.809;4.7;35.0;NZL;02:51.877;4.7;35.0;CAN;03:01.186;4.4;36.0;FRA;02:54.751;4.6;36.0
830;USA;02:57.827;4.6;34.0;NED;02:56.018;4.6;36.0;GBR;02:52.888;4.7;35.0;NZL;02:53.033;4.7;35.0;CAN;03:02.389;4.5;36.0;FRA;02:55.855;4.6;36.0
835;USA;02:58.963;4.6;34.0;NED;02:57.154;4.6;36.0;GBR;02:53.874;4.7;35.0;NZL;02:54.045;4.7;35.0;CAN;03:03.523;4.5;36.0;FRA;02:56.830;4.6;36.0
840;USA;02:59.961;4.6;34.0;NED;02:58.145;4.7;35.0;GBR;02:55.021;4.7;35.0;NZL;02:55.107;4.7;35.0;CAN;03:04.548;4.5;36.0;FRA;02:57.987;4.6;36.0
845;USA;03:01.154;4.6;34.0;NED;02:59.265;4.7;35.0;GBR;02:56.025;4.7;35.0;NZL;02:56.218;4.7;35.0;CAN;03:05.764;4.5;36.0;FRA;02:59.078;4.6;36.0
850;USA;03:02.261;4.5;34.0;NED;03:00.388;4.7;35.0;GBR;02:57.104;4.7;35.0;NZL;02:57.166;4.7;35.0;CAN;03:06.896;4.4;36.0;FRA;03:00.067;4.6;36.0
855;USA;03:03.295;4.5;34.0;NED;03:01.371;4.6;35.0;GBR;02:58.217;4.7;35.0;NZL;02:58.304;4.8;35.0;CAN;03:07.933;4.4;36.0;FRA;03:01.228;4.6;36.0
860;USA;03:04.464;4.5;34.0;NED;03:02.535;4.6;35.0;GBR;02:59.171;4.7;35.0;NZL;02:59.374;4.8;35.0;CAN;03:09.156;4.4;36.0;FRA;03:02.293;4.6;36.0
865;USA;03:05.499;4.5;34.0;NED;03:03.625;4.6;35.0;GBR;03:00.328;4.7;35.0;NZL;03:00.354;4.8;35.0;CAN;03:10.320;4.4;36.0;FRA;03:03.316;4.6;36.0
870;USA;03:06.635;4.6;34.0;NED;03:04.628;4.6;35.0;GBR;03:01.397;4.7;35.0;NZL;03:01.492;4.7;35.0;CAN;03:11.366;4.4;36.0;FRA;03:04.460;4.6;36.0
875;USA;03:07.781;4.6;34.0;NED;03:05.784;4.6;35.0;GBR;03:02.388;4.7;35.0;NZL;03:02.485;4.7;35.0;CAN;03:12.584;4.4;35.0;FRA;03:05.486;4.6;36.0
880;USA;03:08.778;4.5;34.0;NED;03:06.829;4.6;35.0;GBR;03:03.534;4.7;35.0;NZL;03:03.570;4.7;35.0;CAN;03:13.742;4.4;35.0;FRA;03:06.554;4.7;36.0
885;USA;03:09.972;4.5;34.0;NED;03:07.917;4.6;35.0;GBR;03:04.542;4.7;35.0;NZL;03:04.686;4.7;35.0;CAN;03:14.773;4.4;35.0;FRA;03:07.683;4.7;36.0
890;USA;03:11.101;4.5;34.0;NED;03:09.072;4.6;35.0;GBR;03:05.629;4.7;35.0;NZL;03:05.635;4.7;35.0;CAN;03:15.993;4.4;35.0;FRA;03:08.659;4.7;36.0
895;USA;03:12.136;4.5;34.0;NED;03:10.073;4.6;35.0;GBR;03:06.763;4.7;35.0;NZL;03:06.786;4.7;35.0;CAN;03:17.155;4.4;35.0;FRA;03:09.785;4.7;36.0
900;USA;03:13.318;4.5;34.0;NED;03:11.258;4.5;35.0;GBR;03:07.725;4.7;35.0;NZL;03:07.860;4.7;35.0;CAN;03:18.176;4.4;35.0;FRA;03:10.903;4.7;36.0
905;USA;03:14.378;4.5;34.0;NED;03:12.422;4.5;35.0;GBR;03:08.902;4.6;35.0;NZL;03:08.870;4.7;35.0;CAN;03:19.379;4.4;35.0;FRA;03:11.862;4.7;36.0
910;USA;03:15.487;4.5;34.0;NED;03:13.454;4.4;35.0;GBR;03:10.005;4.6;35.0;NZL;03:09.965;4.7;35.0;CAN;03:20.534;4.4;35.0;FRA;03:13.019;4.7;36.0
915;USA;03:16.634;4.5;34.0;NED;03:14.635;4.4;35.0;GBR;03:10.993;4.6;35.0;NZL;03:10.941;4.8;35.0;CAN;03:21.554;4.4;35.0;FRA;03:14.121;4.7;36.0
920;USA;03:17.623;4.6;34.0;NED;03:15.770;4.4;35.0;GBR;03:12.164;4.6;35.0;NZL;03:12.026;4.8;35.0;CAN;03:22.755;4.4;35.0;FRA;03:15.090;4.7;36.0
925;USA;03:18.803;4.6;34.0;NED;03:16.788;4.5;35.0;GBR;03:13.225;4.6;35.0;NZL;03:13.122;4.8;35.0;CAN;03:23.914;4.4;36.0;FRA;03:16.252;4.6;36.0
930;USA;03:19.918;4.6;34.0;NED;03:17.970;4.5;35.0;GBR;03:14.263;4.6;35.0;NZL;03:14.059;4.8;35.0;CAN;03:24.934;4.4;36.0;FRA;03:17.333;4.6;36.0
935;USA;03:20.935;4.6;34.0;NED;03:19.059;4.5;35.0;GBR;03:15.406;4.6;35.0;NZL;03:15.205;4.8;35.0;CAN;03:26.159;4.4;36.0;FRA;03:18.334;4.7;36.0
940;USA;03:22.100;4.6;34.0;NED;03:20.100;4.6;35.0;GBR;03:16.405;4.6;35.0;NZL;03:16.246;4.8;35.0;CAN;03:27.330;4.4;36.0;FRA;03:19.493;4.6;36.0
945;USA;03:23.135;4.6;34.0;NED;03:21.269;4.6;35.0;GBR;03:17.520;4.6;35.0;NZL;03:17.243;4.8;35.0;CAN;03:28.365;4.4;36.0;FRA;03:20.555;4.6;36.0
950;USA;03:24.239;4.6;34.0;NED;03:22.277;4.6;35.0;GBR;03:18.630;4.6;35.0;NZL;03:18.360;4.8;35.0;CAN;03:29.563;4.4;36.0;FRA;03:21.616;4.6;36.0
955;USA;03:25.373;4.6;34.0;NED;03:23.368;4.6;35.0;GBR;03:19.588;4.7;35.0;NZL;03:19.314;4.8;35.0;CAN;03:30.744;4.4;36.0;FRA;03:22.740;4.6;36.0
960;USA;03:26.361;4.6;34.0;NED;03:24.498;4.6;35.0;GBR;03:20.746;4.7;35.0;NZL;03:20.419;4.8;36.0;CAN;03:31.782;4.4;36.0;FRA;03:23.773;4.6;36.0
965;USA;03:27.551;4.6;34.0;NED;03:25.470;4.6;35.0;GBR;03:21.808;4.7;35.0;NZL;03:21.498;4.8;36.0;CAN;03:32.986;4.4;35.0;FRA;03:24.841;4.6;36.0
970;USA;03:28.698;4.5;34.0;NED;03:26.631;4.6;35.0;GBR;03:22.811;4.7;35.0;NZL;03:22.443;4.8;36.0;CAN;03:34.180;4.4;35.0;FRA;03:25.980;4.6;36.0
975;USA;03:29.738;4.5;34.0;NED;03:27.769;4.6;35.0;GBR;03:23.956;4.7;35.0;NZL;03:23.588;4.8;36.0;CAN;03:35.249;4.4;35.0;FRA;03:26.986;4.6;36.0
980;USA;03:30.929;4.4;34.0;NED;03:28.791;4.6;35.0;GBR;03:24.959;4.7;35.0;NZL;03:24.630;4.8;36.0;CAN;03:36.413;4.3;35.0;FRA;03:28.097;4.6;36.0
985;USA;03:32.023;4.4;34.0;NED;03:29.985;4.5;35.0;GBR;03:26.084;4.7;35.0;NZL;03:25.706;4.7;36.0;CAN;03:37.610;4.4;35.0;FRA;03:29.233;4.6;36.0
990;USA;03:33.117;4.4;34.0;NED;03:31.126;4.4;35.0;GBR;03:27.230;4.6;35.0;NZL;03:26.827;4.7;36.0;CAN;03:38.684;4.4;35.0;FRA;03:30.238;4.6;36.0
995;USA;03:34.286;4.5;34.0;NED;03:32.149;4.4;35.0;GBR;03:28.210;4.6;35.0;NZL;03:27.819;4.6;36.0;CAN;03:39.811;4.4;36.0;FRA;03:31.372;4.6;36.0
1000;USA;03:35.302;4.5;34.0;NED;03:33.336;4.5;35.0;GBR;03:29.381;4.6;35.0;NZL;03:28.933;4.6;36.0;CAN;03:40.993;4.4;36.0;FRA;03:32.516;4.6;36.0
1005;USA;03:36.487;4.5;34.0;NED;03:34.412;4.5;35.0;GBR;03:30.488;4.6;35.0;NZL;03:30.036;4.6;35.0;CAN;03:42.063;4.4;36.0;FRA;03:33.494;4.6;36.0
1010;USA;03:37.631;4.5;34.0;NED;03:35.491;4.5;35.0;GBR;03:31.509;4.6;35.0;NZL;03:31.006;4.7;35.0;CAN;03:43.176;4.4;36.0;FRA;03:34.659;4.6;36.0
1015;USA;03:38.627;4.5;34.0;NED;03:36.668;4.5;35.0;GBR;03:32.641;4.6;35.0;NZL;03:32.176;4.7;35.0;CAN;03:44.357;4.5;36.0;FRA;03:35.798;4.6;36.0
1020;USA;03:39.817;4.5;34.0;NED;03:37.739;4.5;35.0;GBR;03:33.700;4.6;35.0;NZL;03:33.234;4.7;35.0;CAN;03:45.421;4.5;36.0;FRA;03:36.798;4.6;36.0
1025;USA;03:40.925;4.5;34.0;NED;03:38.826;4.5;35.0;GBR;03:34.746;4.6;35.0;NZL;03:34.271;4.7;35.0;CAN;03:46.535;4.5;36.0;FRA;03:37.992;4.6;36.0
1030;USA;03:41.964;4.6;34.0;NED;03:39.991;4.5;35.0;GBR;03:35.904;4.6;35.0;NZL;03:35.429;4.6;35.0;CAN;03:47.729;4.5;36.0;FRA;03:39.126;4.5;36.0
1035;USA;03:43.135;4.5;34.0;NED;03:41.034;4.5;35.0;GBR;03:36.914;4.6;35.0;NZL;03:36.432;4.6;35.0;CAN;03:48.814;4.4;36.0;FRA;03:40.124;4.5;36.0
1040;USA;03:44.190;4.5;34.0;NED;03:42.162;4.5;35.0;GBR;03:38.063;4.6;35.0;NZL;03:37.567;4.6;35.0;CAN;03:49.925;4.4;36.0;FRA;03:41.309;4.5;36.0
1045;USA;03:45.295;4.5;34.0;NED;03:43.331;4.5;35.0;GBR;03:39.225;4.5;35.0;NZL;03:38.703;4.6;35.0;CAN;03:51.127;4.4;36.0;FRA;03:42.453;4.5;36.0
1050;USA;03:46.435;4.6;34.0;NED;03:44.354;4.5;35.0;GBR;03:40.215;4.5;35.0;NZL;03:39.674;4.6;35.0;CAN;03:52.217;4.4;36.0;FRA;03:43.454;4.5;36.0
1055;USA;03:47.422;4.6;34.0;NED;03:45.515;4.5;35.0;GBR;03:41.398;4.5;35.0;NZL;03:40.870;4.6;35.0;CAN;03:53.325;4.4;36.0;FRA;03:44.661;4.5;36.0
1060;USA;03:48.587;4.6;34.0;NED;03:46.657;4.5;35.0;GBR;03:42.532;4.5;35.0;NZL;03:41.969;4.6;35.0;CAN;03:54.530;4.4;36.0;FRA;03:45.807;4.5;36.0
1065;USA;03:49.691;4.6;34.0;NED;03:47.652;4.5;35.0;GBR;03:43.510;4.5;35.0;NZL;03:42.980;4.6;35.0;CAN;03:55.640;4.4;35.0;FRA;03:46.811;4.5;36.0
1070;USA;03:50.680;4.6;34.0;NED;03:48.829;4.6;35.0;GBR;03:44.693;4.6;35.0;NZL;03:44.145;4.6;35.0;CAN;03:56.741;4.4;35.0;FRA;03:47.996;4.5;36.0
1075;USA;03:51.838;4.6;34.0;NED;03:49.919;4.6;35.0;GBR;03:45.768;4.6;35.0;NZL;03:45.134;4.6;35.0;CAN;03:57.951;4.4;35.0;FRA;03:49.138;4.5;36.0
1080;USA;03:52.883;4.6;34.0;NED;03:50.904;4.6;35.0;GBR;03:46.794;4.6;35.0;NZL;03:46.257;4.6;35.0;CAN;03:59.080;4.4;35.0;FRA;03:50.132;4.5;36.0
1085;USA;03:53.956;4.6;35.0;NED;03:52.060;4.6;35.0;GBR;03:47.956;4.6;35.0;NZL;03:47.379;4.6;35.0;CAN;04:00.149;4.4;35.0;FRA;03:51.320;4.5;36.0
1090;USA;03:55.095;4.6;35.0;NED;03:53.126;4.7;35.0;GBR;03:48.971;4.6;35.0;NZL;03:48.341;4.7;35.0;CAN;04:01.362;4.4;36.0;FRA;03:52.455;4.5;36.0
1095;USA;03:56.076;4.6;35.0;NED;03:54.160;4.6;35.0;GBR;03:50.080;4.6;35.0;NZL;03:49.506;4.7;35.0;CAN;04:02.489;4.4;36.0;FRA;03:53.441;4.5;36.0
1100;USA;03:57.244;4.6;35.0;NED;03:55.305;4.6;35.0;GBR;03:51.222;4.6;35.0;NZL;03:50.593;4.7;35.0;CAN;04:03.545;4.4;36.0;FRA;03:54.636;4.6;36.0
1105;USA;03:58.361;4.6;35.0;NED;03:56.324;4.6;35.0;GBR;03:52.200;4.6;35.0;NZL;03:51.593;4.6;35.0;CAN;04:04.757;4.4;36.0;FRA;03:55.737;4.6;36.0
1110;USA;03:59.348;4.6;35.0;NED;03:57.424;4.6;35.0;GBR;03:53.352;4.6;35.0;NZL;03:52.750;4.6;35.0;CAN;04:05.889;4.4;36.0;FRA;03:56.725;4.6;36.0
1115;USA;04:00.513;4.6;35.0;NED;03:58.566;4.6;35.0;GBR;03:54.460;4.6;35.0;NZL;03:53.756;4.6;35.0;CAN;04:06.948;4.4;36.0;FRA;03:57.906;4.6;36.0
1120;USA;04:01.587;4.6;35.0;NED;03:59.556;4.6;35.0;GBR;03:55.430;4.6;35.0;NZL;03:54.856;4.6;35.0;CAN;04:08.176;4.4;35.0;FRA;03:59.024;4.6;36.0
1125;USA;04:02.634;4.6;35.0;NED;04:00.720;4.6;35.0;GBR;03:56.595;4.7;35.0;NZL;03:55.980;4.7;35.0;CAN;04:09.311;4.4;35.0;FRA;04:00.034;4.6;36.0
1130;USA;04:03.778;4.6;35.0;NED;04:01.863;4.6;35.0;GBR;03:57.663;4.7;35.0;NZL;03:56.952;4.7;35.0;CAN;04:10.365;4.4;35.0;FRA;04:01.228;4.5;36.0
1135;USA;04:04.776;4.6;35.0;NED;04:02.853;4.6;35.0;GBR;03:58.706;4.6;35.0;NZL;03:58.126;4.6;35.0;CAN;04:11.590;4.4;35.0;FRA;04:02.348;4.5;36.0
1140;USA;04:05.918;4.6;35.0;NED;04:04.031;4.5;35.0;GBR;03:59.863;4.6;35.0;NZL;03:59.218;4.6;35.0;CAN;04:12.746;4.4;35.0;FRA;04:03.368;4.5;36.0
1145;USA;04:07.032;4.6;35.0;NED;04:05.135;4.5;35.0;GBR;04:00.839;4.6;35.0;NZL;04:00.221;4.6;35.0;CAN;04:13.793;4.4;35.0;FRA;04:04.561;4.5;36.0
1150;USA;04:08.010;4.6;35.0;NED;04:06.152;4.6;35.0;GBR;04:01.994;4.6;35.0;NZL;04:01.385;4.6;35.0;CAN;04:15.029;4.4;35.0;FRA;04:05.678;4.5;36.0
1155;USA;04:09.174;4.6;35.0;NED;04:07.311;4.6;35.0;GBR;04:03.116;4.6;35.0;NZL;04:02.406;4.6;35.0;CAN;04:16.194;4.4;35.0;FRA;04:06.700;4.5;36.0
1160;USA;04:10.252;4.6;35.0;NED;04:08.360;4.6;35.0;GBR;04:04.071;4.6;35.0;NZL;04:03.497;4.6;35.0;CAN;04:17.231;4.4;35.0;FRA;04:07.888;4.5;36.0
1165;USA;04:11.257;4.6;35.0;NED;04:09.404;4.6;35.0;GBR;04:05.241;4.6;35.0;NZL;04:04.615;4.6;35.0;CAN;04:18.472;4.4;35.0;FRA;04:08.989;4.5;36.0
1170;USA;04:12.388;4.7;35.0;NED;04:10.522;4.7;35.0;GBR;04:06.319;4.7;35.0;NZL;04:05.568;4.7;35.0;CAN;04:19.652;4.4;35.0;FRA;04:10.032;4.5;36.0
1175;USA;04:13.375;4.7;35.0;NED;04:11.474;4.7;35.0;GBR;04:07.318;4.7;35.0;NZL;04:06.721;4.7;35.0;CAN;04:20.697;4.3;35.0;FRA;04:11.228;4.5;36.0
1180;USA;04:14.493;4.7;35.0;NED;04:12.596;4.8;35.0;GBR;04:08.468;4.7;35.0;NZL;04:07.773;4.7;35.0;CAN;04:21.948;4.3;35.0;FRA;04:12.326;4.5;36.0
1185;USA;04:15.596;4.7;35.0;NED;04:13.676;4.8;35.0;GBR;04:09.467;4.7;35.0;NZL;04:08.778;4.7;35.0;CAN;04:23.142;4.3;35.0;FRA;04:13.377;4.5;36.0
1190;USA;04:16.572;4.7;35.0;NED;04:14.643;4.8;35.0;GBR;04:10.557;4.7;35.0;NZL;04:09.912;4.7;35.0;CAN;04:24.177;4.3;35.0;FRA;04:14.557;4.5;36.0
1195;USA;04:17.735;4.7;35.0;NED;04:15.795;4.8;35.0;GBR;04:11.673;4.7;35.0;NZL;04:10.874;4.7;35.0;CAN;04:25.401;4.3;35.0;FRA;04:15.641;4.5;36.0
1200;USA;04:18.822;4.6;35.0;NED;04:16.857;4.7;35.0;GBR;04:12.627;4.7;35.0;NZL;04:12.006;4.7;35.0;CAN;04:26.593;4.3;35.0;FRA;04:16.681;4.5;36.0
1205;USA;04:19.854;4.6;35.0;NED;04:17.907;4.7;35.0;GBR;04:13.792;4.7;35.0;NZL;04:13.099;4.7;35.0;CAN;04:27.650;4.4;35.0;FRA;04:17.856;4.6;36.0
1210;USA;04:21.025;4.6;35.0;NED;04:19.069;4.6;35.0;GBR;04:14.884;4.7;35.0;NZL;04:14.063;4.7;35.0;CAN;04:28.837;4.4;35.0;FRA;04:18.928;4.6;36.0
1215;USA;04:22.015;4.6;35.0;NED;04:20.128;4.6;35.0;GBR;04:15.891;4.6;35.0;NZL;04:15.234;4.7;35.0;CAN;04:30.032;4.4;35.0;FRA;04:20.003;4.6;36.0
1220;USA;04:23.190;4.5;35.0;NED;04:21.230;4.5;35.0;GBR;04:17.063;4.6;35.0;NZL;04:16.291;4.7;35.0;CAN;04:31.102;4.4;35.0;FRA;04:21.177;4.5;36.0
1225;USA;04:24.346;4.5;35.0;NED;04:22.391;4.5;35.0;GBR;04:18.100;4.6;35.0;NZL;04:17.348;4.6;35.0;CAN;04:32.270;4.4;35.0;FRA;04:22.192;4.5;36.0
1230;USA;04:25.358;4.5;35.0;NED;04:23.425;4.5;35.0;GBR;04:19.184;4.6;35.0;NZL;04:18.497;4.6;35.0;CAN;04:33.459;4.4;35.0;FRA;04:23.322;4.5;36.0
1235;USA;04:26.525;4.5;35.0;NED;04:24.562;4.5;35.0;GBR;04:20.327;4.6;35.0;NZL;04:19.464;4.6;35.0;CAN;04:34.519;4.4;35.0;FRA;04:24.477;4.5;36.0
1240;USA;04:27.664;4.5;35.0;NED;04:25.721;4.5;35.0;GBR;04:21.292;4.6;35.0;NZL;04:20.628;4.6;35.0;CAN;04:35.672;4.4;35.0;FRA;04:25.499;4.6;36.0
1245;USA;04:28.659;4.5;35.0;NED;04:26.729;4.5;35.0;GBR;04:22.459;4.6;35.0;NZL;04:21.728;4.6;35.0;CAN;04:36.855;4.4;35.0;FRA;04:26.617;4.6;36.0
1250;USA;04:29.850;4.5;35.0;NED;04:27.843;4.5;36.0;GBR;04:23.564;4.6;35.0;NZL;04:22.706;4.6;35.0;CAN;04:37.912;4.4;35.0;FRA;04:27.761;4.6;36.0
1255;USA;04:30.974;4.5;35.0;NED;04:28.967;4.6;36.0;GBR;04:24.547;4.6;35.0;NZL;04:23.876;4.7;35.0;CAN;04:39.065;4.4;35.0;FRA;04:28.765;4.6;36.0
1260;USA;04:31.981;4.5;35.0;NED;04:29.925;4.7;36.0;GBR;04:25.713;4.6;35.0;NZL;04:24.890;4.7;35.0;CAN;04:40.244;4.4;35.0;FRA;04:29.905;4.6;36.0
1265;USA;04:33.161;4.5;35.0;NED;04:31.047;4.7;36.0;GBR;04:26.766;4.6;35.0;NZL;04:25.970;4.7;35.0;CAN;04:41.295;4.4;35.0;FRA;04:31.048;4.6;36.0
1270;USA;04:34.254;4.6;35.0;NED;04:32.147;4.8;37.0;GBR;04:27.808;4.6;35.0;NZL;04:27.107;4.7;35.0;CAN;04:42.487;4.4;35.0;FRA;04:32.035;4.6;36.0
1275;USA;04:35.295;4.6;35.0;NED;04:33.114;4.7;37.0;GBR;04:28.960;4.6;35.0;NZL;04:28.066;4.6;35.0;CAN;04:43.646;4.4;35.0;FRA;04:33.194;4.6;36.0
1280;USA;04:36.463;4.6;35.0;NED;04:34.267;4.7;37.0;GBR;04:29.950;4.6;35.0;NZL;04:29.233;4.6;35.0;CAN;04:44.708;4.4;35.0;FRA;04:34.321;4.6;36.0
1285;USA;04:37.531;4.6;35.0;NED;04:35.361;4.7;36.0;GBR;04:31.084;4.6;35.0;NZL;04:30.320;4.6;35.0;CAN;04:45.867;4.4;35.0;FRA;04:35.295;4.6;36.0
1290;USA;04:38.620;4.6;35.0;NED;04:36.366;4.6;36.0;GBR;04:32.206;4.6;35.0;NZL;04:31.314;4.6;35.0;CAN;04:47.061;4.4;35.0;FRA;04:36.450;4.6;36.0
1295;USA;04:39.779;4.5;35.0;NED;04:37.540;4.6;36.0;GBR;04:33.178;4.6;35.0;NZL;04:32.459;4.7;35.0;CAN;04:48.129;4.4;35.0;FRA;04:37.552;4.6;36.0
1300;USA;04:40.792;4.5;35.0;NED;04:38.630;4.6;36.0;GBR;04:34.352;4.6;35.0;NZL;04:33.460;4.7;35.0;CAN;04:49.278;4.4;35.0;FRA;04:38.516;4.6;36.0
1305;USA;04:41.937;4.5;35.0;NED;04:39.657;4.6;36.0;GBR;04:35.459;4.6;35.0;NZL;04:34.552;4.7;35.0;CAN;04:50.472;4.4;35.0;FRA;04:39.674;4.7;36.0
1310;USA;04:43.066;4.6;35.0;NED;04:40.811;4.6;36.0;GBR;04:36.505;4.6;35.0;NZL;04:35.682;4.7;35.0;CAN;04:51.549;4.4;35.0;FRA;04:40.778;4.7;37.0
1315;USA;04:44.039;4.6;35.0;NED;04:41.855;4.6;36.0;GBR;04:37.653;4.6;35.0;NZL;04:36.654;4.7;35.0;CAN;04:52.680;4.4;35.0;FRA;04:41.760;4.7;37.0
1320;USA;04:45.209;4.6;35.0;NED;04:42.924;4.6;36.0;GBR;04:38.721;4.6;35.0;NZL;04:37.848;4.6;35.0;CAN;04:53.871;4.4;35.0;FRA;04:42.926;4.6;37.0
1325;USA;04:46.298;4.6;35.0;NED;04:44.059;4.6;36.0;GBR;04:39.778;4.6;35.0;NZL;04:38.954;4.6;35.0;CAN;04:54.953;4.4;35.0;FRA;04:44.016;4.6;37.0
1330;USA;04:47.314;4.6;35.0;NED;04:45.050;4.6;36.0;GBR;04:40.937;4.6;35.0;NZL;04:39.948;4.6;35.0;CAN;04:56.064;4.4;35.0;FRA;04:45.005;4.6;37.0
1335;USA;04:48.473;4.6;35.0;NED;04:46.164;4.6;36.0;GBR;04:41.939;4.6;35.0;NZL;04:41.131;4.6;35.0;CAN;04:57.251;4.4;35.0;FRA;04:46.164;4.6;37.0
1340;USA;04:49.515;4.6;35.0;NED;04:47.284;4.6;36.0;GBR;04:43.061;4.6;35.0;NZL;04:42.204;4.6;35.0;CAN;04:58.324;4.4;35.0;FRA;04:47.241;4.6;36.0
1345;USA;04:50.608;4.6;35.0;NED;04:48.249;4.7;36.0;GBR;04:44.190;4.6;35.0;NZL;04:43.245;4.6;35.0;CAN;04:59.440;4.4;36.0;FRA;04:48.237;4.6;36.0
1350;USA;04:51.746;4.6;35.0;NED;04:49.407;4.7;36.0;GBR;04:45.161;4.6;35.0;NZL;04:44.404;4.6;35.0;CAN;05:00.623;4.4;36.0;FRA;04:49.382;4.7;36.0
1355;USA;04:52.735;4.6;35.0;NED;04:50.502;4.7;36.0;GBR;04:46.317;4.6;35.0;NZL;04:45.403;4.6;35.0;CAN;05:01.687;4.4;36.0;FRA;04:50.422;4.7;36.0
1360;USA;04:53.905;4.6;35.0;NED;04:51.488;4.6;36.0;GBR;04:47.404;4.6;35.0;NZL;04:46.531;4.6;35.0;CAN;05:02.817;4.4;35.0;FRA;04:51.462;4.7;36.0
1365;USA;04:55.028;4.6;35.0;NED;04:52.641;4.6;36.0;GBR;04:48.389;4.7;35.0;NZL;04:47.663;4.6;35.0;CAN;05:04.004;4.4;35.0;FRA;04:52.601;4.7;36.0
1370;USA;04:56.024;4.6;35.0;NED;04:53.694;4.7;36.0;GBR;04:49.543;4.7;35.0;NZL;04:48.634;4.6;35.0;CAN;05:05.063;4.4;35.0;FRA;04:53.609;4.7;36.0
1375;USA;04:57.216;4.6;35.0;NED;04:54.750;4.6;36.0;GBR;04:50.564;4.7;35.0;NZL;04:49.811;4.6;35.0;CAN;05:06.211;4.4;35.0;FRA;04:54.697;4.7;36.0
1380;USA;04:58.335;4.5;35.0;NED;04:55.902;4.6;36.0;GBR;04:51.633;4.7;35.0;NZL;04:50.902;4.6;35.0;CAN;05:07.411;4.4;35.0;FRA;04:55.824;4.7;36.0
1385;USA;04:59.361;4.5;35.0;NED;04:56.915;4.6;36.0;GBR;04:52.763;4.7;35.0;NZL;04:51.904;4.6;35.0;CAN;05:08.508;4.4;35.0;FRA;04:56.815;4.7;36.0
1390;USA;05:00.540;4.5;35.0;NED;04:58.059;4.6;35.0;GBR;04:53.730;4.7;35.0;NZL;04:53.071;4.6;35.0;CAN;05:09.658;4.4;35.0;FRA;04:57.956;4.6;36.0
1395;USA;05:01.626;4.5;35.0;NED;04:59.228;4.5;35.0;GBR;04:54.893;4.7;35.0;NZL;04:54.113;4.6;35.0;CAN;05:10.890;4.3;35.0;FRA;04:59.107;4.6;36.0
1400;USA;05:02.696;4.5;35.0;NED;05:00.307;4.5;35.0;GBR;04:56.014;4.6;35.0;NZL;04:55.212;4.6;35.0;CAN;05:12.028;4.3;35.0;FRA;05:00.113;4.6;36.0
1405;USA;05:03.858;4.5;35.0;NED;05:01.423;4.4;35.0;GBR;04:57.010;4.6;35.0;NZL;04:56.338;4.6;35.0;CAN;05:13.151;4.3;35.0;FRA;05:01.292;4.5;36.0
1410;USA;05:04.895;4.5;35.0;NED;05:02.586;4.4;35.0;GBR;04:58.209;4.6;35.0;NZL;04:57.341;4.6;35.0;CAN;05:14.401;4.3;35.0;FRA;05:02.454;4.5;36.0
1415;USA;05:06.005;4.5;35.0;NED;05:03.600;4.5;35.0;GBR;04:59.328;4.5;35.0;NZL;04:58.471;4.6;35.0;CAN;05:15.568;4.3;35.0;FRA;05:03.467;4.5;36.0
1420;USA;05:07.148;4.6;35.0;NED;05:04.781;4.5;35.0;GBR;05:00.356;4.5;35.0;NZL;04:59.610;4.6;36.0;CAN;05:16.664;4.3;35.0;FRA;05:04.650;4.5;36.0
1425;USA;05:08.147;4.6;35.0;NED;05:05.940;4.5;35.0;GBR;05:01.561;4.5;35.0;NZL;05:00.598;4.6;36.0;CAN;05:17.930;4.3;35.0;FRA;05:05.815;4.5;36.0
1430;USA;05:09.309;4.6;35.0;NED;05:06.948;4.5;35.0;GBR;05:02.684;4.5;35.0;NZL;05:01.765;4.6;36.0;CAN;05:19.125;4.2;35.0;FRA;05:06.838;4.5;36.0
1435;USA;05:10.436;4.6;35.0;NED;05:08.126;4.5;35.0;GBR;05:03.722;4.5;35.0;NZL;05:02.899;4.6;36.0;CAN;05:20.196;4.2;35.0;FRA;05:08.032;4.4;36.0
1440;USA;05:11.418;4.6;35.0;NED;05:09.264;4.5;35.0;GBR;05:04.924;4.5;35.0;NZL;05:03.878;4.6;36.0;CAN;05:21.466;4.2;35.0;FRA;05:09.211;4.4;36.0
1445;USA;05:12.588;4.6;35.0;NED;05:10.256;4.5;35.0;GBR;05:06.027;4.5;35.0;NZL;05:05.072;4.6;36.0;CAN;05:22.677;4.2;35.0;FRA;05:10.229;4.4;36.0
1450;USA;05:13.682;4.6;35.0;NED;05:11.434;4.6;35.0;GBR;05:07.083;4.5;35.0;NZL;05:06.191;4.6;36.0;CAN;05:23.741;4.2;35.0;FRA;05:11.427;4.4;36.0
1455;USA;05:14.673;4.6;35.0;NED;05:12.548;4.6;35.0;GBR;05:08.270;4.5;35.0;NZL;05:07.181;4.6;36.0;CAN;05:25.001;4.2;35.0;FRA;05:12.610;4.4;36.0
1460;USA;05:15.827;4.7;35.0;NED;05:13.552;4.6;35.0;GBR;05:09.323;4.5;35.0;NZL;05:08.364;4.6;36.0;CAN;05:26.200;4.2;35.0;FRA;05:13.655;4.4;36.0
1465;USA;05:16.856;4.7;35.0;NED;05:14.716;4.6;35.0;GBR;05:10.406;4.5;35.0;NZL;05:09.463;4.6;36.0;CAN;05:27.257;4.3;34.0;FRA;05:14.781;4.4;36.0
1470;USA;05:17.920;4.7;35.0;NED;05:15.781;4.6;35.0;GBR;05:11.565;4.6;35.0;NZL;05:10.461;4.6;36.0;CAN;05:28.502;4.3;34.0;FRA;05:15.941;4.5;36.0
1475;USA;05:19.045;4.7;35.0;NED;05:16.812;4.6;35.0;GBR;05:12.543;4.6;35.0;NZL;05:11.632;4.6;36.0;CAN;05:29.704;4.3;34.0;FRA;05:16.964;4.5;36.0
1480;USA;05:20.027;4.7;35.0;NED;05:17.956;4.6;35.0;GBR;05:13.693;4.6;35.0;NZL;05:12.688;4.6;36.0;CAN;05:30.736;4.3;34.0;FRA;05:18.093;4.5;36.0
1485;USA;05:21.166;4.7;35.0;NED;05:18.975;4.6;36.0;GBR;05:14.825;4.6;35.0;NZL;05:13.735;4.6;36.0;CAN;05:31.950;4.3;34.0;FRA;05:19.239;4.6;36.0
1490;USA;05:22.268;4.6;36.0;NED;05:20.075;4.6;36.0;GBR;05:15.798;4.6;35.0;NZL;05:14.878;4.6;36.0;CAN;05:33.128;4.4;35.0;FRA;05:20.257;4.6;36.0
1495;USA;05:23.266;4.6;36.0;NED;05:21.226;4.6;36.0;GBR;05:16.965;4.6;35.0;NZL;05:15.894;4.6;36.0;CAN;05:34.148;4.4;35.0;FRA;05:21.379;4.6;36.0
1500;USA;05:24.433;4.6;36.0;NED;05:22.233;4.6;36.0;GBR;05:18.073;4.6;35.0;NZL;05:16.985;4.6;36.0;CAN;05:35.366;4.4;35.0;FRA;05:22.519;4.6;36.0
1505;USA;05:25.528;4.6;36.0;NED;05:23.387;4.6;36.0;GBR;05:19.054;4.6;35.0;NZL;05:18.118;4.6;36.0;CAN;05:36.544;4.4;35.0;FRA;05:23.511;4.6;36.0
1510;USA;05:26.508;4.6;36.0;NED;05:24.528;4.5;36.0;GBR;05:20.231;4.6;35.0;NZL;05:19.081;4.6;36.0;CAN;05:37.572;4.4;35.0;FRA;05:24.647;4.6;36.0
1515;USA;05:27.658;4.7;36.0;NED;05:25.516;4.5;35.0;GBR;05:21.308;4.6;35.0;NZL;05:20.233;4.6;36.0;CAN;05:38.811;4.4;35.0;FRA;05:25.773;4.6;36.0
1520;USA;05:28.690;4.7;36.0;NED;05:26.679;4.6;35.0;GBR;05:22.316;4.6;35.0;NZL;05:21.339;4.6;36.0;CAN;05:39.975;4.4;35.0;FRA;05:26.753;4.6;36.0
1525;USA;05:29.737;4.7;36.0;NED;05:27.788;4.6;35.0;GBR;05:23.472;4.6;35.0;NZL;05:22.295;4.7;36.0;CAN;05:41.024;4.4;35.0;FRA;05:27.898;4.6;36.0
1530;USA;05:30.864;4.7;36.0;NED;05:28.770;4.6;36.0;GBR;05:24.470;4.7;36.0;NZL;05:23.457;4.7;36.0;CAN;05:42.272;4.3;35.0;FRA;05:29.011;4.6;36.0
1535;USA;05:31.847;4.7;36.0;NED;05:29.921;4.6;36.0;GBR;05:25.533;4.7;36.0;NZL;05:24.525;4.7;36.0;CAN;05:43.464;4.3;35.0;FRA;05:29.989;4.6;36.0
1540;USA;05:32.977;4.7;36.0;NED;05:31.008;4.7;36.0;GBR;05:26.652;4.7;36.0;NZL;05:25.523;4.7;36.0;CAN;05:44.509;4.3;35.0;FRA;05:31.139;4.6;36.0
1545;USA;05:34.082;4.7;36.0;NED;05:32.001;4.7;36.0;GBR;05:27.618;4.7;36.0;NZL;05:26.676;4.7;36.0;CAN;05:45.757;4.3;35.0;FRA;05:32.243;4.6;36.0
1550;USA;05:35.037;4.7;36.0;NED;05:33.141;4.7;36.0;GBR;05:28.765;4.7;36.0;NZL;05:27.701;4.7;36.0;CAN;05:46.952;4.3;35.0;FRA;05:33.206;4.6;36.0
1555;USA;05:36.180;4.7;36.0;NED;05:34.175;4.7;36.0;GBR;05:29.853;4.7;36.0;NZL;05:28.766;4.7;36.0;CAN;05:48.010;4.3;35.0;FRA;05:34.354;4.7;36.0
1560;USA;05:37.221;4.7;36.0;NED;05:35.217;4.7;36.0;GBR;05:30.811;4.7;36.0;NZL;05:29.895;4.7;36.0;CAN;05:49.269;4.3;34.0;FRA;05:35.446;4.7;37.0
1565;USA;05:38.248;4.8;36.0;NED;05:36.339;4.7;36.0;GBR;05:31.963;4.7;36.0;NZL;05:30.868;4.7;36.0;CAN;05:50.469;4.3;34.0;FRA;05:36.425;4.7;37.0
1570;USA;05:39.344;4.8;36.0;NED;05:37.337;4.7;36.0;GBR;05:33.038;4.7;36.0;NZL;05:32.017;4.7;36.0;CAN;05:51.510;4.3;34.0;FRA;05:37.585;4.7;37.0
1575;USA;05:40.377;4.8;36.0;NED;05:38.422;4.7;36.0;GBR;05:34.027;4.7;36.0;NZL;05:33.137;4.6;36.0;CAN;05:52.753;4.3;34.0;FRA;05:38.677;4.6;37.0
1580;USA;05:41.395;4.8;36.0;NED;05:39.545;4.7;36.0;GBR;05:35.175;4.7;36.0;NZL;05:34.110;4.6;36.0;CAN;05:53.952;4.3;34.0;FRA;05:39.669;4.6;37.0
1585;USA;05:42.500;4.8;36.0;NED;05:40.532;4.7;36.0;GBR;05:36.184;4.7;36.0;NZL;05:35.284;4.6;36.0;CAN;05:55.008;4.3;34.0;FRA;05:40.838;4.6;37.0
1590;USA;05:43.483;4.8;36.0;NED;05:41.684;4.6;36.0;GBR;05:37.257;4.7;36.0;NZL;05:36.381;4.6;36.0;CAN;05:56.225;4.3;35.0;FRA;05:41.929;4.6;37.0
1595;USA;05:44.570;4.8;36.0;NED;05:42.784;4.6;36.0;GBR;05:38.395;4.7;36.0;NZL;05:37.366;4.6;36.0;CAN;05:57.415;4.3;35.0;FRA;05:42.937;4.6;37.0
1600;USA;05:45.672;4.8;36.0;NED;05:43.763;4.6;36.0;GBR;05:39.394;4.7;36.0;NZL;05:38.528;4.6;36.0;CAN;05:58.458;4.3;35.0;FRA;05:44.095;4.6;37.0
1605;USA;05:46.630;4.8;36.0;NED;05:44.913;4.6;36.0;GBR;05:40.484;4.7;36.0;NZL;05:39.594;4.6;36.0;CAN;05:59.689;4.3;35.0;FRA;05:45.159;4.6;37.0
1610;USA;05:47.761;4.7;36.0;NED;05:46.010;4.6;36.0;GBR;05:41.602;4.7;36.0;NZL;05:40.592;4.7;36.0;CAN;06:00.884;4.3;35.0;FRA;05:46.164;4.6;37.0
1615;USA;05:48.852;4.7;36.0;NED;05:46.999;4.6;36.0;GBR;05:42.560;4.7;36.0;NZL;05:41.739;4.7;36.0;CAN;06:01.920;4.3;35.0;FRA;05:47.304;4.7;37.0
1620;USA;05:49.807;4.7;36.0;NED;05:48.151;4.6;36.0;GBR;05:43.693;4.7;36.0;NZL;05:42.753;4.7;36.0;CAN;06:03.146;4.3;35.0;FRA;05:48.335;4.7;37.0
1625;USA;05:50.948;4.7;37.0;NED;05:49.239;4.6;36.0;GBR;05:44.786;4.7;36.0;NZL;05:43.791;4.7;36.0;CAN;06:04.352;4.3;35.0;FRA;05:49.367;4.7;37.0
1630;USA;05:52.016;4.7;37.0;NED;05:50.221;4.7;36.0;GBR;05:45.748;4.7;36.0;NZL;05:44.910;4.7;36.0;CAN;06:05.393;4.3;35.0;FRA;05:50.503;4.7;37.0
1635;USA;05:52.994;4.7;37.0;NED;05:51.362;4.7;36.0;GBR;05:46.904;4.7;36.0;NZL;05:45.881;4.8;36.0;CAN;06:06.630;4.3;35.0;FRA;05:51.554;4.7;37.0
1640;USA;05:54.124;4.7;37.0;NED;05:52.420;4.7;36.0;GBR;05:47.982;4.7;36.0;NZL;05:47.012;4.7;36.0;CAN;06:07.831;4.3;35.0;FRA;05:52.595;4.7;37.0
1645;USA;05:55.168;4.8;37.0;NED;05:53.427;4.7;36.0;GBR;05:48.983;4.7;36.0;NZL;05:48.137;4.7;36.0;CAN;06:08.873;4.3;35.0;FRA;05:53.744;4.6;37.0
1650;USA;05:56.204;4.8;37.0;NED;05:54.562;4.7;36.0;GBR;05:50.149;4.6;36.0;NZL;05:49.107;4.6;36.0;CAN;06:10.074;4.3;35.0;FRA;05:54.802;4.6;37.0
1655;USA;05:57.304;4.7;37.0;NED;05:55.565;4.7;36.0;GBR;05:51.216;4.6;36.0;NZL;05:50.268;4.6;36.0;CAN;06:11.251;4.4;35.0;FRA;05:55.835;4.6;37.0
1660;USA;05:58.332;4.7;37.0;NED;05:56.643;4.7;36.0;GBR;05:52.242;4.6;36.0;NZL;05:51.376;4.6;36.0;CAN;06:12.275;4.4;35.0;FRA;05:56.978;4.6;37.0
1665;USA;05:59.405;4.7;37.0;NED;05:57.770;4.7;36.0;GBR;05:53.390;4.6;36.0;NZL;05:52.338;4.6;36.0;CAN;06:13.479;4.4;35.0;FRA;05:58.019;4.6;37.0
1670;USA;06:00.488;4.7;37.0;NED;05:58.760;4.7;36.0;GBR;05:54.401;4.6;36.0;NZL;05:53.492;4.6;36.0;CAN;06:14.647;4.4;35.0;FRA;05:59.044;4.7;37.0
1675;USA;06:01.463;4.7;37.0;NED;05:59.844;4.7;36.0;GBR;05:55.466;4.7;36.0;NZL;05:54.552;4.7;36.0;CAN;06:15.669;4.4;35.0;FRA;06:00.172;4.7;37.0
1680;USA;06:02.553;4.8;37.0;NED;06:00.948;4.7;36.0;GBR;05:56.580;4.7;36.0;NZL;05:55.544;4.7;36.0;CAN;06:16.899;4.4;35.0;FRA;06:01.201;4.7;37.0
1685;USA;06:03.643;4.8;37.0;NED;06:01.908;4.7;36.0;GBR;05:57.531;4.7;36.0;NZL;05:56.680;4.7;36.0;CAN;06:18.074;4.4;35.0;FRA;06:02.219;4.7;37.0
1690;USA;06:04.593;4.8;37.0;NED;06:03.034;4.7;37.0;GBR;05:58.656;4.8;36.0;NZL;05:57.708;4.7;36.0;CAN;06:19.087;4.4;35.0;FRA;06:03.325;4.7;37.0
1695;USA;06:05.703;4.8;37.0;NED;06:04.127;4.7;37.0;GBR;05:59.744;4.8;36.0;NZL;05:58.741;4.7;36.0;CAN;06:20.312;4.4;35.0;FRA;06:04.330;4.8;37.0
1700;USA;06:06.773;4.8;37.0;NED;06:05.073;4.7;37.0;GBR;06:00.690;4.8;36.0;NZL;05:59.869;4.7;36.0;CAN;06:21.445;4.4;35.0;FRA;06:05.372;4.8;38.0
1705;USA;06:07.721;4.8;37.0;NED;06:06.207;4.7;37.0;GBR;06:01.840;4.8;36.0;NZL;06:00.855;4.7;36.0;CAN;06:22.481;4.4;35.0;FRA;06:06.458;4.8;38.0
1710;USA;06:08.850;4.8;37.0;NED;06:07.284;4.8;37.0;GBR;06:02.899;4.7;36.0;NZL;06:01.956;4.7;36.0;CAN;06:23.707;4.4;35.0;FRA;06:07.468;4.8;38.0
1715;USA;06:09.923;4.8;37.0;NED;06:08.251;4.8;37.0;GBR;06:03.923;4.8;36.0;NZL;06:03.068;4.7;36.0;CAN;06:24.862;4.4;35.0;FRA;06:08.492;4.8;38.0
1720;USA;06:10.879;4.8;37.0;NED;06:09.385;4.7;37.0;GBR;06:05.013;4.8;36.0;NZL;06:04.020;4.7;36.0;CAN;06:25.903;4.4;35.0;FRA;06:09.609;4.8;38.0
1725;USA;06:12.014;4.7;37.0;NED;06:10.435;4.7;37.0;GBR;06:06.024;4.8;36.0;NZL;06:05.167;4.7;36.0;CAN;06:27.134;4.4;35.0;FRA;06:10.608;4.8;38.0
1730;USA;06:13.084;4.8;37.0;NED;06:11.441;4.7;37.0;GBR;06:07.056;4.8;36.0;NZL;06:06.252;4.7;36.0;CAN;06:28.291;4.4;35.0;FRA;06:11.634;4.8;38.0
1735;USA;06:14.103;4.8;37.0;NED;06:12.573;4.7;37.0;GBR;06:08.173;4.8;36.0;NZL;06:07.219;4.7;36.0;CAN;06:29.341;4.4;35.0;FRA;06:12.744;4.8;38.0
1740;USA;06:15.210;4.7;37.0;NED;06:13.612;4.7;37.0;GBR;06:09.147;4.8;36.0;NZL;06:08.377;4.7;36.0;CAN;06:30.577;4.4;35.0;FRA;06:13.762;4.8;38.0
1745;USA;06:16.310;4.7;37.0;NED;06:14.668;4.7;37.0;GBR;06:10.259;4.8;36.0;NZL;06:09.459;4.7;36.0;CAN;06:31.743;4.3;35.0;FRA;06:14.789;4.8;38.0
1750;USA;06:17.334;4.6;37.0;NED;06:15.851;4.6;37.0;GBR;06:11.376;4.7;36.0;NZL;06:10.459;4.7;36.0;CAN;06:32.797;4.3;35.0;FRA;06:15.909;4.8;38.0
1755;USA;06:18.527;4.6;37.0;NED;06:16.952;4.6;37.0;GBR;06:12.341;4.7;36.0;NZL;06:11.621;4.6;36.0;CAN;06:34.036;4.3;35.0;FRA;06:16.933;4.8;38.0
1760;USA;06:19.629;4.5;37.0;NED;06:18.096;4.4;37.0;GBR;06:13.481;4.7;36.0;NZL;06:12.686;4.6;36.0;CAN;06:35.198;4.3;35.0;FRA;06:17.975;4.7;38.0
1765;USA;06:20.651;4.5;37.0;NED;06:19.288;4.3;37.0;GBR;06:14.609;4.6;37.0;NZL;06:13.698;4.6;36.0;CAN;06:36.252;4.3;35.0;FRA;06:19.115;4.7;38.0
1770;USA;06:21.824;4.5;37.0;NED;06:20.434;4.3;36.0;GBR;06:15.601;4.6;37.0;NZL;06:14.858;4.6;37.0;CAN;06:37.498;4.3;35.0;FRA;06:20.170;4.7;38.0
1775;USA;06:22.923;4.6;37.0;NED;06:21.504;4.4;36.0;GBR;06:16.777;4.6;37.0;NZL;06:15.918;4.6;37.0;CAN;06:38.665;4.3;35.0;FRA;06:21.171;4.7;38.0
1780;USA;06:23.887;4.6;37.0;NED;06:22.632;4.4;36.0;GBR;06:17.928;4.5;37.0;NZL;06:16.932;4.6;37.0;CAN;06:39.696;4.3;35.0;FRA;06:22.305;4.7;38.0
1785;USA;06:25.023;4.7;37.0;NED;06:23.720;4.5;36.0;GBR;06:18.932;4.5;37.0;NZL;06:18.089;4.6;37.0;CAN;06:40.914;4.4;35.0;FRA;06:23.356;4.7;38.0
1790;USA;06:26.078;4.7;37.0;NED;06:24.693;4.6;36.0;GBR;06:20.076;4.6;37.0;NZL;06:19.141;4.6;37.0;CAN;06:42.035;4.4;35.0;FRA;06:24.330;4.7;38.0
1795;USA;06:27.062;4.8;37.0;NED;06:25.835;4.7;36.0;GBR;06:21.158;4.6;37.0;NZL;06:20.168;4.6;37.0;CAN;06:43.077;4.4;35.0;FRA;06:25.442;4.8;38.0
1800;USA;06:28.175;4.8;37.0;NED;06:26.874;4.8;37.0;GBR;06:22.120;4.7;37.0;NZL;06:21.285;4.7;37.0;CAN;06:44.296;4.4;35.0;FRA;06:26.495;4.8;38.0
1805;USA;06:29.178;4.8;37.0;NED;06:27.847;4.8;37.0;GBR;06:23.250;4.7;37.0;NZL;06:22.302;4.7;37.0;CAN;06:45.440;4.4;35.0;FRA;06:27.438;4.8;39.0
1810;USA;06:30.241;4.8;37.0;NED;06:28.917;4.8;37.0;GBR;06:24.313;4.8;37.0;NZL;06:23.309;4.8;37.0;CAN;06:46.457;4.4;35.0;FRA;06:28.549;4.8;39.0
1815;USA;06:31.313;4.8;37.0;NED;06:29.929;4.9;38.0;GBR;06:25.249;4.8;37.0;NZL;06:24.415;4.8;37.0;CAN;06:47.662;4.4;35.0;FRA;06:29.598;4.8;39.0
1820;USA;06:32.272;4.8;37.0;NED;06:30.904;4.9;38.0;GBR;06:26.367;4.8;37.0;NZL;06:25.356;4.8;37.0;CAN;06:48.771;4.4;35.0;FRA;06:30.544;4.8;39.0
1825;USA;06:33.409;4.8;37.0;NED;06:31.988;4.9;38.0;GBR;06:27.427;4.8;37.0;NZL;06:26.433;4.8;37.0;CAN;06:49.785;4.5;36.0;FRA;06:31.655;4.8;39.0
1830;USA;06:34.490;4.8;37.0;NED;06:32.964;4.9;38.0;GBR;06:28.377;4.8;37.0;NZL;06:27.507;4.8;37.0;CAN;06:50.973;4.5;36.0;FRA;06:32.717;4.8;39.0
1835;USA;06:35.437;4.7;37.0;NED;06:33.962;4.9;38.0;GBR;06:29.487;4.8;37.0;NZL;06:28.427;4.9;37.0;CAN;06:52.073;4.6;36.0;FRA;06:33.676;4.8;39.0
1840;USA;06:36.574;4.7;37.0;NED;06:35.022;4.9;38.0;GBR;06:30.512;4.8;37.0;NZL;06:29.526;4.9;37.0;CAN;06:53.094;4.6;36.0;FRA;06:34.760;4.8;39.0
1845;USA;06:37.653;4.7;37.0;NED;06:35.951;5.0;38.0;GBR;06:31.478;4.8;37.0;NZL;06:30.576;4.9;37.0;CAN;06:54.291;4.5;36.0;FRA;06:35.814;4.8;39.0
1850;USA;06:38.634;4.7;36.0;NED;06:36.992;5.0;38.0;GBR;06:32.584;4.8;37.0;NZL;06:31.511;4.9;37.0;CAN;06:55.373;4.5;36.0;FRA;06:36.760;4.8;39.0
1855;USA;06:39.794;4.7;36.0;NED;06:38.053;5.0;38.0;GBR;06:33.591;4.9;37.0;NZL;06:32.640;4.9;37.0;CAN;06:56.432;4.5;36.0;FRA;06:37.871;4.8;39.0
1860;USA;06:40.901;4.7;37.0;NED;06:38.988;5.0;38.0;GBR;06:34.610;4.9;37.0;NZL;06:33.696;4.8;37.0;CAN;06:57.629;4.5;36.0;FRA;06:38.957;4.8;39.0
1865;USA;06:41.904;4.6;37.0;NED;06:40.066;4.9;38.0;GBR;06:35.687;4.8;38.0;NZL;06:34.678;4.8;37.0;CAN;06:58.733;4.5;36.0;FRA;06:39.917;4.8;39.0
1870;USA;06:43.076;4.6;37.0;NED;06:41.130;4.9;38.0;GBR;06:36.684;4.8;38.0;NZL;06:35.836;4.7;37.0;CAN;06:59.801;4.5;36.0;FRA;06:41.042;4.8;39.0
1875;USA;06:44.168;4.6;37.0;NED;06:42.065;4.9;38.0;GBR;06:37.696;4.8;38.0;NZL;06:36.890;4.7;37.0;CAN;07:00.958;4.5;36.0;FRA;06:42.104;4.7;39.0
1880;USA;06:45.165;4.6;37.0;NED;06:43.177;4.8;38.0;GBR;06:38.801;4.8;38.0;NZL;06:37.882;4.7;37.0;CAN;07:02.038;4.5;36.0;FRA;06:43.083;4.8;39.0
1885;USA;06:46.325;4.6;37.0;NED;06:44.235;4.8;38.0;GBR;06:39.780;4.8;38.0;NZL;06:39.005;4.7;37.0;CAN;07:03.105;4.5;36.0;FRA;06:44.115;4.8;39.0
1890;USA;06:47.420;4.6;37.0;NED;06:45.196;4.8;38.0;GBR;06:40.845;4.8;38.0;NZL;06:39.995;4.8;37.0;CAN;07:04.283;4.5;36.0;FRA;06:45.181;4.8;39.0
1895;USA;06:48.424;4.6;37.0;NED;06:46.308;4.8;38.0;GBR;06:41.911;4.8;38.0;NZL;06:41.054;4.8;37.0;CAN;07:05.350;4.5;36.0;FRA;06:46.150;4.9;39.0
1900;USA;06:49.596;4.6;37.0;NED;06:47.383;4.8;38.0;GBR;06:42.877;4.8;38.0;NZL;06:42.110;4.8;37.0;CAN;07:06.429;4.5;36.0;FRA;06:47.148;4.9;40.0
1905;USA;06:50.698;4.6;37.0;NED;06:48.342;4.8;38.0;GBR;06:43.944;4.8;38.0;NZL;06:43.056;4.9;37.0;CAN;07:07.613;4.5;36.0;FRA;06:48.217;4.9;40.0
1910;USA;06:51.693;4.6;37.0;NED;06:49.463;4.8;38.0;GBR;06:45.053;4.8;38.0;NZL;06:44.135;4.9;37.0;CAN;07:08.700;4.5;36.0;FRA;06:49.186;5.0;40.0
1915;USA;06:52.854;4.6;37.0;NED;06:50.554;4.8;38.0;GBR;06:46.048;4.8;38.0;NZL;06:45.225;4.9;37.0;CAN;07:09.782;4.5;36.0;FRA;06:50.186;4.9;40.0
1920;USA;06:53.934;4.6;37.0;NED;06:51.522;4.7;38.0;GBR;06:47.129;4.7;38.0;NZL;06:46.180;4.8;37.0;CAN;07:10.962;4.4;36.0;FRA;06:51.279;4.9;40.0
1925;USA;06:54.943;4.6;37.0;NED;06:52.650;4.7;38.0;GBR;06:48.243;4.7;38.0;NZL;06:47.305;4.8;37.0;CAN;07:12.065;4.5;36.0;FRA;06:52.273;4.9;40.0
1930;USA;06:56.077;4.6;37.0;NED;06:53.740;4.7;38.0;GBR;06:49.238;4.7;38.0;NZL;06:48.401;4.7;37.0;CAN;07:13.089;4.5;36.0;FRA;06:53.260;4.9;40.0
1935;USA;06:57.108;4.7;36.0;NED;06:54.690;4.7;38.0;GBR;06:50.296;4.7;38.0;NZL;06:49.345;4.7;38.0;CAN;07:14.270;4.5;37.0;FRA;06:54.355;4.8;40.0
1940;USA;06:58.133;4.7;36.0;NED;06:55.806;4.7;38.0;GBR;06:51.393;4.7;38.0;NZL;06:50.486;4.7;37.0;CAN;07:15.367;4.6;37.0;FRA;06:55.382;4.9;40.0
1945;USA;06:59.227;4.8;36.0;NED;06:56.876;4.8;38.0;GBR;06:52.340;4.8;38.0;NZL;06:51.564;4.7;37.0;CAN;07:16.382;4.6;37.0;FRA;06:56.355;4.8;40.0
1950;USA;07:00.163;4.8;37.0;NED;06:57.808;4.8;38.0;GBR;06:53.422;4.8;38.0;NZL;06:52.513;4.8;37.0;CAN;07:17.528;4.6;37.0;FRA;06:57.450;4.8;40.0
1955;USA;07:01.267;4.8;37.0;NED;06:58.885;4.8;38.0;GBR;06:54.518;4.8;38.0;NZL;06:53.652;4.8;37.0;CAN;07:18.610;4.6;37.0;FRA;06:58.487;4.8;40.0
1960;USA;07:02.328;4.8;37.0;NED;06:59.923;4.9;38.0;GBR;06:55.501;4.8;38.0;NZL;06:54.704;4.8;37.0;CAN;07:19.595;4.6;37.0;FRA;06:59.422;4.9;40.0
1965;USA;07:03.264;4.8;37.0;NED;07:00.841;4.9;39.0;GBR;06:56.517;4.8;39.0;NZL;06:55.657;4.8;37.0;CAN;07:20.741;4.7;37.0;FRA;07:00.488;4.9;40.0
1970;USA;07:04.378;4.9;37.0;NED;07:01.895;5.0;39.0;GBR;06:57.601;4.9;39.0;NZL;06:56.772;4.8;37.0;CAN;07:21.808;4.7;37.0;FRA;07:01.521;4.9;40.0
1975;USA;07:05.436;4.9;37.0;NED;07:02.929;5.0;39.0;GBR;06:58.583;4.9;39.0;NZL;06:57.776;4.8;37.0;CAN;07:22.791;4.7;37.0;FRA;07:02.459;5.0;40.0
1980;USA;07:06.384;4.8;37.0;NED;07:03.841;5.0;39.0;GBR;06:59.603;4.9;39.0;NZL;06:58.780;4.9;37.0;CAN;07:23.930;4.7;37.0;FRA;07:03.534;4.9;40.0
1985;USA;07:07.497;4.8;37.0;NED;07:04.906;5.0;39.0;GBR;07:00.701;4.9;39.0;NZL;06:59.883;4.8;37.0;CAN;07:24.982;4.7;37.0;FRA;07:04.581;4.9;40.0
1990;USA;07:08.520;4.8;37.0;NED;07:05.925;5.0;40.0;GBR;07:01.698;4.8;39.0;NZL;07:00.854;4.8;37.0;CAN;07:25.969;4.7;37.0;FRA;07:05.495;4.9;40.0
1995;USA;07:09.510;4.8;37.0;NED;07:06.823;5.0;40.0;GBR;07:02.696;4.8;39.0;NZL;07:01.921;4.8;37.0;CAN;07:27.100;4.7;37.0;FRA;07:06.577;4.9;40.0
2000;USA;07:10.602;4.8;37.0;NED;07:07.872;5.0;40.0;GBR;07:03.781;4.8;39.0;NZL;07:03.012;4.8;37.0;CAN;07:28.148;4.8;37.0;FRA;07:07.613;4.9;40.0
