Distance;ShortName2;Time2;Speed2;Stroke2;ShortName3;Time3;Speed3;Stroke3;ShortName4;Time4;Speed4;Stroke4;ShortName5;Time5;Speed5;Stroke5;ShortName6;Time6;Speed6;Stroke6;ShortName1;Time1;Speed1;Stroke1;
5;GBR;00:02.953;3.4;0.0;CAN;00:03.032;3.5;0.0;GER;00:02.890;3.5;0.0;ROU;00:02.832;3.2;0.0;USA;00:02.904;3.6;0.0;AUS;00:02.853;3.6;0.0
10;GBR;00:04.188;3.5;38.0;CAN;00:04.265;3.4;0.0;GER;00:04.229;3.5;0.0;ROU;00:04.060;3.6;44.0;USA;00:04.071;3.6;0.0;AUS;00:04.053;3.7;42.0
15;GBR;00:05.328;3.7;37.0;CAN;00:05.409;3.7;37.0;GER;00:05.404;3.8;35.0;ROU;00:05.096;4.0;45.0;USA;00:05.226;3.9;38.0;AUS;00:05.165;4.0;42.0
20;GBR;00:06.364;4.2;38.0;CAN;00:06.389;4.3;38.0;GER;00:06.356;4.1;35.0;ROU;00:06.003;4.4;46.0;USA;00:06.188;4.4;39.0;AUS;00:06.066;4.4;42.0
25;GBR;00:07.234;4.8;39.0;CAN;00:07.179;4.9;39.0;GER;00:07.245;4.8;37.0;ROU;00:06.917;4.9;47.0;USA;00:06.977;5.0;40.0;AUS;00:06.955;4.9;43.0
30;GBR;00:08.064;5.2;41.0;CAN;00:08.057;5.3;41.0;GER;00:08.131;5.2;38.0;ROU;00:07.789;5.4;48.0;USA;00:07.885;5.4;41.0;AUS;00:07.719;5.3;43.0
35;GBR;00:08.966;5.7;42.0;CAN;00:08.905;5.8;41.0;GER;00:08.872;5.6;39.0;ROU;00:08.542;5.8;48.0;USA;00:08.677;5.8;42.0;AUS;00:08.596;5.8;44.0
40;GBR;00:09.711;5.8;43.0;CAN;00:09.650;6.0;43.0;GER;00:09.746;5.9;40.0;ROU;00:09.358;6.0;48.0;USA;00:09.395;6.1;43.0;AUS;00:09.351;6.1;45.0
45;GBR;00:10.558;6.0;43.0;CAN;00:10.458;6.3;43.0;GER;00:10.513;6.1;41.0;ROU;00:10.167;6.3;49.0;USA;00:10.224;6.3;44.0;AUS;00:10.099;6.3;46.0
50;GBR;00:11.350;6.3;44.0;CAN;00:11.163;6.4;44.0;GER;00:11.297;6.3;41.0;ROU;00:10.898;6.4;50.0;USA;00:10.940;6.5;45.0;AUS;00:10.901;6.4;46.0
55;GBR;00:12.062;6.3;44.0;CAN;00:11.968;6.5;44.0;GER;00:12.060;6.4;42.0;ROU;00:11.647;6.4;50.0;USA;00:11.693;6.6;45.0;AUS;00:11.582;6.6;47.0
60;GBR;00:12.887;6.4;45.0;CAN;00:12.719;6.6;45.0;GER;00:12.746;6.5;43.0;ROU;00:12.444;6.5;50.0;USA;00:12.465;6.7;46.0;AUS;00:12.390;6.7;47.0
65;GBR;00:13.578;6.5;45.0;CAN;00:13.433;6.7;45.0;GER;00:13.554;6.6;43.0;ROU;00:13.133;6.6;51.0;USA;00:13.134;6.7;46.0;AUS;00:13.110;6.7;47.0
70;GBR;00:14.382;6.6;45.0;CAN;00:14.202;6.8;46.0;GER;00:14.217;6.7;44.0;ROU;00:13.904;6.7;51.0;USA;00:13.929;6.8;46.0;AUS;00:13.845;6.8;48.0
75;GBR;00:15.126;6.6;45.0;CAN;00:14.857;6.8;46.0;GER;00:15.007;6.8;44.0;ROU;00:14.677;6.7;51.0;USA;00:14.582;6.8;47.0;AUS;00:14.587;6.8;48.0
80;GBR;00:15.882;6.7;46.0;CAN;00:15.657;6.8;46.0;GER;00:15.700;6.8;44.0;ROU;00:15.357;6.8;51.0;USA;00:15.364;6.9;47.0;AUS;00:15.243;6.8;48.0
85;GBR;00:16.625;6.7;46.0;CAN;00:16.345;6.9;46.0;GER;00:16.447;6.8;45.0;ROU;00:16.128;6.8;52.0;USA;00:16.079;6.9;47.0;AUS;00:16.035;6.9;48.0
90;GBR;00:17.312;6.7;46.0;CAN;00:17.078;6.9;47.0;GER;00:17.167;6.9;45.0;ROU;00:16.873;6.8;52.0;USA;00:16.788;6.9;47.0;AUS;00:16.729;6.9;48.0
95;GBR;00:18.110;6.8;46.0;CAN;00:17.795;6.9;47.0;GER;00:17.873;6.9;45.0;ROU;00:17.568;6.8;52.0;USA;00:17.540;6.9;47.0;AUS;00:17.463;6.9;48.0
100;GBR;00:18.794;6.8;46.0;CAN;00:18.500;6.9;47.0;GER;00:18.621;6.9;45.0;ROU;00:18.340;6.8;52.0;USA;00:18.210;6.9;47.0;AUS;00:18.207;6.9;48.0
105;GBR;00:19.579;6.8;46.0;CAN;00:19.266;6.9;46.0;GER;00:19.298;6.9;45.0;ROU;00:19.053;6.8;52.0;USA;00:18.983;6.9;47.0;AUS;00:18.880;6.9;48.0
110;GBR;00:20.308;6.8;46.0;CAN;00:19.924;6.9;46.0;GER;00:20.082;6.9;45.0;ROU;00:19.773;6.8;52.0;USA;00:19.633;6.9;46.0;AUS;00:19.656;6.9;48.0
115;GBR;00:21.042;6.8;46.0;CAN;00:20.706;6.9;46.0;GER;00:20.732;6.9;45.0;ROU;00:20.541;6.8;51.0;USA;00:20.422;6.9;46.0;AUS;00:20.313;6.9;48.0
120;GBR;00:21.805;6.8;46.0;CAN;00:21.357;6.9;46.0;GER;00:21.520;6.9;45.0;ROU;00:21.207;6.8;51.0;USA;00:21.077;6.9;46.0;AUS;00:21.093;6.9;48.0
125;GBR;00:22.508;6.8;46.0;CAN;00:22.142;7.0;46.0;GER;00:22.176;6.9;45.0;ROU;00:21.993;6.8;51.0;USA;00:21.857;6.9;46.0;AUS;00:21.783;6.9;48.0
130;GBR;00:23.288;6.8;45.0;CAN;00:22.811;6.9;46.0;GER;00:22.956;6.9;45.0;ROU;00:22.720;6.8;51.0;USA;00:22.544;6.9;46.0;AUS;00:22.525;6.9;47.0
135;GBR;00:23.962;6.8;45.0;CAN;00:23.573;6.9;46.0;GER;00:23.635;6.9;45.0;ROU;00:23.414;6.8;51.0;USA;00:23.286;6.9;46.0;AUS;00:23.265;6.9;47.0
140;GBR;00:24.765;6.8;45.0;CAN;00:24.276;6.9;46.0;GER;00:24.393;6.9;45.0;ROU;00:24.194;6.8;51.0;USA;00:24.012;6.9;46.0;AUS;00:23.955;6.9;47.0
145;GBR;00:25.435;6.8;45.0;CAN;00:25.006;6.9;45.0;GER;00:25.102;6.9;45.0;ROU;00:24.870;6.8;51.0;USA;00:24.729;6.9;46.0;AUS;00:24.728;6.9;47.0
150;GBR;00:26.248;6.8;45.0;CAN;00:25.738;6.9;45.0;GER;00:25.830;6.9;45.0;ROU;00:25.641;6.8;51.0;USA;00:25.474;6.9;46.0;AUS;00:25.391;6.9;47.0
155;GBR;00:26.952;6.8;45.0;CAN;00:26.474;6.9;45.0;GER;00:26.570;6.9;45.0;ROU;00:26.393;6.8;51.0;USA;00:26.151;6.9;45.0;AUS;00:26.187;6.9;47.0
160;GBR;00:27.713;6.8;45.0;CAN;00:27.208;6.9;45.0;GER;00:27.270;6.9;45.0;ROU;00:27.074;6.8;50.0;USA;00:26.927;6.9;45.0;AUS;00:26.850;6.9;47.0
165;GBR;00:28.466;6.8;45.0;CAN;00:27.891;6.9;45.0;GER;00:28.016;6.9;44.0;ROU;00:27.870;6.8;50.0;USA;00:27.590;6.9;45.0;AUS;00:27.645;6.9;46.0
170;GBR;00:29.186;6.7;45.0;CAN;00:28.674;6.9;45.0;GER;00:28.716;6.9;44.0;ROU;00:28.542;6.8;50.0;USA;00:28.382;6.9;45.0;AUS;00:28.351;6.8;46.0
175;GBR;00:29.968;6.7;44.0;CAN;00:29.345;6.8;44.0;GER;00:29.504;6.9;44.0;ROU;00:29.325;6.8;50.0;USA;00:29.033;6.9;45.0;AUS;00:29.103;6.8;46.0
180;GBR;00:30.662;6.7;44.0;CAN;00:30.141;6.9;44.0;GER;00:30.174;6.8;44.0;ROU;00:30.062;6.8;50.0;USA;00:29.833;6.9;45.0;AUS;00:29.853;6.8;46.0
185;GBR;00:31.467;6.7;44.0;CAN;00:30.803;6.8;44.0;GER;00:30.978;6.8;44.0;ROU;00:30.772;6.8;50.0;USA;00:30.487;6.9;45.0;AUS;00:30.547;6.8;46.0
190;GBR;00:32.147;6.7;44.0;CAN;00:31.611;6.8;44.0;GER;00:31.638;6.8;44.0;ROU;00:31.575;6.8;49.0;USA;00:31.286;6.9;44.0;AUS;00:31.331;6.8;46.0
195;GBR;00:32.964;6.7;44.0;CAN;00:32.269;6.8;44.0;GER;00:32.452;6.8;44.0;ROU;00:32.285;6.8;49.0;USA;00:31.980;6.9;44.0;AUS;00:32.003;6.8;46.0
200;GBR;00:33.638;6.7;44.0;CAN;00:33.080;6.8;44.0;GER;00:33.127;6.8;44.0;ROU;00:33.036;6.7;49.0;USA;00:32.755;6.9;44.0;AUS;00:32.808;6.8;45.0
205;GBR;00:34.464;6.7;44.0;CAN;00:33.743;6.8;43.0;GER;00:33.922;6.8;44.0;ROU;00:33.805;6.7;49.0;USA;00:33.476;6.8;44.0;AUS;00:33.475;6.8;45.0
210;GBR;00:35.157;6.7;43.0;CAN;00:34.558;6.8;43.0;GER;00:34.629;6.8;44.0;ROU;00:34.488;6.7;49.0;USA;00:34.206;6.8;44.0;AUS;00:34.287;6.8;45.0
215;GBR;00:35.973;6.6;43.0;CAN;00:35.249;6.8;43.0;GER;00:35.400;6.8;44.0;ROU;00:35.293;6.7;49.0;USA;00:34.967;6.8;44.0;AUS;00:34.993;6.8;45.0
220;GBR;00:36.674;6.6;43.0;CAN;00:36.047;6.8;43.0;GER;00:36.142;6.8;44.0;ROU;00:36.004;6.7;49.0;USA;00:35.674;6.8;44.0;AUS;00:35.775;6.7;45.0
225;GBR;00:37.474;6.6;43.0;CAN;00:36.768;6.8;43.0;GER;00:36.883;6.7;43.0;ROU;00:36.771;6.7;48.0;USA;00:36.469;6.8;44.0;AUS;00:36.510;6.7;45.0
230;GBR;00:38.179;6.6;42.0;CAN;00:37.533;6.7;43.0;GER;00:37.656;6.7;43.0;ROU;00:37.540;6.7;48.0;USA;00:37.153;6.7;44.0;AUS;00:37.272;6.7;45.0
235;GBR;00:38.984;6.6;42.0;CAN;00:38.285;6.7;43.0;GER;00:38.386;6.7;43.0;ROU;00:38.273;6.7;48.0;USA;00:37.962;6.7;44.0;AUS;00:38.032;6.7;45.0
240;GBR;00:39.758;6.6;42.0;CAN;00:39.049;6.6;42.0;GER;00:39.158;6.7;43.0;ROU;00:39.049;6.7;48.0;USA;00:38.637;6.7;43.0;AUS;00:38.725;6.7;45.0
245;GBR;00:40.502;6.6;42.0;CAN;00:39.800;6.7;42.0;GER;00:39.886;6.6;43.0;ROU;00:39.744;6.6;48.0;USA;00:39.459;6.7;43.0;AUS;00:39.535;6.7;44.0
250;GBR;00:41.295;6.6;42.0;CAN;00:40.519;6.6;42.0;GER;00:40.662;6.7;43.0;ROU;00:40.539;6.6;48.0;USA;00:40.137;6.7;43.0;AUS;00:40.216;6.6;44.0
255;GBR;00:42.019;6.5;42.0;CAN;00:41.310;6.7;42.0;GER;00:41.347;6.6;43.0;ROU;00:41.296;6.6;47.0;USA;00:40.963;6.7;43.0;AUS;00:41.043;6.6;44.0
260;GBR;00:42.822;6.5;42.0;CAN;00:42.010;6.6;42.0;GER;00:42.159;6.7;43.0;ROU;00:42.017;6.6;47.0;USA;00:41.663;6.7;42.0;AUS;00:41.732;6.6;44.0
265;GBR;00:43.557;6.5;42.0;CAN;00:42.819;6.7;42.0;GER;00:42.848;6.7;43.0;ROU;00:42.821;6.6;47.0;USA;00:42.469;6.6;42.0;AUS;00:42.534;6.6;44.0
270;GBR;00:44.369;6.5;42.0;CAN;00:43.510;6.6;42.0;GER;00:43.660;6.7;43.0;ROU;00:43.513;6.6;47.0;USA;00:43.154;6.6;41.0;AUS;00:43.270;6.6;44.0
275;GBR;00:45.066;6.5;42.0;CAN;00:44.328;6.7;42.0;GER;00:44.352;6.7;43.0;ROU;00:44.333;6.6;47.0;USA;00:43.991;6.6;41.0;AUS;00:44.026;6.6;44.0
280;GBR;00:45.905;6.5;42.0;CAN;00:45.037;6.6;42.0;GER;00:45.165;6.6;43.0;ROU;00:45.067;6.6;47.0;USA;00:44.672;6.6;41.0;AUS;00:44.779;6.7;44.0
285;GBR;00:46.599;6.5;42.0;CAN;00:45.842;6.6;42.0;GER;00:45.877;6.7;43.0;ROU;00:45.832;6.6;47.0;USA;00:45.516;6.6;40.0;AUS;00:45.513;6.6;44.0
290;GBR;00:47.440;6.5;41.0;CAN;00:46.530;6.6;42.0;GER;00:46.660;6.6;43.0;ROU;00:46.619;6.6;46.0;USA;00:46.218;6.6;40.0;AUS;00:46.315;6.6;44.0
295;GBR;00:48.130;6.5;41.0;CAN;00:47.367;6.6;42.0;GER;00:47.413;6.6;43.0;ROU;00:47.321;6.6;46.0;USA;00:47.043;6.6;40.0;AUS;00:47.006;6.6;44.0
300;GBR;00:48.971;6.5;41.0;CAN;00:48.064;6.6;42.0;GER;00:48.154;6.6;43.0;ROU;00:48.144;6.6;46.0;USA;00:47.740;6.5;40.0;AUS;00:47.828;6.6;44.0
305;GBR;00:49.677;6.5;41.0;CAN;00:48.885;6.6;41.0;GER;00:48.939;6.6;43.0;ROU;00:48.836;6.6;46.0;USA;00:48.586;6.5;40.0;AUS;00:48.514;6.6;44.0
310;GBR;00:50.503;6.5;41.0;CAN;00:49.581;6.6;41.0;GER;00:49.653;6.6;43.0;ROU;00:49.667;6.6;46.0;USA;00:49.272;6.5;39.0;AUS;00:49.337;6.6;44.0
315;GBR;00:51.261;6.5;41.0;CAN;00:50.418;6.5;41.0;GER;00:50.465;6.6;43.0;ROU;00:50.418;6.6;46.0;USA;00:50.126;6.5;39.0;AUS;00:50.027;6.6;44.0
320;GBR;00:52.057;6.5;41.0;CAN;00:51.122;6.6;41.0;GER;00:51.161;6.6;42.0;ROU;00:51.183;6.5;46.0;USA;00:50.817;6.5;39.0;AUS;00:50.851;6.6;44.0
325;GBR;00:52.817;6.5;41.0;CAN;00:51.936;6.5;41.0;GER;00:51.986;6.6;42.0;ROU;00:51.990;6.5;45.0;USA;00:51.672;6.5;39.0;AUS;00:51.566;6.6;43.0
330;GBR;00:53.568;6.5;41.0;CAN;00:52.661;6.6;41.0;GER;00:52.673;6.6;42.0;ROU;00:52.710;6.5;45.0;USA;00:52.369;6.5;39.0;AUS;00:52.375;6.6;43.0
335;GBR;00:54.367;6.5;41.0;CAN;00:53.461;6.5;41.0;GER;00:53.514;6.6;42.0;ROU;00:53.553;6.4;45.0;USA;00:53.220;6.4;39.0;AUS;00:53.141;6.6;43.0
340;GBR;00:55.103;6.5;41.0;CAN;00:54.198;6.6;41.0;GER;00:54.203;6.6;42.0;ROU;00:54.254;6.4;44.0;USA;00:53.922;6.4;39.0;AUS;00:53.863;6.6;43.0
345;GBR;00:55.919;6.5;41.0;CAN;00:54.983;6.5;41.0;GER;00:55.054;6.5;42.0;ROU;00:55.122;6.4;44.0;USA;00:54.772;6.4;39.0;AUS;00:54.677;6.6;43.0
350;GBR;00:56.641;6.5;41.0;CAN;00:55.737;6.6;41.0;GER;00:55.758;6.5;42.0;ROU;00:55.854;6.4;44.0;USA;00:55.476;6.4;39.0;AUS;00:55.375;6.5;43.0
355;GBR;00:57.476;6.5;41.0;CAN;00:56.510;6.5;41.0;GER;00:56.596;6.5;42.0;ROU;00:56.701;6.4;43.0;USA;00:56.329;6.4;39.0;AUS;00:56.210;6.6;43.0
360;GBR;00:58.183;6.4;41.0;CAN;00:57.284;6.6;41.0;GER;00:57.329;6.5;42.0;ROU;00:57.484;6.3;43.0;USA;00:57.040;6.4;39.0;AUS;00:56.901;6.5;43.0
365;GBR;00:59.029;6.4;41.0;CAN;00:58.040;6.5;41.0;GER;00:58.126;6.4;42.0;ROU;00:58.272;6.3;43.0;USA;00:57.889;6.4;39.0;AUS;00:57.738;6.5;43.0
370;GBR;00:59.741;6.4;41.0;CAN;00:58.833;6.5;41.0;GER;00:58.904;6.5;42.0;ROU;00:59.099;6.3;42.0;USA;00:58.614;6.4;39.0;AUS;00:58.435;6.5;43.0
375;GBR;01:00.589;6.4;41.0;CAN;00:59.573;6.5;41.0;GER;00:59.666;6.4;41.0;ROU;00:59.853;6.3;42.0;USA;00:59.447;6.4;39.0;AUS;00:59.267;6.5;43.0
380;GBR;01:01.288;6.4;41.0;CAN;01:00.383;6.5;41.0;GER;01:00.474;6.4;41.0;ROU;01:00.712;6.3;42.0;USA;01:00.188;6.4;39.0;AUS;00:59.979;6.5;43.0
385;GBR;01:02.145;6.4;41.0;CAN;01:01.112;6.5;40.0;GER;01:01.203;6.4;41.0;ROU;01:01.444;6.2;41.0;USA;01:01.008;6.4;39.0;AUS;01:00.787;6.5;43.0
390;GBR;01:02.843;6.4;41.0;CAN;01:01.933;6.5;40.0;GER;01:02.036;6.4;41.0;ROU;01:02.323;6.2;41.0;USA;01:01.758;6.4;39.0;AUS;01:01.562;6.5;43.0
395;GBR;01:03.701;6.4;40.0;CAN;01:02.651;6.4;40.0;GER;01:02.748;6.4;41.0;ROU;01:03.080;6.2;41.0;USA;01:02.566;6.4;39.0;AUS;01:02.309;6.5;43.0
400;GBR;01:04.411;6.4;40.0;CAN;01:03.489;6.5;40.0;GER;01:03.594;6.4;41.0;ROU;01:03.949;6.2;40.0;USA;01:03.331;6.4;39.0;AUS;01:03.123;6.5;43.0
405;GBR;01:05.266;6.4;40.0;CAN;01:04.195;6.4;40.0;GER;01:04.300;6.4;41.0;ROU;01:04.682;6.2;40.0;USA;01:04.124;6.4;39.0;AUS;01:03.826;6.5;43.0
410;GBR;01:05.992;6.4;40.0;CAN;01:05.044;6.4;40.0;GER;01:05.161;6.4;41.0;ROU;01:05.577;6.1;40.0;USA;01:04.903;6.4;39.0;AUS;01:04.663;6.5;43.0
415;GBR;01:06.841;6.4;40.0;CAN;01:05.750;6.4;40.0;GER;01:05.861;6.4;41.0;ROU;01:06.336;6.1;40.0;USA;01:05.687;6.4;39.0;AUS;01:05.362;6.5;43.0
420;GBR;01:07.578;6.4;40.0;CAN;01:06.604;6.4;40.0;GER;01:06.730;6.4;41.0;ROU;01:07.216;6.1;39.0;USA;01:06.476;6.4;39.0;AUS;01:06.200;6.5;43.0
425;GBR;01:08.414;6.3;40.0;CAN;01:07.306;6.4;40.0;GER;01:07.459;6.4;41.0;ROU;01:08.000;6.1;39.0;USA;01:07.244;6.4;39.0;AUS;01:06.901;6.5;42.0
430;GBR;01:09.159;6.4;40.0;CAN;01:08.162;6.4;40.0;GER;01:08.289;6.3;41.0;ROU;01:08.860;6.1;39.0;USA;01:08.053;6.4;39.0;AUS;01:07.738;6.5;42.0
435;GBR;01:09.972;6.3;40.0;CAN;01:08.863;6.4;40.0;GER;01:09.062;6.4;41.0;ROU;01:09.673;6.1;39.0;USA;01:08.827;6.4;39.0;AUS;01:08.463;6.5;42.0
440;GBR;01:10.753;6.4;40.0;CAN;01:09.724;6.4;40.0;GER;01:09.853;6.3;41.0;ROU;01:10.509;6.1;39.0;USA;01:09.626;6.4;39.0;AUS;01:09.266;6.5;42.0
445;GBR;01:11.542;6.3;40.0;CAN;01:10.435;6.4;40.0;GER;01:10.658;6.4;41.0;ROU;01:11.331;6.1;38.0;USA;01:10.383;6.4;39.0;AUS;01:10.036;6.5;42.0
450;GBR;01:12.344;6.4;40.0;CAN;01:11.296;6.4;40.0;GER;01:11.415;6.3;41.0;ROU;01:12.176;6.0;38.0;USA;01:11.198;6.4;39.0;AUS;01:10.795;6.5;42.0
455;GBR;01:13.115;6.3;40.0;CAN;01:12.041;6.4;40.0;GER;01:12.253;6.3;41.0;ROU;01:13.037;6.0;38.0;USA;01:11.944;6.4;39.0;AUS;01:11.599;6.5;42.0
460;GBR;01:13.929;6.3;40.0;CAN;01:12.859;6.3;40.0;GER;01:13.008;6.3;41.0;ROU;01:13.861;6.0;38.0;USA;01:12.776;6.4;39.0;AUS;01:12.331;6.4;42.0
465;GBR;01:14.689;6.3;40.0;CAN;01:13.632;6.4;40.0;GER;01:13.830;6.3;41.0;ROU;01:14.731;5.9;37.0;USA;01:13.503;6.4;39.0;AUS;01:13.157;6.5;42.0
470;GBR;01:15.522;6.3;40.0;CAN;01:14.422;6.3;40.0;GER;01:14.554;6.3;41.0;ROU;01:15.558;5.9;37.0;USA;01:14.355;6.3;39.0;AUS;01:13.868;6.4;42.0
475;GBR;01:16.269;6.3;40.0;CAN;01:15.214;6.4;40.0;GER;01:15.421;6.3;41.0;ROU;01:16.446;5.9;37.0;USA;01:15.072;6.3;39.0;AUS;01:14.716;6.4;42.0
480;GBR;01:17.120;6.3;40.0;CAN;01:16.003;6.4;40.0;GER;01:16.139;6.3;41.0;ROU;01:17.272;5.9;36.0;USA;01:15.933;6.3;39.0;AUS;01:15.418;6.4;42.0
485;GBR;01:17.849;6.3;39.0;CAN;01:16.775;6.4;40.0;GER;01:17.011;6.3;41.0;ROU;01:18.165;5.8;36.0;USA;01:16.642;6.3;39.0;AUS;01:16.276;6.4;42.0
490;GBR;01:18.711;6.3;39.0;CAN;01:17.546;6.4;40.0;GER;01:17.740;6.3;41.0;ROU;01:19.014;5.8;36.0;USA;01:17.506;6.3;39.0;AUS;01:16.988;6.4;42.0
495;GBR;01:19.437;6.3;39.0;CAN;01:18.380;6.4;40.0;GER;01:18.586;6.3;41.0;ROU;01:19.900;5.8;36.0;USA;01:18.214;6.3;39.0;AUS;01:17.835;6.4;42.0
500;GBR;01:20.308;6.3;39.0;CAN;01:19.126;6.3;40.0;GER;01:19.354;6.3;41.0;ROU;01:20.726;5.8;35.0;USA;01:19.079;6.3;39.0;AUS;01:18.548;6.4;41.0
505;GBR;01:21.030;6.3;39.0;CAN;01:19.963;6.3;40.0;GER;01:20.165;6.3;41.0;ROU;01:21.616;5.8;35.0;USA;01:19.784;6.4;39.0;AUS;01:19.404;6.4;41.0
510;GBR;01:21.908;6.3;39.0;CAN;01:20.688;6.3;40.0;GER;01:20.973;6.3;41.0;ROU;01:22.468;5.8;35.0;USA;01:20.649;6.4;39.0;AUS;01:20.171;6.4;41.0
515;GBR;01:22.627;6.3;39.0;CAN;01:21.553;6.3;40.0;GER;01:21.765;6.3;41.0;ROU;01:23.395;5.7;35.0;USA;01:21.359;6.4;39.0;AUS;01:20.945;6.4;41.0
520;GBR;01:23.506;6.2;39.0;CAN;01:22.268;6.3;40.0;GER;01:22.585;6.3;41.0;ROU;01:24.224;5.7;35.0;USA;01:22.229;6.3;39.0;AUS;01:21.762;6.4;41.0
525;GBR;01:24.236;6.3;39.0;CAN;01:23.141;6.3;40.0;GER;01:23.329;6.3;41.0;ROU;01:25.160;5.7;35.0;USA;01:22.941;6.4;39.0;AUS;01:22.506;6.4;41.0
530;GBR;01:25.106;6.2;39.0;CAN;01:23.850;6.3;40.0;GER;01:24.190;6.3;41.0;ROU;01:25.994;5.7;35.0;USA;01:23.803;6.3;39.0;AUS;01:23.348;6.4;41.0
535;GBR;01:25.842;6.3;39.0;CAN;01:24.724;6.3;40.0;GER;01:24.917;6.3;41.0;ROU;01:26.935;5.7;35.0;USA;01:24.530;6.4;39.0;AUS;01:24.075;6.3;41.0
540;GBR;01:26.705;6.2;39.0;CAN;01:25.444;6.3;40.0;GER;01:25.796;6.2;40.0;ROU;01:27.770;5.6;34.0;USA;01:25.382;6.3;39.0;AUS;01:24.941;6.3;41.0
545;GBR;01:27.463;6.3;39.0;CAN;01:26.302;6.3;40.0;GER;01:26.516;6.3;40.0;ROU;01:28.717;5.6;34.0;USA;01:26.119;6.3;39.0;AUS;01:25.649;6.3;41.0
550;GBR;01:28.293;6.3;39.0;CAN;01:27.015;6.3;40.0;GER;01:27.394;6.2;40.0;ROU;01:29.559;5.6;34.0;USA;01:26.960;6.3;39.0;AUS;01:26.521;6.3;41.0
555;GBR;01:29.078;6.3;39.0;CAN;01:27.882;6.3;40.0;GER;01:28.134;6.3;40.0;ROU;01:30.510;5.6;34.0;USA;01:27.720;6.3;39.0;AUS;01:27.245;6.3;41.0
560;GBR;01:29.888;6.3;39.0;CAN;01:28.635;6.3;40.0;GER;01:28.989;6.2;40.0;ROU;01:31.359;5.6;34.0;USA;01:28.541;6.3;39.0;AUS;01:28.107;6.3;41.0
565;GBR;01:30.702;6.3;39.0;CAN;01:29.470;6.3;40.0;GER;01:29.767;6.3;40.0;ROU;01:32.313;5.6;34.0;USA;01:29.326;6.3;39.0;AUS;01:28.864;6.3;41.0
570;GBR;01:31.488;6.2;39.0;CAN;01:30.203;6.3;39.0;GER;01:30.581;6.2;40.0;ROU;01:33.166;5.6;33.0;USA;01:30.128;6.3;39.0;AUS;01:29.689;6.3;41.0
575;GBR;01:32.312;6.3;39.0;CAN;01:31.072;6.3;39.0;GER;01:31.382;6.2;40.0;ROU;01:34.109;5.5;33.0;USA;01:30.915;6.3;39.0;AUS;01:30.482;6.3;41.0
580;GBR;01:33.076;6.2;39.0;CAN;01:31.871;6.3;39.0;GER;01:32.175;6.2;40.0;ROU;01:34.988;5.5;33.0;USA;01:31.717;6.3;39.0;AUS;01:31.274;6.3;41.0
585;GBR;01:33.925;6.2;39.0;CAN;01:32.670;6.2;39.0;GER;01:33.028;6.2;40.0;ROU;01:35.903;5.6;33.0;USA;01:32.534;6.3;39.0;AUS;01:32.103;6.3;41.0
590;GBR;01:34.667;6.2;39.0;CAN;01:33.490;6.2;39.0;GER;01:33.768;6.2;40.0;ROU;01:36.766;5.6;33.0;USA;01:33.316;6.3;39.0;AUS;01:32.854;6.3;41.0
595;GBR;01:35.528;6.2;39.0;CAN;01:34.271;6.2;39.0;GER;01:34.635;6.2;40.0;ROU;01:37.685;5.6;33.0;USA;01:34.133;6.3;39.0;AUS;01:33.711;6.3;41.0
600;GBR;01:36.262;6.3;39.0;CAN;01:35.118;6.2;39.0;GER;01:35.381;6.2;40.0;ROU;01:38.560;5.6;33.0;USA;01:34.900;6.3;39.0;AUS;01:34.475;6.3;41.0
605;GBR;01:37.137;6.3;39.0;CAN;01:35.872;6.2;39.0;GER;01:36.257;6.2;40.0;ROU;01:39.466;5.6;33.0;USA;01:35.751;6.3;39.0;AUS;01:35.315;6.2;41.0
610;GBR;01:37.858;6.3;39.0;CAN;01:36.727;6.2;39.0;GER;01:36.988;6.2;40.0;ROU;01:40.345;5.6;33.0;USA;01:36.514;6.2;39.0;AUS;01:36.039;6.2;41.0
615;GBR;01:38.740;6.2;39.0;CAN;01:37.475;6.2;39.0;GER;01:37.874;6.2;40.0;ROU;01:41.187;5.6;33.0;USA;01:37.368;6.2;39.0;AUS;01:36.925;6.2;40.0
620;GBR;01:39.464;6.2;39.0;CAN;01:38.349;6.2;39.0;GER;01:38.602;6.2;40.0;ROU;01:42.123;5.6;33.0;USA;01:38.117;6.2;39.0;AUS;01:37.655;6.2;40.0
625;GBR;01:40.352;6.2;39.0;CAN;01:39.080;6.2;39.0;GER;01:39.486;6.1;40.0;ROU;01:42.970;5.7;33.0;USA;01:38.982;6.2;39.0;AUS;01:38.529;6.2;40.0
630;GBR;01:41.080;6.2;39.0;CAN;01:39.963;6.2;39.0;GER;01:40.275;6.2;40.0;ROU;01:43.889;5.7;33.0;USA;01:39.716;6.2;39.0;AUS;01:39.301;6.2;40.0
635;GBR;01:41.960;6.2;39.0;CAN;01:40.687;6.2;39.0;GER;01:41.099;6.1;40.0;ROU;01:44.697;5.7;33.0;USA;01:40.599;6.2;39.0;AUS;01:40.143;6.2;40.0
640;GBR;01:42.692;6.2;39.0;CAN;01:41.578;6.2;39.0;GER;01:41.926;6.2;40.0;ROU;01:45.648;5.7;33.0;USA;01:41.326;6.2;39.0;AUS;01:40.928;6.2;40.0
645;GBR;01:43.568;6.2;39.0;CAN;01:42.304;6.2;39.0;GER;01:42.713;6.1;40.0;ROU;01:46.435;5.7;33.0;USA;01:42.208;6.2;39.0;AUS;01:41.746;6.2;40.0
650;GBR;01:44.339;6.2;39.0;CAN;01:43.193;6.2;39.0;GER;01:43.572;6.1;40.0;ROU;01:47.404;5.7;33.0;USA;01:42.934;6.2;39.0;AUS;01:42.577;6.2;40.0
655;GBR;01:45.187;6.2;39.0;CAN;01:43.929;6.2;39.0;GER;01:44.341;6.1;40.0;ROU;01:48.197;5.7;32.0;USA;01:43.818;6.2;39.0;AUS;01:43.346;6.2;40.0
660;GBR;01:45.948;6.2;39.0;CAN;01:44.811;6.2;39.0;GER;01:45.206;6.1;40.0;ROU;01:49.161;5.7;32.0;USA;01:44.543;6.2;39.0;AUS;01:44.196;6.2;40.0
665;GBR;01:46.776;6.2;39.0;CAN;01:45.561;6.2;39.0;GER;01:45.951;6.1;40.0;ROU;01:49.965;5.7;32.0;USA;01:45.433;6.2;39.0;AUS;01:44.936;6.2;40.0
670;GBR;01:47.578;6.2;39.0;CAN;01:46.430;6.2;39.0;GER;01:46.847;6.1;40.0;ROU;01:50.916;5.7;32.0;USA;01:46.147;6.3;39.0;AUS;01:45.818;6.2;40.0
675;GBR;01:48.380;6.2;39.0;CAN;01:47.201;6.2;39.0;GER;01:47.584;6.1;40.0;ROU;01:51.734;5.7;32.0;USA;01:47.029;6.2;39.0;AUS;01:46.548;6.2;40.0
680;GBR;01:49.227;6.2;39.0;CAN;01:48.049;6.1;39.0;GER;01:48.475;6.1;40.0;ROU;01:52.668;5.7;32.0;USA;01:47.771;6.3;39.0;AUS;01:47.430;6.2;40.0
685;GBR;01:49.984;6.2;39.0;CAN;01:48.837;6.2;39.0;GER;01:49.233;6.1;40.0;ROU;01:53.506;5.7;32.0;USA;01:48.633;6.2;39.0;AUS;01:48.174;6.2;40.0
690;GBR;01:50.848;6.2;39.0;CAN;01:49.664;6.1;39.0;GER;01:50.095;6.1;40.0;ROU;01:54.407;5.7;32.0;USA;01:49.391;6.2;38.0;AUS;01:49.034;6.2;40.0
695;GBR;01:51.590;6.2;39.0;CAN;01:50.470;6.2;39.0;GER;01:50.894;6.1;40.0;ROU;01:55.283;5.7;32.0;USA;01:50.238;6.2;38.0;AUS;01:49.809;6.2;40.0
700;GBR;01:52.465;6.2;39.0;CAN;01:51.274;6.2;39.0;GER;01:51.724;6.1;40.0;ROU;01:56.149;5.7;32.0;USA;01:51.012;6.2;38.0;AUS;01:50.632;6.2;40.0
705;GBR;01:53.223;6.2;39.0;CAN;01:52.095;6.2;39.0;GER;01:52.542;6.1;40.0;ROU;01:57.074;5.7;32.0;USA;01:51.843;6.2;38.0;AUS;01:51.448;6.2;40.0
710;GBR;01:54.084;6.2;39.0;CAN;01:52.888;6.2;39.0;GER;01:53.337;6.1;40.0;ROU;01:57.903;5.6;32.0;USA;01:52.628;6.2;38.0;AUS;01:52.229;6.2;40.0
715;GBR;01:54.815;6.2;39.0;CAN;01:53.730;6.2;39.0;GER;01:54.181;6.1;40.0;ROU;01:58.869;5.6;32.0;USA;01:53.440;6.2;39.0;AUS;01:53.070;6.2;40.0
720;GBR;01:55.702;6.2;39.0;CAN;01:54.507;6.2;38.0;GER;01:54.937;6.1;40.0;ROU;01:59.679;5.6;32.0;USA;01:54.246;6.2;39.0;AUS;01:53.826;6.2;40.0
725;GBR;01:56.439;6.2;39.0;CAN;01:55.360;6.1;38.0;GER;01:55.809;6.1;40.0;ROU;02:00.668;5.6;32.0;USA;01:55.039;6.2;39.0;AUS;01:54.692;6.2;40.0
730;GBR;01:57.327;6.1;39.0;CAN;01:56.130;6.1;38.0;GER;01:56.559;6.1;40.0;ROU;02:01.488;5.6;31.0;USA;01:55.862;6.3;39.0;AUS;01:55.428;6.2;40.0
735;GBR;01:58.080;6.2;39.0;CAN;01:56.998;6.1;38.0;GER;01:57.451;6.1;40.0;ROU;02:02.480;5.6;31.0;USA;01:56.640;6.2;39.0;AUS;01:56.314;6.2;40.0
740;GBR;01:58.949;6.1;39.0;CAN;01:57.767;6.1;38.0;GER;01:58.193;6.1;40.0;ROU;02:03.312;5.5;31.0;USA;01:57.479;6.2;39.0;AUS;01:57.041;6.2;40.0
745;GBR;01:59.733;6.1;39.0;CAN;01:58.625;6.1;38.0;GER;01:59.084;6.1;39.0;ROU;02:04.290;5.5;31.0;USA;01:58.272;6.2;39.0;AUS;01:57.936;6.2;40.0
750;GBR;02:00.569;6.1;39.0;CAN;01:59.365;6.1;38.0;GER;01:59.826;6.1;39.0;ROU;02:05.156;5.5;31.0;USA;01:59.089;6.2;39.0;AUS;01:58.664;6.2;40.0
755;GBR;02:01.388;6.1;39.0;CAN;02:00.249;6.1;38.0;GER;02:00.708;6.1;39.0;ROU;02:06.095;5.5;31.0;USA;01:59.840;6.2;39.0;AUS;01:59.548;6.1;40.0
760;GBR;02:02.211;6.1;39.0;CAN;02:00.983;6.2;38.0;GER;02:01.490;6.1;39.0;ROU;02:06.991;5.5;31.0;USA;02:00.699;6.2;39.0;AUS;02:00.311;6.2;40.0
765;GBR;02:03.035;6.1;39.0;CAN;02:01.874;6.2;38.0;GER;02:02.332;6.1;39.0;ROU;02:07.883;5.5;31.0;USA;02:01.440;6.2;39.0;AUS;02:01.161;6.1;40.0
770;GBR;02:03.813;6.1;39.0;CAN;02:02.601;6.2;38.0;GER;02:03.132;6.1;39.0;ROU;02:08.803;5.5;31.0;USA;02:02.310;6.2;39.0;AUS;02:01.965;6.2;40.0
775;GBR;02:04.674;6.1;39.0;CAN;02:03.494;6.2;38.0;GER;02:03.949;6.1;39.0;ROU;02:09.652;5.5;31.0;USA;02:03.042;6.2;39.0;AUS;02:02.788;6.2;40.0
780;GBR;02:05.434;6.1;39.0;CAN;02:04.222;6.2;38.0;GER;02:04.778;6.1;39.0;ROU;02:10.626;5.5;31.0;USA;02:03.921;6.2;39.0;AUS;02:03.603;6.2;40.0
785;GBR;02:06.310;6.1;39.0;CAN;02:05.114;6.1;38.0;GER;02:05.564;6.1;39.0;ROU;02:11.442;5.5;31.0;USA;02:04.679;6.2;39.0;AUS;02:04.396;6.2;40.0
790;GBR;02:07.054;6.1;39.0;CAN;02:05.844;6.2;38.0;GER;02:06.440;6.1;39.0;ROU;02:12.442;5.5;31.0;USA;02:05.526;6.2;39.0;AUS;02:05.234;6.2;40.0
795;GBR;02:07.939;6.1;39.0;CAN;02:06.737;6.1;38.0;GER;02:07.208;6.1;39.0;ROU;02:13.257;5.5;31.0;USA;02:06.277;6.2;39.0;AUS;02:05.977;6.2;40.0
800;GBR;02:08.675;6.1;39.0;CAN;02:07.478;6.2;38.0;GER;02:08.076;6.1;39.0;ROU;02:14.248;5.6;31.0;USA;02:07.130;6.2;39.0;AUS;02:06.853;6.2;40.0
805;GBR;02:09.565;6.1;39.0;CAN;02:08.359;6.1;38.0;GER;02:08.811;6.1;39.0;ROU;02:15.080;5.5;31.0;USA;02:07.845;6.2;39.0;AUS;02:07.585;6.2;40.0
810;GBR;02:10.292;6.1;39.0;CAN;02:09.118;6.2;38.0;GER;02:09.716;6.1;39.0;ROU;02:16.051;5.6;31.0;USA;02:08.728;6.2;39.0;AUS;02:08.472;6.2;40.0
815;GBR;02:11.180;6.1;39.0;CAN;02:09.978;6.1;38.0;GER;02:10.451;6.1;39.0;ROU;02:16.914;5.6;31.0;USA;02:09.447;6.3;39.0;AUS;02:09.208;6.2;40.0
820;GBR;02:11.918;6.2;39.0;CAN;02:10.753;6.2;38.0;GER;02:11.351;6.1;39.0;ROU;02:17.834;5.6;31.0;USA;02:10.331;6.2;39.0;AUS;02:10.091;6.2;40.0
825;GBR;02:12.797;6.2;39.0;CAN;02:11.608;6.2;38.0;GER;02:12.130;6.1;39.0;ROU;02:18.738;5.6;30.0;USA;02:11.064;6.3;39.0;AUS;02:10.846;6.2;40.0
830;GBR;02:13.552;6.2;39.0;CAN;02:12.390;6.2;38.0;GER;02:12.986;6.1;39.0;ROU;02:19.597;5.5;30.0;USA;02:11.922;6.3;39.0;AUS;02:11.711;6.1;40.0
835;GBR;02:14.417;6.2;39.0;CAN;02:13.213;6.2;38.0;GER;02:13.810;6.1;39.0;ROU;02:20.555;5.6;30.0;USA;02:12.683;6.3;39.0;AUS;02:12.503;6.2;40.0
840;GBR;02:15.198;6.2;39.0;CAN;02:14.028;6.2;38.0;GER;02:14.620;6.1;39.0;ROU;02:21.376;5.5;30.0;USA;02:13.530;6.2;39.0;AUS;02:13.329;6.1;40.0
845;GBR;02:16.035;6.1;39.0;CAN;02:14.854;6.2;38.0;GER;02:15.483;6.1;39.0;ROU;02:22.372;5.5;30.0;USA;02:14.307;6.3;39.0;AUS;02:14.170;6.1;40.0
850;GBR;02:16.843;6.2;39.0;CAN;02:15.665;6.2;38.0;GER;02:16.257;6.1;39.0;ROU;02:23.187;5.5;30.0;USA;02:15.120;6.2;39.0;AUS;02:14.944;6.1;40.0
855;GBR;02:17.657;6.1;39.0;CAN;02:16.456;6.1;38.0;GER;02:17.146;6.1;39.0;ROU;02:24.187;5.6;30.0;USA;02:15.917;6.3;39.0;AUS;02:15.815;6.1;40.0
860;GBR;02:18.484;6.2;39.0;CAN;02:17.305;6.1;38.0;GER;02:17.900;6.0;39.0;ROU;02:25.017;5.5;30.0;USA;02:16.720;6.2;39.0;AUS;02:16.560;6.1;40.0
865;GBR;02:19.278;6.1;39.0;CAN;02:18.081;6.1;38.0;GER;02:18.811;6.0;39.0;ROU;02:25.996;5.5;30.0;USA;02:17.556;6.2;39.0;AUS;02:17.449;6.1;40.0
870;GBR;02:20.125;6.1;39.0;CAN;02:18.951;6.1;38.0;GER;02:19.559;6.0;39.0;ROU;02:26.854;5.5;30.0;USA;02:18.326;6.2;39.0;AUS;02:18.183;6.1;40.0
875;GBR;02:20.900;6.1;39.0;CAN;02:19.716;6.1;38.0;GER;02:20.470;6.0;39.0;ROU;02:27.771;5.5;30.0;USA;02:19.186;6.2;39.0;AUS;02:19.078;6.1;40.0
880;GBR;02:21.772;6.1;39.0;CAN;02:20.599;6.1;38.0;GER;02:21.222;6.0;39.0;ROU;02:28.691;5.5;30.0;USA;02:19.937;6.2;39.0;AUS;02:19.813;6.1;40.0
885;GBR;02:22.525;6.1;39.0;CAN;02:21.352;6.1;38.0;GER;02:22.130;6.0;39.0;ROU;02:29.564;5.5;30.0;USA;02:20.813;6.2;39.0;AUS;02:20.701;6.1;40.0
890;GBR;02:23.408;6.1;39.0;CAN;02:22.243;6.1;38.0;GER;02:22.945;6.0;39.0;ROU;02:30.511;5.5;30.0;USA;02:21.571;6.2;39.0;AUS;02:21.481;6.1;40.0
895;GBR;02:24.154;6.1;39.0;CAN;02:23.009;6.1;38.0;GER;02:23.786;6.0;39.0;ROU;02:31.340;5.5;30.0;USA;02:22.441;6.1;39.0;AUS;02:22.328;6.1;40.0
900;GBR;02:25.050;6.1;39.0;CAN;02:23.890;6.1;38.0;GER;02:24.611;6.0;39.0;ROU;02:32.327;5.5;30.0;USA;02:23.178;6.1;39.0;AUS;02:23.145;6.1;40.0
905;GBR;02:25.796;6.1;39.0;CAN;02:24.626;6.1;38.0;GER;02:25.436;6.0;39.0;ROU;02:33.145;5.5;30.0;USA;02:24.072;6.1;39.0;AUS;02:23.948;6.1;40.0
910;GBR;02:26.702;6.1;39.0;CAN;02:25.533;6.1;38.0;GER;02:26.320;6.0;39.0;ROU;02:34.138;5.6;30.0;USA;02:24.804;6.1;39.0;AUS;02:24.801;6.1;40.0
915;GBR;02:27.449;6.1;39.0;CAN;02:26.275;6.1;38.0;GER;02:27.086;6.0;39.0;ROU;02:34.971;5.5;30.0;USA;02:25.700;6.1;39.0;AUS;02:25.597;6.1;40.0
920;GBR;02:28.347;6.0;39.0;CAN;02:27.181;6.1;38.0;GER;02:27.994;6.0;39.0;ROU;02:35.948;5.6;30.0;USA;02:26.437;6.1;39.0;AUS;02:26.450;6.1;39.0
925;GBR;02:29.128;6.1;39.0;CAN;02:27.935;6.1;38.0;GER;02:28.747;6.0;39.0;ROU;02:36.809;5.5;30.0;USA;02:27.327;6.1;39.0;AUS;02:27.225;6.1;39.0
930;GBR;02:29.991;6.0;39.0;CAN;02:28.827;6.1;38.0;GER;02:29.661;6.0;39.0;ROU;02:37.749;5.5;30.0;USA;02:28.081;6.1;39.0;AUS;02:28.090;6.1;39.0
935;GBR;02:30.806;6.1;39.0;CAN;02:29.599;6.1;38.0;GER;02:30.421;6.0;39.0;ROU;02:38.661;5.5;30.0;USA;02:28.956;6.1;39.0;AUS;02:28.829;6.1;39.0
940;GBR;02:31.630;6.1;39.0;CAN;02:30.472;6.1;38.0;GER;02:31.316;6.0;39.0;ROU;02:39.511;5.5;30.0;USA;02:29.737;6.1;39.0;AUS;02:29.729;6.1;39.0
945;GBR;02:32.474;6.1;39.0;CAN;02:31.266;6.1;38.0;GER;02:32.122;6.0;39.0;ROU;02:40.484;5.5;30.0;USA;02:30.584;6.1;39.0;AUS;02:30.470;6.1;39.0
950;GBR;02:33.264;6.1;39.0;CAN;02:32.113;6.1;38.0;GER;02:32.985;6.0;39.0;ROU;02:41.317;5.5;30.0;USA;02:31.367;6.1;39.0;AUS;02:31.366;6.1;39.0
955;GBR;02:34.129;6.1;39.0;CAN;02:32.914;6.1;38.0;GER;02:33.817;6.0;39.0;ROU;02:42.318;5.5;30.0;USA;02:32.206;6.1;39.0;AUS;02:32.133;6.1;39.0
960;GBR;02:34.902;6.1;39.0;CAN;02:33.752;6.1;38.0;GER;02:34.611;6.0;39.0;ROU;02:43.148;5.4;30.0;USA;02:33.042;6.1;39.0;AUS;02:32.999;6.1;39.0
965;GBR;02:35.776;6.1;39.0;CAN;02:34.586;6.1;38.0;GER;02:35.493;6.0;39.0;ROU;02:44.165;5.5;30.0;USA;02:33.825;6.1;39.0;AUS;02:33.806;6.1;39.0
970;GBR;02:36.532;6.1;39.0;CAN;02:35.416;6.1;38.0;GER;02:36.256;6.0;39.0;ROU;02:45.005;5.4;30.0;USA;02:34.676;6.1;39.0;AUS;02:34.627;6.1;39.0
975;GBR;02:37.428;6.1;39.0;CAN;02:36.254;6.1;38.0;GER;02:37.160;6.0;39.0;ROU;02:46.014;5.4;30.0;USA;02:35.432;6.1;39.0;AUS;02:35.470;6.1;39.0
980;GBR;02:38.169;6.1;39.0;CAN;02:37.045;6.1;38.0;GER;02:37.910;6.0;39.0;ROU;02:46.860;5.4;30.0;USA;02:36.303;6.2;39.0;AUS;02:36.254;6.1;39.0
985;GBR;02:39.070;6.1;39.0;CAN;02:37.915;6.1;38.0;GER;02:38.824;6.0;39.0;ROU;02:47.845;5.4;30.0;USA;02:37.042;6.2;39.0;AUS;02:37.120;6.1;39.0
990;GBR;02:39.813;6.1;39.0;CAN;02:38.694;6.0;38.0;GER;02:39.591;6.0;39.0;ROU;02:48.706;5.4;30.0;USA;02:37.921;6.2;39.0;AUS;02:37.874;6.1;39.0
995;GBR;02:40.705;6.1;39.0;CAN;02:39.577;6.0;38.0;GER;02:40.484;6.0;39.0;ROU;02:49.653;5.5;31.0;USA;02:38.649;6.2;39.0;AUS;02:38.760;6.1;39.0
1000;GBR;02:41.467;6.1;39.0;CAN;02:40.341;6.0;38.0;GER;02:41.294;6.0;39.0;ROU;02:50.530;5.5;31.0;USA;02:39.535;6.2;39.0;AUS;02:39.499;6.1;39.0
1005;GBR;02:42.333;6.1;39.0;CAN;02:41.239;6.0;38.0;GER;02:42.139;6.0;39.0;ROU;02:51.438;5.5;31.0;USA;02:40.263;6.2;39.0;AUS;02:40.397;6.1;39.0
1010;GBR;02:43.138;6.1;39.0;CAN;02:41.986;6.0;38.0;GER;02:42.972;6.0;39.0;ROU;02:52.362;5.5;31.0;USA;02:41.148;6.2;39.0;AUS;02:41.139;6.1;39.0
1015;GBR;02:43.959;6.1;39.0;CAN;02:42.892;6.0;38.0;GER;02:43.793;6.0;39.0;ROU;02:53.212;5.5;31.0;USA;02:41.877;6.2;39.0;AUS;02:42.035;6.1;39.0
1020;GBR;02:44.797;6.1;39.0;CAN;02:43.663;6.1;38.0;GER;02:44.685;6.0;39.0;ROU;02:54.191;5.5;31.0;USA;02:42.760;6.2;39.0;AUS;02:42.793;6.1;39.0
1025;GBR;02:45.604;6.1;39.0;CAN;02:44.549;6.0;38.0;GER;02:45.451;6.0;39.0;ROU;02:55.016;5.5;31.0;USA;02:43.500;6.2;39.0;AUS;02:43.664;6.1;39.0
1030;GBR;02:46.445;6.1;39.0;CAN;02:45.298;6.1;38.0;GER;02:46.365;5.9;39.0;ROU;02:56.024;5.5;30.0;USA;02:44.374;6.2;39.0;AUS;02:44.467;6.1;39.0
1035;GBR;02:47.199;6.1;39.0;CAN;02:46.214;6.0;38.0;GER;02:47.121;5.9;39.0;ROU;02:56.881;5.4;30.0;USA;02:45.135;6.2;39.0;AUS;02:45.295;6.1;39.0
1040;GBR;02:48.078;6.1;39.0;CAN;02:46.973;6.0;38.0;GER;02:48.041;5.9;39.0;ROU;02:57.852;5.5;30.0;USA;02:45.989;6.2;39.0;AUS;02:46.131;6.1;39.0
1045;GBR;02:48.815;6.1;39.0;CAN;02:47.879;6.0;38.0;GER;02:48.823;5.9;39.0;ROU;02:58.679;5.5;30.0;USA;02:46.750;6.2;39.0;AUS;02:46.937;6.1;39.0
1050;GBR;02:49.707;6.1;39.0;CAN;02:48.653;6.0;38.0;GER;02:49.712;5.9;39.0;ROU;02:59.663;5.5;30.0;USA;02:47.606;6.2;39.0;AUS;02:47.787;6.1;39.0
1055;GBR;02:50.460;6.1;39.0;CAN;02:49.543;6.0;38.0;GER;02:50.548;5.9;39.0;ROU;03:00.482;5.5;31.0;USA;02:48.420;6.2;39.0;AUS;02:48.551;6.1;39.0
1060;GBR;02:51.339;6.1;39.0;CAN;02:50.342;6.0;38.0;GER;02:51.383;5.9;39.0;ROU;03:01.458;5.5;31.0;USA;02:49.224;6.1;39.0;AUS;02:49.435;6.1;39.0
1065;GBR;02:52.094;6.1;39.0;CAN;02:51.208;6.0;38.0;GER;02:52.271;5.9;39.0;ROU;03:02.263;5.6;32.0;USA;02:50.064;6.1;39.0;AUS;02:50.187;6.1;39.0
1070;GBR;02:52.968;6.1;39.0;CAN;02:52.030;6.0;38.0;GER;02:53.055;5.9;39.0;ROU;03:03.225;5.6;33.0;USA;02:50.840;6.1;39.0;AUS;02:51.089;6.1;39.0
1075;GBR;02:53.762;6.1;39.0;CAN;02:52.874;6.0;38.0;GER;02:53.971;5.9;39.0;ROU;03:04.043;5.6;33.0;USA;02:51.698;6.1;39.0;AUS;02:51.831;6.1;39.0
1080;GBR;02:54.593;6.1;39.0;CAN;02:53.710;6.0;38.0;GER;02:54.736;5.9;39.0;ROU;03:04.968;5.7;34.0;USA;02:52.458;6.1;39.0;AUS;02:52.740;6.0;39.0
1085;GBR;02:55.432;6.1;39.0;CAN;02:54.530;6.0;38.0;GER;02:55.668;5.9;39.0;ROU;03:05.743;5.7;34.0;USA;02:53.330;6.1;39.0;AUS;02:53.494;6.1;39.0
1090;GBR;02:56.218;6.1;39.0;CAN;02:55.401;6.0;38.0;GER;02:56.447;5.9;39.0;ROU;03:06.675;5.8;35.0;USA;02:54.073;6.1;39.0;AUS;02:54.387;6.0;39.0
1095;GBR;02:57.086;6.1;39.0;CAN;02:56.192;6.0;38.0;GER;02:57.359;5.9;39.0;ROU;03:07.454;5.8;35.0;USA;02:54.955;6.1;39.0;AUS;02:55.174;6.1;39.0
1100;GBR;02:57.844;6.1;39.0;CAN;02:57.087;6.0;38.0;GER;02:58.175;5.9;39.0;ROU;03:08.365;5.9;36.0;USA;02:55.694;6.1;39.0;AUS;02:56.031;6.0;39.0
1105;GBR;02:58.730;6.1;39.0;CAN;02:57.858;6.0;38.0;GER;02:59.077;5.9;39.0;ROU;03:09.118;5.9;36.0;USA;02:56.580;6.1;39.0;AUS;02:56.858;6.1;39.0
1110;GBR;02:59.474;6.1;39.0;CAN;02:58.763;5.9;38.0;GER;02:59.934;5.9;39.0;ROU;03:10.046;5.9;36.0;USA;02:57.313;6.2;39.0;AUS;02:57.677;6.0;39.0
1115;GBR;03:00.375;6.1;39.0;CAN;02:59.525;6.0;38.0;GER;03:00.744;5.8;39.0;ROU;03:10.807;6.0;36.0;USA;02:58.203;6.1;39.0;AUS;02:58.524;6.1;39.0
1120;GBR;03:01.116;6.1;39.0;CAN;03:00.444;5.9;38.0;GER;03:01.659;5.8;39.0;ROU;03:11.698;6.0;37.0;USA;02:58.938;6.2;39.0;AUS;02:59.318;6.0;39.0
1125;GBR;03:02.017;6.1;39.0;CAN;03:01.202;5.9;38.0;GER;03:02.441;5.9;39.0;ROU;03:12.480;6.0;37.0;USA;02:59.828;6.1;39.0;AUS;03:00.202;6.0;39.0
1130;GBR;03:02.776;6.1;39.0;CAN;03:02.128;5.9;38.0;GER;03:03.369;5.8;39.0;ROU;03:13.356;6.0;37.0;USA;03:00.568;6.2;39.0;AUS;03:00.986;6.0;39.0
1135;GBR;03:03.652;6.1;39.0;CAN;03:02.890;5.9;38.0;GER;03:04.169;5.8;39.0;ROU;03:14.149;6.0;37.0;USA;03:01.454;6.1;39.0;AUS;03:01.868;6.0;39.0
1140;GBR;03:04.462;6.1;39.0;CAN;03:03.813;5.9;38.0;GER;03:05.051;5.8;39.0;ROU;03:15.009;6.0;37.0;USA;03:02.213;6.2;39.0;AUS;03:02.617;6.0;39.0
1145;GBR;03:05.290;6.1;39.0;CAN;03:04.604;5.9;38.0;GER;03:05.914;5.9;39.0;ROU;03:15.818;6.0;37.0;USA;03:03.075;6.1;39.0;AUS;03:03.529;6.0;39.0
1150;GBR;03:06.133;6.1;39.0;CAN;03:05.507;5.9;38.0;GER;03:06.725;5.9;39.0;ROU;03:16.661;6.0;37.0;USA;03:03.864;6.1;39.0;AUS;03:04.281;6.0;39.0
1155;GBR;03:06.932;6.0;39.0;CAN;03:06.328;5.9;38.0;GER;03:07.623;5.9;39.0;ROU;03:17.481;6.1;37.0;USA;03:04.701;6.1;39.0;AUS;03:05.181;6.0;39.0
1160;GBR;03:07.793;6.1;39.0;CAN;03:07.188;5.9;38.0;GER;03:08.404;5.9;39.0;ROU;03:18.307;6.1;37.0;USA;03:05.504;6.1;39.0;AUS;03:05.966;6.0;39.0
1165;GBR;03:08.550;6.1;39.0;CAN;03:08.052;5.9;38.0;GER;03:09.335;5.9;39.0;ROU;03:19.142;6.1;37.0;USA;03:06.330;6.1;39.0;AUS;03:06.828;6.0;39.0
1170;GBR;03:09.440;6.1;39.0;CAN;03:08.881;5.9;38.0;GER;03:10.107;5.9;39.0;ROU;03:19.958;6.1;37.0;USA;03:07.168;6.1;39.0;AUS;03:07.652;6.1;39.0
1175;GBR;03:10.200;6.1;39.0;CAN;03:09.757;5.9;38.0;GER;03:11.037;5.9;39.0;ROU;03:20.805;6.1;37.0;USA;03:07.959;6.1;39.0;AUS;03:08.472;6.0;39.0
1180;GBR;03:11.090;6.1;39.0;CAN;03:10.573;5.9;38.0;GER;03:11.866;5.9;39.0;ROU;03:21.606;6.1;37.0;USA;03:08.819;6.1;39.0;AUS;03:09.319;6.1;39.0
1185;GBR;03:11.841;6.1;39.0;CAN;03:11.490;5.8;38.0;GER;03:12.726;5.8;39.0;ROU;03:22.463;6.1;37.0;USA;03:09.614;6.1;38.0;AUS;03:10.105;6.0;39.0
1190;GBR;03:12.731;6.1;39.0;CAN;03:12.271;5.8;38.0;GER;03:13.588;5.8;39.0;ROU;03:23.260;6.1;37.0;USA;03:10.463;6.1;38.0;AUS;03:10.987;6.0;39.0
1195;GBR;03:13.516;6.1;39.0;CAN;03:13.203;5.8;37.0;GER;03:14.407;5.8;39.0;ROU;03:24.119;6.1;37.0;USA;03:11.249;6.1;38.0;AUS;03:11.748;6.0;39.0
1200;GBR;03:14.363;6.1;39.0;CAN;03:13.972;5.8;37.0;GER;03:15.309;5.8;39.0;ROU;03:24.934;6.0;37.0;USA;03:12.105;6.1;38.0;AUS;03:12.647;6.0;39.0
1205;GBR;03:15.192;6.1;39.0;CAN;03:14.907;5.8;37.0;GER;03:16.094;5.9;39.0;ROU;03:25.814;6.0;37.0;USA;03:12.880;6.1;38.0;AUS;03:13.395;6.0;39.0
1210;GBR;03:16.021;6.1;39.0;CAN;03:15.674;5.8;37.0;GER;03:17.030;5.9;39.0;ROU;03:26.641;6.0;37.0;USA;03:13.740;6.1;38.0;AUS;03:14.309;6.0;39.0
1215;GBR;03:16.862;6.1;39.0;CAN;03:16.614;5.8;37.0;GER;03:17.814;5.9;39.0;ROU;03:27.512;5.9;36.0;USA;03:14.476;6.1;38.0;AUS;03:15.063;6.0;39.0
1220;GBR;03:17.630;6.1;39.0;CAN;03:17.410;5.9;37.0;GER;03:18.727;5.8;39.0;ROU;03:28.390;5.8;36.0;USA;03:15.375;6.1;38.0;AUS;03:15.969;6.0;39.0
1225;GBR;03:18.514;6.1;39.0;CAN;03:18.320;5.8;37.0;GER;03:19.572;5.8;39.0;ROU;03:29.262;5.8;35.0;USA;03:16.111;6.1;38.0;AUS;03:16.769;6.0;39.0
1230;GBR;03:19.261;6.1;39.0;CAN;03:19.151;5.8;37.0;GER;03:20.447;5.8;39.0;ROU;03:30.149;5.8;35.0;USA;03:17.005;6.1;38.0;AUS;03:17.632;6.0;39.0
1235;GBR;03:20.158;6.1;39.0;CAN;03:20.026;5.8;37.0;GER;03:21.317;5.8;39.0;ROU;03:31.025;5.7;34.0;USA;03:17.755;6.1;38.0;AUS;03:18.480;6.0;39.0
1240;GBR;03:20.899;6.1;39.0;CAN;03:20.886;5.8;37.0;GER;03:22.107;5.8;39.0;ROU;03:31.921;5.7;34.0;USA;03:18.627;6.1;39.0;AUS;03:19.288;6.0;39.0
1245;GBR;03:21.801;6.1;39.0;CAN;03:21.726;5.8;37.0;GER;03:23.036;5.8;39.0;ROU;03:32.769;5.6;34.0;USA;03:19.404;6.1;39.0;AUS;03:20.160;5.9;39.0
1250;GBR;03:22.560;6.1;39.0;CAN;03:22.617;5.8;37.0;GER;03:23.805;5.8;39.0;ROU;03:33.729;5.6;33.0;USA;03:20.250;6.1;39.0;AUS;03:20.957;5.9;39.0
1255;GBR;03:23.446;6.1;39.0;CAN;03:23.421;5.8;37.0;GER;03:24.741;5.8;39.0;ROU;03:34.559;5.6;33.0;USA;03:21.054;6.1;39.0;AUS;03:21.841;6.0;39.0
1260;GBR;03:24.236;6.1;39.0;CAN;03:24.332;5.8;37.0;GER;03:25.544;5.8;39.0;ROU;03:35.545;5.6;33.0;USA;03:21.875;6.1;39.0;AUS;03:22.592;6.0;39.0
1265;GBR;03:25.078;6.1;39.0;CAN;03:25.118;5.8;37.0;GER;03:26.444;5.8;39.0;ROU;03:36.413;5.5;33.0;USA;03:22.697;6.1;39.0;AUS;03:23.505;6.0;39.0
1270;GBR;03:25.898;6.1;39.0;CAN;03:26.045;5.8;37.0;GER;03:27.299;5.8;39.0;ROU;03:37.397;5.4;32.0;USA;03:23.488;6.1;39.0;AUS;03:24.257;6.0;39.0
1275;GBR;03:26.717;6.1;39.0;CAN;03:26.844;5.9;37.0;GER;03:28.131;5.8;39.0;ROU;03:38.236;5.4;32.0;USA;03:24.336;6.1;39.0;AUS;03:25.176;6.0;39.0
1280;GBR;03:27.558;6.1;39.0;CAN;03:27.751;5.8;37.0;GER;03:29.035;5.8;39.0;ROU;03:39.255;5.4;32.0;USA;03:25.103;6.1;39.0;AUS;03:25.964;6.0;39.0
1285;GBR;03:28.330;6.1;39.0;CAN;03:28.520;5.9;37.0;GER;03:29.819;5.8;39.0;ROU;03:40.102;5.4;32.0;USA;03:25.963;6.1;39.0;AUS;03:26.816;6.0;39.0
1290;GBR;03:29.199;6.1;39.0;CAN;03:29.457;5.8;37.0;GER;03:30.756;5.8;39.0;ROU;03:41.134;5.4;31.0;USA;03:26.726;6.1;39.0;AUS;03:27.662;6.0;39.0
1295;GBR;03:29.969;6.1;39.0;CAN;03:30.226;5.9;37.0;GER;03:31.525;5.8;39.0;ROU;03:41.984;5.3;31.0;USA;03:27.588;6.2;39.0;AUS;03:28.460;6.0;39.0
1300;GBR;03:30.837;6.1;39.0;CAN;03:31.157;5.9;37.0;GER;03:32.463;5.8;39.0;ROU;03:43.020;5.3;31.0;USA;03:28.328;6.2;39.0;AUS;03:29.333;6.0;39.0
1305;GBR;03:31.573;6.1;39.0;CAN;03:31.954;5.9;37.0;GER;03:33.259;5.8;39.0;ROU;03:43.870;5.3;31.0;USA;03:29.214;6.2;39.0;AUS;03:30.107;6.0;39.0
1310;GBR;03:32.466;6.1;39.0;CAN;03:32.863;5.9;37.0;GER;03:34.152;5.8;39.0;ROU;03:44.900;5.3;31.0;USA;03:29.947;6.2;39.0;AUS;03:30.996;6.0;39.0
1315;GBR;03:33.201;6.1;39.0;CAN;03:33.694;5.9;37.0;GER;03:35.005;5.9;39.0;ROU;03:45.757;5.3;31.0;USA;03:30.844;6.1;39.0;AUS;03:31.747;6.0;39.0
1320;GBR;03:34.091;6.1;39.0;CAN;03:34.560;5.8;37.0;GER;03:35.865;5.9;39.0;ROU;03:46.776;5.3;31.0;USA;03:31.581;6.2;39.0;AUS;03:32.654;6.0;39.0
1325;GBR;03:34.839;6.1;39.0;CAN;03:35.423;5.8;37.0;GER;03:36.725;5.9;39.0;ROU;03:47.673;5.3;31.0;USA;03:32.470;6.1;39.0;AUS;03:33.403;6.0;39.0
1330;GBR;03:35.710;6.1;39.0;CAN;03:36.254;5.8;37.0;GER;03:37.514;5.9;39.0;ROU;03:48.624;5.4;31.0;USA;03:33.207;6.1;39.0;AUS;03:34.300;6.0;39.0
1335;GBR;03:36.499;6.2;39.0;CAN;03:37.130;5.9;37.0;GER;03:38.424;5.9;39.0;ROU;03:49.525;5.4;30.0;USA;03:34.097;6.1;39.0;AUS;03:35.083;6.1;39.0
1340;GBR;03:37.332;6.1;39.0;CAN;03:37.933;5.9;37.0;GER;03:39.198;5.9;39.0;ROU;03:50.475;5.4;30.0;USA;03:34.835;6.1;39.0;AUS;03:35.941;6.0;39.0
1345;GBR;03:38.136;6.1;39.0;CAN;03:38.831;5.9;37.0;GER;03:40.113;5.9;39.0;ROU;03:51.381;5.4;30.0;USA;03:35.720;6.1;39.0;AUS;03:36.767;6.1;39.0
1350;GBR;03:38.965;6.1;39.0;CAN;03:39.640;5.9;37.0;GER;03:40.888;5.9;39.0;ROU;03:52.290;5.4;30.0;USA;03:36.494;6.1;39.0;AUS;03:37.599;6.1;39.0
1355;GBR;03:39.793;6.1;39.0;CAN;03:40.523;5.9;37.0;GER;03:41.796;5.9;39.0;ROU;03:53.226;5.4;30.0;USA;03:37.341;6.1;39.0;AUS;03:38.439;6.1;39.0
1360;GBR;03:40.560;6.1;39.0;CAN;03:41.288;5.9;37.0;GER;03:42.622;5.9;39.0;ROU;03:54.072;5.4;30.0;USA;03:38.143;6.2;39.0;AUS;03:39.243;6.1;39.0
1365;GBR;03:41.422;6.1;39.0;CAN;03:42.212;5.9;37.0;GER;03:43.467;5.9;39.0;ROU;03:55.059;5.5;30.0;USA;03:38.961;6.1;39.0;AUS;03:40.096;6.1;39.0
1370;GBR;03:42.170;6.1;39.0;CAN;03:42.971;5.9;37.0;GER;03:44.332;5.9;39.0;ROU;03:55.882;5.4;30.0;USA;03:39.789;6.1;39.0;AUS;03:40.848;6.1;39.0
1375;GBR;03:43.045;6.1;39.0;CAN;03:43.899;5.9;37.0;GER;03:45.140;5.9;39.0;ROU;03:56.892;5.5;30.0;USA;03:40.580;6.1;39.0;AUS;03:41.748;6.1;39.0
1380;GBR;03:43.779;6.2;39.0;CAN;03:44.655;5.9;37.0;GER;03:46.029;5.9;39.0;ROU;03:57.718;5.5;30.0;USA;03:41.434;6.1;39.0;AUS;03:42.492;6.1;39.0
1385;GBR;03:44.665;6.2;39.0;CAN;03:45.586;5.9;37.0;GER;03:46.791;5.9;39.0;ROU;03:58.715;5.5;30.0;USA;03:42.199;6.1;39.0;AUS;03:43.393;6.0;39.0
1390;GBR;03:45.397;6.2;39.0;CAN;03:46.367;5.9;37.0;GER;03:47.709;5.9;39.0;ROU;03:59.560;5.5;30.0;USA;03:43.070;6.1;39.0;AUS;03:44.157;6.1;39.0
1395;GBR;03:46.282;6.2;39.0;CAN;03:47.275;5.9;37.0;GER;03:48.463;5.9;39.0;ROU;04:00.535;5.5;30.0;USA;03:43.820;6.1;39.0;AUS;03:45.041;6.1;39.0
1400;GBR;03:47.026;6.2;39.0;CAN;03:48.081;5.9;37.0;GER;03:49.383;5.9;39.0;ROU;04:01.428;5.5;30.0;USA;03:44.703;6.1;39.0;AUS;03:45.840;6.1;39.0
1405;GBR;03:47.894;6.2;39.0;CAN;03:48.963;5.9;37.0;GER;03:50.171;5.9;39.0;ROU;04:02.321;5.5;30.0;USA;03:45.477;6.1;39.0;AUS;03:46.685;6.0;39.0
1410;GBR;03:48.667;6.2;39.0;CAN;03:49.807;5.9;37.0;GER;03:51.054;5.9;39.0;ROU;04:03.259;5.5;30.0;USA;03:46.340;6.1;39.0;AUS;03:47.521;6.1;39.0
1415;GBR;03:49.507;6.2;39.0;CAN;03:50.661;5.9;37.0;GER;03:51.880;6.0;39.0;ROU;04:04.112;5.4;30.0;USA;03:47.079;6.1;39.0;AUS;03:48.317;6.0;39.0
1420;GBR;03:50.312;6.2;39.0;CAN;03:51.536;5.9;37.0;GER;03:52.712;5.9;39.0;ROU;04:05.110;5.5;30.0;USA;03:47.983;6.1;39.0;AUS;03:49.181;6.0;39.0
1425;GBR;03:51.122;6.2;39.0;CAN;03:52.356;5.9;37.0;GER;03:53.571;5.9;39.0;ROU;04:05.941;5.4;30.0;USA;03:48.718;6.1;39.0;AUS;03:49.957;6.0;39.0
1430;GBR;03:51.958;6.1;39.0;CAN;03:53.263;5.8;37.0;GER;03:54.368;5.9;39.0;ROU;04:06.952;5.5;30.0;USA;03:49.619;6.1;39.0;AUS;03:50.854;6.0;39.0
1435;GBR;03:52.735;6.1;39.0;CAN;03:54.057;5.8;37.0;GER;03:55.271;5.9;39.0;ROU;04:07.780;5.4;30.0;USA;03:50.356;6.1;39.0;AUS;03:51.606;6.0;39.0
1440;GBR;03:53.600;6.1;40.0;CAN;03:54.980;5.8;37.0;GER;03:56.055;6.0;39.0;ROU;04:08.791;5.5;30.0;USA;03:51.258;6.1;39.0;AUS;03:52.514;6.0;39.0
1445;GBR;03:54.367;6.1;40.0;CAN;03:55.761;5.8;37.0;GER;03:56.946;5.9;39.0;ROU;04:09.670;5.4;30.0;USA;03:52.024;6.1;38.0;AUS;03:53.267;6.0;39.0
1450;GBR;03:55.240;6.1;40.0;CAN;03:56.696;5.8;37.0;GER;03:57.706;6.0;39.0;ROU;04:10.637;5.4;30.0;USA;03:52.891;6.1;38.0;AUS;03:54.163;6.0;39.0
1455;GBR;03:55.988;6.1;40.0;CAN;03:57.463;5.8;37.0;GER;03:58.609;5.9;39.0;ROU;04:11.521;5.4;30.0;USA;03:53.686;6.1;38.0;AUS;03:54.965;6.0;39.0
1460;GBR;03:56.873;6.1;40.0;CAN;03:58.406;5.8;37.0;GER;03:59.409;6.0;39.0;ROU;04:12.474;5.4;30.0;USA;03:54.524;6.1;38.0;AUS;03:55.803;6.0;39.0
1465;GBR;03:57.617;6.1;40.0;CAN;03:59.180;5.8;37.0;GER;04:00.266;6.0;39.0;ROU;04:13.388;5.4;30.0;USA;03:55.351;6.1;38.0;AUS;03:56.654;6.0;40.0
1470;GBR;03:58.503;6.1;40.0;CAN;04:00.112;5.8;37.0;GER;04:01.113;6.0;39.0;ROU;04:14.277;5.4;30.0;USA;03:56.155;6.1;38.0;AUS;03:57.436;6.0;40.0
1475;GBR;03:59.281;6.1;40.0;CAN;04:00.906;5.8;37.0;GER;04:01.916;6.0;39.0;ROU;04:15.236;5.4;30.0;USA;03:57.006;6.1;38.0;AUS;03:58.319;6.0;40.0
1480;GBR;04:00.137;6.1;40.0;CAN;04:01.819;5.8;37.0;GER;04:02.793;6.0;39.0;ROU;04:16.100;5.4;30.0;USA;03:57.781;6.1;38.0;AUS;03:59.074;6.0;40.0
1485;GBR;04:00.948;6.1;40.0;CAN;04:02.654;5.8;37.0;GER;04:03.567;6.0;39.0;ROU;04:17.097;5.4;30.0;USA;03:58.655;6.1;38.0;AUS;03:59.978;6.0;40.0
1490;GBR;04:01.743;6.1;40.0;CAN;04:03.521;5.8;37.0;GER;04:04.482;6.0;39.0;ROU;04:17.938;5.4;30.0;USA;03:59.440;6.1;38.0;AUS;04:00.728;6.0;40.0
1495;GBR;04:02.582;6.1;40.0;CAN;04:04.393;5.8;37.0;GER;04:05.233;6.0;39.0;ROU;04:18.960;5.4;30.0;USA;04:00.299;6.1;39.0;AUS;04:01.637;6.0;40.0
1500;GBR;04:03.359;6.1;40.0;CAN;04:05.219;5.8;37.0;GER;04:06.154;5.9;39.0;ROU;04:19.789;5.4;30.0;USA;04:01.040;6.1;39.0;AUS;04:02.415;6.0;40.0
1505;GBR;04:04.233;6.1;40.0;CAN;04:06.122;5.8;37.0;GER;04:06.945;6.0;39.0;ROU;04:20.803;5.4;31.0;USA;04:01.946;6.1;39.0;AUS;04:03.279;6.0;40.0
1510;GBR;04:04.978;6.1;40.0;CAN;04:06.921;5.8;37.0;GER;04:07.840;5.9;39.0;ROU;04:21.633;5.4;31.0;USA;04:02.683;6.1;39.0;AUS;04:04.111;6.0;40.0
1515;GBR;04:05.868;6.1;40.0;CAN;04:07.838;5.8;37.0;GER;04:08.666;5.9;39.0;ROU;04:22.643;5.4;31.0;USA;04:03.582;6.1;39.0;AUS;04:04.920;6.0;40.0
1520;GBR;04:06.605;6.1;40.0;CAN;04:08.631;5.8;37.0;GER;04:09.477;5.9;40.0;ROU;04:23.474;5.4;31.0;USA;04:04.337;6.1;39.0;AUS;04:05.794;6.0;40.0
1525;GBR;04:07.493;6.1;40.0;CAN;04:09.583;5.8;37.0;GER;04:10.362;5.9;40.0;ROU;04:24.462;5.5;31.0;USA;04:05.234;6.1;39.0;AUS;04:06.566;6.0;40.0
1530;GBR;04:08.254;6.1;40.0;CAN;04:10.364;5.8;37.0;GER;04:11.136;5.9;40.0;ROU;04:25.305;5.5;31.0;USA;04:06.019;6.1;39.0;AUS;04:07.469;6.0;40.0
1535;GBR;04:09.112;6.1;40.0;CAN;04:11.312;5.8;37.0;GER;04:12.052;5.9;40.0;ROU;04:26.272;5.5;31.0;USA;04:06.880;6.1;39.0;AUS;04:08.243;6.0;40.0
1540;GBR;04:09.923;6.1;40.0;CAN;04:12.113;5.8;37.0;GER;04:12.811;5.9;40.0;ROU;04:27.146;5.5;31.0;USA;04:07.716;6.0;39.0;AUS;04:09.141;6.0;40.0
1545;GBR;04:10.736;6.1;40.0;CAN;04:13.032;5.8;37.0;GER;04:13.731;5.9;40.0;ROU;04:28.061;5.5;31.0;USA;04:08.539;6.0;39.0;AUS;04:09.914;6.0;40.0
1550;GBR;04:11.566;6.1;40.0;CAN;04:13.878;5.8;37.0;GER;04:14.532;5.9;40.0;ROU;04:28.951;5.5;31.0;USA;04:09.415;6.0;39.0;AUS;04:10.808;5.9;40.0
1555;GBR;04:12.323;6.1;40.0;CAN;04:14.741;5.8;38.0;GER;04:15.409;5.9;40.0;ROU;04:29.827;5.5;31.0;USA;04:10.193;5.9;39.0;AUS;04:11.641;6.0;40.0
1560;GBR;04:13.184;6.2;40.0;CAN;04:15.629;5.8;38.0;GER;04:16.269;5.9;40.0;ROU;04:30.760;5.6;31.0;USA;04:11.098;5.9;39.0;AUS;04:12.466;5.9;40.0
1565;GBR;04:13.923;6.2;40.0;CAN;04:16.441;5.8;38.0;GER;04:17.079;5.9;40.0;ROU;04:31.575;5.6;31.0;USA;04:11.886;6.0;39.0;AUS;04:13.330;6.0;40.0
1570;GBR;04:14.797;6.2;40.0;CAN;04:17.356;5.8;38.0;GER;04:17.988;5.9;40.0;ROU;04:32.563;5.6;31.0;USA;04:12.770;5.9;39.0;AUS;04:14.121;5.9;40.0
1575;GBR;04:15.522;6.2;40.0;CAN;04:18.131;5.8;38.0;GER;04:18.757;5.9;40.0;ROU;04:33.375;5.6;31.0;USA;04:13.525;6.0;39.0;AUS;04:15.007;6.0;40.0
1580;GBR;04:16.403;6.2;41.0;CAN;04:19.061;5.8;38.0;GER;04:19.690;5.9;40.0;ROU;04:34.367;5.6;31.0;USA;04:14.446;5.9;39.0;AUS;04:15.768;6.0;40.0
1585;GBR;04:17.171;6.2;41.0;CAN;04:19.827;5.8;38.0;GER;04:20.485;5.9;40.0;ROU;04:35.189;5.6;31.0;USA;04:15.223;6.0;39.0;AUS;04:16.668;6.0;40.0
1590;GBR;04:18.010;6.2;41.0;CAN;04:20.755;5.9;38.0;GER;04:21.388;5.8;40.0;ROU;04:36.182;5.6;31.0;USA;04:16.100;6.0;39.0;AUS;04:17.419;6.0;40.0
1595;GBR;04:18.822;6.2;41.0;CAN;04:21.566;5.9;39.0;GER;04:22.254;5.8;40.0;ROU;04:37.013;5.5;31.0;USA;04:16.932;6.0;39.0;AUS;04:18.319;6.0;40.0
1600;GBR;04:19.604;6.2;41.0;CAN;04:22.446;5.9;39.0;GER;04:23.082;5.8;40.0;ROU;04:37.990;5.5;31.0;USA;04:17.775;6.0;39.0;AUS;04:19.134;6.0;40.0
1605;GBR;04:20.456;6.2;41.0;CAN;04:23.301;5.9;39.0;GER;04:23.988;5.8;40.0;ROU;04:38.870;5.5;31.0;USA;04:18.628;6.0;39.0;AUS;04:19.959;6.0;40.0
1610;GBR;04:21.225;6.2;41.0;CAN;04:24.129;5.9;39.0;GER;04:24.773;5.8;40.0;ROU;04:39.788;5.5;31.0;USA;04:19.404;6.0;39.0;AUS;04:20.819;6.0;40.0
1615;GBR;04:22.070;6.2;41.0;CAN;04:25.038;5.9;39.0;GER;04:25.719;5.8;40.0;ROU;04:40.683;5.5;31.0;USA;04:20.298;6.0;39.0;AUS;04:21.625;6.0;40.0
1620;GBR;04:22.797;6.2;41.0;CAN;04:25.846;5.9;39.0;GER;04:26.530;5.8;40.0;ROU;04:41.626;5.5;31.0;USA;04:21.043;6.0;39.0;AUS;04:22.491;6.0;40.0
1625;GBR;04:23.681;6.2;41.0;CAN;04:26.751;5.8;39.0;GER;04:27.436;5.8;40.0;ROU;04:42.540;5.5;31.0;USA;04:21.948;6.0;39.0;AUS;04:23.272;6.0;40.0
1630;GBR;04:24.422;6.2;41.0;CAN;04:27.532;5.8;39.0;GER;04:28.309;5.8;40.0;ROU;04:43.446;5.4;31.0;USA;04:22.693;6.0;39.0;AUS;04:24.154;6.0;40.0
1635;GBR;04:25.290;6.2;41.0;CAN;04:28.464;5.8;39.0;GER;04:29.137;5.8;40.0;ROU;04:44.384;5.4;31.0;USA;04:23.598;6.0;39.0;AUS;04:24.919;6.0;40.0
1640;GBR;04:26.095;6.2;41.0;CAN;04:29.290;5.8;39.0;GER;04:30.067;5.8;40.0;ROU;04:45.262;5.4;31.0;USA;04:24.364;6.1;39.0;AUS;04:25.826;6.0;40.0
1645;GBR;04:26.911;6.1;41.0;CAN;04:30.171;5.8;39.0;GER;04:30.843;5.8;40.0;ROU;04:46.246;5.4;31.0;USA;04:25.248;6.0;39.0;AUS;04:26.642;6.0;40.0
1650;GBR;04:27.742;6.2;41.0;CAN;04:31.067;5.8;39.0;GER;04:31.795;5.8;40.0;ROU;04:47.098;5.4;31.0;USA;04:26.060;6.1;39.0;AUS;04:27.499;5.9;40.0
1655;GBR;04:28.511;6.1;41.0;CAN;04:31.878;5.8;39.0;GER;04:32.614;5.8;40.0;ROU;04:48.107;5.4;31.0;USA;04:26.891;6.0;39.0;AUS;04:28.358;5.9;40.0
1660;GBR;04:29.384;6.1;41.0;CAN;04:32.807;5.8;39.0;GER;04:33.508;5.8;40.0;ROU;04:48.953;5.4;31.0;USA;04:27.735;6.0;39.0;AUS;04:29.170;5.9;40.0
1665;GBR;04:30.126;6.1;41.0;CAN;04:33.608;5.8;39.0;GER;04:34.394;5.8;40.0;ROU;04:49.971;5.4;31.0;USA;04:28.529;6.0;39.0;AUS;04:30.082;5.9;40.0
1670;GBR;04:31.005;6.1;41.0;CAN;04:34.536;5.8;39.0;GER;04:35.208;5.8;40.0;ROU;04:50.808;5.4;31.0;USA;04:29.406;6.0;39.0;AUS;04:30.846;5.9;40.0
1675;GBR;04:31.757;6.1;41.0;CAN;04:35.335;5.8;39.0;GER;04:36.143;5.8;40.0;ROU;04:51.832;5.4;31.0;USA;04:30.164;6.0;39.0;AUS;04:31.777;5.9;40.0
1680;GBR;04:32.618;6.1;41.0;CAN;04:36.262;5.8;39.0;GER;04:36.923;5.8;40.0;ROU;04:52.667;5.4;31.0;USA;04:31.062;6.0;40.0;AUS;04:32.582;5.9;40.0
1685;GBR;04:33.422;6.2;41.0;CAN;04:37.126;5.8;39.0;GER;04:37.872;5.8;40.0;ROU;04:53.691;5.4;31.0;USA;04:31.802;6.1;40.0;AUS;04:33.468;5.8;40.0
1690;GBR;04:34.215;6.1;41.0;CAN;04:37.971;5.8;39.0;GER;04:38.699;5.8;40.0;ROU;04:54.540;5.4;31.0;USA;04:32.694;6.1;40.0;AUS;04:34.314;5.9;40.0
1695;GBR;04:35.065;6.2;41.0;CAN;04:38.884;5.8;39.0;GER;04:39.593;5.7;40.0;ROU;04:55.566;5.4;31.0;USA;04:33.471;6.1;40.0;AUS;04:35.143;5.9;40.0
1700;GBR;04:35.811;6.2;41.0;CAN;04:39.671;5.8;39.0;GER;04:40.486;5.8;40.0;ROU;04:56.432;5.3;31.0;USA;04:34.307;6.1;40.0;AUS;04:36.044;5.9;40.0
1705;GBR;04:36.690;6.2;41.0;CAN;04:40.604;5.8;39.0;GER;04:41.308;5.7;40.0;ROU;04:57.433;5.3;32.0;USA;04:35.133;6.1;40.0;AUS;04:36.820;5.9;40.0
1710;GBR;04:37.439;6.2;41.0;CAN;04:41.378;5.8;39.0;GER;04:42.253;5.7;40.0;ROU;04:58.266;5.3;32.0;USA;04:35.924;6.1;40.0;AUS;04:37.747;5.9;40.0
1715;GBR;04:38.306;6.1;41.0;CAN;04:42.310;5.8;39.0;GER;04:43.036;5.7;40.0;ROU;04:59.282;5.4;32.0;USA;04:36.770;6.1;41.0;AUS;04:38.520;5.9;40.0
1720;GBR;04:39.062;6.2;41.0;CAN;04:43.127;5.8;39.0;GER;04:43.995;5.7;39.0;ROU;05:00.118;5.4;32.0;USA;04:37.522;6.1;41.0;AUS;04:39.454;5.8;40.0
1725;GBR;04:39.916;6.1;41.0;CAN;04:44.003;5.8;39.0;GER;04:44.834;5.7;39.0;ROU;05:01.123;5.4;33.0;USA;04:38.393;6.1;41.0;AUS;04:40.263;5.9;40.0
1730;GBR;04:40.734;6.2;41.0;CAN;04:44.879;5.9;39.0;GER;04:45.743;5.7;39.0;ROU;05:01.966;5.4;33.0;USA;04:39.115;6.2;41.0;AUS;04:41.129;5.9;40.0
1735;GBR;04:41.518;6.1;41.0;CAN;04:45.688;5.8;39.0;GER;04:46.639;5.7;39.0;ROU;05:02.933;5.4;34.0;USA;04:40.001;6.2;41.0;AUS;04:42.004;5.9;40.0
1740;GBR;04:42.369;6.2;41.0;CAN;04:46.597;5.8;39.0;GER;04:47.452;5.7;39.0;ROU;05:03.800;5.5;34.0;USA;04:40.740;6.2;41.0;AUS;04:42.801;5.9;40.0
1745;GBR;04:43.120;6.1;41.0;CAN;04:47.382;5.9;39.0;GER;04:48.403;5.7;39.0;ROU;05:04.723;5.5;34.0;USA;04:41.598;6.2;41.0;AUS;04:43.713;5.9;40.0
1750;GBR;04:43.986;6.2;41.0;CAN;04:48.300;5.8;39.0;GER;04:49.199;5.7;39.0;ROU;05:05.612;5.6;35.0;USA;04:42.392;6.2;41.0;AUS;04:44.481;5.9;40.0
1755;GBR;04:44.713;6.2;41.0;CAN;04:49.085;5.9;39.0;GER;04:50.152;5.7;39.0;ROU;05:06.460;5.6;35.0;USA;04:43.197;6.2;41.0;AUS;04:45.414;5.9;40.0
1760;GBR;04:45.598;6.2;41.0;CAN;04:50.001;5.8;39.0;GER;04:51.005;5.7;39.0;ROU;05:07.378;5.6;36.0;USA;04:44.010;6.2;41.0;AUS;04:46.202;5.9;40.0
1765;GBR;04:46.330;6.2;41.0;CAN;04:50.848;5.9;39.0;GER;04:51.891;5.7;39.0;ROU;05:08.192;5.7;36.0;USA;04:44.791;6.2;41.0;AUS;04:47.108;5.9;40.0
1770;GBR;04:47.190;6.2;41.0;CAN;04:51.686;5.8;39.0;GER;04:52.811;5.7;39.0;ROU;05:09.098;5.7;37.0;USA;04:45.664;6.2;41.0;AUS;04:47.955;5.9;40.0
1775;GBR;04:48.006;6.2;41.0;CAN;04:52.568;5.8;39.0;GER;04:53.658;5.7;39.0;ROU;05:09.863;5.8;37.0;USA;04:46.396;6.2;41.0;AUS;04:48.794;5.8;40.0
1780;GBR;04:48.789;6.2;41.0;CAN;04:53.386;5.9;39.0;GER;04:54.590;5.6;39.0;ROU;05:10.797;5.8;38.0;USA;04:47.282;6.2;41.0;AUS;04:49.692;5.9;40.0
1785;GBR;04:49.651;6.2;41.0;CAN;04:54.288;5.9;39.0;GER;04:55.398;5.6;39.0;ROU;05:11.605;5.9;39.0;USA;04:48.030;6.2;41.0;AUS;04:50.475;5.8;40.0
1790;GBR;04:50.395;6.2;41.0;CAN;04:55.048;5.9;39.0;GER;04:56.358;5.6;39.0;ROU;05:12.461;5.9;39.0;USA;04:48.887;6.1;41.0;AUS;04:51.404;5.8;40.0
1795;GBR;04:51.276;6.1;41.0;CAN;04:55.984;5.9;39.0;GER;04:57.238;5.6;39.0;ROU;05:13.297;6.0;40.0;USA;04:49.688;6.2;41.0;AUS;04:52.182;5.8;40.0
1800;GBR;04:52.011;6.1;41.0;CAN;04:56.782;5.9;39.0;GER;04:58.102;5.6;39.0;ROU;05:14.087;6.0;40.0;USA;04:50.492;6.1;41.0;AUS;04:53.113;5.8;40.0
1805;GBR;04:52.893;6.1;41.0;CAN;04:57.675;5.9;39.0;GER;04:59.039;5.6;39.0;ROU;05:14.933;6.0;41.0;USA;04:51.333;6.2;41.0;AUS;04:53.938;5.8;40.0
1810;GBR;04:53.674;6.1;41.0;CAN;04:58.515;5.9;39.0;GER;04:59.841;5.6;39.0;ROU;05:15.678;6.1;41.0;USA;04:52.079;6.1;41.0;AUS;04:54.812;5.8;40.0
1815;GBR;04:54.497;6.1;41.0;CAN;04:59.354;5.9;39.0;GER;05:00.821;5.6;39.0;ROU;05:16.541;6.1;41.0;USA;04:52.956;6.2;41.0;AUS;04:55.695;5.8;40.0
1820;GBR;04:55.328;6.2;41.0;CAN;05:00.256;5.9;39.0;GER;05:01.639;5.6;39.0;ROU;05:17.349;6.2;42.0;USA;04:53.687;6.2;41.0;AUS;04:56.504;5.8;40.0
1825;GBR;04:56.100;6.1;41.0;CAN;05:01.037;5.9;39.0;GER;05:02.591;5.6;39.0;ROU;05:18.118;6.2;42.0;USA;04:54.562;6.2;41.0;AUS;04:57.426;5.8;39.0
1830;GBR;04:56.953;6.2;41.0;CAN;05:01.971;5.8;39.0;GER;05:03.491;5.6;39.0;ROU;05:18.968;6.2;42.0;USA;04:55.330;6.2;41.0;AUS;04:58.202;5.8;39.0
1835;GBR;04:57.683;6.2;41.0;CAN;05:02.743;5.9;39.0;GER;05:04.370;5.6;39.0;ROU;05:19.692;6.2;43.0;USA;04:56.159;6.2;42.0;AUS;04:59.147;5.8;39.0
1840;GBR;04:58.557;6.2;41.0;CAN;05:03.683;5.8;39.0;GER;05:05.306;5.6;39.0;ROU;05:20.556;6.3;43.0;USA;04:56.982;6.2;42.0;AUS;04:59.947;5.8;39.0
1845;GBR;04:59.280;6.2;41.0;CAN;05:04.479;5.8;39.0;GER;05:06.118;5.6;39.0;ROU;05:21.325;6.3;43.0;USA;04:57.744;6.2;42.0;AUS;05:00.855;5.8;39.0
1850;GBR;05:00.153;6.2;41.0;CAN;05:05.397;5.8;39.0;GER;05:07.095;5.6;39.0;ROU;05:22.118;6.3;44.0;USA;04:58.600;6.2;42.0;AUS;05:01.725;5.8;39.0
1855;GBR;05:00.918;6.2;41.0;CAN;05:06.269;5.8;39.0;GER;05:07.940;5.6;39.0;ROU;05:22.954;6.3;44.0;USA;04:59.333;6.2;42.0;AUS;05:02.548;5.8;39.0
1860;GBR;05:01.737;6.2;41.0;CAN;05:07.096;5.8;39.0;GER;05:08.870;5.6;39.0;ROU;05:23.676;6.3;44.0;USA;05:00.215;6.2;42.0;AUS;05:03.462;5.8;39.0
1865;GBR;05:02.561;6.3;42.0;CAN;05:08.007;5.8;39.0;GER;05:09.777;5.6;39.0;ROU;05:24.545;6.3;44.0;USA;05:00.935;6.2;42.0;AUS;05:04.270;5.8;39.0
1870;GBR;05:03.320;6.2;42.0;CAN;05:08.793;5.8;39.0;GER;05:10.631;5.6;39.0;ROU;05:25.288;6.3;44.0;USA;05:01.816;6.2;42.0;AUS;05:05.176;5.8;39.0
1875;GBR;05:04.166;6.3;42.0;CAN;05:09.734;5.8;39.0;GER;05:11.608;5.5;39.0;ROU;05:26.111;6.3;44.0;USA;05:02.606;6.2;42.0;AUS;05:05.971;5.8;39.0
1880;GBR;05:04.885;6.3;42.0;CAN;05:10.516;5.8;39.0;GER;05:12.421;5.6;39.0;ROU;05:26.934;6.3;44.0;USA;05:03.402;6.2;42.0;AUS;05:06.883;5.8;39.0
1885;GBR;05:05.755;6.3;42.0;CAN;05:11.449;5.8;39.0;GER;05:13.394;5.5;39.0;ROU;05:27.667;6.3;44.0;USA;05:04.238;6.2;42.0;AUS;05:07.740;5.8;40.0
1890;GBR;05:06.494;6.3;42.0;CAN;05:12.277;5.8;39.0;GER;05:14.284;5.6;39.0;ROU;05:28.528;6.3;44.0;USA;05:04.977;6.2;42.0;AUS;05:08.574;5.8;40.0
1895;GBR;05:07.332;6.3;42.0;CAN;05:13.170;5.8;39.0;GER;05:15.191;5.6;39.0;ROU;05:29.260;6.3;44.0;USA;05:05.838;6.2;42.0;AUS;05:09.484;5.8;40.0
1900;GBR;05:08.137;6.3;42.0;CAN;05:14.051;5.8;39.0;GER;05:16.123;5.5;39.0;ROU;05:30.097;6.3;44.0;USA;05:06.571;6.3;42.0;AUS;05:10.264;5.8;40.0
1905;GBR;05:08.905;6.3;42.0;CAN;05:14.865;5.8;39.0;GER;05:16.944;5.5;39.0;ROU;05:30.902;6.3;44.0;USA;05:07.439;6.3;42.0;AUS;05:11.203;5.8;40.0
1910;GBR;05:09.747;6.3;42.0;CAN;05:15.787;5.8;39.0;GER;05:17.933;5.5;39.0;ROU;05:31.689;6.3;44.0;USA;05:08.185;6.3;42.0;AUS;05:11.986;5.8;40.0
1915;GBR;05:10.476;6.3;42.0;CAN;05:16.578;5.8;39.0;GER;05:18.778;5.5;39.0;ROU;05:32.501;6.3;44.0;USA;05:09.037;6.2;42.0;AUS;05:12.921;5.8;40.0
1920;GBR;05:11.342;6.3;42.0;CAN;05:17.530;5.8;39.0;GER;05:19.723;5.5;38.0;ROU;05:33.224;6.3;44.0;USA;05:09.785;6.3;42.0;AUS;05:13.755;5.8;39.0
1925;GBR;05:12.058;6.3;42.0;CAN;05:18.326;5.8;39.0;GER;05:20.613;5.5;38.0;ROU;05:34.080;6.3;44.0;USA;05:10.591;6.3;42.0;AUS;05:14.631;5.8;39.0
1930;GBR;05:12.925;6.3;42.0;CAN;05:19.270;5.7;38.0;GER;05:21.510;5.5;38.0;ROU;05:34.855;6.3;44.0;USA;05:11.433;6.3;42.0;AUS;05:15.524;5.8;39.0
1935;GBR;05:13.697;6.3;42.0;CAN;05:20.114;5.7;38.0;GER;05:22.474;5.5;38.0;ROU;05:35.638;6.3;44.0;USA;05:12.187;6.3;42.0;AUS;05:16.335;5.8;39.0
1940;GBR;05:14.503;6.3;42.0;CAN;05:21.013;5.7;38.0;GER;05:23.290;5.5;38.0;ROU;05:36.471;6.3;44.0;USA;05:13.033;6.3;42.0;AUS;05:17.263;5.8;39.0
1945;GBR;05:15.322;6.3;42.0;CAN;05:21.893;5.7;38.0;GER;05:24.277;5.5;38.0;ROU;05:37.191;6.3;44.0;USA;05:13.759;6.3;42.0;AUS;05:18.041;5.8;39.0
1950;GBR;05:16.091;6.3;42.0;CAN;05:22.710;5.7;38.0;GER;05:25.127;5.5;38.0;ROU;05:38.055;6.3;44.0;USA;05:14.634;6.3;42.0;AUS;05:18.995;5.8;39.0
1955;GBR;05:16.943;6.3;42.0;CAN;05:23.636;5.7;38.0;GER;05:26.068;5.5;38.0;ROU;05:38.763;6.3;44.0;USA;05:15.388;6.3;42.0;AUS;05:19.809;5.8;39.0
1960;GBR;05:17.672;6.2;42.0;CAN;05:24.463;5.8;38.0;GER;05:26.994;5.5;38.0;ROU;05:39.638;6.3;44.0;USA;05:16.247;6.2;42.0;AUS;05:20.714;5.8;39.0
1965;GBR;05:18.550;6.2;42.0;CAN;05:25.385;5.7;38.0;GER;05:27.841;5.5;38.0;ROU;05:40.417;6.3;44.0;USA;05:17.035;6.2;42.0;AUS;05:21.593;5.8;39.0
1970;GBR;05:19.277;6.2;42.0;CAN;05:26.180;5.8;38.0;GER;05:28.812;5.5;38.0;ROU;05:41.179;6.3;44.0;USA;05:17.860;6.2;42.0;AUS;05:22.465;5.8;39.0
1975;GBR;05:20.153;6.2;41.0;CAN;05:27.121;5.7;38.0;GER;05:29.623;5.5;38.0;ROU;05:42.022;6.3;44.0;USA;05:18.679;6.2;41.0;AUS;05:23.353;5.7;39.0
1980;GBR;05:20.910;6.2;41.0;CAN;05:27.937;5.7;38.0;GER;05:30.616;5.5;38.0;ROU;05:42.756;6.3;44.0;USA;05:19.424;6.2;41.0;AUS;05:24.162;5.7;39.0
1985;GBR;05:21.769;6.2;41.0;CAN;05:28.860;5.7;38.0;GER;05:31.475;5.5;38.0;ROU;05:43.621;6.3;44.0;USA;05:20.300;6.2;41.0;AUS;05:25.102;5.7;39.0
1990;GBR;05:22.592;6.2;41.0;CAN;05:29.754;5.7;38.0;GER;05:32.429;5.5;38.0;ROU;05:44.344;6.3;44.0;USA;05:21.048;6.2;41.0;AUS;05:25.896;5.7;39.0
1995;GBR;05:23.392;6.1;41.0;CAN;05:30.592;5.7;38.0;GER;05:33.329;5.5;38.0;ROU;05:45.235;6.2;43.0;USA;05:21.919;6.2;41.0;AUS;05:26.842;5.7;39.0
2000;GBR;05:24.276;6.1;41.0;CAN;05:31.532;5.7;38.0;GER;05:34.206;5.5;38.0;ROU;05:46.028;6.2;43.0;USA;05:22.671;6.2;41.0;AUS;05:27.688;5.7;39.0
