Distance;ShortName2;Time2;Speed2;Stroke2;ShortName1;Time1;Speed1;Stroke1;ShortName3;Time3;Speed3;Stroke3;
5;USA;00:03.060;3.0;0.0;CHI;00:02.973;2.8;0.0;MEX;00:02.919;2.9;0.0
10;USA;00:04.438;3.3;40.0;CHI;00:04.368;3.3;44.0;MEX;00:04.263;3.4;41.0
15;USA;00:05.578;3.6;40.0;CHI;00:05.513;3.7;45.0;MEX;00:05.449;3.7;41.0
20;USA;00:06.590;4.1;42.0;CHI;00:06.553;4.2;46.0;MEX;00:06.476;4.1;41.0
25;USA;00:07.700;4.5;43.0;CHI;00:07.551;4.6;46.0;MEX;00:07.606;4.4;41.0
30;USA;00:08.745;4.8;43.0;CHI;00:08.514;4.9;47.0;MEX;00:08.705;4.6;41.0
35;USA;00:09.739;4.9;44.0;CHI;00:09.499;5.0;47.0;MEX;00:09.766;4.7;41.0
40;USA;00:10.625;5.0;44.0;CHI;00:10.500;5.2;48.0;MEX;00:10.755;4.8;41.0
45;USA;00:11.641;5.1;44.0;CHI;00:11.439;5.2;48.0;MEX;00:11.807;4.8;41.0
50;USA;00:12.644;5.2;44.0;CHI;00:12.318;5.3;48.0;MEX;00:12.868;4.8;41.0
55;USA;00:13.555;5.2;44.0;CHI;00:13.333;5.3;47.0;MEX;00:13.815;4.9;41.0
60;USA;00:14.511;5.2;44.0;CHI;00:14.307;5.3;47.0;MEX;00:14.852;4.9;41.0
65;USA;00:15.522;5.2;44.0;CHI;00:15.175;5.3;46.0;MEX;00:15.940;4.9;41.0
70;USA;00:16.459;5.2;44.0;CHI;00:16.167;5.3;46.0;MEX;00:16.940;4.9;41.0
75;USA;00:17.389;5.2;43.0;CHI;00:17.172;5.3;45.0;MEX;00:17.926;4.9;41.0
80;USA;00:18.419;5.2;43.0;CHI;00:18.121;5.2;45.0;MEX;00:18.979;4.9;41.0
85;USA;00:19.376;5.2;43.0;CHI;00:19.019;5.2;45.0;MEX;00:20.013;4.9;41.0
90;USA;00:20.287;5.1;43.0;CHI;00:20.030;5.2;45.0;MEX;00:20.946;4.9;41.0
95;USA;00:21.325;5.1;42.0;CHI;00:21.017;5.2;44.0;MEX;00:22.049;4.9;41.0
100;USA;00:22.318;5.1;42.0;CHI;00:21.915;5.2;44.0;MEX;00:23.098;4.9;41.0
105;USA;00:23.236;5.1;42.0;CHI;00:22.963;5.2;44.0;MEX;00:24.029;4.9;41.0
110;USA;00:24.328;5.1;42.0;CHI;00:23.966;5.1;44.0;MEX;00:25.141;4.9;41.0
115;USA;00:25.391;5.0;42.0;CHI;00:24.931;5.1;44.0;MEX;00:26.195;4.8;41.0
120;USA;00:26.332;4.9;42.0;CHI;00:25.867;5.0;44.0;MEX;00:27.199;4.8;40.0
125;USA;00:27.408;4.8;41.0;CHI;00:26.923;5.1;43.0;MEX;00:28.213;4.8;40.0
130;USA;00:28.489;4.8;41.0;CHI;00:27.925;5.1;43.0;MEX;00:29.300;4.8;40.0
135;USA;00:29.473;4.8;41.0;CHI;00:28.835;5.0;43.0;MEX;00:30.350;4.8;40.0
140;USA;00:30.504;4.8;41.0;CHI;00:29.897;5.0;42.0;MEX;00:31.326;4.8;40.0
145;USA;00:31.602;4.8;40.0;CHI;00:30.936;5.0;42.0;MEX;00:32.462;4.8;40.0
150;USA;00:32.642;4.8;40.0;CHI;00:31.845;5.0;42.0;MEX;00:33.573;4.7;40.0
155;USA;00:33.629;4.8;40.0;CHI;00:32.944;4.9;41.0;MEX;00:34.541;4.7;40.0
160;USA;00:34.736;4.8;40.0;CHI;00:33.972;4.9;41.0;MEX;00:35.685;4.6;40.0
165;USA;00:35.790;4.8;40.0;CHI;00:34.882;4.9;41.0;MEX;00:36.781;4.6;40.0
170;USA;00:36.775;4.8;40.0;CHI;00:35.955;4.9;41.0;MEX;00:37.795;4.7;39.0
175;USA;00:37.861;4.8;40.0;CHI;00:37.035;4.9;41.0;MEX;00:38.871;4.7;39.0
180;USA;00:38.921;4.8;40.0;CHI;00:38.032;4.9;41.0;MEX;00:39.977;4.7;39.0
185;USA;00:39.894;4.8;40.0;CHI;00:39.027;4.9;41.0;MEX;00:41.048;4.7;39.0
190;USA;00:41.007;4.8;39.0;CHI;00:40.123;4.8;40.0;MEX;00:42.052;4.7;39.0
195;USA;00:42.109;4.7;39.0;CHI;00:41.156;4.8;40.0;MEX;00:43.199;4.6;39.0
200;USA;00:43.072;4.8;39.0;CHI;00:42.117;4.8;40.0;MEX;00:44.297;4.6;39.0
205;USA;00:44.184;4.7;39.0;CHI;00:43.219;4.8;40.0;MEX;00:45.292;4.6;39.0
210;USA;00:45.302;4.7;39.0;CHI;00:44.258;4.8;40.0;MEX;00:46.448;4.6;39.0
215;USA;00:46.273;4.7;38.0;CHI;00:45.220;4.8;40.0;MEX;00:47.598;4.6;39.0
220;USA;00:47.393;4.7;38.0;CHI;00:46.315;4.8;39.0;MEX;00:48.665;4.6;39.0
225;USA;00:48.519;4.7;38.0;CHI;00:47.370;4.8;39.0;MEX;00:49.741;4.5;39.0
230;USA;00:49.505;4.7;38.0;CHI;00:48.321;4.8;39.0;MEX;00:50.923;4.5;39.0
235;USA;00:50.635;4.6;38.0;CHI;00:49.462;4.8;39.0;MEX;00:52.065;4.5;39.0
240;USA;00:51.780;4.6;38.0;CHI;00:50.512;4.8;39.0;MEX;00:53.074;4.5;39.0
245;USA;00:52.806;4.6;38.0;CHI;00:51.507;4.8;39.0;MEX;00:54.232;4.5;39.0
250;USA;00:53.896;4.6;38.0;CHI;00:52.625;4.7;39.0;MEX;00:55.389;4.5;39.0
255;USA;00:55.055;4.6;38.0;CHI;00:53.722;4.7;39.0;MEX;00:56.457;4.5;39.0
260;USA;00:56.105;4.6;38.0;CHI;00:54.710;4.7;39.0;MEX;00:57.550;4.5;38.0
265;USA;00:57.174;4.6;38.0;CHI;00:55.817;4.7;39.0;MEX;00:58.754;4.4;38.0
270;USA;00:58.354;4.6;38.0;CHI;00:56.947;4.7;39.0;MEX;00:59.902;4.4;38.0
275;USA;00:59.455;4.5;38.0;CHI;00:57.964;4.6;39.0;MEX;01:00.931;4.4;38.0
280;USA;01:00.498;4.5;37.0;CHI;00:59.058;4.6;38.0;MEX;01:02.134;4.4;38.0
285;USA;01:01.673;4.5;37.0;CHI;01:00.189;4.6;38.0;MEX;01:03.319;4.4;38.0
290;USA;01:02.822;4.5;37.0;CHI;01:01.217;4.6;38.0;MEX;01:04.436;4.4;38.0
295;USA;01:03.837;4.5;38.0;CHI;01:02.292;4.7;38.0;MEX;01:05.511;4.4;38.0
300;USA;01:04.995;4.5;38.0;CHI;01:03.402;4.7;38.0;MEX;01:06.719;4.4;38.0
305;USA;01:06.159;4.5;38.0;CHI;01:04.468;4.7;38.0;MEX;01:07.885;4.4;38.0
310;USA;01:07.148;4.5;38.0;CHI;01:05.494;4.6;38.0;MEX;01:08.905;4.4;37.0
315;USA;01:08.270;4.6;37.0;CHI;01:06.645;4.6;38.0;MEX;01:10.120;4.4;37.0
320;USA;01:09.403;4.6;37.0;CHI;01:07.740;4.6;38.0;MEX;01:11.264;4.4;37.0
325;USA;01:10.390;4.6;37.0;CHI;01:08.748;4.6;38.0;MEX;01:12.292;4.4;37.0
330;USA;01:11.508;4.6;37.0;CHI;01:09.914;4.6;38.0;MEX;01:13.447;4.5;37.0
335;USA;01:12.639;4.6;37.0;CHI;01:11.014;4.6;38.0;MEX;01:14.609;4.5;37.0
340;USA;01:13.623;4.6;37.0;CHI;01:12.004;4.6;37.0;MEX;01:15.669;4.5;37.0
345;USA;01:14.741;4.6;37.0;CHI;01:13.162;4.6;37.0;MEX;01:16.768;4.5;37.0
350;USA;01:15.872;4.6;37.0;CHI;01:14.254;4.6;37.0;MEX;01:17.934;4.5;37.0
355;USA;01:16.864;4.6;37.0;CHI;01:15.259;4.6;37.0;MEX;01:19.023;4.5;37.0
360;USA;01:18.011;4.6;37.0;CHI;01:16.423;4.6;37.0;MEX;01:20.112;4.5;37.0
365;USA;01:19.163;4.6;37.0;CHI;01:17.484;4.6;37.0;MEX;01:21.270;4.5;37.0
370;USA;01:20.159;4.6;37.0;CHI;01:18.536;4.6;37.0;MEX;01:22.407;4.5;37.0
375;USA;01:21.369;4.5;36.0;CHI;01:19.708;4.6;37.0;MEX;01:23.444;4.4;37.0
380;USA;01:22.523;4.5;36.0;CHI;01:20.816;4.6;36.0;MEX;01:24.638;4.4;37.0
385;USA;01:23.554;4.4;36.0;CHI;01:21.837;4.6;36.0;MEX;01:25.799;4.4;37.0
390;USA;01:24.730;4.4;36.0;CHI;01:23.013;4.5;36.0;MEX;01:26.815;4.4;37.0
395;USA;01:25.910;4.4;36.0;CHI;01:24.126;4.5;36.0;MEX;01:28.009;4.4;37.0
400;USA;01:26.929;4.4;36.0;CHI;01:25.162;4.6;37.0;MEX;01:29.190;4.4;37.0
405;USA;01:28.093;4.4;36.0;CHI;01:26.298;4.6;37.0;MEX;01:30.244;4.4;37.0
410;USA;01:29.264;4.5;36.0;CHI;01:27.409;4.6;37.0;MEX;01:31.396;4.4;37.0
415;USA;01:30.265;4.5;36.0;CHI;01:28.412;4.6;37.0;MEX;01:32.577;4.4;37.0
420;USA;01:31.442;4.5;36.0;CHI;01:29.581;4.6;37.0;MEX;01:33.659;4.4;37.0
425;USA;01:32.604;4.5;36.0;CHI;01:30.697;4.6;37.0;MEX;01:34.785;4.4;37.0
430;USA;01:33.603;4.5;36.0;CHI;01:31.678;4.6;37.0;MEX;01:35.989;4.4;36.0
435;USA;01:34.770;4.5;36.0;CHI;01:32.858;4.6;37.0;MEX;01:37.119;4.4;36.0
440;USA;01:35.915;4.5;36.0;CHI;01:33.967;4.6;37.0;MEX;01:38.179;4.4;36.0
445;USA;01:36.912;4.6;36.0;CHI;01:34.950;4.6;37.0;MEX;01:39.383;4.4;36.0
450;USA;01:38.066;4.6;36.0;CHI;01:36.121;4.6;37.0;MEX;01:40.543;4.4;36.0
455;USA;01:39.209;4.6;36.0;CHI;01:37.226;4.6;36.0;MEX;01:41.588;4.4;36.0
460;USA;01:40.203;4.6;36.0;CHI;01:38.231;4.6;36.0;MEX;01:42.814;4.4;36.0
465;USA;01:41.390;4.5;36.0;CHI;01:39.397;4.6;36.0;MEX;01:43.999;4.3;36.0
470;USA;01:42.513;4.5;36.0;CHI;01:40.510;4.6;36.0;MEX;01:45.033;4.3;36.0
475;USA;01:43.541;4.5;36.0;CHI;01:41.514;4.6;36.0;MEX;01:46.236;4.4;36.0
480;USA;01:44.735;4.5;36.0;CHI;01:42.695;4.6;36.0;MEX;01:47.428;4.4;36.0
485;USA;01:45.892;4.5;36.0;CHI;01:43.813;4.5;37.0;MEX;01:48.487;4.4;36.0
490;USA;01:46.910;4.5;36.0;CHI;01:44.819;4.5;37.0;MEX;01:49.627;4.4;36.0
495;USA;01:48.108;4.4;36.0;CHI;01:45.978;4.6;37.0;MEX;01:50.810;4.4;36.0
500;USA;01:49.271;4.4;36.0;CHI;01:47.085;4.6;36.0;MEX;01:51.864;4.4;36.0
505;USA;01:50.283;4.4;36.0;CHI;01:48.094;4.6;36.0;MEX;01:53.009;4.4;36.0
510;USA;01:51.463;4.4;36.0;CHI;01:49.280;4.6;36.0;MEX;01:54.194;4.4;36.0
515;USA;01:52.625;4.5;36.0;CHI;01:50.404;4.5;36.0;MEX;01:55.274;4.4;36.0
520;USA;01:53.652;4.5;36.0;CHI;01:51.417;4.5;36.0;MEX;01:56.433;4.4;35.0
525;USA;01:54.859;4.4;36.0;CHI;01:52.623;4.5;36.0;MEX;01:57.649;4.3;35.0
530;USA;01:56.054;4.4;36.0;CHI;01:53.776;4.5;36.0;MEX;01:58.789;4.3;36.0
535;USA;01:57.091;4.4;36.0;CHI;01:54.782;4.4;36.0;MEX;01:59.883;4.3;36.0
540;USA;01:58.268;4.4;36.0;CHI;01:55.984;4.4;36.0;MEX;02:01.074;4.4;36.0
545;USA;01:59.457;4.4;36.0;CHI;01:57.124;4.5;36.0;MEX;02:02.230;4.4;36.0
550;USA;02:00.463;4.4;36.0;CHI;01:58.138;4.5;36.0;MEX;02:03.273;4.4;36.0
555;USA;02:01.654;4.4;36.0;CHI;01:59.341;4.5;36.0;MEX;02:04.488;4.4;36.0
560;USA;02:02.849;4.4;36.0;CHI;02:00.470;4.5;36.0;MEX;02:05.649;4.4;36.0
565;USA;02:03.887;4.4;35.0;CHI;02:01.493;4.5;35.0;MEX;02:06.688;4.4;36.0
570;USA;02:05.082;4.4;35.0;CHI;02:02.692;4.5;35.0;MEX;02:07.900;4.4;36.0
575;USA;02:06.291;4.4;35.0;CHI;02:03.825;4.5;35.0;MEX;02:09.065;4.4;36.0
580;USA;02:07.350;4.3;35.0;CHI;02:04.864;4.5;35.0;MEX;02:10.117;4.4;35.0
585;USA;02:08.538;4.3;35.0;CHI;02:06.074;4.4;35.0;MEX;02:11.372;4.4;35.0
590;USA;02:09.744;4.3;35.0;CHI;02:07.219;4.4;35.0;MEX;02:12.583;4.3;35.0
595;USA;02:10.816;4.3;35.0;CHI;02:08.300;4.4;35.0;MEX;02:13.645;4.3;35.0
600;USA;02:11.967;4.4;35.0;CHI;02:09.480;4.4;35.0;MEX;02:14.896;4.2;35.0
605;USA;02:13.163;4.4;35.0;CHI;02:10.610;4.4;35.0;MEX;02:16.104;4.3;35.0
610;USA;02:14.198;4.4;35.0;CHI;02:11.651;4.4;35.0;MEX;02:17.152;4.3;35.0
615;USA;02:15.356;4.4;35.0;CHI;02:12.835;4.4;35.0;MEX;02:18.387;4.3;35.0
620;USA;02:16.534;4.5;35.0;CHI;02:13.947;4.5;35.0;MEX;02:19.587;4.3;35.0
625;USA;02:17.517;4.5;35.0;CHI;02:14.987;4.5;35.0;MEX;02:20.618;4.3;35.0
630;USA;02:18.687;4.5;35.0;CHI;02:16.163;4.5;36.0;MEX;02:21.835;4.3;35.0
635;USA;02:19.836;4.5;35.0;CHI;02:17.258;4.5;36.0;MEX;02:23.040;4.4;35.0
640;USA;02:20.830;4.6;35.0;CHI;02:18.341;4.5;35.0;MEX;02:24.078;4.3;35.0
645;USA;02:22.014;4.6;35.0;CHI;02:19.521;4.5;35.0;MEX;02:25.295;4.3;35.0
650;USA;02:23.127;4.5;35.0;CHI;02:20.607;4.5;35.0;MEX;02:26.492;4.3;35.0
655;USA;02:24.132;4.6;35.0;CHI;02:21.731;4.5;35.0;MEX;02:27.572;4.3;35.0
660;USA;02:25.313;4.6;35.0;CHI;02:22.894;4.5;36.0;MEX;02:28.734;4.4;35.0
665;USA;02:26.411;4.6;35.0;CHI;02:23.993;4.4;36.0;MEX;02:29.940;4.4;35.0
670;USA;02:27.468;4.5;35.0;CHI;02:25.117;4.4;36.0;MEX;02:31.036;4.3;35.0
675;USA;02:28.669;4.5;35.0;CHI;02:26.283;4.4;35.0;MEX;02:32.176;4.3;36.0
680;USA;02:29.771;4.5;35.0;CHI;02:27.370;4.4;35.0;MEX;02:33.408;4.3;36.0
685;USA;02:30.873;4.4;35.0;CHI;02:28.491;4.4;35.0;MEX;02:34.600;4.3;36.0
690;USA;02:32.091;4.4;35.0;CHI;02:29.687;4.4;35.0;MEX;02:35.689;4.3;36.0
695;USA;02:33.210;4.4;35.0;CHI;02:30.777;4.4;35.0;MEX;02:36.931;4.2;36.0
700;USA;02:34.305;4.4;35.0;CHI;02:31.901;4.4;35.0;MEX;02:38.120;4.2;36.0
705;USA;02:35.516;4.4;35.0;CHI;02:33.106;4.4;35.0;MEX;02:39.152;4.3;36.0
710;USA;02:36.621;4.4;35.0;CHI;02:34.206;4.4;35.0;MEX;02:40.366;4.3;36.0
715;USA;02:37.705;4.4;35.0;CHI;02:35.324;4.4;35.0;MEX;02:41.561;4.4;36.0
720;USA;02:38.909;4.4;35.0;CHI;02:36.531;4.4;35.0;MEX;02:42.634;4.4;36.0
725;USA;02:40.032;4.4;35.0;CHI;02:37.638;4.4;35.0;MEX;02:43.833;4.4;36.0
730;USA;02:41.159;4.4;35.0;CHI;02:38.755;4.4;35.0;MEX;02:45.050;4.3;36.0
735;USA;02:42.353;4.4;35.0;CHI;02:39.962;4.4;35.0;MEX;02:46.186;4.3;36.0
740;USA;02:43.496;4.3;35.0;CHI;02:41.083;4.4;35.0;MEX;02:47.320;4.3;36.0
745;USA;02:44.564;4.3;35.0;CHI;02:42.190;4.4;35.0;MEX;02:48.577;4.3;36.0
750;USA;02:45.785;4.4;35.0;CHI;02:43.387;4.4;35.0;MEX;02:49.796;4.2;36.0
755;USA;02:46.940;4.4;35.0;CHI;02:44.505;4.4;35.0;MEX;02:50.890;4.2;35.0
760;USA;02:48.024;4.4;35.0;CHI;02:45.592;4.4;35.0;MEX;02:52.178;4.1;35.0
765;USA;02:49.256;4.3;35.0;CHI;02:46.797;4.4;35.0;MEX;02:53.440;4.1;35.0
770;USA;02:50.422;4.3;35.0;CHI;02:47.937;4.4;35.0;MEX;02:54.608;4.1;36.0
775;USA;02:51.486;4.3;35.0;CHI;02:49.058;4.4;35.0;MEX;02:55.778;4.1;35.0
780;USA;02:52.727;4.3;35.0;CHI;02:50.288;4.3;35.0;MEX;02:57.048;4.1;35.0
785;USA;02:53.926;4.3;35.0;CHI;02:51.486;4.3;35.0;MEX;02:58.243;4.2;35.0
790;USA;02:54.978;4.3;35.0;CHI;02:52.561;4.2;35.0;MEX;02:59.345;4.2;35.0
795;USA;02:56.217;4.3;35.0;CHI;02:53.808;4.2;35.0;MEX;03:00.623;4.2;35.0
800;USA;02:57.405;4.3;35.0;CHI;02:54.990;4.3;35.0;MEX;03:01.864;4.2;35.0
805;USA;02:58.440;4.3;35.0;CHI;02:56.042;4.3;35.0;MEX;03:02.953;4.2;35.0
810;USA;02:59.677;4.4;35.0;CHI;02:57.287;4.3;35.0;MEX;03:04.228;4.2;35.0
815;USA;03:00.896;4.3;35.0;CHI;02:58.487;4.3;35.0;MEX;03:05.472;4.1;35.0
820;USA;03:01.944;4.3;35.0;CHI;02:59.529;4.3;35.0;MEX;03:06.673;4.1;35.0
825;USA;03:03.173;4.3;35.0;CHI;03:00.781;4.3;35.0;MEX;03:07.805;4.1;35.0
830;USA;03:04.377;4.3;35.0;CHI;03:01.982;4.3;35.0;MEX;03:09.092;4.1;35.0
835;USA;03:05.403;4.3;35.0;CHI;03:03.010;4.3;35.0;MEX;03:10.344;4.1;35.0
840;USA;03:06.631;4.4;35.0;CHI;03:04.237;4.3;35.0;MEX;03:11.417;4.1;35.0
845;USA;03:07.826;4.4;35.0;CHI;03:05.421;4.4;35.0;MEX;03:12.672;4.1;35.0
850;USA;03:08.855;4.4;35.0;CHI;03:06.451;4.4;35.0;MEX;03:13.899;4.2;35.0
855;USA;03:10.070;4.4;35.0;CHI;03:07.668;4.4;35.0;MEX;03:14.971;4.3;35.0
860;USA;03:11.271;4.4;35.0;CHI;03:08.835;4.4;35.0;MEX;03:16.232;4.2;35.0
865;USA;03:12.301;4.4;35.0;CHI;03:09.852;4.4;35.0;MEX;03:17.462;4.2;34.0
870;USA;03:13.500;4.4;35.0;CHI;03:11.053;4.4;35.0;MEX;03:18.541;4.2;34.0
875;USA;03:14.693;4.4;35.0;CHI;03:12.189;4.5;35.0;MEX;03:19.821;4.2;34.0
880;USA;03:15.727;4.4;35.0;CHI;03:13.204;4.5;35.0;MEX;03:21.079;4.2;34.0
885;USA;03:16.944;4.4;35.0;CHI;03:14.422;4.5;35.0;MEX;03:22.176;4.1;34.0
890;USA;03:18.152;4.3;35.0;CHI;03:15.591;4.4;35.0;MEX;03:23.432;4.1;34.0
895;USA;03:19.205;4.3;35.0;CHI;03:16.630;4.4;35.0;MEX;03:24.683;4.1;34.0
900;USA;03:20.410;4.3;35.0;CHI;03:17.863;4.4;35.0;MEX;03:25.784;4.2;34.0
905;USA;03:21.616;4.3;35.0;CHI;03:19.036;4.3;35.0;MEX;03:26.999;4.2;34.0
910;USA;03:22.689;4.3;35.0;CHI;03:20.091;4.3;35.0;MEX;03:28.243;4.2;34.0
915;USA;03:23.839;4.4;35.0;CHI;03:21.327;4.3;34.0;MEX;03:29.368;4.2;34.0
920;USA;03:25.035;4.4;35.0;CHI;03:22.482;4.3;34.0;MEX;03:30.561;4.2;34.0
925;USA;03:26.104;4.4;35.0;CHI;03:23.563;4.3;34.0;MEX;03:31.804;4.2;34.0
930;USA;03:27.242;4.4;35.0;CHI;03:24.766;4.4;34.0;MEX;03:32.925;4.2;34.0
935;USA;03:28.431;4.4;35.0;CHI;03:25.810;4.4;34.0;MEX;03:34.114;4.2;34.0
940;USA;03:29.484;4.4;35.0;CHI;03:26.964;4.4;34.0;MEX;03:35.341;4.2;34.0
945;USA;03:30.636;4.4;35.0;CHI;03:28.142;4.5;34.0;MEX;03:36.432;4.3;34.0
950;USA;03:31.823;4.4;35.0;CHI;03:29.152;4.5;34.0;MEX;03:37.613;4.3;34.0
955;USA;03:32.854;4.4;35.0;CHI;03:30.359;4.4;34.0;MEX;03:38.842;4.3;34.0
960;USA;03:34.006;4.4;35.0;CHI;03:31.515;4.4;34.0;MEX;03:39.951;4.3;34.0
965;USA;03:35.180;4.5;35.0;CHI;03:32.542;4.4;34.0;MEX;03:41.170;4.3;34.0
970;USA;03:36.190;4.5;35.0;CHI;03:33.769;4.4;34.0;MEX;03:42.386;4.2;34.0
975;USA;03:37.373;4.5;35.0;CHI;03:34.934;4.4;34.0;MEX;03:43.556;4.2;34.0
980;USA;03:38.551;4.5;35.0;CHI;03:35.980;4.4;34.0;MEX;03:44.754;4.2;34.0
985;USA;03:39.555;4.4;35.0;CHI;03:37.203;4.4;34.0;MEX;03:45.980;4.1;34.0
990;USA;03:40.762;4.4;35.0;CHI;03:38.329;4.4;34.0;MEX;03:47.086;4.2;34.0
995;USA;03:41.952;4.4;35.0;CHI;03:39.434;4.4;34.0;MEX;03:48.284;4.2;34.0
1000;USA;03:42.966;4.4;35.0;CHI;03:40.646;4.4;34.0;MEX;03:49.486;4.3;34.0
1005;USA;03:44.169;4.4;35.0;CHI;03:41.742;4.4;34.0;MEX;03:50.608;4.3;34.0
1010;USA;03:45.356;4.4;35.0;CHI;03:42.870;4.4;34.0;MEX;03:51.758;4.3;34.0
1015;USA;03:46.376;4.4;35.0;CHI;03:44.079;4.4;34.0;MEX;03:52.962;4.3;34.0
1020;USA;03:47.590;4.4;35.0;CHI;03:45.151;4.4;34.0;MEX;03:54.064;4.3;35.0
1025;USA;03:48.773;4.4;35.0;CHI;03:46.277;4.4;35.0;MEX;03:55.149;4.4;36.0
1030;USA;03:49.814;4.4;35.0;CHI;03:47.475;4.4;35.0;MEX;03:56.304;4.5;36.0
1035;USA;03:51.003;4.4;35.0;CHI;03:48.581;4.4;35.0;MEX;03:57.443;4.5;37.0
1040;USA;03:52.196;4.4;35.0;CHI;03:49.695;4.4;35.0;MEX;03:58.470;4.5;37.0
1045;USA;03:53.241;4.4;36.0;CHI;03:50.900;4.4;35.0;MEX;03:59.669;4.5;37.0
1050;USA;03:54.422;4.4;36.0;CHI;03:52.017;4.4;35.0;MEX;04:00.808;4.4;36.0
1055;USA;03:55.628;4.4;36.0;CHI;03:53.097;4.4;35.0;MEX;04:01.851;4.4;36.0
1060;USA;03:56.697;4.4;35.0;CHI;03:54.298;4.4;35.0;MEX;04:03.078;4.4;36.0
1065;USA;03:57.867;4.3;35.0;CHI;03:55.429;4.4;35.0;MEX;04:04.237;4.4;36.0
1070;USA;03:59.066;4.3;35.0;CHI;03:56.501;4.4;35.0;MEX;04:05.276;4.4;36.0
1075;USA;04:00.118;4.4;35.0;CHI;03:57.705;4.4;35.0;MEX;04:06.504;4.3;36.0
1080;USA;04:01.274;4.4;35.0;CHI;03:58.824;4.4;35.0;MEX;04:07.704;4.3;36.0
1085;USA;04:02.473;4.4;35.0;CHI;03:59.905;4.4;35.0;MEX;04:08.779;4.3;36.0
1090;USA;04:03.537;4.4;35.0;CHI;04:01.106;4.4;35.0;MEX;04:09.968;4.3;36.0
1095;USA;04:04.688;4.4;35.0;CHI;04:02.210;4.4;35.0;MEX;04:11.184;4.3;36.0
1100;USA;04:05.898;4.4;35.0;CHI;04:03.310;4.4;35.0;MEX;04:12.329;4.3;36.0
1105;USA;04:06.988;4.4;35.0;CHI;04:04.504;4.4;35.0;MEX;04:13.436;4.3;36.0
1110;USA;04:08.120;4.4;35.0;CHI;04:05.569;4.4;35.0;MEX;04:14.667;4.3;36.0
1115;USA;04:09.320;4.4;35.0;CHI;04:06.716;4.4;35.0;MEX;04:15.840;4.3;36.0
1120;USA;04:10.400;4.4;35.0;CHI;04:07.894;4.4;35.0;MEX;04:16.924;4.3;36.0
1125;USA;04:11.518;4.4;35.0;CHI;04:08.923;4.4;35.0;MEX;04:18.199;4.3;35.0
1130;USA;04:12.713;4.4;35.0;CHI;04:10.137;4.4;35.0;MEX;04:19.440;4.2;35.0
1135;USA;04:13.784;4.4;35.0;CHI;04:11.330;4.4;35.0;MEX;04:20.563;4.2;35.0
1140;USA;04:14.889;4.4;35.0;CHI;04:12.351;4.4;35.0;MEX;04:21.767;4.1;36.0
1145;USA;04:16.088;4.5;35.0;CHI;04:13.570;4.3;35.0;MEX;04:23.009;4.1;36.0
1150;USA;04:17.144;4.5;35.0;CHI;04:14.739;4.4;35.0;MEX;04:24.183;4.2;36.0
1155;USA;04:18.262;4.5;35.0;CHI;04:15.752;4.4;35.0;MEX;04:25.312;4.3;36.0
1160;USA;04:19.452;4.4;35.0;CHI;04:16.973;4.4;35.0;MEX;04:26.529;4.3;36.0
1165;USA;04:20.531;4.4;35.0;CHI;04:18.144;4.4;35.0;MEX;04:27.717;4.3;36.0
1170;USA;04:21.650;4.4;35.0;CHI;04:19.148;4.4;35.0;MEX;04:28.765;4.3;35.0
1175;USA;04:22.855;4.4;36.0;CHI;04:20.355;4.4;35.0;MEX;04:30.019;4.3;35.0
1180;USA;04:23.891;4.4;36.0;CHI;04:21.493;4.4;35.0;MEX;04:31.242;4.3;35.0
1185;USA;04:25.057;4.4;36.0;CHI;04:22.505;4.5;35.0;MEX;04:32.331;4.2;35.0
1190;USA;04:26.254;4.4;36.0;CHI;04:23.672;4.5;36.0;MEX;04:33.579;4.2;35.0
1195;USA;04:27.326;4.4;35.0;CHI;04:24.814;4.5;36.0;MEX;04:34.803;4.2;35.0
1200;USA;04:28.441;4.4;35.0;CHI;04:25.819;4.5;36.0;MEX;04:35.898;4.2;35.0
1205;USA;04:29.625;4.4;35.0;CHI;04:26.992;4.5;36.0;MEX;04:37.100;4.2;35.0
1210;USA;04:30.673;4.5;35.0;CHI;04:28.121;4.5;36.0;MEX;04:38.317;4.3;35.0
1215;USA;04:31.797;4.5;35.0;CHI;04:29.132;4.6;36.0;MEX;04:39.394;4.3;35.0
1220;USA;04:32.975;4.5;35.0;CHI;04:30.296;4.6;36.0;MEX;04:40.591;4.3;35.0
1225;USA;04:34.012;4.5;35.0;CHI;04:31.412;4.6;36.0;MEX;04:41.803;4.3;35.0
1230;USA;04:35.155;4.5;35.0;CHI;04:32.423;4.6;36.0;MEX;04:42.882;4.3;35.0
1235;USA;04:36.332;4.5;35.0;CHI;04:33.612;4.5;36.0;MEX;04:44.089;4.3;34.0
1240;USA;04:37.365;4.5;35.0;CHI;04:34.731;4.5;36.0;MEX;04:45.322;4.3;34.0
1245;USA;04:38.580;4.4;36.0;CHI;04:35.747;4.5;36.0;MEX;04:46.445;4.3;34.0
1250;USA;04:39.831;4.4;36.0;CHI;04:36.933;4.5;35.0;MEX;04:47.618;4.2;34.0
1255;USA;04:40.965;4.2;36.0;CHI;04:38.050;4.5;35.0;MEX;04:48.852;4.2;34.0
1260;USA;04:42.045;4.2;36.0;CHI;04:39.106;4.5;35.0;MEX;04:49.944;4.3;34.0
1265;USA;04:43.234;4.3;36.0;CHI;04:40.297;4.5;35.0;MEX;04:51.113;4.3;34.0
1270;USA;04:44.354;4.4;36.0;CHI;04:41.402;4.4;35.0;MEX;04:52.340;4.3;34.0
1275;USA;04:45.376;4.5;36.0;CHI;04:42.481;4.4;35.0;MEX;04:53.477;4.3;34.0
1280;USA;04:46.570;4.5;36.0;CHI;04:43.679;4.4;35.0;MEX;04:54.577;4.3;35.0
1285;USA;04:47.711;4.5;36.0;CHI;04:44.779;4.4;35.0;MEX;04:55.797;4.3;35.0
1290;USA;04:48.717;4.5;36.0;CHI;04:45.857;4.4;35.0;MEX;04:56.931;4.4;35.0
1295;USA;04:49.902;4.5;36.0;CHI;04:47.028;4.4;35.0;MEX;04:58.026;4.4;35.0
1300;USA;04:51.045;4.5;36.0;CHI;04:48.086;4.5;35.0;MEX;04:59.259;4.4;35.0
1305;USA;04:52.064;4.5;36.0;CHI;04:49.193;4.5;35.0;MEX;05:00.432;4.3;35.0
1310;USA;04:53.271;4.5;36.0;CHI;04:50.371;4.5;35.0;MEX;05:01.528;4.3;35.0
1315;USA;04:54.447;4.4;36.0;CHI;04:51.445;4.5;35.0;MEX;05:02.786;4.3;35.0
1320;USA;04:55.475;4.4;36.0;CHI;04:52.561;4.4;36.0;MEX;05:03.972;4.2;35.0
1325;USA;04:56.675;4.4;36.0;CHI;04:53.735;4.4;36.0;MEX;05:05.045;4.3;35.0
1330;USA;04:57.857;4.4;36.0;CHI;04:54.789;4.4;36.0;MEX;05:06.275;4.3;34.0
1335;USA;04:58.890;4.4;36.0;CHI;04:55.926;4.5;36.0;MEX;05:07.411;4.3;34.0
1340;USA;05:00.060;4.4;36.0;CHI;04:57.098;4.5;36.0;MEX;05:08.472;4.4;34.0
1345;USA;05:01.241;4.4;36.0;CHI;04:58.137;4.5;35.0;MEX;05:09.698;4.4;35.0
1350;USA;05:02.285;4.4;36.0;CHI;04:59.289;4.5;35.0;MEX;05:10.860;4.4;35.0
1355;USA;05:03.465;4.4;36.0;CHI;05:00.460;4.5;35.0;MEX;05:11.915;4.4;35.0
1360;USA;05:04.653;4.4;36.0;CHI;05:01.481;4.5;35.0;MEX;05:13.185;4.3;35.0
1365;USA;05:05.767;4.4;36.0;CHI;05:02.682;4.4;35.0;MEX;05:14.425;4.3;36.0
1370;USA;05:06.891;4.3;36.0;CHI;05:03.845;4.4;35.0;MEX;05:15.530;4.2;35.0
1375;USA;05:08.116;4.3;36.0;CHI;05:04.881;4.4;35.0;MEX;05:16.809;4.1;35.0
1380;USA;05:09.281;4.3;36.0;CHI;05:06.092;4.4;35.0;MEX;05:18.100;4.1;35.0
1385;USA;05:10.343;4.3;36.0;CHI;05:07.266;4.4;35.0;MEX;05:19.324;4.0;35.0
1390;USA;05:11.594;4.3;36.0;CHI;05:08.312;4.4;35.0;MEX;05:20.486;4.0;35.0
1395;USA;05:12.807;4.3;36.0;CHI;05:09.526;4.4;35.0;MEX;05:21.803;4.0;35.0
1400;USA;05:13.865;4.3;36.0;CHI;05:10.742;4.3;35.0;MEX;05:23.080;4.0;34.0
1405;USA;05:15.093;4.3;36.0;CHI;05:11.830;4.3;35.0;MEX;05:24.220;4.0;34.0
1410;USA;05:16.326;4.3;36.0;CHI;05:13.021;4.3;35.0;MEX;05:25.526;4.0;34.0
1415;USA;05:17.457;4.3;36.0;CHI;05:14.255;4.3;35.0;MEX;05:26.825;4.0;34.0
1420;USA;05:18.618;4.2;36.0;CHI;05:15.391;4.3;35.0;MEX;05:28.002;4.0;34.0
1425;USA;05:19.865;4.2;36.0;CHI;05:16.525;4.3;35.0;MEX;05:29.193;4.1;34.0
1430;USA;05:21.046;4.2;36.0;CHI;05:17.757;4.3;35.0;MEX;05:30.489;4.1;34.0
1435;USA;05:22.109;4.3;36.0;CHI;05:18.907;4.3;35.0;MEX;05:31.699;4.1;34.0
1440;USA;05:23.346;4.3;36.0;CHI;05:20.031;4.3;35.0;MEX;05:32.862;4.1;34.0
1445;USA;05:24.538;4.3;36.0;CHI;05:21.281;4.3;35.0;MEX;05:34.174;4.1;33.0
1450;USA;05:25.565;4.3;36.0;CHI;05:22.448;4.3;35.0;MEX;05:35.458;4.1;33.0
1455;USA;05:26.776;4.3;36.0;CHI;05:23.549;4.3;34.0;MEX;05:36.661;3.9;33.0
1460;USA;05:27.966;4.4;36.0;CHI;05:24.789;4.3;34.0;MEX;05:38.073;3.8;33.0
1465;USA;05:29.031;4.4;36.0;CHI;05:25.949;4.3;34.0;MEX;05:39.414;3.8;33.0
1470;USA;05:30.219;4.4;36.0;CHI;05:27.025;4.3;34.0;MEX;05:40.646;3.8;33.0
1475;USA;05:31.466;4.3;36.0;CHI;05:28.268;4.3;35.0;MEX;05:41.920;3.9;33.0
1480;USA;05:32.635;4.2;36.0;CHI;05:29.455;4.3;35.0;MEX;05:43.224;3.9;33.0
1485;USA;05:33.724;4.2;36.0;CHI;05:30.533;4.3;35.0;MEX;05:44.471;4.0;33.0
1490;USA;05:34.951;4.2;36.0;CHI;05:31.811;4.3;35.0;MEX;05:45.602;4.0;33.0
1495;USA;05:36.146;4.3;37.0;CHI;05:33.027;4.2;35.0;MEX;05:46.905;4.1;33.0
1500;USA;05:37.206;4.4;37.0;CHI;05:34.096;4.2;35.0;MEX;05:48.129;4.1;33.0
1505;USA;05:38.376;4.4;37.0;CHI;05:35.334;4.2;35.0;MEX;05:49.237;4.1;33.0
1510;USA;05:39.534;4.4;37.0;CHI;05:36.535;4.3;35.0;MEX;05:50.503;4.2;33.0
1515;USA;05:40.651;4.4;37.0;CHI;05:37.554;4.3;35.0;MEX;05:51.680;4.2;33.0
1520;USA;05:41.689;4.4;37.0;CHI;05:38.764;4.4;35.0;MEX;05:52.773;4.3;33.0
1525;USA;05:42.880;4.5;37.0;CHI;05:39.938;4.4;35.0;MEX;05:54.016;4.3;33.0
1530;USA;05:44.028;4.5;37.0;CHI;05:40.953;4.4;35.0;MEX;05:55.187;4.3;33.0
1535;USA;05:45.057;4.5;37.0;CHI;05:42.172;4.4;35.0;MEX;05:56.315;4.3;34.0
1540;USA;05:46.255;4.4;37.0;CHI;05:43.339;4.4;35.0;MEX;05:57.597;4.2;34.0
1545;USA;05:47.442;4.4;37.0;CHI;05:44.348;4.4;35.0;MEX;05:58.798;4.2;34.0
1550;USA;05:48.522;4.4;37.0;CHI;05:45.565;4.4;35.0;MEX;05:59.900;4.1;34.0
1555;USA;05:49.628;4.4;37.0;CHI;05:46.716;4.4;35.0;MEX;06:01.165;4.2;34.0
1560;USA;05:50.814;4.4;37.0;CHI;05:47.738;4.4;35.0;MEX;06:02.385;4.2;35.0
1565;USA;05:51.943;4.4;37.0;CHI;05:48.945;4.4;35.0;MEX;06:03.475;4.2;35.0
1570;USA;05:52.983;4.4;37.0;CHI;05:50.104;4.4;35.0;MEX;06:04.783;4.2;34.0
1575;USA;05:54.191;4.4;37.0;CHI;05:51.151;4.4;35.0;MEX;06:06.031;4.1;34.0
1580;USA;05:55.358;4.4;37.0;CHI;05:52.394;4.4;35.0;MEX;06:07.104;4.1;34.0
1585;USA;05:56.376;4.4;37.0;CHI;05:53.577;4.3;35.0;MEX;06:08.382;4.1;33.0
1590;USA;05:57.575;4.4;37.0;CHI;05:54.620;4.3;35.0;MEX;06:09.614;4.2;33.0
1595;USA;05:58.753;4.4;37.0;CHI;05:55.868;4.3;35.0;MEX;06:10.693;4.2;33.0
1600;USA;05:59.809;4.4;37.0;CHI;05:57.042;4.3;35.0;MEX;06:11.970;4.2;33.0
1605;USA;06:00.957;4.4;37.0;CHI;05:58.083;4.3;35.0;MEX;06:13.191;4.2;34.0
1610;USA;06:02.151;4.4;37.0;CHI;05:59.274;4.4;36.0;MEX;06:14.245;4.2;34.0
1615;USA;06:03.278;4.4;37.0;CHI;06:00.416;4.4;36.0;MEX;06:15.471;4.3;34.0
1620;USA;06:04.370;4.4;37.0;CHI;06:01.475;4.5;37.0;MEX;06:16.640;4.3;35.0
1625;USA;06:05.538;4.4;37.0;CHI;06:02.585;4.5;37.0;MEX;06:17.661;4.4;35.0
1630;USA;06:06.690;4.4;37.0;CHI;06:03.755;4.5;37.0;MEX;06:18.860;4.4;36.0
1635;USA;06:07.717;4.4;37.0;CHI;06:04.860;4.5;37.0;MEX;06:20.050;4.4;36.0
1640;USA;06:08.920;4.4;37.0;CHI;06:05.901;4.5;37.0;MEX;06:21.108;4.4;36.0
1645;USA;06:10.096;4.4;37.0;CHI;06:07.078;4.5;37.0;MEX;06:22.262;4.4;36.0
1650;USA;06:11.147;4.4;37.0;CHI;06:08.192;4.5;37.0;MEX;06:23.456;4.4;36.0
1655;USA;06:12.313;4.4;37.0;CHI;06:09.197;4.5;37.0;MEX;06:24.552;4.4;36.0
1660;USA;06:13.460;4.4;37.0;CHI;06:10.369;4.6;37.0;MEX;06:25.672;4.4;36.0
1665;USA;06:14.497;4.5;37.0;CHI;06:11.473;4.6;37.0;MEX;06:26.880;4.4;36.0
1670;USA;06:15.626;4.5;37.0;CHI;06:12.475;4.6;37.0;MEX;06:27.998;4.4;36.0
1675;USA;06:16.793;4.5;37.0;CHI;06:13.640;4.6;37.0;MEX;06:29.097;4.4;36.0
1680;USA;06:17.916;4.5;37.0;CHI;06:14.766;4.6;37.0;MEX;06:30.318;4.4;36.0
1685;USA;06:18.940;4.5;37.0;CHI;06:15.745;4.6;37.0;MEX;06:31.468;4.4;35.0
1690;USA;06:20.134;4.5;37.0;CHI;06:16.927;4.6;37.0;MEX;06:32.558;4.3;35.0
1695;USA;06:21.275;4.5;37.0;CHI;06:18.065;4.6;37.0;MEX;06:33.790;4.3;35.0
1700;USA;06:22.284;4.5;37.0;CHI;06:19.074;4.5;37.0;MEX;06:34.959;4.3;35.0
1705;USA;06:23.465;4.5;37.0;CHI;06:20.244;4.5;37.0;MEX;06:36.024;4.3;35.0
1710;USA;06:24.616;4.5;37.0;CHI;06:21.402;4.5;37.0;MEX;06:37.245;4.3;36.0
1715;USA;06:25.633;4.5;37.0;CHI;06:22.414;4.5;37.0;MEX;06:38.410;4.3;36.0
1720;USA;06:26.798;4.5;37.0;CHI;06:23.618;4.5;37.0;MEX;06:39.420;4.4;36.0
1725;USA;06:27.964;4.5;37.0;CHI;06:24.788;4.4;37.0;MEX;06:40.605;4.4;36.0
1730;USA;06:29.000;4.5;37.0;CHI;06:25.877;4.4;37.0;MEX;06:41.751;4.5;36.0
1735;USA;06:30.140;4.5;37.0;CHI;06:26.967;4.4;37.0;MEX;06:42.749;4.5;36.0
1740;USA;06:31.330;4.5;37.0;CHI;06:28.154;4.4;37.0;MEX;06:43.887;4.6;36.0
1745;USA;06:32.450;4.4;37.0;CHI;06:29.289;4.4;37.0;MEX;06:45.003;4.6;36.0
1750;USA;06:33.511;4.4;37.0;CHI;06:30.318;4.4;37.0;MEX;06:45.973;4.6;36.0
1755;USA;06:34.711;4.4;37.0;CHI;06:31.519;4.4;37.0;MEX;06:47.133;4.6;36.0
1760;USA;06:35.872;4.4;37.0;CHI;06:32.678;4.4;37.0;MEX;06:48.235;4.6;36.0
1765;USA;06:36.898;4.4;37.0;CHI;06:33.729;4.4;37.0;MEX;06:49.231;4.6;36.0
1770;USA;06:38.083;4.4;37.0;CHI;06:34.862;4.4;38.0;MEX;06:50.396;4.6;36.0
1775;USA;06:39.246;4.4;37.0;CHI;06:36.025;4.4;38.0;MEX;06:51.496;4.6;36.0
1780;USA;06:40.313;4.4;37.0;CHI;06:37.116;4.5;38.0;MEX;06:52.488;4.6;36.0
1785;USA;06:41.396;4.5;38.0;CHI;06:38.171;4.5;38.0;MEX;06:53.638;4.6;36.0
1790;USA;06:42.565;4.5;38.0;CHI;06:39.349;4.5;38.0;MEX;06:54.730;4.6;37.0
1795;USA;06:43.668;4.5;38.0;CHI;06:40.459;4.5;37.0;MEX;06:55.738;4.7;37.0
1800;USA;06:44.690;4.6;38.0;CHI;06:41.498;4.5;37.0;MEX;06:56.861;4.7;37.0
1805;USA;06:45.834;4.6;38.0;CHI;06:42.643;4.5;37.0;MEX;06:57.958;4.7;37.0
1810;USA;06:46.973;4.6;38.0;CHI;06:43.765;4.6;37.0;MEX;06:58.963;4.7;37.0
1815;USA;06:47.984;4.6;38.0;CHI;06:44.783;4.6;37.0;MEX;07:00.106;4.6;37.0
1820;USA;06:49.134;4.6;39.0;CHI;06:45.924;4.6;37.0;MEX;07:01.248;4.6;37.0
1825;USA;06:50.268;4.5;39.0;CHI;06:47.055;4.6;37.0;MEX;07:02.279;4.5;37.0
1830;USA;06:51.386;4.5;39.0;CHI;06:48.058;4.6;37.0;MEX;07:03.460;4.4;37.0
1835;USA;06:52.406;4.5;39.0;CHI;06:49.224;4.5;37.0;MEX;07:04.594;4.4;37.0
1840;USA;06:53.574;4.5;39.0;CHI;06:50.352;4.5;37.0;MEX;07:05.573;4.5;37.0
1845;USA;06:54.709;4.5;39.0;CHI;06:51.324;4.6;37.0;MEX;07:06.709;4.6;37.0
1850;USA;06:55.756;4.5;39.0;CHI;06:52.482;4.6;37.0;MEX;07:07.819;4.6;37.0
1855;USA;06:56.861;4.5;39.0;CHI;06:53.572;4.6;37.0;MEX;07:08.849;4.7;38.0
1860;USA;06:57.988;4.5;39.0;CHI;06:54.533;4.7;37.0;MEX;07:09.862;4.7;38.0
1865;USA;06:59.079;4.6;39.0;CHI;06:55.669;4.7;37.0;MEX;07:10.972;4.7;39.0
1870;USA;07:00.081;4.6;39.0;CHI;06:56.770;4.7;37.0;MEX;07:12.015;4.8;39.0
1875;USA;07:01.219;4.6;39.0;CHI;06:57.723;4.7;37.0;MEX;07:12.997;4.8;39.0
1880;USA;07:02.359;4.6;39.0;CHI;06:58.854;4.7;37.0;MEX;07:14.149;4.8;40.0
1885;USA;07:03.426;4.6;39.0;CHI;06:59.952;4.7;37.0;MEX;07:15.272;4.7;39.0
1890;USA;07:04.491;4.5;39.0;CHI;07:00.911;4.7;37.0;MEX;07:16.278;4.6;39.0
1895;USA;07:05.651;4.5;40.0;CHI;07:02.059;4.7;37.0;MEX;07:17.444;4.5;39.0
1900;USA;07:06.783;4.5;40.0;CHI;07:03.173;4.7;37.0;MEX;07:18.599;4.5;39.0
1905;USA;07:07.841;4.5;40.0;CHI;07:04.136;4.7;37.0;MEX;07:19.672;4.5;39.0
1910;USA;07:08.934;4.6;40.0;CHI;07:05.286;4.6;37.0;MEX;07:20.800;4.5;38.0
1915;USA;07:10.067;4.5;41.0;CHI;07:06.388;4.6;37.0;MEX;07:21.988;4.4;38.0
1920;USA;07:11.208;4.5;41.0;CHI;07:07.349;4.7;37.0;MEX;07:23.089;4.4;37.0
1925;USA;07:12.257;4.5;41.0;CHI;07:08.523;4.7;37.0;MEX;07:24.162;4.4;37.0
1930;USA;07:13.343;4.5;40.0;CHI;07:09.655;4.6;37.0;MEX;07:25.363;4.5;36.0
1935;USA;07:14.496;4.5;40.0;CHI;07:10.652;4.6;37.0;MEX;07:26.518;4.4;36.0
1940;USA;07:15.607;4.5;40.0;CHI;07:11.810;4.5;37.0;MEX;07:27.582;4.4;36.0
1945;USA;07:16.640;4.6;40.0;CHI;07:12.926;4.5;37.0;MEX;07:28.805;4.3;36.0
1950;USA;07:17.762;4.6;40.0;CHI;07:13.906;4.6;37.0;MEX;07:29.982;4.3;36.0
1955;USA;07:18.898;4.6;40.0;CHI;07:15.045;4.6;37.0;MEX;07:31.033;4.3;36.0
1960;USA;07:20.008;4.6;40.0;CHI;07:16.157;4.7;38.0;MEX;07:32.266;4.3;36.0
1965;USA;07:21.021;4.5;41.0;CHI;07:17.156;4.7;38.0;MEX;07:33.463;4.3;36.0
1970;USA;07:22.167;4.5;41.0;CHI;07:18.289;4.6;38.0;MEX;07:34.517;4.3;36.0
1975;USA;07:23.256;4.6;41.0;CHI;07:19.427;4.6;38.0;MEX;07:35.759;4.3;36.0
1980;USA;07:24.293;4.6;41.0;CHI;07:20.427;4.6;37.0;MEX;07:36.990;4.3;36.0
1985;USA;07:25.301;4.7;41.0;CHI;07:21.567;4.6;37.0;MEX;07:38.060;4.2;35.0
1990;USA;07:26.419;4.7;41.0;CHI;07:22.694;4.6;37.0;MEX;07:39.284;4.2;35.0
1995;USA;07:27.510;4.7;41.0;CHI;07:23.675;4.6;36.0;MEX;07:40.523;4.2;35.0
2000;USA;07:28.475;4.8;41.0;CHI;07:24.832;4.6;36.0;MEX;07:41.683;4.2;35.0
