Distance;ShortName1;Time1;Speed1;Stroke1;ShortName3;Time3;Speed3;Stroke3;ShortName4;Time4;Speed4;Stroke4;ShortName2;Time2;Speed2;Stroke2;
5;PAR;00:02.756;3.0;0.0;CHI;00:02.930;3.1;0.0;CHN;00:03.334;2.4;0.0;BUL;00:02.745;3.1;0.0
10;PAR;00:04.029;3.5;45.0;CHI;00:04.195;3.6;49.0;CHN;00:04.800;3.0;43.0;BUL;00:03.996;3.7;49.0
15;PAR;00:05.165;3.8;45.0;CHI;00:05.335;3.9;49.0;CHN;00:05.992;3.4;44.0;BUL;00:05.090;4.1;49.0
20;PAR;00:06.225;4.3;46.0;CHI;00:06.384;4.3;49.0;CHN;00:07.137;3.9;44.0;BUL;00:06.068;4.5;49.0
25;PAR;00:07.171;4.6;46.0;CHI;00:07.297;4.6;49.0;CHN;00:08.235;4.4;44.0;BUL;00:06.955;4.8;48.0
30;PAR;00:08.167;4.9;46.0;CHI;00:08.308;5.0;49.0;CHN;00:09.214;4.8;44.0;BUL;00:07.979;5.1;48.0
35;PAR;00:09.220;5.0;46.0;CHI;00:09.285;5.2;49.0;CHN;00:10.198;4.9;44.0;BUL;00:08.918;5.3;48.0
40;PAR;00:10.206;5.1;47.0;CHI;00:10.222;5.3;49.0;CHN;00:11.273;5.0;44.0;BUL;00:09.804;5.4;48.0
45;PAR;00:11.152;5.1;47.0;CHI;00:11.059;5.4;48.0;CHN;00:12.308;5.0;44.0;BUL;00:10.676;5.4;47.0
50;PAR;00:12.067;5.1;47.0;CHI;00:12.015;5.4;48.0;CHN;00:13.244;5.0;43.0;BUL;00:11.672;5.5;47.0
55;PAR;00:13.114;5.2;47.0;CHI;00:12.994;5.4;48.0;CHN;00:14.259;4.9;43.0;BUL;00:12.588;5.5;46.0
60;PAR;00:14.126;5.2;46.0;CHI;00:13.927;5.4;47.0;CHN;00:15.319;5.0;43.0;BUL;00:13.465;5.4;45.0
65;PAR;00:15.047;5.1;46.0;CHI;00:14.760;5.4;47.0;CHN;00:16.272;5.0;42.0;BUL;00:14.483;5.4;44.0
70;PAR;00:16.056;5.1;46.0;CHI;00:15.749;5.4;47.0;CHN;00:17.287;5.0;42.0;BUL;00:15.422;5.3;44.0
75;PAR;00:17.072;5.1;45.0;CHI;00:16.697;5.4;47.0;CHN;00:18.352;4.9;41.0;BUL;00:16.302;5.3;43.0
80;PAR;00:18.071;5.1;45.0;CHI;00:17.537;5.4;46.0;CHN;00:19.316;4.9;41.0;BUL;00:17.332;5.3;43.0
85;PAR;00:18.968;5.0;44.0;CHI;00:18.554;5.4;46.0;CHN;00:20.328;4.9;40.0;BUL;00:18.301;5.3;43.0
90;PAR;00:20.063;5.0;44.0;CHI;00:19.520;5.4;46.0;CHN;00:21.392;4.9;40.0;BUL;00:19.201;5.2;42.0
95;PAR;00:21.088;5.0;44.0;CHI;00:20.442;5.3;45.0;CHN;00:22.333;4.9;40.0;BUL;00:20.253;5.1;42.0
100;PAR;00:22.033;5.0;44.0;CHI;00:21.387;5.2;45.0;CHN;00:23.389;4.9;39.0;BUL;00:21.197;5.1;42.0
105;PAR;00:23.039;4.9;43.0;CHI;00:22.420;5.2;44.0;CHN;00:24.470;4.9;39.0;BUL;00:22.141;5.1;41.0
110;PAR;00:24.077;5.0;43.0;CHI;00:23.377;5.1;44.0;CHN;00:25.425;4.9;39.0;BUL;00:23.120;5.2;41.0
115;PAR;00:25.058;5.0;42.0;CHI;00:24.292;5.1;43.0;CHN;00:26.479;4.8;39.0;BUL;00:24.011;5.3;41.0
120;PAR;00:26.035;5.0;42.0;CHI;00:25.349;5.1;43.0;CHN;00:27.561;4.8;39.0;BUL;00:24.959;5.3;41.0
125;PAR;00:27.136;4.9;41.0;CHI;00:26.319;5.1;42.0;CHN;00:28.489;4.9;39.0;BUL;00:25.968;5.3;41.0
130;PAR;00:28.150;4.9;41.0;CHI;00:27.293;5.1;42.0;CHN;00:29.595;4.8;39.0;BUL;00:26.876;5.3;41.0
135;PAR;00:29.090;4.9;41.0;CHI;00:28.327;5.1;41.0;CHN;00:30.667;4.8;39.0;BUL;00:27.842;5.2;41.0
140;PAR;00:30.211;4.8;41.0;CHI;00:29.265;5.1;40.0;CHN;00:31.614;4.8;38.0;BUL;00:28.860;5.2;41.0
145;PAR;00:31.277;4.8;41.0;CHI;00:30.267;5.0;40.0;CHN;00:32.747;4.8;38.0;BUL;00:29.720;5.2;41.0
150;PAR;00:32.211;4.8;40.0;CHI;00:31.324;5.0;39.0;CHN;00:33.840;4.8;38.0;BUL;00:30.746;5.2;41.0
155;PAR;00:33.309;4.8;40.0;CHI;00:32.212;5.0;39.0;CHN;00:34.791;4.7;37.0;BUL;00:31.755;5.2;41.0
160;PAR;00:34.373;4.8;40.0;CHI;00:33.308;5.0;39.0;CHN;00:35.911;4.7;37.0;BUL;00:32.623;5.2;41.0
165;PAR;00:35.302;4.9;40.0;CHI;00:34.334;5.0;39.0;CHN;00:36.975;4.7;37.0;BUL;00:33.661;5.2;40.0
170;PAR;00:36.411;4.8;40.0;CHI;00:35.249;5.0;39.0;CHN;00:37.923;4.8;38.0;BUL;00:34.641;5.2;40.0
175;PAR;00:37.510;4.8;40.0;CHI;00:36.353;4.9;38.0;CHN;00:39.000;4.8;38.0;BUL;00:35.521;5.2;40.0
180;PAR;00:38.482;4.8;39.0;CHI;00:37.385;4.9;38.0;CHN;00:40.053;4.9;38.0;BUL;00:36.591;5.1;40.0
185;PAR;00:39.572;4.7;39.0;CHI;00:38.354;4.9;38.0;CHN;00:41.010;4.9;38.0;BUL;00:37.588;5.1;40.0
190;PAR;00:40.680;4.7;39.0;CHI;00:39.470;4.8;38.0;CHN;00:42.106;4.8;39.0;BUL;00:38.496;5.1;40.0
195;PAR;00:41.649;4.8;39.0;CHI;00:40.449;4.8;37.0;CHN;00:43.147;4.8;39.0;BUL;00:39.574;5.0;40.0
200;PAR;00:42.730;4.7;38.0;CHI;00:41.496;4.8;37.0;CHN;00:44.102;4.8;39.0;BUL;00:40.565;5.0;40.0
205;PAR;00:43.827;4.8;38.0;CHI;00:42.604;4.8;37.0;CHN;00:45.203;4.8;39.0;BUL;00:41.526;5.0;40.0
210;PAR;00:44.764;4.8;38.0;CHI;00:43.598;4.8;37.0;CHN;00:46.249;4.8;39.0;BUL;00:42.553;5.0;40.0
215;PAR;00:45.874;4.8;38.0;CHI;00:44.652;4.8;37.0;CHN;00:47.164;4.9;39.0;BUL;00:43.504;5.1;39.0
220;PAR;00:46.970;4.8;38.0;CHI;00:45.732;4.8;37.0;CHN;00:48.282;4.9;39.0;BUL;00:44.480;5.1;39.0
225;PAR;00:47.896;4.8;38.0;CHI;00:46.699;4.8;37.0;CHN;00:49.318;4.9;39.0;BUL;00:45.535;5.0;39.0
230;PAR;00:49.031;4.8;37.0;CHI;00:47.764;4.8;38.0;CHN;00:50.253;4.9;39.0;BUL;00:46.421;5.1;39.0
235;PAR;00:50.090;4.8;37.0;CHI;00:48.842;4.8;38.0;CHN;00:51.373;4.9;39.0;BUL;00:47.487;5.1;39.0
240;PAR;00:51.059;4.8;37.0;CHI;00:49.771;4.8;38.0;CHN;00:52.399;4.8;38.0;BUL;00:48.466;5.1;38.0
245;PAR;00:52.219;4.8;37.0;CHI;00:50.883;4.8;38.0;CHN;00:53.373;4.8;38.0;BUL;00:49.365;5.1;38.0
250;PAR;00:53.317;4.7;37.0;CHI;00:51.960;4.8;38.0;CHN;00:54.487;4.8;38.0;BUL;00:50.440;5.1;38.0
255;PAR;00:54.280;4.7;37.0;CHI;00:52.897;4.8;37.0;CHN;00:55.487;4.8;38.0;BUL;00:51.396;5.1;38.0
260;PAR;00:55.466;4.6;37.0;CHI;00:54.025;4.8;37.0;CHN;00:56.489;4.8;38.0;BUL;00:52.386;5.0;38.0
265;PAR;00:56.564;4.6;37.0;CHI;00:55.096;4.8;37.0;CHN;00:57.615;4.8;38.0;BUL;00:53.459;5.0;38.0
270;PAR;00:57.556;4.6;37.0;CHI;00:56.052;4.8;37.0;CHN;00:58.617;4.8;38.0;BUL;00:54.373;5.0;38.0
275;PAR;00:58.757;4.6;37.0;CHI;00:57.188;4.8;37.0;CHN;00:59.667;4.8;38.0;BUL;00:55.456;4.9;38.0
280;PAR;00:59.904;4.5;37.0;CHI;00:58.282;4.8;37.0;CHN;01:00.790;4.7;38.0;BUL;00:56.527;4.9;38.0
285;PAR;01:00.902;4.5;37.0;CHI;00:59.263;4.7;37.0;CHN;01:01.778;4.7;37.0;BUL;00:57.464;4.9;38.0
290;PAR;01:02.101;4.4;37.0;CHI;01:00.423;4.6;37.0;CHN;01:02.868;4.7;37.0;BUL;00:58.611;4.8;37.0
295;PAR;01:03.244;4.5;37.0;CHI;01:01.539;4.6;37.0;CHN;01:04.006;4.7;37.0;BUL;00:59.678;4.8;37.0
300;PAR;01:04.240;4.5;37.0;CHI;01:02.509;4.6;37.0;CHN;01:05.061;4.6;37.0;BUL;01:00.633;4.7;37.0
305;PAR;01:05.420;4.5;37.0;CHI;01:03.682;4.6;37.0;CHN;01:06.133;4.6;37.0;BUL;01:01.765;4.7;37.0
310;PAR;01:06.578;4.5;36.0;CHI;01:04.791;4.6;37.0;CHN;01:07.280;4.6;37.0;BUL;01:02.779;4.8;37.0
315;PAR;01:07.567;4.5;36.0;CHI;01:05.760;4.6;37.0;CHN;01:08.340;4.6;37.0;BUL;01:03.763;4.8;37.0
320;PAR;01:08.758;4.5;36.0;CHI;01:06.915;4.6;37.0;CHN;01:09.394;4.6;37.0;BUL;01:04.863;4.9;37.0
325;PAR;01:09.905;4.5;36.0;CHI;01:08.025;4.6;37.0;CHN;01:10.542;4.6;37.0;BUL;01:05.844;4.9;37.0
330;PAR;01:10.892;4.5;36.0;CHI;01:09.004;4.6;37.0;CHN;01:11.597;4.6;37.0;BUL;01:06.907;4.8;37.0
335;PAR;01:12.114;4.5;36.0;CHI;01:10.152;4.6;37.0;CHN;01:12.647;4.6;37.0;BUL;01:08.007;4.8;37.0
340;PAR;01:13.237;4.5;36.0;CHI;01:11.266;4.6;37.0;CHN;01:13.808;4.6;37.0;BUL;01:08.935;4.8;37.0
345;PAR;01:14.235;4.5;36.0;CHI;01:12.258;4.6;37.0;CHN;01:14.876;4.6;37.0;BUL;01:10.069;4.8;37.0
350;PAR;01:15.442;4.5;36.0;CHI;01:13.414;4.6;37.0;CHN;01:15.929;4.6;37.0;BUL;01:11.151;4.8;37.0
355;PAR;01:16.588;4.5;36.0;CHI;01:14.554;4.6;37.0;CHN;01:17.113;4.6;37.0;BUL;01:12.099;4.8;37.0
360;PAR;01:17.590;4.5;36.0;CHI;01:15.542;4.6;37.0;CHN;01:18.205;4.5;37.0;BUL;01:13.250;4.8;36.0
365;PAR;01:18.795;4.5;36.0;CHI;01:16.678;4.6;37.0;CHN;01:19.266;4.5;37.0;BUL;01:14.247;4.7;36.0
370;PAR;01:19.952;4.5;36.0;CHI;01:17.810;4.6;37.0;CHN;01:20.421;4.5;37.0;BUL;01:15.304;4.7;36.0
375;PAR;01:20.958;4.5;36.0;CHI;01:18.809;4.6;37.0;CHN;01:21.543;4.5;37.0;BUL;01:16.436;4.7;36.0
380;PAR;01:22.181;4.4;36.0;CHI;01:19.946;4.6;37.0;CHN;01:22.552;4.5;37.0;BUL;01:17.407;4.7;36.0
385;PAR;01:23.336;4.4;36.0;CHI;01:21.085;4.6;37.0;CHN;01:23.742;4.5;37.0;BUL;01:18.524;4.7;36.0
390;PAR;01:24.326;4.4;36.0;CHI;01:22.091;4.6;37.0;CHN;01:24.855;4.5;37.0;BUL;01:19.621;4.7;36.0
395;PAR;01:25.548;4.4;36.0;CHI;01:23.231;4.6;37.0;CHN;01:25.896;4.5;37.0;BUL;01:20.559;4.7;36.0
400;PAR;01:26.696;4.5;36.0;CHI;01:24.385;4.6;37.0;CHN;01:27.075;4.5;37.0;BUL;01:21.708;4.7;36.0
405;PAR;01:27.712;4.5;36.0;CHI;01:25.398;4.5;37.0;CHN;01:28.231;4.5;37.0;BUL;01:22.770;4.8;36.0
410;PAR;01:28.954;4.4;35.0;CHI;01:26.568;4.5;37.0;CHN;01:29.263;4.5;37.0;BUL;01:23.761;4.8;36.0
415;PAR;01:30.141;4.4;35.0;CHI;01:27.762;4.4;37.0;CHN;01:30.444;4.4;37.0;BUL;01:24.922;4.7;36.0
420;PAR;01:31.172;4.3;35.0;CHI;01:28.848;4.4;37.0;CHN;01:31.634;4.4;37.0;BUL;01:25.981;4.7;36.0
425;PAR;01:32.415;4.3;35.0;CHI;01:29.945;4.4;37.0;CHN;01:32.721;4.4;37.0;BUL;01:27.044;4.6;36.0
430;PAR;01:33.615;4.3;35.0;CHI;01:31.134;4.4;37.0;CHN;01:33.869;4.4;37.0;BUL;01:28.207;4.6;36.0
435;PAR;01:34.652;4.3;35.0;CHI;01:32.253;4.4;36.0;CHN;01:35.094;4.3;37.0;BUL;01:29.213;4.6;36.0
440;PAR;01:35.877;4.3;35.0;CHI;01:33.317;4.4;36.0;CHN;01:36.246;4.3;36.0;BUL;01:30.330;4.6;36.0
445;PAR;01:37.102;4.3;35.0;CHI;01:34.536;4.4;36.0;CHN;01:37.323;4.3;36.0;BUL;01:31.458;4.6;36.0
450;PAR;01:38.188;4.3;35.0;CHI;01:35.714;4.4;36.0;CHN;01:38.563;4.3;36.0;BUL;01:32.410;4.6;36.0
455;PAR;01:39.367;4.3;35.0;CHI;01:36.800;4.3;36.0;CHN;01:39.746;4.3;36.0;BUL;01:33.581;4.6;36.0
460;PAR;01:40.606;4.3;35.0;CHI;01:38.021;4.3;36.0;CHN;01:40.810;4.3;36.0;BUL;01:34.697;4.7;36.0
465;PAR;01:41.734;4.3;35.0;CHI;01:39.191;4.3;36.0;CHN;01:42.038;4.3;36.0;BUL;01:35.681;4.6;36.0
470;PAR;01:42.839;4.3;35.0;CHI;01:40.280;4.3;38.0;CHN;01:43.253;4.3;36.0;BUL;01:36.875;4.6;36.0
475;PAR;01:44.084;4.3;35.0;CHI;01:41.421;4.4;38.0;CHN;01:44.355;4.3;36.0;BUL;01:37.989;4.6;36.0
480;PAR;01:45.220;4.3;35.0;CHI;01:42.624;4.4;38.0;CHN;01:45.536;4.3;36.0;BUL;01:39.005;4.5;36.0
485;PAR;01:46.372;4.3;35.0;CHI;01:43.765;4.4;38.0;CHN;01:46.781;4.3;36.0;BUL;01:40.210;4.5;35.0
490;PAR;01:47.575;4.3;35.0;CHI;01:44.813;4.4;37.0;CHN;01:47.947;4.2;36.0;BUL;01:41.317;4.5;35.0
495;PAR;01:48.730;4.3;35.0;CHI;01:46.039;4.4;37.0;CHN;01:49.024;4.3;36.0;BUL;01:42.395;4.5;35.0
500;PAR;01:49.827;4.3;35.0;CHI;01:47.228;4.4;37.0;CHN;01:50.275;4.3;36.0;BUL;01:43.609;4.4;35.0
505;PAR;01:51.074;4.3;34.0;CHI;01:48.283;4.3;37.0;CHN;01:51.474;4.3;36.0;BUL;01:44.687;4.4;35.0
510;PAR;01:52.220;4.3;34.0;CHI;01:49.509;4.3;37.0;CHN;01:52.540;4.3;36.0;BUL;01:45.794;4.4;35.0
515;PAR;01:53.332;4.3;34.0;CHI;01:50.731;4.3;36.0;CHN;01:53.839;4.2;36.0;BUL;01:46.979;4.4;35.0
520;PAR;01:54.581;4.3;34.0;CHI;01:51.824;4.3;36.0;CHN;01:55.116;4.1;36.0;BUL;01:47.996;4.5;35.0
525;PAR;01:55.751;4.3;34.0;CHI;01:53.020;4.2;36.0;CHN;01:56.368;4.1;36.0;BUL;01:49.185;4.5;34.0
530;PAR;01:56.866;4.3;34.0;CHI;01:54.279;4.2;36.0;CHN;01:57.483;4.0;36.0;BUL;01:50.357;4.4;34.0
535;PAR;01:58.141;4.2;34.0;CHI;01:55.487;4.2;36.0;CHN;01:58.785;4.0;36.0;BUL;01:51.351;4.4;34.0
540;PAR;01:59.334;4.2;34.0;CHI;01:56.591;4.2;36.0;CHN;02:00.031;4.1;36.0;BUL;01:52.579;4.4;34.0
545;PAR;02:00.413;4.2;34.0;CHI;01:57.835;4.2;36.0;CHN;02:01.087;4.2;35.0;BUL;01:53.728;4.4;34.0
550;PAR;02:01.662;4.3;34.0;CHI;01:59.056;4.2;36.0;CHN;02:02.325;4.2;35.0;BUL;01:54.753;4.4;34.0
555;PAR;02:02.840;4.3;34.0;CHI;02:00.128;4.3;36.0;CHN;02:03.560;4.2;35.0;BUL;01:55.981;4.4;34.0
560;PAR;02:03.903;4.3;34.0;CHI;02:01.303;4.3;36.0;CHN;02:04.705;4.3;35.0;BUL;01:57.112;4.4;34.0
565;PAR;02:05.164;4.3;34.0;CHI;02:02.517;4.3;36.0;CHN;02:05.821;4.3;35.0;BUL;01:58.172;4.4;34.0
570;PAR;02:06.357;4.3;34.0;CHI;02:03.622;4.3;36.0;CHN;02:07.065;4.3;36.0;BUL;01:59.396;4.4;34.0
575;PAR;02:07.445;4.3;34.0;CHI;02:04.741;4.3;36.0;CHN;02:08.239;4.3;36.0;BUL;02:00.463;4.4;34.0
580;PAR;02:08.694;4.3;34.0;CHI;02:05.946;4.4;36.0;CHN;02:09.302;4.3;36.0;BUL;02:01.620;4.4;34.0
585;PAR;02:09.891;4.3;34.0;CHI;02:07.043;4.4;35.0;CHN;02:10.574;4.3;36.0;BUL;02:02.827;4.4;34.0
590;PAR;02:10.957;4.3;34.0;CHI;02:08.156;4.4;35.0;CHN;02:11.787;4.3;36.0;BUL;02:03.850;4.4;34.0
595;PAR;02:12.211;4.3;34.0;CHI;02:09.378;4.4;35.0;CHN;02:12.876;4.2;36.0;BUL;02:05.066;4.4;34.0
600;PAR;02:13.390;4.3;34.0;CHI;02:10.531;4.4;35.0;CHN;02:14.095;4.2;36.0;BUL;02:06.224;4.4;34.0
605;PAR;02:14.448;4.3;34.0;CHI;02:11.616;4.3;35.0;CHN;02:15.330;4.2;36.0;BUL;02:07.227;4.4;34.0
610;PAR;02:15.707;4.3;34.0;CHI;02:12.861;4.3;35.0;CHN;02:16.484;4.2;36.0;BUL;02:08.439;4.5;34.0
615;PAR;02:16.896;4.3;34.0;CHI;02:14.018;4.3;35.0;CHN;02:17.571;4.3;36.0;BUL;02:09.521;4.5;34.0
620;PAR;02:17.939;4.3;34.0;CHI;02:15.088;4.3;35.0;CHN;02:18.821;4.3;36.0;BUL;02:10.618;4.5;33.0
625;PAR;02:19.182;4.3;34.0;CHI;02:16.331;4.3;35.0;CHN;02:20.007;4.3;36.0;BUL;02:11.799;4.5;33.0
630;PAR;02:20.350;4.3;34.0;CHI;02:17.447;4.4;35.0;CHN;02:21.061;4.3;36.0;BUL;02:12.779;4.5;33.0
635;PAR;02:21.407;4.3;34.0;CHI;02:18.524;4.4;35.0;CHN;02:22.330;4.3;36.0;BUL;02:13.969;4.5;33.0
640;PAR;02:22.654;4.3;34.0;CHI;02:19.693;4.4;35.0;CHN;02:23.510;4.3;36.0;BUL;02:15.083;4.6;34.0
645;PAR;02:23.806;4.3;34.0;CHI;02:20.815;4.5;35.0;CHN;02:24.578;4.3;36.0;BUL;02:16.131;4.6;34.0
650;PAR;02:24.898;4.3;34.0;CHI;02:21.889;4.4;35.0;CHN;02:25.785;4.3;36.0;BUL;02:17.316;4.6;34.0
655;PAR;02:26.145;4.3;34.0;CHI;02:23.114;4.4;35.0;CHN;02:26.994;4.3;36.0;BUL;02:18.387;4.5;34.0
660;PAR;02:27.277;4.3;34.0;CHI;02:24.216;4.4;35.0;CHN;02:28.132;4.3;36.0;BUL;02:19.506;4.4;34.0
665;PAR;02:28.366;4.3;34.0;CHI;02:25.325;4.4;35.0;CHN;02:29.226;4.3;36.0;BUL;02:20.715;4.4;34.0
670;PAR;02:29.591;4.4;34.0;CHI;02:26.550;4.4;35.0;CHN;02:30.469;4.3;36.0;BUL;02:21.737;4.4;34.0
675;PAR;02:30.697;4.4;34.0;CHI;02:27.687;4.4;35.0;CHN;02:31.640;4.3;36.0;BUL;02:22.956;4.4;34.0
680;PAR;02:31.826;4.4;34.0;CHI;02:28.779;4.3;35.0;CHN;02:32.698;4.3;36.0;BUL;02:24.133;4.4;33.0
685;PAR;02:33.048;4.4;34.0;CHI;02:30.000;4.3;35.0;CHN;02:33.951;4.3;36.0;BUL;02:25.154;4.4;33.0
690;PAR;02:34.138;4.3;34.0;CHI;02:31.146;4.3;35.0;CHN;02:35.140;4.3;36.0;BUL;02:26.399;4.4;33.0
695;PAR;02:35.283;4.3;34.0;CHI;02:32.223;4.3;35.0;CHN;02:36.194;4.3;36.0;BUL;02:27.509;4.4;33.0
700;PAR;02:36.494;4.4;34.0;CHI;02:33.436;4.4;35.0;CHN;02:37.405;4.3;36.0;BUL;02:28.610;4.4;33.0
705;PAR;02:37.536;4.4;34.0;CHI;02:34.559;4.4;35.0;CHN;02:38.602;4.3;36.0;BUL;02:29.815;4.4;33.0
710;PAR;02:38.703;4.4;34.0;CHI;02:35.652;4.4;35.0;CHN;02:39.677;4.3;36.0;BUL;02:30.828;4.4;33.0
715;PAR;02:39.887;4.4;34.0;CHI;02:36.835;4.4;35.0;CHN;02:40.825;4.4;36.0;BUL;02:32.062;4.4;33.0
720;PAR;02:40.888;4.4;34.0;CHI;02:37.946;4.4;35.0;CHN;02:42.005;4.4;36.0;BUL;02:33.189;4.4;33.0
725;PAR;02:42.094;4.4;34.0;CHI;02:39.022;4.4;35.0;CHN;02:43.116;4.4;36.0;BUL;02:34.240;4.4;33.0
730;PAR;02:43.255;4.4;34.0;CHI;02:40.219;4.4;35.0;CHN;02:44.195;4.4;36.0;BUL;02:35.462;4.4;33.0
735;PAR;02:44.261;4.4;34.0;CHI;02:41.307;4.4;35.0;CHN;02:45.418;4.4;36.0;BUL;02:36.480;4.4;33.0
740;PAR;02:45.493;4.4;34.0;CHI;02:42.404;4.4;35.0;CHN;02:46.569;4.4;36.0;BUL;02:37.694;4.4;32.0
745;PAR;02:46.665;4.4;34.0;CHI;02:43.591;4.4;35.0;CHN;02:47.608;4.4;36.0;BUL;02:38.849;4.4;32.0
750;PAR;02:47.752;4.4;34.0;CHI;02:44.670;4.4;35.0;CHN;02:48.832;4.4;36.0;BUL;02:39.888;4.4;32.0
755;PAR;02:48.985;4.3;34.0;CHI;02:45.794;4.4;35.0;CHN;02:50.009;4.4;36.0;BUL;02:41.116;4.4;32.0
760;PAR;02:50.170;4.3;34.0;CHI;02:47.008;4.4;35.0;CHN;02:51.063;4.4;36.0;BUL;02:42.201;4.4;32.0
765;PAR;02:51.223;4.3;34.0;CHI;02:48.137;4.4;35.0;CHN;02:52.295;4.3;36.0;BUL;02:43.402;4.4;32.0
770;PAR;02:52.475;4.3;34.0;CHI;02:49.285;4.3;35.0;CHN;02:53.501;4.3;36.0;BUL;02:44.661;4.3;33.0
775;PAR;02:53.649;4.3;34.0;CHI;02:50.509;4.3;35.0;CHN;02:54.594;4.3;36.0;BUL;02:45.765;4.2;33.0
780;PAR;02:54.691;4.3;34.0;CHI;02:51.644;4.3;35.0;CHN;02:55.766;4.3;36.0;BUL;02:46.991;4.1;33.0
785;PAR;02:55.946;4.3;34.0;CHI;02:52.737;4.3;35.0;CHN;02:57.001;4.3;36.0;BUL;02:48.233;4.2;33.0
790;PAR;02:57.110;4.3;34.0;CHI;02:53.966;4.3;35.0;CHN;02:58.152;4.3;36.0;BUL;02:49.291;4.2;33.0
795;PAR;02:58.196;4.3;34.0;CHI;02:55.124;4.3;35.0;CHN;02:59.237;4.3;36.0;BUL;02:50.556;4.2;33.0
800;PAR;02:59.458;4.3;34.0;CHI;02:56.218;4.3;35.0;CHN;03:00.487;4.3;36.0;BUL;02:51.753;4.3;33.0
805;PAR;03:00.634;4.3;34.0;CHI;02:57.484;4.3;35.0;CHN;03:01.680;4.3;36.0;BUL;02:52.812;4.3;33.0
810;PAR;03:01.765;4.2;34.0;CHI;02:58.665;4.3;35.0;CHN;03:02.727;4.3;36.0;BUL;02:54.096;4.3;32.0
815;PAR;03:03.015;4.2;34.0;CHI;02:59.728;4.3;35.0;CHN;03:03.993;4.3;36.0;BUL;02:55.264;4.3;32.0
820;PAR;03:04.227;4.2;34.0;CHI;03:00.993;4.3;35.0;CHN;03:05.244;4.2;36.0;BUL;02:56.412;4.2;32.0
825;PAR;03:05.341;4.1;34.0;CHI;03:02.204;4.3;35.0;CHN;03:06.406;4.2;36.0;BUL;02:57.666;4.2;32.0
830;PAR;03:06.655;4.1;34.0;CHI;03:03.271;4.3;35.0;CHN;03:07.570;4.1;36.0;BUL;02:58.752;4.2;32.0
835;PAR;03:07.908;4.1;34.0;CHI;03:04.542;4.2;35.0;CHN;03:08.876;4.1;36.0;BUL;03:00.001;4.2;32.0
840;PAR;03:09.001;4.1;34.0;CHI;03:05.791;4.2;35.0;CHN;03:10.133;4.1;36.0;BUL;03:01.249;4.2;32.0
845;PAR;03:10.311;4.1;34.0;CHI;03:06.896;4.2;35.0;CHN;03:11.265;4.1;36.0;BUL;03:02.322;4.2;32.0
850;PAR;03:11.572;4.1;34.0;CHI;03:08.129;4.1;35.0;CHN;03:12.493;4.1;36.0;BUL;03:03.647;4.1;32.0
855;PAR;03:12.681;4.1;34.0;CHI;03:09.391;4.1;35.0;CHN;03:13.723;4.1;36.0;BUL;03:04.920;4.1;32.0
860;PAR;03:13.931;4.1;34.0;CHI;03:10.538;4.2;35.0;CHN;03:14.915;4.2;36.0;BUL;03:06.034;4.0;32.0
865;PAR;03:15.173;4.1;34.0;CHI;03:11.690;4.2;34.0;CHN;03:16.009;4.2;36.0;BUL;03:07.366;4.0;32.0
870;PAR;03:16.279;4.2;34.0;CHI;03:12.931;4.2;34.0;CHN;03:17.280;4.2;36.0;BUL;03:08.587;4.0;32.0
875;PAR;03:17.492;4.2;34.0;CHI;03:14.093;4.3;34.0;CHN;03:18.502;4.2;36.0;BUL;03:09.682;4.1;32.0
880;PAR;03:18.741;4.2;34.0;CHI;03:15.205;4.3;35.0;CHN;03:19.598;4.2;36.0;BUL;03:10.955;4.2;32.0
885;PAR;03:19.834;4.2;34.0;CHI;03:16.435;4.3;35.0;CHN;03:20.824;4.2;36.0;BUL;03:12.060;4.2;32.0
890;PAR;03:21.048;4.2;34.0;CHI;03:17.597;4.3;35.0;CHN;03:22.044;4.2;36.0;BUL;03:13.246;4.3;32.0
895;PAR;03:22.300;4.2;34.0;CHI;03:18.673;4.3;35.0;CHN;03:23.195;4.2;36.0;BUL;03:14.439;4.3;32.0
900;PAR;03:23.374;4.2;34.0;CHI;03:19.913;4.3;35.0;CHN;03:24.327;4.3;36.0;BUL;03:15.459;4.3;32.0
905;PAR;03:24.636;4.2;34.0;CHI;03:21.079;4.3;35.0;CHN;03:25.546;4.3;36.0;BUL;03:16.713;4.4;32.0
910;PAR;03:25.880;4.2;34.0;CHI;03:22.138;4.3;35.0;CHN;03:26.746;4.3;36.0;BUL;03:17.840;4.4;32.0
915;PAR;03:26.983;4.2;33.0;CHI;03:23.372;4.3;35.0;CHN;03:27.815;4.3;36.0;BUL;03:18.927;4.4;32.0
920;PAR;03:28.215;4.2;33.0;CHI;03:24.534;4.3;35.0;CHN;03:29.075;4.3;36.0;BUL;03:20.151;4.4;32.0
925;PAR;03:29.494;4.1;34.0;CHI;03:25.583;4.4;35.0;CHN;03:30.306;4.2;36.0;BUL;03:21.165;4.4;32.0
930;PAR;03:30.675;4.1;34.0;CHI;03:26.808;4.4;35.0;CHN;03:31.438;4.2;36.0;BUL;03:22.409;4.4;32.0
935;PAR;03:31.825;4.1;34.0;CHI;03:27.966;4.4;35.0;CHN;03:32.578;4.2;36.0;BUL;03:23.588;4.4;32.0
940;PAR;03:33.125;4.1;34.0;CHI;03:29.009;4.4;35.0;CHN;03:33.813;4.3;36.0;BUL;03:24.650;4.3;32.0
945;PAR;03:34.339;4.1;34.0;CHI;03:30.248;4.4;35.0;CHN;03:34.971;4.3;36.0;BUL;03:25.943;4.3;32.0
950;PAR;03:35.444;4.1;34.0;CHI;03:31.436;4.4;35.0;CHN;03:36.027;4.3;36.0;BUL;03:27.110;4.2;32.0
955;PAR;03:36.748;4.1;34.0;CHI;03:32.485;4.3;35.0;CHN;03:37.272;4.3;36.0;BUL;03:28.224;4.2;32.0
960;PAR;03:37.983;4.1;34.0;CHI;03:33.732;4.3;35.0;CHN;03:38.452;4.3;36.0;BUL;03:29.468;4.3;32.0
965;PAR;03:39.092;4.1;34.0;CHI;03:34.929;4.3;35.0;CHN;03:39.485;4.3;36.0;BUL;03:30.483;4.3;32.0
970;PAR;03:40.381;4.1;34.0;CHI;03:35.983;4.3;35.0;CHN;03:40.727;4.3;36.0;BUL;03:31.725;4.4;32.0
975;PAR;03:41.642;4.1;34.0;CHI;03:37.238;4.3;35.0;CHN;03:41.925;4.3;36.0;BUL;03:32.897;4.4;32.0
980;PAR;03:42.728;4.1;34.0;CHI;03:38.446;4.3;35.0;CHN;03:42.969;4.3;35.0;BUL;03:33.979;4.3;32.0
985;PAR;03:44.058;4.1;34.0;CHI;03:39.499;4.3;35.0;CHN;03:44.210;4.3;35.0;BUL;03:35.228;4.3;32.0
990;PAR;03:45.358;4.0;34.0;CHI;03:40.749;4.3;35.0;CHN;03:45.443;4.3;35.0;BUL;03:36.278;4.3;31.0
995;PAR;03:46.513;4.0;34.0;CHI;03:41.966;4.3;35.0;CHN;03:46.588;4.3;36.0;BUL;03:37.541;4.3;31.0
1000;PAR;03:47.748;4.0;34.0;CHI;03:43.039;4.3;35.0;CHN;03:47.705;4.3;36.0;BUL;03:38.748;4.3;31.0
1005;PAR;03:49.050;4.1;34.0;CHI;03:44.278;4.3;35.0;CHN;03:48.960;4.2;36.0;BUL;03:39.819;4.2;31.0
1010;PAR;03:50.260;4.1;34.0;CHI;03:45.519;4.2;35.0;CHN;03:50.149;4.3;36.0;BUL;03:41.090;4.3;31.0
1015;PAR;03:51.440;4.1;33.0;CHI;03:46.655;4.2;35.0;CHN;03:51.205;4.3;36.0;BUL;03:42.180;4.2;31.0
1020;PAR;03:52.774;4.0;33.0;CHI;03:47.820;4.2;35.0;CHN;03:52.461;4.3;36.0;BUL;03:43.388;4.3;31.0
1025;PAR;03:54.029;4.0;33.0;CHI;03:49.089;4.2;35.0;CHN;03:53.705;4.3;36.0;BUL;03:44.607;4.3;32.0
1030;PAR;03:55.121;4.0;33.0;CHI;03:50.308;4.2;35.0;CHN;03:54.856;4.2;36.0;BUL;03:45.645;4.3;32.0
1035;PAR;03:56.440;4.1;34.0;CHI;03:51.396;4.2;35.0;CHN;03:56.004;4.2;36.0;BUL;03:46.912;4.3;32.0
1040;PAR;03:57.641;4.1;34.0;CHI;03:52.643;4.2;35.0;CHN;03:57.280;4.2;36.0;BUL;03:48.133;4.3;33.0
1045;PAR;03:58.690;4.2;34.0;CHI;03:53.844;4.2;36.0;CHN;03:58.497;4.2;36.0;BUL;03:49.175;4.3;33.0
1050;PAR;03:59.962;4.3;34.0;CHI;03:54.902;4.3;36.0;CHN;03:59.577;4.2;36.0;BUL;03:50.442;4.3;33.0
1055;PAR;04:01.151;4.3;34.0;CHI;03:56.097;4.4;36.0;CHN;04:00.849;4.2;36.0;BUL;03:51.603;4.3;33.0
1060;PAR;04:02.202;4.3;34.0;CHI;03:57.260;4.4;36.0;CHN;04:02.073;4.2;35.0;BUL;03:52.685;4.3;33.0
1065;PAR;04:03.446;4.3;34.0;CHI;03:58.333;4.4;36.0;CHN;04:03.159;4.2;35.0;BUL;03:53.942;4.3;33.0
1070;PAR;04:04.605;4.3;34.0;CHI;03:59.460;4.4;36.0;CHN;04:04.349;4.3;36.0;BUL;03:55.006;4.3;33.0
1075;PAR;04:05.685;4.3;34.0;CHI;04:00.660;4.4;36.0;CHN;04:05.602;4.3;36.0;BUL;03:56.154;4.4;33.0
1080;PAR;04:06.942;4.3;34.0;CHI;04:01.745;4.4;36.0;CHN;04:06.754;4.3;36.0;BUL;03:57.347;4.4;33.0
1085;PAR;04:08.103;4.3;34.0;CHI;04:02.854;4.4;36.0;CHN;04:07.845;4.3;36.0;BUL;03:58.357;4.4;33.0
1090;PAR;04:09.180;4.3;34.0;CHI;04:04.044;4.4;36.0;CHN;04:09.108;4.3;36.0;BUL;03:59.604;4.4;33.0
1095;PAR;04:10.428;4.3;34.0;CHI;04:05.118;4.4;36.0;CHN;04:10.302;4.3;36.0;BUL;04:00.758;4.4;33.0
1100;PAR;04:11.560;4.3;34.0;CHI;04:06.244;4.4;35.0;CHN;04:11.349;4.3;36.0;BUL;04:01.808;4.4;33.0
1105;PAR;04:12.662;4.3;34.0;CHI;04:07.443;4.4;35.0;CHN;04:12.605;4.3;36.0;BUL;04:03.020;4.4;33.0
1110;PAR;04:13.889;4.3;34.0;CHI;04:08.535;4.4;35.0;CHN;04:13.812;4.3;36.0;BUL;04:04.038;4.4;33.0
1115;PAR;04:14.983;4.3;34.0;CHI;04:09.654;4.4;35.0;CHN;04:14.887;4.3;36.0;BUL;04:05.228;4.5;33.0
1120;PAR;04:16.128;4.4;34.0;CHI;04:10.871;4.4;35.0;CHN;04:16.078;4.3;36.0;BUL;04:06.388;4.5;33.0
1125;PAR;04:17.346;4.4;34.0;CHI;04:11.988;4.4;35.0;CHN;04:17.306;4.3;36.0;BUL;04:07.411;4.4;33.0
1130;PAR;04:18.408;4.3;34.0;CHI;04:13.099;4.3;35.0;CHN;04:18.467;4.3;36.0;BUL;04:08.630;4.4;32.0
1135;PAR;04:19.597;4.3;34.0;CHI;04:14.333;4.3;35.0;CHN;04:19.580;4.3;36.0;BUL;04:09.635;4.4;32.0
1140;PAR;04:20.819;4.3;34.0;CHI;04:15.502;4.3;35.0;CHN;04:20.859;4.2;36.0;BUL;04:10.888;4.4;32.0
1145;PAR;04:21.879;4.3;34.0;CHI;04:16.606;4.3;35.0;CHN;04:22.080;4.2;36.0;BUL;04:12.063;4.4;32.0
1150;PAR;04:23.071;4.3;34.0;CHI;04:17.871;4.2;35.0;CHN;04:23.167;4.2;36.0;BUL;04:13.091;4.4;32.0
1155;PAR;04:24.283;4.3;34.0;CHI;04:19.078;4.2;35.0;CHN;04:24.385;4.2;36.0;BUL;04:14.347;4.4;32.0
1160;PAR;04:25.319;4.3;34.0;CHI;04:20.140;4.2;35.0;CHN;04:25.625;4.2;36.0;BUL;04:15.458;4.3;32.0
1165;PAR;04:26.542;4.3;34.0;CHI;04:21.395;4.2;35.0;CHN;04:26.761;4.3;36.0;BUL;04:16.609;4.3;32.0
1170;PAR;04:27.729;4.3;34.0;CHI;04:22.590;4.3;35.0;CHN;04:27.894;4.3;36.0;BUL;04:17.826;4.3;32.0
1175;PAR;04:28.724;4.4;34.0;CHI;04:23.639;4.3;35.0;CHN;04:29.087;4.3;36.0;BUL;04:18.863;4.3;32.0
1180;PAR;04:29.962;4.4;34.0;CHI;04:24.862;4.3;35.0;CHN;04:30.246;4.4;36.0;BUL;04:20.141;4.3;32.0
1185;PAR;04:31.146;4.4;34.0;CHI;04:26.053;4.3;35.0;CHN;04:31.309;4.4;36.0;BUL;04:21.264;4.3;32.0
1190;PAR;04:32.181;4.4;34.0;CHI;04:27.087;4.3;35.0;CHN;04:32.571;4.3;36.0;BUL;04:22.398;4.3;32.0
1195;PAR;04:33.434;4.3;34.0;CHI;04:28.310;4.4;35.0;CHN;04:33.779;4.3;36.0;BUL;04:23.630;4.3;32.0
1200;PAR;04:34.618;4.3;34.0;CHI;04:29.506;4.4;35.0;CHN;04:34.843;4.3;36.0;BUL;04:24.640;4.3;32.0
1205;PAR;04:35.661;4.3;34.0;CHI;04:30.543;4.4;35.0;CHN;04:36.073;4.3;36.0;BUL;04:25.891;4.4;32.0
1210;PAR;04:36.906;4.3;34.0;CHI;04:31.756;4.3;35.0;CHN;04:37.299;4.3;36.0;BUL;04:27.027;4.4;32.0
1215;PAR;04:38.057;4.3;34.0;CHI;04:32.956;4.3;35.0;CHN;04:38.426;4.3;36.0;BUL;04:28.124;4.4;31.0
1220;PAR;04:39.109;4.4;34.0;CHI;04:33.997;4.4;35.0;CHN;04:39.538;4.3;36.0;BUL;04:29.353;4.4;31.0
1225;PAR;04:40.343;4.4;34.0;CHI;04:35.200;4.4;35.0;CHN;04:40.790;4.3;36.0;BUL;04:30.369;4.3;31.0
1230;PAR;04:41.468;4.4;34.0;CHI;04:36.397;4.4;35.0;CHN;04:41.969;4.3;36.0;BUL;04:31.613;4.4;31.0
1235;PAR;04:42.550;4.4;34.0;CHI;04:37.447;4.4;35.0;CHN;04:43.042;4.3;36.0;BUL;04:32.741;4.4;31.0
1240;PAR;04:43.776;4.4;34.0;CHI;04:38.638;4.4;35.0;CHN;04:44.301;4.3;36.0;BUL;04:33.828;4.4;31.0
1245;PAR;04:44.884;4.4;34.0;CHI;04:39.855;4.4;35.0;CHN;04:45.510;4.3;36.0;BUL;04:35.040;4.4;31.0
1250;PAR;04:46.008;4.4;34.0;CHI;04:40.942;4.3;35.0;CHN;04:46.577;4.3;36.0;BUL;04:36.061;4.4;31.0
1255;PAR;04:47.236;4.3;34.0;CHI;04:42.131;4.3;35.0;CHN;04:47.790;4.3;36.0;BUL;04:37.315;4.4;31.0
1260;PAR;04:48.366;4.3;34.0;CHI;04:43.372;4.3;35.0;CHN;04:49.024;4.3;36.0;BUL;04:38.390;4.3;31.0
1265;PAR;04:49.560;4.3;34.0;CHI;04:44.508;4.3;35.0;CHN;04:50.166;4.3;36.0;BUL;04:39.581;4.3;31.0
1270;PAR;04:50.795;4.3;34.0;CHI;04:45.648;4.3;35.0;CHN;04:51.272;4.3;36.0;BUL;04:40.798;4.3;31.0
1275;PAR;04:51.948;4.2;34.0;CHI;04:46.893;4.3;35.0;CHN;04:52.524;4.3;36.0;BUL;04:41.826;4.3;31.0
1280;PAR;04:53.076;4.2;34.0;CHI;04:48.054;4.3;35.0;CHN;04:53.703;4.3;36.0;BUL;04:43.083;4.3;31.0
1285;PAR;04:54.329;4.2;34.0;CHI;04:49.143;4.3;35.0;CHN;04:54.737;4.3;36.0;BUL;04:44.186;4.3;31.0
1290;PAR;04:55.466;4.3;34.0;CHI;04:50.382;4.3;35.0;CHN;04:55.980;4.3;36.0;BUL;04:45.364;4.3;31.0
1295;PAR;04:56.576;4.3;34.0;CHI;04:51.526;4.3;35.0;CHN;04:57.164;4.3;36.0;BUL;04:46.585;4.3;31.0
1300;PAR;04:57.807;4.3;34.0;CHI;04:52.591;4.3;35.0;CHN;04:58.258;4.4;36.0;BUL;04:47.608;4.3;32.0
1305;PAR;04:58.908;4.3;34.0;CHI;04:53.814;4.4;35.0;CHN;04:59.397;4.3;36.0;BUL;04:48.860;4.3;32.0
1310;PAR;05:00.031;4.4;34.0;CHI;04:54.960;4.4;35.0;CHN;05:00.635;4.3;37.0;BUL;04:50.013;4.3;32.0
1315;PAR;05:01.235;4.4;34.0;CHI;04:56.028;4.4;35.0;CHN;05:01.800;4.3;37.0;BUL;04:51.115;4.3;32.0
1320;PAR;05:02.278;4.4;34.0;CHI;04:57.258;4.4;35.0;CHN;05:02.873;4.3;37.0;BUL;04:52.309;4.4;32.0
1325;PAR;05:03.457;4.4;34.0;CHI;04:58.429;4.3;35.0;CHN;05:04.133;4.3;36.0;BUL;04:53.315;4.4;32.0
1330;PAR;05:04.666;4.4;34.0;CHI;04:59.550;4.3;35.0;CHN;05:05.331;4.3;36.0;BUL;04:54.539;4.4;32.0
1335;PAR;05:05.708;4.4;34.0;CHI;05:00.780;4.3;35.0;CHN;05:06.371;4.3;36.0;BUL;04:55.677;4.4;32.0
1340;PAR;05:06.944;4.3;34.0;CHI;05:01.963;4.2;35.0;CHN;05:07.584;4.3;36.0;BUL;04:56.751;4.4;32.0
1345;PAR;05:08.153;4.3;34.0;CHI;05:03.009;4.3;35.0;CHN;05:08.777;4.3;36.0;BUL;04:57.969;4.4;32.0
1350;PAR;05:09.196;4.3;34.0;CHI;05:04.232;4.3;35.0;CHN;05:09.807;4.4;36.0;BUL;04:58.991;4.4;32.0
1355;PAR;05:10.444;4.3;34.0;CHI;05:05.390;4.4;35.0;CHN;05:11.023;4.4;36.0;BUL;05:00.271;4.4;31.0
1360;PAR;05:11.651;4.3;34.0;CHI;05:06.434;4.4;35.0;CHN;05:12.216;4.4;36.0;BUL;05:01.420;4.3;31.0
1365;PAR;05:12.685;4.3;34.0;CHI;05:07.652;4.4;35.0;CHN;05:13.338;4.4;36.0;BUL;05:02.517;4.3;31.0
1370;PAR;05:13.950;4.3;34.0;CHI;05:08.827;4.4;35.0;CHN;05:14.446;4.3;36.0;BUL;05:03.779;4.3;31.0
1375;PAR;05:15.167;4.3;34.0;CHI;05:09.907;4.3;35.0;CHN;05:15.700;4.3;36.0;BUL;05:04.814;4.3;31.0
1380;PAR;05:16.223;4.3;34.0;CHI;05:11.124;4.3;35.0;CHN;05:16.850;4.3;36.0;BUL;05:06.095;4.3;31.0
1385;PAR;05:17.514;4.2;34.0;CHI;05:12.306;4.3;35.0;CHN;05:17.914;4.3;36.0;BUL;05:07.249;4.3;32.0
1390;PAR;05:18.722;4.2;34.0;CHI;05:13.345;4.3;35.0;CHN;05:19.168;4.3;36.0;BUL;05:08.373;4.3;32.0
1395;PAR;05:19.785;4.2;34.0;CHI;05:14.585;4.3;35.0;CHN;05:20.381;4.3;36.0;BUL;05:09.603;4.3;31.0
1400;PAR;05:21.043;4.2;34.0;CHI;05:15.769;4.3;35.0;CHN;05:21.469;4.3;36.0;BUL;05:10.717;4.3;31.0
1405;PAR;05:22.245;4.2;34.0;CHI;05:16.805;4.3;35.0;CHN;05:22.663;4.2;36.0;BUL;05:11.906;4.3;31.0
1410;PAR;05:23.285;4.3;34.0;CHI;05:18.024;4.4;35.0;CHN;05:23.877;4.3;36.0;BUL;05:13.129;4.3;31.0
1415;PAR;05:24.491;4.3;34.0;CHI;05:19.198;4.4;35.0;CHN;05:25.000;4.3;36.0;BUL;05:14.164;4.3;31.0
1420;PAR;05:25.651;4.4;34.0;CHI;05:20.226;4.4;35.0;CHN;05:26.091;4.3;36.0;BUL;05:15.418;4.3;31.0
1425;PAR;05:26.669;4.4;34.0;CHI;05:21.428;4.4;35.0;CHN;05:27.322;4.3;36.0;BUL;05:16.449;4.3;31.0
1430;PAR;05:27.851;4.5;34.0;CHI;05:22.603;4.4;35.0;CHN;05:28.488;4.3;36.0;BUL;05:17.637;4.4;31.0
1435;PAR;05:28.971;4.5;34.0;CHI;05:23.642;4.4;35.0;CHN;05:29.532;4.4;36.0;BUL;05:18.807;4.4;31.0
1440;PAR;05:29.978;4.5;35.0;CHI;05:24.841;4.4;36.0;CHN;05:30.759;4.3;36.0;BUL;05:19.819;4.4;31.0
1445;PAR;05:31.166;4.5;35.0;CHI;05:26.025;4.4;36.0;CHN;05:31.956;4.3;37.0;BUL;05:21.050;4.5;32.0
1450;PAR;05:32.251;4.6;35.0;CHI;05:27.057;4.4;36.0;CHN;05:33.061;4.3;37.0;BUL;05:22.103;4.4;32.0
1455;PAR;05:33.291;4.6;35.0;CHI;05:28.251;4.4;35.0;CHN;05:34.162;4.3;37.0;BUL;05:23.308;4.4;32.0
1460;PAR;05:34.473;4.6;35.0;CHI;05:29.422;4.4;35.0;CHN;05:35.382;4.4;37.0;BUL;05:24.497;4.4;31.0
1465;PAR;05:35.558;4.6;35.0;CHI;05:30.433;4.4;35.0;CHN;05:36.501;4.4;37.0;BUL;05:25.534;4.3;31.0
1470;PAR;05:36.667;4.5;35.0;CHI;05:31.617;4.4;35.0;CHN;05:37.533;4.4;37.0;BUL;05:26.784;4.4;32.0
1475;PAR;05:37.848;4.5;35.0;CHI;05:32.771;4.5;35.0;CHN;05:38.736;4.4;37.0;BUL;05:27.855;4.3;32.0
1480;PAR;05:38.934;4.4;35.0;CHI;05:33.777;4.5;35.0;CHN;05:39.889;4.5;37.0;BUL;05:29.040;4.4;32.0
1485;PAR;05:40.070;4.4;35.0;CHI;05:34.980;4.5;35.0;CHN;05:40.939;4.5;37.0;BUL;05:30.236;4.4;31.0
1490;PAR;05:41.286;4.4;35.0;CHI;05:36.141;4.5;35.0;CHN;05:42.096;4.4;37.0;BUL;05:31.289;4.3;31.0
1495;PAR;05:42.378;4.3;35.0;CHI;05:37.156;4.4;35.0;CHN;05:43.305;4.4;37.0;BUL;05:32.551;4.3;31.0
1500;PAR;05:43.525;4.3;35.0;CHI;05:38.373;4.4;35.0;CHN;05:44.446;4.4;37.0;BUL;05:33.608;4.3;31.0
1505;PAR;05:44.736;4.3;35.0;CHI;05:39.549;4.4;35.0;CHN;05:45.500;4.4;37.0;BUL;05:34.846;4.3;31.0
1510;PAR;05:45.802;4.4;35.0;CHI;05:40.582;4.4;35.0;CHN;05:46.740;4.3;38.0;BUL;05:36.051;4.3;31.0
1515;PAR;05:46.934;4.4;35.0;CHI;05:41.811;4.4;35.0;CHN;05:47.920;4.3;38.0;BUL;05:37.133;4.3;31.0
1520;PAR;05:48.113;4.4;35.0;CHI;05:42.992;4.3;35.0;CHN;05:48.989;4.3;38.0;BUL;05:38.399;4.3;31.0
1525;PAR;05:49.100;4.5;35.0;CHI;05:44.026;4.3;35.0;CHN;05:50.118;4.4;38.0;BUL;05:39.475;4.2;31.0
1530;PAR;05:50.301;4.5;35.0;CHI;05:45.239;4.4;35.0;CHN;05:51.322;4.4;38.0;BUL;05:40.695;4.3;31.0
1535;PAR;05:51.503;4.5;35.0;CHI;05:46.413;4.4;35.0;CHN;05:52.458;4.4;38.0;BUL;05:41.894;4.3;31.0
1540;PAR;05:52.569;4.4;35.0;CHI;05:47.440;4.4;35.0;CHN;05:53.485;4.4;38.0;BUL;05:42.944;4.3;31.0
1545;PAR;05:53.734;4.4;35.0;CHI;05:48.650;4.4;35.0;CHN;05:54.699;4.4;38.0;BUL;05:44.204;4.3;31.0
1550;PAR;05:54.958;4.3;35.0;CHI;05:49.849;4.4;35.0;CHN;05:55.885;4.4;38.0;BUL;05:45.333;4.3;31.0
1555;PAR;05:56.089;4.3;35.0;CHI;05:50.910;4.4;35.0;CHN;05:56.988;4.4;38.0;BUL;05:46.542;4.3;31.0
1560;PAR;05:57.231;4.3;35.0;CHI;05:52.130;4.3;35.0;CHN;05:58.085;4.4;38.0;BUL;05:47.758;4.3;32.0
1565;PAR;05:58.491;4.3;35.0;CHI;05:53.374;4.3;35.0;CHN;05:59.313;4.3;38.0;BUL;05:48.838;4.2;32.0
1570;PAR;05:59.642;4.2;35.0;CHI;05:54.522;4.2;35.0;CHN;06:00.482;4.3;38.0;BUL;05:50.117;4.2;32.0
1575;PAR;06:00.774;4.2;35.0;CHI;05:55.661;4.2;35.0;CHN;06:01.540;4.4;38.0;BUL;05:51.377;4.2;32.0
1580;PAR;06:02.038;4.2;35.0;CHI;05:56.912;4.2;35.0;CHN;06:02.691;4.4;38.0;BUL;05:52.453;4.1;32.0
1585;PAR;06:03.259;4.2;35.0;CHI;05:58.090;4.2;35.0;CHN;06:03.908;4.4;38.0;BUL;05:53.759;4.1;32.0
1590;PAR;06:04.333;4.2;35.0;CHI;05:59.134;4.3;35.0;CHN;06:05.054;4.4;38.0;BUL;05:54.983;4.1;32.0
1595;PAR;06:05.652;4.1;35.0;CHI;06:00.368;4.3;36.0;CHN;06:06.108;4.4;38.0;BUL;05:56.088;4.1;32.0
1600;PAR;06:06.856;4.1;35.0;CHI;06:01.550;4.3;36.0;CHN;06:07.341;4.3;38.0;BUL;05:57.405;4.2;32.0
1605;PAR;06:07.920;4.2;35.0;CHI;06:02.580;4.4;36.0;CHN;06:08.545;4.3;38.0;BUL;05:58.615;4.1;32.0
1610;PAR;06:09.116;4.3;35.0;CHI;06:03.794;4.4;36.0;CHN;06:09.677;4.3;38.0;BUL;05:59.777;4.1;32.0
1615;PAR;06:10.339;4.3;35.0;CHI;06:04.980;4.4;36.0;CHN;06:10.721;4.3;38.0;BUL;06:01.081;4.1;32.0
1620;PAR;06:11.403;4.4;35.0;CHI;06:06.045;4.4;36.0;CHN;06:11.943;4.4;38.0;BUL;06:02.191;4.1;32.0
1625;PAR;06:12.541;4.4;35.0;CHI;06:07.221;4.4;36.0;CHN;06:13.105;4.4;38.0;BUL;06:03.416;4.1;32.0
1630;PAR;06:13.740;4.4;35.0;CHI;06:08.423;4.3;36.0;CHN;06:14.187;4.4;38.0;BUL;06:04.675;4.2;32.0
1635;PAR;06:14.813;4.4;35.0;CHI;06:09.495;4.4;36.0;CHN;06:15.328;4.4;38.0;BUL;06:05.722;4.2;32.0
1640;PAR;06:15.976;4.4;35.0;CHI;06:10.624;4.4;36.0;CHN;06:16.549;4.3;38.0;BUL;06:07.028;4.2;32.0
1645;PAR;06:17.209;4.4;35.0;CHI;06:11.799;4.4;36.0;CHN;06:17.703;4.3;38.0;BUL;06:08.188;4.2;31.0
1650;PAR;06:18.329;4.3;35.0;CHI;06:12.905;4.4;36.0;CHN;06:18.753;4.4;38.0;BUL;06:09.335;4.2;31.0
1655;PAR;06:19.457;4.3;35.0;CHI;06:13.982;4.4;36.0;CHN;06:19.920;4.4;39.0;BUL;06:10.632;4.2;31.0
1660;PAR;06:20.727;4.3;35.0;CHI;06:15.187;4.4;36.0;CHN;06:21.137;4.4;39.0;BUL;06:11.721;4.1;31.0
1665;PAR;06:21.866;4.2;35.0;CHI;06:16.317;4.4;36.0;CHN;06:22.268;4.4;39.0;BUL;06:12.993;4.1;31.0
1670;PAR;06:22.976;4.2;35.0;CHI;06:17.377;4.4;36.0;CHN;06:23.359;4.4;39.0;BUL;06:14.225;4.2;31.0
1675;PAR;06:24.230;4.3;35.0;CHI;06:18.606;4.4;36.0;CHN;06:24.535;4.3;39.0;BUL;06:15.298;4.2;31.0
1680;PAR;06:25.422;4.3;35.0;CHI;06:19.781;4.4;36.0;CHN;06:25.773;4.3;39.0;BUL;06:16.594;4.2;31.0
1685;PAR;06:26.467;4.3;35.0;CHI;06:20.821;4.3;36.0;CHN;06:26.967;4.3;39.0;BUL;06:17.720;4.2;31.0
1690;PAR;06:27.735;4.3;35.0;CHI;06:22.029;4.3;36.0;CHN;06:28.009;4.3;39.0;BUL;06:18.936;4.2;31.0
1695;PAR;06:28.944;4.3;35.0;CHI;06:23.201;4.4;36.0;CHN;06:29.237;4.3;39.0;BUL;06:20.183;4.2;31.0
1700;PAR;06:29.978;4.3;35.0;CHI;06:24.215;4.4;36.0;CHN;06:30.471;4.3;39.0;BUL;06:21.238;4.2;31.0
1705;PAR;06:31.225;4.3;35.0;CHI;06:25.371;4.4;37.0;CHN;06:31.658;4.3;39.0;BUL;06:22.531;4.2;31.0
1710;PAR;06:32.407;4.3;35.0;CHI;06:26.531;4.5;37.0;CHN;06:32.770;4.3;39.0;BUL;06:23.709;4.2;31.0
1715;PAR;06:33.435;4.3;35.0;CHI;06:27.613;4.5;37.0;CHN;06:33.918;4.2;39.0;BUL;06:24.885;4.2;31.0
1720;PAR;06:34.666;4.4;35.0;CHI;06:28.657;4.5;37.0;CHN;06:35.130;4.3;39.0;BUL;06:26.135;4.2;31.0
1725;PAR;06:35.850;4.4;35.0;CHI;06:29.834;4.5;38.0;CHN;06:36.281;4.3;39.0;BUL;06:27.194;4.2;31.0
1730;PAR;06:36.871;4.4;35.0;CHI;06:30.958;4.5;38.0;CHN;06:37.318;4.4;39.0;BUL;06:28.511;4.2;30.0
1735;PAR;06:38.065;4.4;35.0;CHI;06:31.939;4.5;38.0;CHN;06:38.508;4.4;39.0;BUL;06:29.694;4.2;30.0
1740;PAR;06:39.224;4.4;35.0;CHI;06:33.131;4.6;38.0;CHN;06:39.667;4.4;39.0;BUL;06:30.879;4.1;30.0
1745;PAR;06:40.259;4.5;36.0;CHI;06:34.219;4.6;38.0;CHN;06:40.810;4.4;39.0;BUL;06:32.131;4.2;30.0
1750;PAR;06:41.407;4.5;36.0;CHI;06:35.212;4.6;38.0;CHN;06:41.860;4.4;39.0;BUL;06:33.179;4.1;30.0
1755;PAR;06:42.575;4.5;36.0;CHI;06:36.366;4.6;38.0;CHN;06:43.048;4.4;39.0;BUL;06:34.469;4.2;30.0
1760;PAR;06:43.600;4.5;37.0;CHI;06:37.504;4.6;38.0;CHN;06:44.238;4.4;39.0;BUL;06:35.618;4.3;30.0
1765;PAR;06:44.739;4.5;37.0;CHI;06:38.478;4.6;38.0;CHN;06:45.367;4.4;39.0;BUL;06:36.766;4.3;30.0
1770;PAR;06:45.865;4.6;37.0;CHI;06:39.633;4.6;38.0;CHN;06:46.396;4.4;39.0;BUL;06:37.990;4.3;30.0
1775;PAR;06:46.920;4.6;37.0;CHI;06:40.754;4.6;38.0;CHN;06:47.587;4.4;39.0;BUL;06:39.011;4.3;30.0
1780;PAR;06:47.998;4.6;37.0;CHI;06:41.801;4.6;38.0;CHN;06:48.741;4.4;39.0;BUL;06:40.280;4.4;31.0
1785;PAR;06:49.155;4.5;37.0;CHI;06:42.804;4.6;38.0;CHN;06:49.791;4.5;39.0;BUL;06:41.415;4.3;31.0
1790;PAR;06:50.187;4.6;37.0;CHI;06:43.911;4.7;38.0;CHN;06:50.906;4.5;39.0;BUL;06:42.547;4.3;31.0
1795;PAR;06:51.278;4.6;37.0;CHI;06:44.881;4.8;38.0;CHN;06:52.028;4.5;39.0;BUL;06:43.755;4.3;31.0
1800;PAR;06:52.392;4.6;37.0;CHI;06:45.894;4.8;38.0;CHN;06:53.114;4.6;39.0;BUL;06:44.756;4.3;31.0
1805;PAR;06:53.435;4.6;37.0;CHI;06:46.984;4.9;39.0;CHN;06:54.105;4.6;39.0;BUL;06:45.870;4.4;32.0
1810;PAR;06:54.440;4.7;37.0;CHI;06:47.977;4.9;39.0;CHN;06:55.287;4.6;39.0;BUL;06:46.937;4.6;35.0
1815;PAR;06:55.567;4.7;37.0;CHI;06:48.945;4.9;39.0;CHN;06:56.412;4.6;39.0;BUL;06:47.820;4.8;36.0
1820;PAR;06:56.583;4.8;38.0;CHI;06:50.016;4.9;39.0;CHN;06:57.424;4.6;39.0;BUL;06:48.895;5.0;37.0
1825;PAR;06:57.575;4.8;38.0;CHI;06:50.988;5.0;39.0;CHN;06:58.537;4.6;39.0;BUL;06:49.831;5.1;37.0
1830;PAR;06:58.675;4.8;38.0;CHI;06:51.971;5.0;39.0;CHN;06:59.676;4.6;39.0;BUL;06:50.736;5.2;38.0
1835;PAR;06:59.672;4.8;38.0;CHI;06:53.032;5.0;39.0;CHN;07:00.739;4.6;39.0;BUL;06:51.790;5.2;38.0
1840;PAR;07:00.711;4.9;38.0;CHI;06:53.985;5.0;39.0;CHN;07:01.760;4.6;39.0;BUL;06:52.720;5.2;38.0
1845;PAR;07:01.771;4.8;38.0;CHI;06:54.994;5.0;39.0;CHN;07:02.899;4.6;39.0;BUL;06:53.708;5.2;38.0
1850;PAR;07:02.760;4.9;38.0;CHI;06:56.053;5.0;39.0;CHN;07:03.994;4.6;39.0;BUL;06:54.759;5.1;38.0
1855;PAR;07:03.774;4.9;38.0;CHI;06:56.987;5.0;39.0;CHN;07:04.976;4.7;39.0;BUL;06:55.650;5.1;38.0
1860;PAR;07:04.881;4.8;38.0;CHI;06:58.012;4.9;39.0;CHN;07:06.120;4.6;39.0;BUL;06:56.701;5.0;38.0
1865;PAR;07:05.884;4.8;39.0;CHI;06:59.088;4.9;39.0;CHN;07:07.254;4.6;39.0;BUL;06:57.693;5.0;38.0
1870;PAR;07:06.903;4.8;39.0;CHI;07:00.050;4.9;40.0;CHN;07:08.307;4.6;39.0;BUL;06:58.585;5.1;38.0
1875;PAR;07:08.017;4.8;39.0;CHI;07:01.050;4.9;40.0;CHN;07:09.373;4.6;39.0;BUL;06:59.634;5.1;38.0
1880;PAR;07:09.032;4.8;39.0;CHI;07:02.121;4.9;40.0;CHN;07:10.557;4.5;39.0;BUL;07:00.572;5.2;38.0
1885;PAR;07:10.038;4.8;39.0;CHI;07:03.070;4.9;40.0;CHN;07:11.685;4.5;39.0;BUL;07:01.539;5.1;38.0
1890;PAR;07:11.162;4.8;39.0;CHI;07:04.076;4.9;40.0;CHN;07:12.753;4.4;39.0;BUL;07:02.560;5.1;38.0
1895;PAR;07:12.179;4.8;39.0;CHI;07:05.138;4.9;40.0;CHN;07:13.927;4.4;39.0;BUL;07:03.424;5.1;38.0
1900;PAR;07:13.203;4.8;38.0;CHI;07:06.069;5.0;39.0;CHN;07:15.126;4.4;39.0;BUL;07:04.469;5.2;38.0
1905;PAR;07:14.304;4.8;38.0;CHI;07:07.100;5.0;39.0;CHN;07:16.276;4.4;39.0;BUL;07:05.420;5.2;39.0
1910;PAR;07:15.325;4.8;38.0;CHI;07:08.148;5.0;39.0;CHN;07:17.352;4.4;39.0;BUL;07:06.302;5.2;39.0
1915;PAR;07:16.348;4.8;38.0;CHI;07:09.057;5.0;39.0;CHN;07:18.629;4.3;38.0;BUL;07:07.339;5.3;39.0
1920;PAR;07:17.476;4.8;38.0;CHI;07:10.124;5.0;39.0;CHN;07:19.926;4.1;38.0;BUL;07:08.238;5.3;39.0
1925;PAR;07:18.493;4.7;38.0;CHI;07:11.171;5.0;39.0;CHN;07:21.144;4.0;38.0;BUL;07:09.252;5.2;39.0
1930;PAR;07:19.533;4.7;38.0;CHI;07:12.091;5.0;39.0;CHN;07:22.234;4.1;38.0;BUL;07:10.275;5.2;38.0
1935;PAR;07:20.678;4.7;38.0;CHI;07:13.195;4.9;39.0;CHN;07:23.476;4.1;38.0;BUL;07:11.171;5.1;38.0
1940;PAR;07:21.723;4.7;38.0;CHI;07:14.254;4.9;39.0;CHN;07:24.738;4.2;38.0;BUL;07:12.277;5.0;38.0
1945;PAR;07:22.779;4.6;38.0;CHI;07:15.199;4.8;39.0;CHN;07:25.952;4.2;37.0;BUL;07:13.277;5.0;38.0
1950;PAR;07:23.944;4.6;37.0;CHI;07:16.319;4.8;39.0;CHN;07:27.060;4.2;37.0;BUL;07:14.287;4.9;38.0
1955;PAR;07:25.023;4.6;37.0;CHI;07:17.391;4.8;39.0;CHN;07:28.336;4.1;37.0;BUL;07:15.356;4.9;37.0
1960;PAR;07:26.055;4.6;37.0;CHI;07:18.326;4.8;39.0;CHN;07:29.612;4.1;37.0;BUL;07:16.291;4.9;37.0
1965;PAR;07:27.240;4.5;37.0;CHI;07:19.453;4.8;38.0;CHN;07:30.834;4.1;37.0;BUL;07:17.371;4.9;37.0
1970;PAR;07:28.349;4.5;37.0;CHI;07:20.538;4.8;38.0;CHN;07:31.977;4.1;37.0;BUL;07:18.444;4.9;37.0
1975;PAR;07:29.390;4.5;37.0;CHI;07:21.488;4.8;38.0;CHN;07:33.258;4.1;37.0;BUL;07:19.380;4.9;37.0
1980;PAR;07:30.617;4.5;37.0;CHI;07:22.615;4.8;38.0;CHN;07:34.555;4.0;37.0;BUL;07:20.528;4.8;37.0
1985;PAR;07:31.774;4.4;37.0;CHI;07:23.697;4.7;38.0;CHN;07:35.796;4.0;37.0;BUL;07:21.571;4.8;36.0
1990;PAR;07:32.820;4.4;36.0;CHI;07:24.643;4.8;38.0;CHN;07:36.940;4.0;37.0;BUL;07:22.595;4.7;36.0
1995;PAR;07:34.105;4.3;36.0;CHI;07:25.774;4.8;38.0;CHN;07:38.233;4.0;36.0;BUL;07:23.737;4.7;36.0
2000;PAR;07:35.365;4.3;36.0;CHI;07:26.847;4.8;38.0;CHN;07:39.533;4.0;36.0;BUL;07:24.707;4.7;36.0
