Distance;ShortName1;Time1;Speed1;Stroke1;ShortName2;Time2;Speed2;Stroke2;ShortName3;Time3;Speed3;Stroke3;ShortName4;Time4;Speed4;Stroke4;ShortName5;Time5;Speed5;Stroke5;ShortName6;Time6;Speed6;Stroke6;ShortName7;Time7;Speed7;Stroke7;
5;FRA;00:03.485;2.5;0.0;GER;00:03.229;2.4;0.0;USA;00:03.152;2.5;0.0;ITA;00:03.205;2.2;0.0;AUS;00:03.742;2.5;43.0;GBR;00:03.530;2.7;0.0;;00:00.000;0.0;0.0
10;FRA;00:04.990;3.1;39.0;GER;00:04.752;2.9;41.0;USA;00:04.645;3.0;43.0;ITA;00:04.819;2.8;39.0;AUS;00:05.210;3.2;43.0;GBR;00:04.889;3.5;45.0;;00:00.000;0.0;0.0
15;FRA;00:06.217;3.4;40.0;GER;00:06.058;3.3;41.0;USA;00:05.972;3.3;44.0;ITA;00:06.071;3.3;39.0;AUS;00:06.439;3.6;44.0;GBR;00:06.111;3.8;46.0;;00:00.000;0.0;0.0
20;FRA;00:07.293;4.0;40.0;GER;00:07.176;3.9;42.0;USA;00:07.119;3.8;44.0;ITA;00:07.219;3.8;40.0;AUS;00:07.563;4.0;44.0;GBR;00:07.232;4.1;47.0;;00:00.000;0.0;0.0
25;FRA;00:08.406;4.4;40.0;GER;00:08.219;4.3;42.0;USA;00:08.202;4.3;45.0;ITA;00:08.229;4.3;40.0;AUS;00:08.668;4.3;44.0;GBR;00:08.357;4.4;48.0;;00:00.000;0.0;0.0
30;FRA;00:09.462;4.6;40.0;GER;00:09.223;4.6;43.0;USA;00:09.210;4.6;45.0;ITA;00:09.310;4.6;40.0;AUS;00:09.772;4.6;44.0;GBR;00:09.417;4.6;48.0;;00:00.000;0.0;0.0
35;FRA;00:10.425;4.8;40.0;GER;00:10.302;4.8;43.0;USA;00:10.201;4.8;45.0;ITA;00:10.366;4.8;41.0;AUS;00:10.818;4.8;44.0;GBR;00:10.490;4.7;49.0;;00:00.000;0.0;0.0
40;FRA;00:11.397;4.9;39.0;GER;00:11.333;4.9;43.0;USA;00:11.212;4.9;45.0;ITA;00:11.367;4.9;42.0;AUS;00:11.743;4.8;44.0;GBR;00:11.514;4.8;49.0;;00:00.000;0.0;0.0
45;FRA;00:12.446;5.0;39.0;GER;00:12.262;4.9;43.0;USA;00:12.216;5.1;45.0;ITA;00:12.285;4.9;42.0;AUS;00:12.774;4.9;44.0;GBR;00:12.486;4.9;48.0;;00:00.000;0.0;0.0
50;FRA;00:13.376;5.1;39.0;GER;00:13.273;5.0;43.0;USA;00:13.120;5.1;45.0;ITA;00:13.318;5.0;42.0;AUS;00:13.804;5.0;44.0;GBR;00:13.436;4.9;48.0;;00:00.000;0.0;0.0
55;FRA;00:14.347;5.1;39.0;GER;00:14.293;5.1;43.0;USA;00:14.112;5.1;45.0;ITA;00:14.319;5.1;42.0;AUS;00:14.732;5.1;43.0;GBR;00:14.464;5.0;47.0;;00:00.000;0.0;0.0
60;FRA;00:15.375;5.1;39.0;GER;00:15.271;5.1;43.0;USA;00:15.133;5.1;45.0;ITA;00:15.219;5.1;42.0;AUS;00:15.704;5.1;43.0;GBR;00:15.469;5.1;47.0;;00:00.000;0.0;0.0
65;FRA;00:16.278;5.2;39.0;GER;00:16.207;5.1;43.0;USA;00:16.089;5.2;44.0;ITA;00:16.240;5.1;42.0;AUS;00:16.750;5.1;43.0;GBR;00:16.407;5.1;47.0;;00:00.000;0.0;0.0
70;FRA;00:17.299;5.1;39.0;GER;00:17.223;5.1;43.0;USA;00:16.984;5.2;44.0;ITA;00:17.259;5.1;42.0;AUS;00:17.722;5.1;43.0;GBR;00:17.356;5.1;46.0;;00:00.000;0.0;0.0
75;FRA;00:18.309;5.1;39.0;GER;00:18.221;5.1;43.0;USA;00:18.000;5.2;44.0;ITA;00:18.192;5.1;42.0;AUS;00:18.644;5.1;43.0;GBR;00:18.376;5.1;46.0;;00:00.000;0.0;0.0
80;FRA;00:19.203;5.1;39.0;GER;00:19.137;5.1;43.0;USA;00:18.989;5.2;44.0;ITA;00:19.179;5.1;42.0;AUS;00:19.691;5.1;42.0;GBR;00:19.346;5.2;45.0;;00:00.000;0.0;0.0
85;FRA;00:20.271;5.1;39.0;GER;00:20.160;5.1;43.0;USA;00:19.906;5.2;44.0;ITA;00:20.222;5.1;42.0;AUS;00:20.686;5.1;42.0;GBR;00:20.241;5.2;45.0;;00:00.000;0.0;0.0
90;FRA;00:21.254;5.1;39.0;GER;00:21.160;5.1;43.0;USA;00:20.893;5.2;44.0;ITA;00:21.191;5.1;42.0;AUS;00:21.602;5.1;42.0;GBR;00:21.260;5.2;44.0;;00:00.000;0.0;0.0
95;FRA;00:22.204;5.1;39.0;GER;00:22.089;5.1;43.0;USA;00:21.917;5.1;44.0;ITA;00:22.185;5.0;42.0;AUS;00:22.667;5.0;41.0;GBR;00:22.249;5.2;44.0;;00:00.000;0.0;0.0
100;FRA;00:23.272;5.0;39.0;GER;00:23.090;5.1;43.0;USA;00:22.869;5.1;44.0;ITA;00:23.220;5.0;42.0;AUS;00:23.674;5.0;41.0;GBR;00:23.142;5.2;44.0;;00:00.000;0.0;0.0
105;FRA;00:24.218;5.0;38.0;GER;00:24.134;5.1;43.0;USA;00:23.820;5.1;43.0;ITA;00:24.216;5.0;41.0;AUS;00:24.603;5.0;41.0;GBR;00:24.166;5.2;43.0;;00:00.000;0.0;0.0
110;FRA;00:25.234;5.0;38.0;GER;00:25.138;5.0;43.0;USA;00:24.858;5.1;43.0;ITA;00:25.176;5.0;41.0;AUS;00:25.689;5.0;41.0;GBR;00:25.176;5.1;43.0;;00:00.000;0.0;0.0
115;FRA;00:26.284;5.0;38.0;GER;00:26.060;5.0;43.0;USA;00:25.848;5.1;43.0;ITA;00:26.262;4.9;41.0;AUS;00:26.715;4.9;40.0;GBR;00:26.100;5.1;43.0;;00:00.000;0.0;0.0
120;FRA;00:27.182;5.0;38.0;GER;00:27.113;5.0;42.0;USA;00:26.779;5.1;42.0;ITA;00:27.285;4.9;41.0;AUS;00:27.663;4.9;40.0;GBR;00:27.105;5.1;42.0;;00:00.000;0.0;0.0
125;FRA;00:28.268;5.0;38.0;GER;00:28.134;5.0;42.0;USA;00:27.838;5.0;42.0;ITA;00:28.248;4.9;40.0;AUS;00:28.753;4.9;40.0;GBR;00:28.132;5.1;42.0;;00:00.000;0.0;0.0
130;FRA;00:29.282;5.0;38.0;GER;00:29.052;5.0;42.0;USA;00:28.852;5.0;42.0;ITA;00:29.360;4.8;40.0;AUS;00:29.801;4.9;40.0;GBR;00:29.059;5.1;42.0;;00:00.000;0.0;0.0
135;FRA;00:30.203;5.0;38.0;GER;00:30.098;5.0;42.0;USA;00:29.783;5.0;42.0;ITA;00:30.405;4.8;40.0;AUS;00:30.757;4.9;39.0;GBR;00:30.056;5.1;42.0;;00:00.000;0.0;0.0
140;FRA;00:31.292;5.0;38.0;GER;00:31.139;5.0;42.0;USA;00:30.837;5.0;42.0;ITA;00:31.367;4.8;40.0;AUS;00:31.836;4.9;39.0;GBR;00:31.093;5.1;42.0;;00:00.000;0.0;0.0
145;FRA;00:32.255;5.0;38.0;GER;00:32.081;5.0;42.0;USA;00:31.864;5.0;41.0;ITA;00:32.467;4.8;40.0;AUS;00:32.861;4.9;39.0;GBR;00:32.038;5.1;41.0;;00:00.000;0.0;0.0
150;FRA;00:33.243;5.0;38.0;GER;00:33.098;5.0;42.0;USA;00:32.790;5.0;41.0;ITA;00:33.525;4.8;40.0;AUS;00:33.821;4.9;39.0;GBR;00:33.030;5.0;41.0;;00:00.000;0.0;0.0
155;FRA;00:34.303;5.0;38.0;GER;00:34.129;5.0;42.0;USA;00:33.834;5.0;41.0;ITA;00:34.486;4.8;40.0;AUS;00:34.917;4.9;39.0;GBR;00:34.076;5.0;41.0;;00:00.000;0.0;0.0
160;FRA;00:35.202;5.0;38.0;GER;00:35.087;5.0;41.0;USA;00:34.863;5.0;41.0;ITA;00:35.602;4.8;40.0;AUS;00:35.929;4.9;39.0;GBR;00:35.031;5.0;41.0;;00:00.000;0.0;0.0
165;FRA;00:36.277;5.0;38.0;GER;00:36.070;5.0;41.0;USA;00:35.799;5.0;41.0;ITA;00:36.660;4.8;40.0;AUS;00:36.917;4.9;39.0;GBR;00:36.021;5.0;41.0;;00:00.000;0.0;0.0
170;FRA;00:37.322;5.0;38.0;GER;00:37.111;5.0;41.0;USA;00:36.825;5.0;41.0;ITA;00:37.623;4.8;39.0;AUS;00:37.993;4.9;39.0;GBR;00:37.073;5.0;40.0;;00:00.000;0.0;0.0
175;FRA;00:38.258;5.0;38.0;GER;00:38.080;5.0;41.0;USA;00:37.876;5.0;41.0;ITA;00:38.705;4.8;39.0;AUS;00:39.005;4.9;39.0;GBR;00:38.028;5.0;40.0;;00:00.000;0.0;0.0
180;FRA;00:39.359;4.9;38.0;GER;00:39.064;5.0;41.0;USA;00:38.831;5.0;41.0;ITA;00:39.798;4.8;39.0;AUS;00:40.014;4.9;38.0;GBR;00:39.041;5.0;40.0;;00:00.000;0.0;0.0
185;FRA;00:40.339;4.9;38.0;GER;00:40.142;5.0;41.0;USA;00:39.862;4.9;41.0;ITA;00:40.798;4.8;39.0;AUS;00:41.121;4.8;38.0;GBR;00:40.111;4.9;40.0;;00:00.000;0.0;0.0
190;FRA;00:41.351;4.9;38.0;GER;00:41.155;4.9;41.0;USA;00:40.934;4.9;40.0;ITA;00:41.856;4.8;39.0;AUS;00:42.124;4.8;38.0;GBR;00:41.079;4.9;40.0;;00:00.000;0.0;0.0
195;FRA;00:42.451;4.9;37.0;GER;00:42.117;4.9;41.0;USA;00:41.929;4.9;40.0;ITA;00:42.974;4.7;39.0;AUS;00:43.164;4.8;38.0;GBR;00:42.094;4.9;40.0;;00:00.000;0.0;0.0
200;FRA;00:43.422;4.9;37.0;GER;00:43.212;4.8;41.0;USA;00:42.942;4.9;40.0;ITA;00:43.999;4.7;39.0;AUS;00:44.278;4.8;38.0;GBR;00:43.171;4.9;40.0;;00:00.000;0.0;0.0
205;FRA;00:44.474;4.9;37.0;GER;00:44.251;4.9;41.0;USA;00:44.027;4.8;40.0;ITA;00:45.038;4.7;39.0;AUS;00:45.287;4.8;38.0;GBR;00:44.154;4.9;40.0;;00:00.000;0.0;0.0
210;FRA;00:45.557;4.8;37.0;GER;00:45.224;4.9;40.0;USA;00:45.031;4.8;40.0;ITA;00:46.173;4.7;39.0;AUS;00:46.353;4.8;38.0;GBR;00:45.168;4.9;39.0;;00:00.000;0.0;0.0
215;FRA;00:46.487;4.8;37.0;GER;00:46.289;4.8;40.0;USA;00:46.029;4.8;39.0;ITA;00:47.214;4.7;39.0;AUS;00:47.432;4.7;38.0;GBR;00:46.253;4.9;39.0;;00:00.000;0.0;0.0
220;FRA;00:47.593;4.8;37.0;GER;00:47.338;4.9;40.0;USA;00:47.114;4.8;39.0;ITA;00:48.222;4.7;38.0;AUS;00:48.412;4.8;38.0;GBR;00:47.241;4.9;39.0;;00:00.000;0.0;0.0
225;FRA;00:48.615;4.9;37.0;GER;00:48.287;4.9;40.0;USA;00:48.121;4.9;39.0;ITA;00:49.355;4.7;38.0;AUS;00:49.477;4.8;38.0;GBR;00:48.257;4.9;39.0;;00:00.000;0.0;0.0
230;FRA;00:49.622;4.9;36.0;GER;00:49.355;4.9;40.0;USA;00:49.125;4.9;39.0;ITA;00:50.408;4.7;38.0;AUS;00:50.572;4.8;38.0;GBR;00:49.345;4.8;39.0;;00:00.000;0.0;0.0
235;FRA;00:50.693;4.9;36.0;GER;00:50.419;4.9;40.0;USA;00:50.215;4.8;39.0;ITA;00:51.407;4.7;38.0;AUS;00:51.536;4.8;38.0;GBR;00:50.312;4.9;39.0;;00:00.000;0.0;0.0
240;FRA;00:51.652;4.9;36.0;GER;00:51.377;4.9;40.0;USA;00:51.215;4.8;39.0;ITA;00:52.536;4.7;38.0;AUS;00:52.625;4.8;37.0;GBR;00:51.334;4.9;39.0;;00:00.000;0.0;0.0
245;FRA;00:52.708;4.9;36.0;GER;00:52.431;4.9;40.0;USA;00:52.213;4.8;39.0;ITA;00:53.587;4.7;38.0;AUS;00:53.698;4.8;37.0;GBR;00:52.408;4.9;39.0;;00:00.000;0.0;0.0
250;FRA;00:53.787;4.9;36.0;GER;00:53.503;4.9;40.0;USA;00:53.286;4.9;39.0;ITA;00:54.573;4.7;38.0;AUS;00:54.643;4.8;37.0;GBR;00:53.338;4.9;39.0;;00:00.000;0.0;0.0
255;FRA;00:54.720;4.9;36.0;GER;00:54.462;4.9;40.0;USA;00:54.256;4.9;39.0;ITA;00:55.699;4.7;38.0;AUS;00:55.769;4.8;37.0;GBR;00:54.416;4.9;39.0;;00:00.000;0.0;0.0
260;FRA;00:55.845;4.9;36.0;GER;00:55.502;4.9;40.0;USA;00:55.277;4.9;39.0;ITA;00:56.757;4.8;38.0;AUS;00:56.821;4.8;37.0;GBR;00:55.480;4.9;38.0;;00:00.000;0.0;0.0
265;FRA;00:56.872;4.8;36.0;GER;00:56.583;4.9;40.0;USA;00:56.346;4.9;39.0;ITA;00:57.773;4.8;38.0;AUS;00:57.805;4.8;36.0;GBR;00:56.417;4.9;38.0;;00:00.000;0.0;0.0
270;FRA;00:57.870;4.8;36.0;GER;00:57.559;4.9;39.0;USA;00:57.304;4.9;38.0;ITA;00:58.887;4.7;38.0;AUS;00:58.919;4.8;36.0;GBR;00:57.495;4.9;38.0;;00:00.000;0.0;0.0
275;FRA;00:58.992;4.8;36.0;GER;00:58.594;4.9;39.0;USA;00:58.370;4.9;38.0;ITA;00:59.960;4.7;38.0;AUS;00:59.902;4.8;36.0;GBR;00:58.545;4.9;38.0;;00:00.000;0.0;0.0
280;FRA;00:59.962;4.8;36.0;GER;00:59.684;4.8;39.0;USA;00:59.442;4.9;38.0;ITA;01:00.951;4.7;38.0;AUS;01:00.959;4.8;36.0;GBR;00:59.474;4.9;38.0;;00:00.000;0.0;0.0
285;FRA;01:01.035;4.8;36.0;GER;01:00.679;4.8;39.0;USA;01:00.394;4.9;38.0;ITA;01:02.091;4.7;38.0;AUS;01:02.043;4.8;36.0;GBR;01:00.571;4.9;38.0;;00:00.000;0.0;0.0
290;FRA;01:02.115;4.8;36.0;GER;01:01.721;4.8;39.0;USA;01:01.497;4.8;38.0;ITA;01:03.135;4.7;38.0;AUS;01:02.983;4.8;36.0;GBR;01:01.583;4.9;38.0;;00:00.000;0.0;0.0
295;FRA;01:03.053;4.8;36.0;GER;01:02.826;4.8;39.0;USA;01:02.571;4.8;38.0;ITA;01:04.164;4.7;37.0;AUS;01:04.112;4.8;36.0;GBR;01:02.521;4.9;38.0;;00:00.000;0.0;0.0
300;FRA;01:04.169;4.8;36.0;GER;01:03.832;4.8;39.0;USA;01:03.534;4.8;38.0;ITA;01:05.315;4.7;37.0;AUS;01:05.163;4.8;36.0;GBR;01:03.609;4.9;38.0;;00:00.000;0.0;0.0
305;FRA;01:05.204;4.8;36.0;GER;01:04.885;4.8;39.0;USA;01:04.650;4.8;38.0;ITA;01:06.360;4.6;37.0;AUS;01:06.178;4.8;36.0;GBR;01:04.607;4.9;38.0;;00:00.000;0.0;0.0
310;FRA;01:06.202;4.8;36.0;GER;01:05.993;4.8;39.0;USA;01:05.713;4.8;37.0;ITA;01:07.410;4.6;37.0;AUS;01:07.285;4.8;36.0;GBR;01:05.600;4.9;38.0;;00:00.000;0.0;0.0
315;FRA;01:07.324;4.8;36.0;GER;01:07.023;4.7;38.0;USA;01:06.691;4.8;37.0;ITA;01:08.577;4.6;37.0;AUS;01:08.303;4.7;36.0;GBR;01:06.693;4.9;38.0;;00:00.000;0.0;0.0
320;FRA;01:08.307;4.8;36.0;GER;01:08.063;4.7;38.0;USA;01:07.814;4.8;37.0;ITA;01:09.673;4.6;37.0;AUS;01:09.386;4.7;36.0;GBR;01:07.668;4.9;38.0;;00:00.000;0.0;0.0
325;FRA;01:09.402;4.8;36.0;GER;01:09.196;4.7;38.0;USA;01:08.871;4.8;37.0;ITA;01:10.696;4.6;37.0;AUS;01:10.511;4.6;36.0;GBR;01:08.737;4.8;38.0;;00:00.000;0.0;0.0
330;FRA;01:10.510;4.7;36.0;GER;01:10.243;4.7;38.0;USA;01:09.861;4.8;37.0;ITA;01:11.873;4.6;37.0;AUS;01:11.499;4.6;35.0;GBR;01:09.837;4.8;37.0;;00:00.000;0.0;0.0
335;FRA;01:11.480;4.7;36.0;GER;01:11.266;4.7;38.0;USA;01:10.987;4.7;37.0;ITA;01:12.990;4.5;37.0;AUS;01:12.665;4.6;35.0;GBR;01:10.794;4.8;37.0;;00:00.000;0.0;0.0
340;FRA;01:12.618;4.7;36.0;GER;01:12.405;4.7;38.0;USA;01:12.037;4.7;37.0;ITA;01:14.006;4.5;37.0;AUS;01:13.777;4.6;35.0;GBR;01:11.913;4.8;37.0;;00:00.000;0.0;0.0
345;FRA;01:13.706;4.7;36.0;GER;01:13.470;4.7;38.0;USA;01:13.047;4.7;37.0;ITA;01:15.188;4.5;37.0;AUS;01:14.769;4.6;35.0;GBR;01:13.001;4.7;37.0;;00:00.000;0.0;0.0
350;FRA;01:14.692;4.7;36.0;GER;01:14.483;4.7;38.0;USA;01:14.177;4.7;37.0;ITA;01:16.298;4.5;37.0;AUS;01:15.939;4.6;35.0;GBR;01:13.955;4.8;37.0;;00:00.000;0.0;0.0
355;FRA;01:15.850;4.7;36.0;GER;01:15.638;4.6;38.0;USA;01:15.218;4.7;37.0;ITA;01:17.305;4.5;37.0;AUS;01:17.003;4.6;35.0;GBR;01:15.090;4.8;37.0;;00:00.000;0.0;0.0
360;FRA;01:16.892;4.7;36.0;GER;01:16.705;4.6;38.0;USA;01:16.254;4.7;37.0;ITA;01:18.466;4.6;37.0;AUS;01:18.032;4.6;35.0;GBR;01:16.170;4.8;37.0;;00:00.000;0.0;0.0
365;FRA;01:17.928;4.7;36.0;GER;01:17.722;4.6;38.0;USA;01:17.385;4.7;37.0;ITA;01:19.570;4.6;37.0;AUS;01:19.172;4.6;35.0;GBR;01:17.143;4.7;37.0;;00:00.000;0.0;0.0
370;FRA;01:19.078;4.7;36.0;GER;01:18.875;4.6;38.0;USA;01:18.427;4.7;37.0;ITA;01:20.562;4.6;37.0;AUS;01:20.194;4.7;35.0;GBR;01:18.274;4.7;37.0;;00:00.000;0.0;0.0
375;FRA;01:20.067;4.7;36.0;GER;01:19.968;4.6;38.0;USA;01:19.492;4.6;37.0;ITA;01:21.716;4.6;37.0;AUS;01:21.276;4.7;35.0;GBR;01:19.304;4.7;37.0;;00:00.000;0.0;0.0
380;FRA;01:21.214;4.6;36.0;GER;01:20.965;4.6;38.0;USA;01:20.627;4.6;37.0;ITA;01:22.811;4.6;37.0;AUS;01:22.399;4.7;36.0;GBR;01:20.325;4.8;36.0;;00:00.000;0.0;0.0
385;FRA;01:22.299;4.6;35.0;GER;01:22.131;4.6;37.0;USA;01:21.646;4.6;37.0;ITA;01:23.811;4.6;37.0;AUS;01:23.372;4.7;36.0;GBR;01:21.447;4.8;36.0;;00:00.000;0.0;0.0
390;FRA;01:23.267;4.7;35.0;GER;01:23.247;4.6;37.0;USA;01:22.739;4.6;37.0;ITA;01:24.978;4.6;37.0;AUS;01:24.515;4.7;36.0;GBR;01:22.435;4.8;36.0;;00:00.000;0.0;0.0
395;FRA;01:24.430;4.7;35.0;GER;01:24.252;4.6;37.0;USA;01:23.874;4.6;37.0;ITA;01:26.068;4.6;37.0;AUS;01:25.626;4.7;36.0;GBR;01:23.522;4.7;36.0;;00:00.000;0.0;0.0
400;FRA;01:25.508;4.7;35.0;GER;01:25.418;4.6;37.0;USA;01:24.903;4.6;37.0;ITA;01:27.085;4.6;36.0;AUS;01:26.608;4.6;36.0;GBR;01:24.630;4.7;36.0;;00:00.000;0.0;0.0
405;FRA;01:26.524;4.6;35.0;GER;01:26.540;4.6;37.0;USA;01:25.980;4.6;37.0;ITA;01:28.246;4.6;36.0;AUS;01:27.767;4.6;36.0;GBR;01:25.591;4.7;36.0;;00:00.000;0.0;0.0
410;FRA;01:27.674;4.6;35.0;GER;01:27.535;4.6;37.0;USA;01:27.102;4.6;37.0;ITA;01:29.328;4.6;36.0;AUS;01:28.845;4.6;36.0;GBR;01:26.716;4.7;36.0;;00:00.000;0.0;0.0
415;FRA;01:28.681;4.6;35.0;GER;01:28.694;4.6;37.0;USA;01:28.097;4.7;37.0;ITA;01:30.351;4.6;36.0;AUS;01:29.859;4.6;36.0;GBR;01:27.798;4.7;36.0;;00:00.000;0.0;0.0
420;FRA;01:29.756;4.7;35.0;GER;01:29.779;4.6;37.0;USA;01:29.196;4.7;37.0;ITA;01:31.511;4.6;36.0;AUS;01:31.001;4.6;36.0;GBR;01:28.781;4.8;36.0;;00:00.000;0.0;0.0
425;FRA;01:30.863;4.7;35.0;GER;01:30.781;4.6;37.0;USA;01:30.297;4.7;37.0;ITA;01:32.593;4.6;36.0;AUS;01:32.007;4.7;36.0;GBR;01:29.882;4.8;36.0;;00:00.000;0.0;0.0
430;FRA;01:31.823;4.7;35.0;GER;01:31.912;4.6;37.0;USA;01:31.272;4.7;36.0;ITA;01:33.614;4.6;36.0;AUS;01:33.102;4.7;35.0;GBR;01:30.912;4.8;36.0;;00:00.000;0.0;0.0
435;FRA;01:32.963;4.8;35.0;GER;01:33.021;4.6;37.0;USA;01:32.399;4.7;36.0;ITA;01:34.771;4.6;36.0;AUS;01:34.220;4.7;35.0;GBR;01:31.925;4.8;36.0;;00:00.000;0.0;0.0
440;FRA;01:34.012;4.7;35.0;GER;01:33.996;4.7;37.0;USA;01:33.473;4.7;36.0;ITA;01:35.839;4.6;36.0;AUS;01:35.191;4.7;35.0;GBR;01:33.042;4.8;36.0;;00:00.000;0.0;0.0
445;FRA;01:35.020;4.7;35.0;GER;01:35.145;4.7;37.0;USA;01:34.464;4.7;36.0;ITA;01:36.890;4.6;36.0;AUS;01:36.348;4.7;35.0;GBR;01:34.021;4.8;36.0;;00:00.000;0.0;0.0
450;FRA;01:36.167;4.7;35.0;GER;01:36.244;4.6;37.0;USA;01:35.602;4.7;36.0;ITA;01:38.051;4.6;36.0;AUS;01:37.432;4.6;35.0;GBR;01:35.093;4.8;36.0;;00:00.000;0.0;0.0
455;FRA;01:37.155;4.7;35.0;GER;01:37.224;4.7;37.0;USA;01:36.664;4.7;36.0;ITA;01:39.088;4.6;36.0;AUS;01:38.438;4.6;35.0;GBR;01:36.187;4.8;36.0;;00:00.000;0.0;0.0
460;FRA;01:38.271;4.7;35.0;GER;01:38.374;4.6;37.0;USA;01:37.671;4.7;36.0;ITA;01:40.188;4.6;36.0;AUS;01:39.587;4.7;35.0;GBR;01:37.136;4.8;36.0;;00:00.000;0.0;0.0
465;FRA;01:39.367;4.7;35.0;GER;01:39.472;4.6;37.0;USA;01:38.805;4.7;36.0;ITA;01:41.354;4.6;36.0;AUS;01:40.628;4.6;35.0;GBR;01:38.257;4.8;36.0;;00:00.000;0.0;0.0
470;FRA;01:40.348;4.7;35.0;GER;01:40.468;4.6;37.0;USA;01:39.848;4.7;36.0;ITA;01:42.423;4.5;36.0;AUS;01:41.706;4.6;35.0;GBR;01:39.316;4.8;36.0;;00:00.000;0.0;0.0
475;FRA;01:41.473;4.7;35.0;GER;01:41.630;4.6;37.0;USA;01:40.892;4.7;36.0;ITA;01:43.504;4.5;36.0;AUS;01:42.848;4.6;35.0;GBR;01:40.298;4.8;36.0;;00:00.000;0.0;0.0
480;FRA;01:42.528;4.7;35.0;GER;01:42.724;4.6;37.0;USA;01:42.020;4.7;36.0;ITA;01:44.682;4.5;36.0;AUS;01:43.851;4.6;35.0;GBR;01:41.421;4.8;36.0;;00:00.000;0.0;0.0
485;FRA;01:43.546;4.7;35.0;GER;01:43.744;4.6;37.0;USA;01:43.028;4.7;36.0;ITA;01:45.773;4.5;36.0;AUS;01:45.003;4.6;35.0;GBR;01:42.414;4.8;36.0;;00:00.000;0.0;0.0
490;FRA;01:44.693;4.7;35.0;GER;01:44.927;4.6;37.0;USA;01:44.116;4.7;36.0;ITA;01:46.841;4.5;36.0;AUS;01:46.126;4.6;35.0;GBR;01:43.469;4.8;36.0;;00:00.000;0.0;0.0
495;FRA;01:45.679;4.7;35.0;GER;01:46.040;4.6;37.0;USA;01:45.231;4.7;36.0;ITA;01:48.020;4.5;36.0;AUS;01:47.136;4.6;35.0;GBR;01:44.570;4.8;36.0;;00:00.000;0.0;0.0
500;FRA;01:46.801;4.7;35.0;GER;01:47.046;4.6;37.0;USA;01:46.204;4.7;36.0;ITA;01:49.105;4.5;36.0;AUS;01:48.278;4.6;35.0;GBR;01:45.523;4.8;36.0;;00:00.000;0.0;0.0
505;FRA;01:47.923;4.6;35.0;GER;01:48.219;4.5;37.0;USA;01:47.329;4.7;36.0;ITA;01:50.166;4.5;36.0;AUS;01:49.339;4.6;35.0;GBR;01:46.646;4.8;36.0;;00:00.000;0.0;0.0
510;FRA;01:48.901;4.6;35.0;GER;01:49.340;4.5;37.0;USA;01:48.420;4.7;36.0;ITA;01:51.341;4.5;36.0;AUS;01:50.379;4.6;35.0;GBR;01:47.707;4.8;36.0;;00:00.000;0.0;0.0
515;FRA;01:50.064;4.6;35.0;GER;01:50.343;4.6;37.0;USA;01:49.399;4.7;36.0;ITA;01:52.417;4.5;36.0;AUS;01:51.510;4.7;35.0;GBR;01:48.693;4.8;36.0;;00:00.000;0.0;0.0
520;FRA;01:51.105;4.6;35.0;GER;01:51.506;4.6;37.0;USA;01:50.538;4.7;36.0;ITA;01:53.485;4.5;36.0;AUS;01:52.498;4.7;35.0;GBR;01:49.819;4.8;36.0;;00:00.000;0.0;0.0
525;FRA;01:52.151;4.6;35.0;GER;01:52.632;4.6;37.0;USA;01:51.610;4.7;36.0;ITA;01:54.653;4.5;36.0;AUS;01:53.635;4.7;35.0;GBR;01:50.832;4.8;36.0;;00:00.000;0.0;0.0
530;FRA;01:53.309;4.7;35.0;GER;01:53.629;4.6;37.0;USA;01:52.625;4.7;36.0;ITA;01:55.714;4.5;36.0;AUS;01:54.737;4.7;35.0;GBR;01:51.878;4.8;36.0;;00:00.000;0.0;0.0
535;FRA;01:54.301;4.6;35.0;GER;01:54.815;4.6;37.0;USA;01:53.770;4.7;36.0;ITA;01:56.800;4.5;36.0;AUS;01:55.728;4.6;35.0;GBR;01:52.994;4.8;36.0;;00:00.000;0.0;0.0
540;FRA;01:55.415;4.6;35.0;GER;01:55.921;4.6;37.0;USA;01:54.809;4.6;36.0;ITA;01:57.967;4.5;36.0;AUS;01:56.886;4.6;35.0;GBR;01:53.956;4.8;36.0;;00:00.000;0.0;0.0
545;FRA;01:56.538;4.6;35.0;GER;01:56.926;4.6;37.0;USA;01:55.874;4.6;36.0;ITA;01:59.009;4.5;36.0;AUS;01:57.946;4.6;35.0;GBR;01:55.083;4.7;36.0;;00:00.000;0.0;0.0
550;FRA;01:57.515;4.6;35.0;GER;01:58.090;4.6;37.0;USA;01:57.013;4.6;36.0;ITA;02:00.128;4.5;36.0;AUS;01:58.988;4.6;35.0;GBR;01:56.161;4.7;36.0;;00:00.000;0.0;0.0
555;FRA;01:58.668;4.6;35.0;GER;01:59.221;4.6;37.0;USA;01:58.021;4.6;36.0;ITA;02:01.285;4.5;36.0;AUS;02:00.133;4.6;35.0;GBR;01:57.140;4.7;35.0;;00:00.000;0.0;0.0
560;FRA;01:59.728;4.6;35.0;GER;02:00.221;4.6;37.0;USA;01:59.139;4.6;36.0;ITA;02:02.311;4.5;35.0;AUS;02:01.136;4.6;35.0;GBR;01:58.276;4.7;35.0;;00:00.000;0.0;0.0
565;FRA;02:00.758;4.7;35.0;GER;02:01.387;4.6;37.0;USA;02:00.263;4.6;36.0;ITA;02:03.453;4.5;35.0;AUS;02:02.274;4.6;35.0;GBR;01:59.275;4.7;35.0;;00:00.000;0.0;0.0
570;FRA;02:01.896;4.7;35.0;GER;02:02.513;4.6;37.0;USA;02:01.254;4.6;36.0;ITA;02:04.597;4.5;35.0;AUS;02:03.374;4.6;35.0;GBR;02:00.354;4.7;35.0;;00:00.000;0.0;0.0
575;FRA;02:02.878;4.7;35.0;GER;02:03.514;4.6;37.0;USA;02:02.407;4.6;36.0;ITA;02:05.595;4.5;35.0;AUS;02:04.366;4.6;35.0;GBR;02:01.464;4.7;35.0;;00:00.000;0.0;0.0
580;FRA;02:04.017;4.7;35.0;GER;02:04.679;4.6;37.0;USA;02:03.522;4.6;36.0;ITA;02:06.784;4.5;35.0;AUS;02:05.537;4.6;35.0;GBR;02:02.426;4.7;35.0;;00:00.000;0.0;0.0
585;FRA;02:05.106;4.7;35.0;GER;02:05.812;4.6;36.0;USA;02:04.529;4.6;36.0;ITA;02:07.917;4.5;35.0;AUS;02:06.598;4.6;34.0;GBR;02:03.574;4.7;35.0;;00:00.000;0.0;0.0
590;FRA;02:06.095;4.7;35.0;GER;02:06.808;4.6;36.0;USA;02:05.694;4.6;36.0;ITA;02:08.951;4.5;35.0;AUS;02:07.685;4.6;34.0;GBR;02:04.638;4.7;35.0;;00:00.000;0.0;0.0
595;FRA;02:07.250;4.7;35.0;GER;02:07.985;4.6;36.0;USA;02:06.806;4.6;36.0;ITA;02:10.160;4.5;35.0;AUS;02:08.843;4.6;34.0;GBR;02:05.671;4.7;35.0;;00:00.000;0.0;0.0
600;FRA;02:08.260;4.7;35.0;GER;02:09.107;4.5;36.0;USA;02:07.822;4.6;36.0;ITA;02:11.304;4.4;35.0;AUS;02:09.850;4.5;34.0;GBR;02:06.809;4.7;35.0;;00:00.000;0.0;0.0
605;FRA;02:09.337;4.7;35.0;GER;02:10.116;4.6;36.0;USA;02:08.992;4.6;36.0;ITA;02:12.353;4.4;35.0;AUS;02:11.011;4.5;34.0;GBR;02:07.800;4.6;35.0;;00:00.000;0.0;0.0
610;FRA;02:10.459;4.7;35.0;GER;02:11.305;4.6;36.0;USA;02:10.088;4.6;36.0;ITA;02:13.560;4.4;35.0;AUS;02:12.139;4.5;34.0;GBR;02:08.915;4.6;35.0;;00:00.000;0.0;0.0
615;FRA;02:11.424;4.7;35.0;GER;02:12.414;4.5;36.0;USA;02:11.106;4.6;36.0;ITA;02:14.696;4.4;35.0;AUS;02:13.150;4.6;34.0;GBR;02:10.023;4.7;35.0;;00:00.000;0.0;0.0
620;FRA;02:12.591;4.7;35.0;GER;02:13.426;4.5;36.0;USA;02:12.253;4.6;36.0;ITA;02:15.725;4.4;35.0;AUS;02:14.346;4.5;34.0;GBR;02:10.986;4.7;35.0;;00:00.000;0.0;0.0
625;FRA;02:13.651;4.7;35.0;GER;02:14.603;4.5;36.0;USA;02:13.301;4.6;36.0;ITA;02:16.918;4.5;35.0;AUS;02:15.418;4.5;34.0;GBR;02:12.132;4.7;35.0;;00:00.000;0.0;0.0
630;FRA;02:14.663;4.7;35.0;GER;02:15.693;4.5;36.0;USA;02:14.342;4.6;36.0;ITA;02:18.045;4.5;35.0;AUS;02:16.503;4.5;34.0;GBR;02:13.129;4.7;35.0;;00:00.000;0.0;0.0
635;FRA;02:15.812;4.7;35.0;GER;02:16.731;4.6;36.0;USA;02:15.472;4.7;36.0;ITA;02:19.080;4.5;35.0;AUS;02:17.673;4.5;34.0;GBR;02:14.200;4.7;35.0;;00:00.000;0.0;0.0
640;FRA;02:16.793;4.7;35.0;GER;02:17.908;4.6;36.0;USA;02:16.476;4.7;36.0;ITA;02:20.278;4.5;35.0;AUS;02:18.694;4.5;34.0;GBR;02:15.330;4.7;35.0;;00:00.000;0.0;0.0
645;FRA;02:17.909;4.7;35.0;GER;02:19.013;4.5;36.0;USA;02:17.573;4.7;36.0;ITA;02:21.411;4.5;35.0;AUS;02:19.857;4.5;34.0;GBR;02:16.306;4.7;35.0;;00:00.000;0.0;0.0
650;FRA;02:19.014;4.7;35.0;GER;02:20.047;4.5;36.0;USA;02:18.688;4.7;36.0;ITA;02:22.466;4.4;35.0;AUS;02:21.016;4.5;34.0;GBR;02:17.435;4.7;35.0;;00:00.000;0.0;0.0
655;FRA;02:19.993;4.7;35.0;GER;02:21.234;4.5;36.0;USA;02:19.683;4.7;36.0;ITA;02:23.679;4.4;35.0;AUS;02:22.039;4.5;34.0;GBR;02:18.524;4.7;35.0;;00:00.000;0.0;0.0
660;FRA;02:21.154;4.7;35.0;GER;02:22.352;4.5;36.0;USA;02:20.821;4.6;36.0;ITA;02:24.831;4.4;35.0;AUS;02:23.262;4.4;34.0;GBR;02:19.509;4.7;35.0;;00:00.000;0.0;0.0
665;FRA;02:22.218;4.6;35.0;GER;02:23.394;4.5;36.0;USA;02:21.942;4.6;36.0;ITA;02:25.889;4.4;35.0;AUS;02:24.422;4.4;34.0;GBR;02:20.670;4.7;35.0;;00:00.000;0.0;0.0
670;FRA;02:23.278;4.6;35.0;GER;02:24.605;4.5;36.0;USA;02:22.946;4.6;36.0;ITA;02:27.112;4.4;35.0;AUS;02:25.470;4.4;34.0;GBR;02:21.700;4.7;35.0;;00:00.000;0.0;0.0
675;FRA;02:24.436;4.6;35.0;GER;02:25.742;4.4;36.0;USA;02:24.107;4.6;36.0;ITA;02:28.273;4.4;35.0;AUS;02:26.692;4.4;34.0;GBR;02:22.784;4.6;35.0;;00:00.000;0.0;0.0
680;FRA;02:25.429;4.6;35.0;GER;02:26.784;4.4;36.0;USA;02:25.236;4.6;36.0;ITA;02:29.320;4.4;35.0;AUS;02:27.831;4.4;34.0;GBR;02:23.912;4.6;35.0;;00:00.000;0.0;0.0
685;FRA;02:26.599;4.6;35.0;GER;02:28.000;4.4;36.0;USA;02:26.245;4.6;36.0;ITA;02:30.528;4.4;35.0;AUS;02:28.905;4.4;34.0;GBR;02:24.887;4.6;35.0;;00:00.000;0.0;0.0
690;FRA;02:27.726;4.6;34.0;GER;02:29.147;4.4;36.0;USA;02:27.422;4.5;36.0;ITA;02:31.689;4.4;35.0;AUS;02:30.112;4.4;34.0;GBR;02:26.041;4.6;35.0;;00:00.000;0.0;0.0
695;FRA;02:28.725;4.6;34.0;GER;02:30.184;4.4;36.0;USA;02:28.544;4.5;36.0;ITA;02:32.728;4.4;35.0;AUS;02:31.197;4.4;34.0;GBR;02:27.120;4.6;35.0;;00:00.000;0.0;0.0
700;FRA;02:29.911;4.6;34.0;GER;02:31.403;4.4;36.0;USA;02:29.573;4.5;36.0;ITA;02:33.924;4.4;35.0;AUS;02:32.309;4.4;34.0;GBR;02:28.132;4.7;35.0;;00:00.000;0.0;0.0
705;FRA;02:30.987;4.6;34.0;GER;02:32.561;4.4;36.0;USA;02:30.760;4.5;35.0;ITA;02:35.076;4.4;35.0;AUS;02:33.478;4.4;34.0;GBR;02:29.282;4.7;35.0;;00:00.000;0.0;0.0
710;FRA;02:32.052;4.6;34.0;GER;02:33.596;4.4;36.0;USA;02:31.862;4.5;35.0;ITA;02:36.104;4.4;35.0;AUS;02:34.505;4.5;34.0;GBR;02:30.264;4.7;35.0;;00:00.000;0.0;0.0
715;FRA;02:33.217;4.6;34.0;GER;02:34.809;4.4;36.0;USA;02:32.926;4.5;35.0;ITA;02:37.291;4.4;36.0;AUS;02:35.666;4.5;34.0;GBR;02:31.407;4.6;34.0;;00:00.000;0.0;0.0
720;FRA;02:34.204;4.6;34.0;GER;02:35.944;4.4;35.0;USA;02:34.105;4.5;35.0;ITA;02:38.411;4.5;36.0;AUS;02:36.813;4.5;34.0;GBR;02:32.524;4.6;34.0;;00:00.000;0.0;0.0
725;FRA;02:35.362;4.6;34.0;GER;02:36.983;4.4;35.0;USA;02:35.183;4.5;35.0;ITA;02:39.402;4.5;36.0;AUS;02:37.823;4.5;34.0;GBR;02:33.506;4.6;34.0;;00:00.000;0.0;0.0
730;FRA;02:36.476;4.6;34.0;GER;02:38.180;4.4;35.0;USA;02:36.275;4.5;35.0;ITA;02:40.570;4.6;36.0;AUS;02:39.015;4.5;34.0;GBR;02:34.666;4.6;34.0;;00:00.000;0.0;0.0
735;FRA;02:37.473;4.6;34.0;GER;02:39.305;4.5;35.0;USA;02:37.439;4.5;35.0;ITA;02:41.703;4.6;36.0;AUS;02:40.132;4.5;34.0;GBR;02:35.703;4.6;34.0;;00:00.000;0.0;0.0
740;FRA;02:38.638;4.6;34.0;GER;02:40.340;4.5;36.0;USA;02:38.474;4.5;35.0;ITA;02:42.712;4.6;36.0;AUS;02:41.153;4.5;34.0;GBR;02:36.780;4.6;34.0;;00:00.000;0.0;0.0
745;FRA;02:39.654;4.6;34.0;GER;02:41.513;4.5;36.0;USA;02:39.606;4.5;35.0;ITA;02:43.901;4.6;36.0;AUS;02:42.334;4.5;35.0;GBR;02:37.925;4.6;34.0;;00:00.000;0.0;0.0
750;FRA;02:40.766;4.6;34.0;GER;02:42.631;4.5;36.0;USA;02:40.751;4.5;35.0;ITA;02:45.038;4.5;36.0;AUS;02:43.426;4.5;35.0;GBR;02:38.915;4.6;34.0;;00:00.000;0.0;0.0
755;FRA;02:41.906;4.6;34.0;GER;02:43.659;4.5;36.0;USA;02:41.755;4.5;35.0;ITA;02:46.070;4.5;36.0;AUS;02:44.486;4.5;35.0;GBR;02:40.074;4.6;34.0;;00:00.000;0.0;0.0
760;FRA;02:42.901;4.6;34.0;GER;02:44.850;4.5;35.0;USA;02:42.921;4.6;35.0;ITA;02:47.276;4.4;36.0;AUS;02:45.666;4.5;35.0;GBR;02:41.182;4.6;34.0;;00:00.000;0.0;0.0
765;FRA;02:44.089;4.6;34.0;GER;02:45.961;4.5;35.0;USA;02:44.041;4.6;35.0;ITA;02:48.442;4.4;36.0;AUS;02:46.732;4.5;35.0;GBR;02:42.177;4.6;34.0;;00:00.000;0.0;0.0
770;FRA;02:45.189;4.6;34.0;GER;02:47.009;4.5;35.0;USA;02:45.059;4.6;35.0;ITA;02:49.480;4.4;35.0;AUS;02:47.848;4.5;35.0;GBR;02:43.345;4.6;35.0;;00:00.000;0.0;0.0
775;FRA;02:46.220;4.5;34.0;GER;02:48.210;4.5;35.0;USA;02:46.233;4.6;35.0;ITA;02:50.681;4.4;35.0;AUS;02:49.015;4.5;35.0;GBR;02:44.377;4.6;35.0;;00:00.000;0.0;0.0
780;FRA;02:47.402;4.5;34.0;GER;02:49.319;4.5;35.0;USA;02:47.327;4.6;35.0;ITA;02:51.839;4.4;35.0;AUS;02:50.037;4.5;35.0;GBR;02:45.469;4.6;34.0;;00:00.000;0.0;0.0
785;FRA;02:48.434;4.5;34.0;GER;02:50.382;4.4;35.0;USA;02:48.398;4.6;35.0;ITA;02:52.861;4.4;35.0;AUS;02:51.198;4.5;35.0;GBR;02:46.612;4.6;34.0;;00:00.000;0.0;0.0
790;FRA;02:49.566;4.5;34.0;GER;02:51.582;4.4;35.0;USA;02:49.535;4.6;35.0;ITA;02:54.052;4.4;35.0;AUS;02:52.353;4.5;35.0;GBR;02:47.592;4.6;34.0;;00:00.000;0.0;0.0
795;FRA;02:50.719;4.5;34.0;GER;02:52.682;4.4;35.0;USA;02:50.604;4.6;35.0;ITA;02:55.210;4.5;36.0;AUS;02:53.365;4.5;35.0;GBR;02:48.778;4.6;34.0;;00:00.000;0.0;0.0
800;FRA;02:51.718;4.5;34.0;GER;02:53.747;4.4;35.0;USA;02:51.662;4.6;35.0;ITA;02:56.250;4.4;36.0;AUS;02:54.575;4.5;35.0;GBR;02:49.871;4.6;34.0;;00:00.000;0.0;0.0
805;FRA;02:52.900;4.5;34.0;GER;02:54.946;4.5;35.0;USA;02:52.805;4.6;35.0;ITA;02:57.447;4.4;36.0;AUS;02:55.707;4.5;35.0;GBR;02:50.910;4.6;34.0;;00:00.000;0.0;0.0
810;FRA;02:54.019;4.5;34.0;GER;02:56.043;4.5;35.0;USA;02:53.823;4.6;35.0;ITA;02:58.620;4.4;36.0;AUS;02:56.732;4.5;35.0;GBR;02:52.081;4.6;34.0;;00:00.000;0.0;0.0
815;FRA;02:55.039;4.5;34.0;GER;02:57.133;4.4;35.0;USA;02:54.927;4.6;36.0;ITA;02:59.669;4.4;36.0;AUS;02:57.930;4.5;35.0;GBR;02:53.104;4.6;34.0;;00:00.000;0.0;0.0
820;FRA;02:56.224;4.5;34.0;GER;02:58.340;4.4;35.0;USA;02:56.064;4.6;36.0;ITA;03:00.858;4.4;36.0;AUS;02:59.056;4.4;35.0;GBR;02:54.234;4.6;34.0;;00:00.000;0.0;0.0
825;FRA;02:57.270;4.5;34.0;GER;02:59.447;4.4;35.0;USA;02:57.071;4.6;36.0;ITA;03:02.029;4.4;36.0;AUS;03:00.096;4.5;35.0;GBR;02:55.370;4.6;34.0;;00:00.000;0.0;0.0
830;FRA;02:58.376;4.5;34.0;GER;03:00.554;4.4;35.0;USA;02:58.209;4.6;36.0;ITA;03:03.076;4.4;36.0;AUS;03:01.288;4.5;35.0;GBR;02:56.354;4.6;34.0;;00:00.000;0.0;0.0
835;FRA;02:59.532;4.5;34.0;GER;03:01.774;4.4;35.0;USA;02:59.334;4.6;36.0;ITA;03:04.242;4.4;36.0;AUS;03:02.392;4.5;35.0;GBR;02:57.532;4.6;34.0;;00:00.000;0.0;0.0
840;FRA;03:00.529;4.5;34.0;GER;03:02.865;4.4;35.0;USA;03:00.333;4.6;36.0;ITA;03:05.417;4.4;36.0;AUS;03:03.466;4.5;35.0;GBR;02:58.603;4.6;34.0;;00:00.000;0.0;0.0
845;FRA;03:01.715;4.6;34.0;GER;03:03.962;4.4;35.0;USA;03:01.498;4.6;36.0;ITA;03:06.458;4.4;36.0;AUS;03:04.648;4.5;35.0;GBR;02:59.661;4.6;34.0;;00:00.000;0.0;0.0
850;FRA;03:02.838;4.5;34.0;GER;03:05.161;4.4;35.0;USA;03:02.603;4.6;35.0;ITA;03:07.629;4.4;36.0;AUS;03:05.703;4.5;35.0;GBR;03:00.827;4.6;34.0;;00:00.000;0.0;0.0
855;FRA;03:03.863;4.5;34.0;GER;03:06.247;4.4;35.0;USA;03:03.623;4.6;35.0;ITA;03:08.795;4.4;36.0;AUS;03:06.837;4.5;35.0;GBR;03:01.830;4.6;34.0;;00:00.000;0.0;0.0
860;FRA;03:05.047;4.5;34.0;GER;03:07.354;4.4;35.0;USA;03:04.795;4.6;35.0;ITA;03:09.823;4.4;35.0;AUS;03:08.005;4.5;35.0;GBR;03:02.995;4.6;34.0;;00:00.000;0.0;0.0
865;FRA;03:06.091;4.5;34.0;GER;03:08.546;4.4;35.0;USA;03:05.872;4.6;35.0;ITA;03:11.007;4.4;35.0;AUS;03:09.020;4.5;34.0;GBR;03:04.119;4.6;34.0;;00:00.000;0.0;0.0
870;FRA;03:07.210;4.5;34.0;GER;03:09.615;4.4;35.0;USA;03:06.938;4.6;35.0;ITA;03:12.168;4.4;35.0;AUS;03:10.206;4.5;34.0;GBR;03:05.128;4.6;34.0;;00:00.000;0.0;0.0
875;FRA;03:08.366;4.5;34.0;GER;03:10.781;4.4;35.0;USA;03:08.100;4.6;35.0;ITA;03:13.193;4.4;35.0;AUS;03:11.352;4.5;34.0;GBR;03:06.308;4.6;34.0;;00:00.000;0.0;0.0
880;FRA;03:09.358;4.5;34.0;GER;03:11.938;4.4;35.0;USA;03:09.147;4.6;35.0;ITA;03:14.390;4.4;35.0;AUS;03:12.369;4.5;34.0;GBR;03:07.358;4.6;34.0;;00:00.000;0.0;0.0
885;FRA;03:10.546;4.5;34.0;GER;03:12.991;4.4;35.0;USA;03:10.256;4.5;35.0;ITA;03:15.554;4.4;35.0;AUS;03:13.570;4.5;34.0;GBR;03:08.443;4.6;34.0;;00:00.000;0.0;0.0
890;FRA;03:11.654;4.5;34.0;GER;03:14.140;4.4;35.0;USA;03:11.414;4.5;35.0;ITA;03:16.588;4.4;35.0;AUS;03:14.689;4.5;34.0;GBR;03:09.591;4.6;34.0;;00:00.000;0.0;0.0
895;FRA;03:12.696;4.5;34.0;GER;03:15.311;4.4;35.0;USA;03:12.429;4.5;35.0;ITA;03:17.801;4.4;35.0;AUS;03:15.739;4.5;34.0;GBR;03:10.573;4.6;34.0;;00:00.000;0.0;0.0
900;FRA;03:13.882;4.5;34.0;GER;03:16.346;4.4;35.0;USA;03:13.585;4.5;35.0;ITA;03:18.959;4.4;35.0;AUS;03:16.928;4.5;34.0;GBR;03:11.735;4.6;34.0;;00:00.000;0.0;0.0
905;FRA;03:14.929;4.5;34.0;GER;03:17.510;4.5;35.0;USA;03:14.724;4.5;35.0;ITA;03:19.989;4.4;35.0;AUS;03:17.999;4.5;34.0;GBR;03:12.835;4.6;34.0;;00:00.000;0.0;0.0
910;FRA;03:16.066;4.5;34.0;GER;03:18.676;4.5;35.0;USA;03:15.738;4.5;35.0;ITA;03:21.201;4.4;35.0;AUS;03:19.104;4.5;34.0;GBR;03:13.841;4.6;34.0;;00:00.000;0.0;0.0
915;FRA;03:17.245;4.5;34.0;GER;03:19.710;4.5;35.0;USA;03:16.915;4.5;35.0;ITA;03:22.350;4.4;35.0;AUS;03:20.278;4.5;34.0;GBR;03:15.001;4.6;34.0;;00:00.000;0.0;0.0
920;FRA;03:18.253;4.4;34.0;GER;03:20.892;4.4;35.0;USA;03:18.044;4.5;35.0;ITA;03:23.386;4.4;35.0;AUS;03:21.298;4.5;34.0;GBR;03:16.007;4.6;34.0;;00:00.000;0.0;0.0
925;FRA;03:19.430;4.5;34.0;GER;03:22.063;4.4;35.0;USA;03:19.066;4.5;35.0;ITA;03:24.600;4.4;35.0;AUS;03:22.512;4.5;34.0;GBR;03:17.122;4.6;34.0;;00:00.000;0.0;0.0
930;FRA;03:20.548;4.5;34.0;GER;03:23.100;4.4;35.0;USA;03:20.241;4.5;35.0;ITA;03:25.740;4.4;35.0;AUS;03:23.663;4.4;34.0;GBR;03:18.249;4.6;34.0;;00:00.000;0.0;0.0
935;FRA;03:21.587;4.6;34.0;GER;03:24.299;4.4;35.0;USA;03:21.345;4.5;35.0;ITA;03:26.775;4.4;35.0;AUS;03:24.683;4.4;34.0;GBR;03:19.226;4.6;34.0;;00:00.000;0.0;0.0
940;FRA;03:22.720;4.6;34.0;GER;03:25.468;4.4;35.0;USA;03:22.377;4.5;35.0;ITA;03:27.981;4.4;35.0;AUS;03:25.881;4.4;34.0;GBR;03:20.392;4.6;34.0;;00:00.000;0.0;0.0
945;FRA;03:23.717;4.6;34.0;GER;03:26.498;4.4;35.0;USA;03:23.544;4.6;35.0;ITA;03:29.107;4.4;35.0;AUS;03:27.025;4.4;34.0;GBR;03:21.432;4.6;34.0;;00:00.000;0.0;0.0
950;FRA;03:24.863;4.6;34.0;GER;03:27.687;4.4;35.0;USA;03:24.601;4.6;35.0;ITA;03:30.149;4.4;35.0;AUS;03:28.055;4.5;34.0;GBR;03:22.502;4.6;34.0;;00:00.000;0.0;0.0
955;FRA;03:26.016;4.6;34.0;GER;03:28.855;4.4;35.0;USA;03:25.677;4.6;35.0;ITA;03:31.349;4.5;35.0;AUS;03:29.257;4.4;34.0;GBR;03:23.639;4.6;34.0;;00:00.000;0.0;0.0
960;FRA;03:27.002;4.6;34.0;GER;03:29.888;4.4;35.0;USA;03:26.829;4.6;35.0;ITA;03:32.468;4.5;35.0;AUS;03:30.379;4.4;34.0;GBR;03:24.609;4.6;34.0;;00:00.000;0.0;0.0
965;FRA;03:28.188;4.6;34.0;GER;03:31.082;4.4;35.0;USA;03:27.841;4.6;35.0;ITA;03:33.524;4.4;35.0;AUS;03:31.445;4.4;34.0;GBR;03:25.775;4.6;34.0;;00:00.000;0.0;0.0
970;FRA;03:29.290;4.5;34.0;GER;03:32.237;4.4;35.0;USA;03:29.008;4.6;35.0;ITA;03:34.727;4.4;35.0;AUS;03:32.630;4.4;34.0;GBR;03:26.840;4.6;34.0;;00:00.000;0.0;0.0
975;FRA;03:30.325;4.6;34.0;GER;03:33.263;4.4;35.0;USA;03:30.124;4.6;35.0;ITA;03:35.847;4.4;35.0;AUS;03:33.690;4.5;34.0;GBR;03:27.870;4.6;34.0;;00:00.000;0.0;0.0
980;FRA;03:31.496;4.6;34.0;GER;03:34.452;4.4;35.0;USA;03:31.134;4.6;35.0;ITA;03:36.926;4.4;35.0;AUS;03:34.816;4.5;34.0;GBR;03:29.017;4.6;34.0;;00:00.000;0.0;0.0
985;FRA;03:32.521;4.6;34.0;GER;03:35.610;4.5;35.0;USA;03:32.324;4.5;35.0;ITA;03:38.150;4.4;35.0;AUS;03:35.981;4.5;34.0;GBR;03:30.001;4.6;34.0;;00:00.000;0.0;0.0
990;FRA;03:33.646;4.6;34.0;GER;03:36.639;4.4;35.0;USA;03:33.442;4.5;35.0;ITA;03:39.285;4.4;35.0;AUS;03:36.999;4.5;34.0;GBR;03:31.143;4.6;34.0;;00:00.000;0.0;0.0
995;FRA;03:34.774;4.6;34.0;GER;03:37.847;4.4;35.0;USA;03:34.486;4.5;35.0;ITA;03:40.364;4.4;35.0;AUS;03:38.180;4.5;34.0;GBR;03:32.252;4.6;34.0;;00:00.000;0.0;0.0
1000;FRA;03:35.768;4.6;34.0;GER;03:39.011;4.4;35.0;USA;03:35.680;4.5;35.0;ITA;03:41.600;4.3;35.0;AUS;03:39.331;4.5;34.0;GBR;03:33.251;4.6;34.0;;00:00.000;0.0;0.0
1005;FRA;03:36.947;4.6;34.0;GER;03:40.046;4.4;35.0;USA;03:36.784;4.5;35.0;ITA;03:42.756;4.3;35.0;AUS;03:40.354;4.5;34.0;GBR;03:34.419;4.6;34.0;;00:00.000;0.0;0.0
1010;FRA;03:38.038;4.6;34.0;GER;03:41.259;4.4;35.0;USA;03:37.860;4.4;35.0;ITA;03:43.825;4.3;35.0;AUS;03:41.558;4.5;35.0;GBR;03:35.448;4.6;34.0;;00:00.000;0.0;0.0
1015;FRA;03:39.078;4.6;34.0;GER;03:42.423;4.4;35.0;USA;03:39.043;4.4;35.0;ITA;03:45.064;4.3;35.0;AUS;03:42.708;4.4;35.0;GBR;03:36.515;4.6;34.0;;00:00.000;0.0;0.0
1020;FRA;03:40.254;4.6;34.0;GER;03:43.456;4.4;35.0;USA;03:40.108;4.5;35.0;ITA;03:46.241;4.3;35.0;AUS;03:43.742;4.4;35.0;GBR;03:37.635;4.6;34.0;;00:00.000;0.0;0.0
1025;FRA;03:41.274;4.6;34.0;GER;03:44.661;4.4;35.0;USA;03:41.217;4.5;35.0;ITA;03:47.310;4.3;35.0;AUS;03:44.952;4.4;35.0;GBR;03:38.588;4.7;34.0;;00:00.000;0.0;0.0
1030;FRA;03:42.406;4.6;34.0;GER;03:45.820;4.4;35.0;USA;03:42.373;4.5;35.0;ITA;03:48.548;4.3;35.0;AUS;03:46.093;4.4;35.0;GBR;03:39.732;4.7;35.0;;00:00.000;0.0;0.0
1035;FRA;03:43.550;4.6;34.0;GER;03:46.850;4.4;35.0;USA;03:43.388;4.5;35.0;ITA;03:49.732;4.3;35.0;AUS;03:47.144;4.4;35.0;GBR;03:40.807;4.7;35.0;;00:00.000;0.0;0.0
1040;FRA;03:44.549;4.6;34.0;GER;03:48.042;4.4;35.0;USA;03:44.513;4.6;35.0;ITA;03:50.772;4.3;35.0;AUS;03:48.357;4.4;35.0;GBR;03:41.807;4.7;35.0;;00:00.000;0.0;0.0
1045;FRA;03:45.732;4.6;34.0;GER;03:49.208;4.4;36.0;USA;03:45.645;4.6;35.0;ITA;03:51.985;4.3;35.0;AUS;03:49.491;4.4;35.0;GBR;03:42.958;4.7;35.0;;00:00.000;0.0;0.0
1050;FRA;03:46.838;4.5;34.0;GER;03:50.239;4.4;36.0;USA;03:46.641;4.6;35.0;ITA;03:53.161;4.4;35.0;AUS;03:50.580;4.4;35.0;GBR;03:43.950;4.7;35.0;;00:00.000;0.0;0.0
1055;FRA;03:47.862;4.5;34.0;GER;03:51.426;4.4;36.0;USA;03:47.788;4.6;35.0;ITA;03:54.228;4.4;35.0;AUS;03:51.811;4.4;35.0;GBR;03:45.094;4.7;35.0;;00:00.000;0.0;0.0
1060;FRA;03:49.028;4.6;34.0;GER;03:52.605;4.4;36.0;USA;03:48.903;4.6;36.0;ITA;03:55.434;4.4;35.0;AUS;03:52.923;4.3;35.0;GBR;03:46.193;4.6;34.0;;00:00.000;0.0;0.0
1065;FRA;03:50.059;4.6;34.0;GER;03:53.657;4.4;36.0;USA;03:49.904;4.6;36.0;ITA;03:56.622;4.3;35.0;AUS;03:54.065;4.3;34.0;GBR;03:47.172;4.6;34.0;;00:00.000;0.0;0.0
1070;FRA;03:51.172;4.6;34.0;GER;03:54.819;4.4;36.0;USA;03:51.072;4.6;36.0;ITA;03:57.706;4.3;35.0;AUS;03:55.299;4.3;34.0;GBR;03:48.334;4.6;34.0;;00:00.000;0.0;0.0
1075;FRA;03:52.314;4.6;34.0;GER;03:56.013;4.4;36.0;USA;03:52.162;4.6;36.0;ITA;03:58.889;4.3;35.0;AUS;03:56.449;4.3;34.0;GBR;03:49.349;4.6;34.0;;00:00.000;0.0;0.0
1080;FRA;03:53.305;4.6;34.0;GER;03:57.097;4.4;36.0;USA;03:53.173;4.6;36.0;ITA;04:00.101;4.3;35.0;AUS;03:57.556;4.3;34.0;GBR;03:50.457;4.6;34.0;;00:00.000;0.0;0.0
1085;FRA;03:54.474;4.6;34.0;GER;03:58.238;4.4;36.0;USA;03:54.335;4.6;36.0;ITA;04:01.209;4.3;35.0;AUS;03:58.793;4.3;34.0;GBR;03:51.586;4.6;34.0;;00:00.000;0.0;0.0
1090;FRA;03:55.568;4.6;34.0;GER;03:59.445;4.4;36.0;USA;03:55.408;4.6;36.0;ITA;04:02.358;4.3;35.0;AUS;03:59.892;4.3;34.0;GBR;03:52.561;4.6;34.0;;00:00.000;0.0;0.0
1095;FRA;03:56.587;4.6;34.0;GER;04:00.544;4.4;36.0;USA;03:56.458;4.6;36.0;ITA;04:03.567;4.3;35.0;AUS;04:01.000;4.4;34.0;GBR;03:53.728;4.6;34.0;;00:00.000;0.0;0.0
1100;FRA;03:57.757;4.6;34.0;GER;04:01.655;4.4;36.0;USA;03:57.608;4.6;36.0;ITA;04:04.673;4.3;35.0;AUS;04:02.191;4.4;34.0;GBR;03:54.767;4.6;34.0;;00:00.000;0.0;0.0
1105;FRA;03:58.773;4.6;34.0;GER;04:02.860;4.4;36.0;USA;03:58.644;4.6;36.0;ITA;04:05.798;4.4;35.0;AUS;04:03.263;4.4;34.0;GBR;03:55.823;4.6;34.0;;00:00.000;0.0;0.0
1110;FRA;03:59.892;4.6;34.0;GER;04:03.965;4.4;36.0;USA;03:59.740;4.6;36.0;ITA;04:07.011;4.4;35.0;AUS;04:04.401;4.4;34.0;GBR;03:56.949;4.7;34.0;;00:00.000;0.0;0.0
1115;FRA;04:01.036;4.6;34.0;GER;04:05.072;4.4;36.0;USA;04:00.883;4.6;36.0;ITA;04:08.130;4.4;35.0;AUS;04:05.577;4.4;34.0;GBR;03:57.912;4.7;34.0;;00:00.000;0.0;0.0
1120;FRA;04:02.023;4.6;34.0;GER;04:06.282;4.4;35.0;USA;04:01.893;4.6;36.0;ITA;04:09.227;4.4;35.0;AUS;04:06.610;4.4;34.0;GBR;03:59.064;4.7;34.0;;00:00.000;0.0;0.0
1125;FRA;04:03.197;4.6;34.0;GER;04:07.394;4.4;35.0;USA;04:03.029;4.6;36.0;ITA;04:10.445;4.4;35.0;AUS;04:07.780;4.4;34.0;GBR;04:00.127;4.7;34.0;;00:00.000;0.0;0.0
1130;FRA;04:04.295;4.6;34.0;GER;04:08.513;4.4;35.0;USA;04:04.155;4.6;36.0;ITA;04:11.582;4.4;35.0;AUS;04:08.930;4.5;34.0;GBR;04:01.146;4.7;34.0;;00:00.000;0.0;0.0
1135;FRA;04:05.356;4.6;34.0;GER;04:09.735;4.3;35.0;USA;04:05.158;4.6;36.0;ITA;04:12.675;4.4;35.0;AUS;04:09.944;4.5;34.0;GBR;04:02.287;4.7;34.0;;00:00.000;0.0;0.0
1140;FRA;04:06.516;4.6;34.0;GER;04:10.848;4.3;35.0;USA;04:06.324;4.6;36.0;ITA;04:13.901;4.3;35.0;AUS;04:11.122;4.5;35.0;GBR;04:03.268;4.7;34.0;;00:00.000;0.0;0.0
1145;FRA;04:07.558;4.5;34.0;GER;04:11.952;4.3;35.0;USA;04:07.457;4.6;36.0;ITA;04:15.041;4.3;35.0;AUS;04:12.251;4.5;35.0;GBR;04:04.404;4.7;34.0;;00:00.000;0.0;0.0
1150;FRA;04:08.681;4.5;34.0;GER;04:13.164;4.4;35.0;USA;04:08.474;4.5;36.0;ITA;04:16.124;4.3;35.0;AUS;04:13.264;4.5;35.0;GBR;04:05.503;4.7;34.0;;00:00.000;0.0;0.0
1155;FRA;04:09.832;4.5;34.0;GER;04:14.262;4.4;35.0;USA;04:09.648;4.5;36.0;ITA;04:17.355;4.4;35.0;AUS;04:14.439;4.5;35.0;GBR;04:06.488;4.7;34.0;;00:00.000;0.0;0.0
1160;FRA;04:10.822;4.5;34.0;GER;04:15.360;4.4;35.0;USA;04:10.756;4.5;35.0;ITA;04:18.504;4.3;35.0;AUS;04:15.526;4.5;35.0;GBR;04:07.639;4.7;34.0;;00:00.000;0.0;0.0
1165;FRA;04:12.003;4.6;34.0;GER;04:16.554;4.4;35.0;USA;04:11.780;4.5;35.0;ITA;04:19.589;4.3;35.0;AUS;04:16.567;4.6;35.0;GBR;04:08.634;4.7;34.0;;00:00.000;0.0;0.0
1170;FRA;04:13.092;4.6;34.0;GER;04:17.630;4.4;35.0;USA;04:12.954;4.6;35.0;ITA;04:20.831;4.3;35.0;AUS;04:17.724;4.6;35.0;GBR;04:09.737;4.7;34.0;;00:00.000;0.0;0.0
1175;FRA;04:14.165;4.6;34.0;GER;04:18.755;4.5;35.0;USA;04:14.051;4.6;35.0;ITA;04:22.012;4.3;35.0;AUS;04:18.760;4.6;35.0;GBR;04:10.842;4.7;34.0;;00:00.000;0.0;0.0
1180;FRA;04:15.317;4.6;34.0;GER;04:19.918;4.5;35.0;USA;04:15.107;4.5;35.0;ITA;04:23.095;4.3;35.0;AUS;04:19.878;4.6;35.0;GBR;04:11.814;4.7;34.0;;00:00.000;0.0;0.0
1185;FRA;04:16.312;4.5;34.0;GER;04:20.997;4.5;35.0;USA;04:16.285;4.5;35.0;ITA;04:24.347;4.3;35.0;AUS;04:21.040;4.6;35.0;GBR;04:12.969;4.7;34.0;;00:00.000;0.0;0.0
1190;FRA;04:17.490;4.5;34.0;GER;04:22.110;4.4;35.0;USA;04:17.368;4.5;35.0;ITA;04:25.540;4.3;35.0;AUS;04:22.058;4.5;35.0;GBR;04:13.987;4.7;34.0;;00:00.000;0.0;0.0
1195;FRA;04:18.640;4.5;34.0;GER;04:23.303;4.4;35.0;USA;04:18.457;4.5;35.0;ITA;04:26.600;4.3;35.0;AUS;04:23.253;4.5;35.0;GBR;04:15.084;4.7;34.0;;00:00.000;0.0;0.0
1200;FRA;04:19.649;4.5;34.0;GER;04:24.384;4.4;35.0;USA;04:19.632;4.5;35.0;ITA;04:27.834;4.3;35.0;AUS;04:24.424;4.4;35.0;GBR;04:16.224;4.6;34.0;;00:00.000;0.0;0.0
1205;FRA;04:20.847;4.5;34.0;GER;04:25.511;4.4;35.0;USA;04:20.682;4.5;35.0;ITA;04:29.013;4.3;35.0;AUS;04:25.452;4.4;35.0;GBR;04:17.209;4.6;34.0;;00:00.000;0.0;0.0
1210;FRA;04:21.943;4.5;34.0;GER;04:26.684;4.4;35.0;USA;04:21.798;4.5;35.0;ITA;04:30.041;4.3;35.0;AUS;04:26.651;4.4;35.0;GBR;04:18.397;4.6;34.0;;00:00.000;0.0;0.0
1215;FRA;04:23.015;4.5;34.0;GER;04:27.765;4.4;35.0;USA;04:22.956;4.5;35.0;ITA;04:31.245;4.4;35.0;AUS;04:27.812;4.4;35.0;GBR;04:19.466;4.6;34.0;;00:00.000;0.0;0.0
1220;FRA;04:24.197;4.5;34.0;GER;04:28.889;4.4;35.0;USA;04:23.980;4.5;35.0;ITA;04:32.372;4.4;35.0;AUS;04:28.833;4.4;35.0;GBR;04:20.521;4.6;34.0;;00:00.000;0.0;0.0
1225;FRA;04:25.220;4.5;34.0;GER;04:30.094;4.4;35.0;USA;04:25.125;4.5;35.0;ITA;04:33.420;4.4;35.0;AUS;04:30.042;4.4;35.0;GBR;04:21.669;4.6;34.0;;00:00.000;0.0;0.0
1230;FRA;04:26.400;4.5;34.0;GER;04:31.183;4.4;35.0;USA;04:26.267;4.5;35.0;ITA;04:34.628;4.5;35.0;AUS;04:31.197;4.4;35.0;GBR;04:22.647;4.6;34.0;;00:00.000;0.0;0.0
1235;FRA;04:27.556;4.5;34.0;GER;04:32.307;4.4;35.0;USA;04:27.276;4.5;35.0;ITA;04:35.765;4.4;35.0;AUS;04:32.245;4.4;35.0;GBR;04:23.811;4.6;34.0;;00:00.000;0.0;0.0
1240;FRA;04:28.570;4.5;34.0;GER;04:33.495;4.4;35.0;USA;04:28.438;4.6;35.0;ITA;04:36.819;4.4;35.0;AUS;04:33.459;4.4;34.0;GBR;04:24.874;4.6;34.0;;00:00.000;0.0;0.0
1245;FRA;04:29.773;4.5;34.0;GER;04:34.565;4.4;35.0;USA;04:29.566;4.6;35.0;ITA;04:38.044;4.4;35.0;AUS;04:34.587;4.4;34.0;GBR;04:25.947;4.6;34.0;;00:00.000;0.0;0.0
1250;FRA;04:30.867;4.5;34.0;GER;04:35.688;4.4;35.0;USA;04:30.579;4.6;35.0;ITA;04:39.209;4.4;35.0;AUS;04:35.670;4.4;34.0;GBR;04:27.080;4.6;34.0;;00:00.000;0.0;0.0
1255;FRA;04:31.953;4.5;34.0;GER;04:36.872;4.4;35.0;USA;04:31.755;4.5;35.0;ITA;04:40.287;4.3;35.0;AUS;04:36.875;4.4;34.0;GBR;04:28.065;4.6;34.0;;00:00.000;0.0;0.0
1260;FRA;04:33.139;4.5;33.0;GER;04:37.936;4.4;35.0;USA;04:32.873;4.5;35.0;ITA;04:41.531;4.3;35.0;AUS;04:37.972;4.4;34.0;GBR;04:29.227;4.6;34.0;;00:00.000;0.0;0.0
1265;FRA;04:34.166;4.5;33.0;GER;04:39.055;4.4;35.0;USA;04:33.902;4.5;35.0;ITA;04:42.710;4.3;35.0;AUS;04:39.076;4.4;34.0;GBR;04:30.319;4.6;34.0;;00:00.000;0.0;0.0
1270;FRA;04:35.342;4.5;33.0;GER;04:40.238;4.5;35.0;USA;04:35.083;4.5;35.0;ITA;04:43.768;4.3;35.0;AUS;04:40.257;4.4;34.0;GBR;04:31.327;4.6;33.0;;00:00.000;0.0;0.0
1275;FRA;04:36.496;4.5;33.0;GER;04:41.299;4.5;36.0;USA;04:36.198;4.5;35.0;ITA;04:44.995;4.3;35.0;AUS;04:41.316;4.4;34.0;GBR;04:32.475;4.6;33.0;;00:00.000;0.0;0.0
1280;FRA;04:37.508;4.5;34.0;GER;04:42.417;4.5;36.0;USA;04:37.244;4.5;35.0;ITA;04:46.164;4.3;35.0;AUS;04:42.448;4.5;35.0;GBR;04:33.462;4.6;34.0;;00:00.000;0.0;0.0
1285;FRA;04:38.702;4.5;34.0;GER;04:43.596;4.5;36.0;USA;04:38.427;4.5;35.0;ITA;04:47.200;4.4;35.0;AUS;04:43.615;4.5;35.0;GBR;04:34.595;4.7;34.0;;00:00.000;0.0;0.0
1290;FRA;04:39.796;4.5;34.0;GER;04:44.658;4.5;36.0;USA;04:39.532;4.5;35.0;ITA;04:48.429;4.4;35.0;AUS;04:44.644;4.5;35.0;GBR;04:35.699;4.7;34.0;;00:00.000;0.0;0.0
1295;FRA;04:40.858;4.5;34.0;GER;04:45.768;4.5;36.0;USA;04:40.591;4.5;35.0;ITA;04:49.625;4.4;35.0;AUS;04:45.831;4.5;35.0;GBR;04:36.689;4.6;34.0;;00:00.000;0.0;0.0
1300;FRA;04:42.030;4.5;34.0;GER;04:46.942;4.5;36.0;USA;04:41.766;4.5;35.0;ITA;04:50.697;4.3;35.0;AUS;04:47.001;4.4;35.0;GBR;04:37.852;4.6;34.0;;00:00.000;0.0;0.0
1305;FRA;04:43.042;4.5;34.0;GER;04:47.995;4.5;36.0;USA;04:42.837;4.5;35.0;ITA;04:51.976;4.3;35.0;AUS;04:48.033;4.4;35.0;GBR;04:38.871;4.6;34.0;;00:00.000;0.0;0.0
1310;FRA;04:44.207;4.5;34.0;GER;04:49.104;4.5;36.0;USA;04:43.913;4.5;35.0;ITA;04:53.183;4.2;35.0;AUS;04:49.240;4.4;35.0;GBR;04:39.973;4.6;34.0;;00:00.000;0.0;0.0
1315;FRA;04:45.344;4.5;34.0;GER;04:50.267;4.5;36.0;USA;04:45.073;4.6;35.0;ITA;04:54.299;4.2;35.0;AUS;04:50.403;4.4;35.0;GBR;04:41.098;4.6;34.0;;00:00.000;0.0;0.0
1320;FRA;04:46.347;4.5;34.0;GER;04:51.304;4.5;36.0;USA;04:46.112;4.6;35.0;ITA;04:55.517;4.2;35.0;AUS;04:51.431;4.4;35.0;GBR;04:42.076;4.6;34.0;;00:00.000;0.0;0.0
1325;FRA;04:47.535;4.5;34.0;GER;04:52.428;4.5;36.0;USA;04:47.229;4.6;35.0;ITA;04:56.758;4.2;35.0;AUS;04:52.639;4.4;35.0;GBR;04:43.237;4.6;34.0;;00:00.000;0.0;0.0
1330;FRA;04:48.604;4.5;34.0;GER;04:53.587;4.5;36.0;USA;04:48.383;4.6;35.0;ITA;04:57.897;4.2;35.0;AUS;04:53.802;4.4;35.0;GBR;04:44.273;4.6;34.0;;00:00.000;0.0;0.0
1335;FRA;04:49.697;4.5;34.0;GER;04:54.612;4.5;36.0;USA;04:49.394;4.5;35.0;ITA;04:59.049;4.2;35.0;AUS;04:54.842;4.4;35.0;GBR;04:45.334;4.7;34.0;;00:00.000;0.0;0.0
1340;FRA;04:50.865;4.5;34.0;GER;04:55.754;4.5;36.0;USA;04:50.550;4.5;35.0;ITA;05:00.310;4.2;35.0;AUS;04:56.065;4.4;35.0;GBR;04:46.462;4.7;34.0;;00:00.000;0.0;0.0
1345;FRA;04:51.866;4.5;34.0;GER;04:56.916;4.5;36.0;USA;04:51.689;4.5;35.0;ITA;05:01.494;4.2;35.0;AUS;04:57.238;4.4;35.0;GBR;04:47.421;4.7;34.0;;00:00.000;0.0;0.0
1350;FRA;04:53.057;4.5;34.0;GER;04:57.950;4.5;36.0;USA;04:52.701;4.5;35.0;ITA;05:02.596;4.2;35.0;AUS;04:58.289;4.4;35.0;GBR;04:48.572;4.7;34.0;;00:00.000;0.0;0.0
1355;FRA;04:54.185;4.5;34.0;GER;04:59.113;4.5;36.0;USA;04:53.874;4.5;35.0;ITA;05:03.861;4.2;35.0;AUS;04:59.517;4.3;35.0;GBR;04:49.618;4.7;34.0;;00:00.000;0.0;0.0
1360;FRA;04:55.211;4.5;34.0;GER;05:00.280;4.5;36.0;USA;04:55.011;4.5;35.0;ITA;05:05.060;4.2;35.0;AUS;05:00.679;4.3;35.0;GBR;04:50.646;4.7;34.0;;00:00.000;0.0;0.0
1365;FRA;04:56.408;4.5;34.0;GER;05:01.315;4.4;36.0;USA;04:56.027;4.5;35.0;ITA;05:06.139;4.2;35.0;AUS;05:01.723;4.4;35.0;GBR;04:51.783;4.7;34.0;;00:00.000;0.0;0.0
1370;FRA;04:57.427;4.5;34.0;GER;05:02.476;4.4;36.0;USA;04:57.215;4.5;35.0;ITA;05:07.389;4.3;35.0;AUS;05:02.936;4.4;35.0;GBR;04:52.753;4.7;34.0;;00:00.000;0.0;0.0
1375;FRA;04:58.565;4.5;34.0;GER;05:03.636;4.5;36.0;USA;04:58.333;4.5;35.0;ITA;05:08.581;4.3;35.0;AUS;05:04.074;4.4;35.0;GBR;04:53.902;4.7;34.0;;00:00.000;0.0;0.0
1380;FRA;04:59.721;4.5;34.0;GER;05:04.652;4.5;36.0;USA;04:59.360;4.5;35.0;ITA;05:09.641;4.3;35.0;AUS;05:05.135;4.4;35.0;GBR;04:54.980;4.7;34.0;;00:00.000;0.0;0.0
1385;FRA;05:00.726;4.5;34.0;GER;05:05.824;4.5;36.0;USA;05:00.544;4.5;35.0;ITA;05:10.862;4.3;35.0;AUS;05:06.354;4.4;35.0;GBR;04:55.985;4.7;34.0;;00:00.000;0.0;0.0
1390;FRA;05:01.913;4.5;34.0;GER;05:06.976;4.5;36.0;USA;05:01.647;4.5;35.0;ITA;05:12.049;4.3;35.0;AUS;05:07.492;4.4;35.0;GBR;04:57.123;4.7;34.0;;00:00.000;0.0;0.0
1395;FRA;05:03.020;4.5;34.0;GER;05:07.994;4.5;36.0;USA;05:02.695;4.5;35.0;ITA;05:13.103;4.3;35.0;AUS;05:08.553;4.4;35.0;GBR;04:58.093;4.7;34.0;;00:00.000;0.0;0.0
1400;FRA;05:04.061;4.5;34.0;GER;05:09.186;4.5;36.0;USA;05:03.869;4.5;35.0;ITA;05:14.297;4.4;35.0;AUS;05:09.760;4.4;35.0;GBR;04:59.225;4.7;34.0;;00:00.000;0.0;0.0
1405;FRA;05:05.239;4.5;34.0;GER;05:10.334;4.5;36.0;USA;05:04.943;4.5;35.0;ITA;05:15.473;4.4;35.0;AUS;05:10.883;4.4;35.0;GBR;05:00.304;4.7;34.0;;00:00.000;0.0;0.0
1410;FRA;05:06.256;4.5;34.0;GER;05:11.358;4.5;36.0;USA;05:06.017;4.5;35.0;ITA;05:16.513;4.4;35.0;AUS;05:11.970;4.4;35.0;GBR;05:01.308;4.7;34.0;;00:00.000;0.0;0.0
1415;FRA;05:07.411;4.5;34.0;GER;05:12.549;4.5;36.0;USA;05:07.179;4.5;35.0;ITA;05:17.708;4.4;35.0;AUS;05:13.137;4.4;35.0;GBR;05:02.457;4.7;34.0;;00:00.000;0.0;0.0
1420;FRA;05:08.543;4.5;34.0;GER;05:13.701;4.4;36.0;USA;05:08.231;4.5;35.0;ITA;05:18.881;4.4;35.0;AUS;05:14.237;4.4;35.0;GBR;05:03.438;4.7;34.0;;00:00.000;0.0;0.0
1425;FRA;05:09.568;4.6;34.0;GER;05:14.722;4.4;36.0;USA;05:09.351;4.6;35.0;ITA;05:19.929;4.4;35.0;AUS;05:15.324;4.4;35.0;GBR;05:04.574;4.7;34.0;;00:00.000;0.0;0.0
1430;FRA;05:10.723;4.6;34.0;GER;05:15.911;4.5;36.0;USA;05:10.491;4.5;36.0;ITA;05:21.126;4.4;35.0;AUS;05:16.511;4.4;35.0;GBR;05:05.668;4.7;34.0;;00:00.000;0.0;0.0
1435;FRA;05:11.769;4.6;34.0;GER;05:17.061;4.5;36.0;USA;05:11.529;4.5;36.0;ITA;05:22.291;4.4;35.0;AUS;05:17.588;4.4;35.0;GBR;05:06.668;4.7;34.0;;00:00.000;0.0;0.0
1440;FRA;05:12.880;4.6;34.0;GER;05:18.086;4.5;36.0;USA;05:12.649;4.5;36.0;ITA;05:23.335;4.4;35.0;AUS;05:18.695;4.5;35.0;GBR;05:07.821;4.7;34.0;;00:00.000;0.0;0.0
1445;FRA;05:14.041;4.6;34.0;GER;05:19.276;4.5;36.0;USA;05:13.794;4.5;36.0;ITA;05:24.559;4.4;35.0;AUS;05:19.869;4.5;35.0;GBR;05:08.807;4.6;34.0;;00:00.000;0.0;0.0
1450;FRA;05:15.044;4.5;34.0;GER;05:20.411;4.5;36.0;USA;05:14.798;4.6;36.0;ITA;05:25.709;4.4;35.0;AUS;05:20.912;4.5;35.0;GBR;05:09.965;4.6;34.0;;00:00.000;0.0;0.0
1455;FRA;05:16.236;4.5;33.0;GER;05:21.426;4.5;35.0;USA;05:15.951;4.6;36.0;ITA;05:26.751;4.4;35.0;AUS;05:22.049;4.5;35.0;GBR;05:11.061;4.6;34.0;;00:00.000;0.0;0.0
1460;FRA;05:17.350;4.5;33.0;GER;05:22.624;4.5;35.0;USA;05:17.080;4.6;36.0;ITA;05:27.969;4.4;35.0;AUS;05:23.195;4.5;35.0;GBR;05:12.061;4.6;34.0;;00:00.000;0.0;0.0
1465;FRA;05:18.393;4.5;33.0;GER;05:23.761;4.5;35.0;USA;05:18.083;4.6;36.0;ITA;05:29.140;4.4;35.0;AUS;05:24.197;4.5;35.0;GBR;05:13.232;4.6;34.0;;00:00.000;0.0;0.0
1470;FRA;05:19.579;4.5;33.0;GER;05:24.789;4.5;35.0;USA;05:19.244;4.6;36.0;ITA;05:30.195;4.4;35.0;AUS;05:25.379;4.5;35.0;GBR;05:14.243;4.6;34.0;;00:00.000;0.0;0.0
1475;FRA;05:20.609;4.5;34.0;GER;05:25.999;4.4;35.0;USA;05:20.353;4.6;35.0;ITA;05:31.429;4.3;35.0;AUS;05:26.511;4.5;35.0;GBR;05:15.360;4.6;34.0;;00:00.000;0.0;0.0
1480;FRA;05:21.761;4.5;34.0;GER;05:27.126;4.4;35.0;USA;05:21.367;4.6;35.0;ITA;05:32.613;4.3;35.0;AUS;05:27.529;4.5;35.0;GBR;05:16.488;4.6;34.0;;00:00.000;0.0;0.0
1485;FRA;05:22.918;4.5;34.0;GER;05:28.160;4.4;35.0;USA;05:22.534;4.6;35.0;ITA;05:33.673;4.3;35.0;AUS;05:28.711;4.5;35.0;GBR;05:17.465;4.6;34.0;;00:00.000;0.0;0.0
1490;FRA;05:23.926;4.5;34.0;GER;05:29.366;4.5;35.0;USA;05:23.620;4.6;35.0;ITA;05:34.909;4.3;35.0;AUS;05:29.832;4.5;35.0;GBR;05:18.625;4.6;34.0;;00:00.000;0.0;0.0
1495;FRA;05:25.119;4.5;34.0;GER;05:30.470;4.5;35.0;USA;05:24.663;4.6;35.0;ITA;05:36.093;4.3;35.0;AUS;05:30.846;4.5;35.0;GBR;05:19.657;4.6;34.0;;00:00.000;0.0;0.0
1500;FRA;05:26.208;4.5;33.0;GER;05:31.512;4.5;35.0;USA;05:25.823;4.6;35.0;ITA;05:37.168;4.3;35.0;AUS;05:32.020;4.5;35.0;GBR;05:20.721;4.7;34.0;;00:00.000;0.0;0.0
1505;FRA;05:27.278;4.5;33.0;GER;05:32.706;4.5;35.0;USA;05:26.866;4.6;35.0;ITA;05:38.367;4.3;35.0;AUS;05:33.120;4.6;36.0;GBR;05:21.844;4.7;34.0;;00:00.000;0.0;0.0
1510;FRA;05:28.443;4.5;33.0;GER;05:33.816;4.5;35.0;USA;05:27.951;4.6;35.0;ITA;05:39.535;4.3;35.0;AUS;05:34.133;4.6;36.0;GBR;05:22.809;4.7;34.0;;00:00.000;0.0;0.0
1515;FRA;05:29.450;4.5;33.0;GER;05:34.883;4.5;35.0;USA;05:29.095;4.6;35.0;ITA;05:40.574;4.4;35.0;AUS;05:35.295;4.6;36.0;GBR;05:23.969;4.7;34.0;;00:00.000;0.0;0.0
1520;FRA;05:30.632;4.5;34.0;GER;05:36.077;4.4;35.0;USA;05:30.110;4.6;35.0;ITA;05:41.746;4.4;35.0;AUS;05:36.341;4.6;36.0;GBR;05:25.011;4.7;34.0;;00:00.000;0.0;0.0
1525;FRA;05:31.771;4.5;34.0;GER;05:37.168;4.4;35.0;USA;05:31.240;4.6;35.0;ITA;05:42.909;4.5;35.0;AUS;05:37.403;4.6;36.0;GBR;05:26.061;4.7;34.0;;00:00.000;0.0;0.0
1530;FRA;05:32.790;4.5;34.0;GER;05:38.255;4.4;35.0;USA;05:32.371;4.6;35.0;ITA;05:43.943;4.5;35.0;AUS;05:38.550;4.6;36.0;GBR;05:27.186;4.7;34.0;;00:00.000;0.0;0.0
1535;FRA;05:33.984;4.5;34.0;GER;05:39.444;4.5;35.0;USA;05:33.373;4.6;35.0;ITA;05:45.115;4.4;35.0;AUS;05:39.546;4.6;36.0;GBR;05:28.139;4.7;34.0;;00:00.000;0.0;0.0
1540;FRA;05:35.044;4.5;33.0;GER;05:40.527;4.4;35.0;USA;05:34.554;4.6;35.0;ITA;05:46.278;4.4;35.0;AUS;05:40.655;4.6;36.0;GBR;05:29.270;4.7;34.0;;00:00.000;0.0;0.0
1545;FRA;05:36.154;4.5;33.0;GER;05:41.623;4.4;35.0;USA;05:35.656;4.6;35.0;ITA;05:47.313;4.4;35.0;AUS;05:41.786;4.6;36.0;GBR;05:30.293;4.8;34.0;;00:00.000;0.0;0.0
1550;FRA;05:37.316;4.5;33.0;GER;05:42.803;4.5;35.0;USA;05:36.661;4.6;35.0;ITA;05:48.475;4.4;35.0;AUS;05:42.791;4.6;36.0;GBR;05:31.319;4.8;34.0;;00:00.000;0.0;0.0
1555;FRA;05:38.306;4.5;33.0;GER;05:43.878;4.5;35.0;USA;05:37.824;4.6;35.0;ITA;05:49.635;4.5;36.0;AUS;05:43.905;4.6;36.0;GBR;05:32.437;4.8;34.0;;00:00.000;0.0;0.0
1560;FRA;05:39.475;4.6;33.0;GER;05:44.960;4.5;35.0;USA;05:38.905;4.6;35.0;ITA;05:50.671;4.5;36.0;AUS;05:45.037;4.6;36.0;GBR;05:33.385;4.8;35.0;;00:00.000;0.0;0.0
1565;FRA;05:40.573;4.6;34.0;GER;05:46.126;4.5;36.0;USA;05:39.961;4.6;35.0;ITA;05:51.812;4.5;36.0;AUS;05:46.031;4.6;36.0;GBR;05:34.516;4.8;35.0;;00:00.000;0.0;0.0
1570;FRA;05:41.595;4.6;34.0;GER;05:47.174;4.5;36.0;USA;05:41.088;4.6;35.0;ITA;05:52.964;4.5;36.0;AUS;05:47.194;4.6;36.0;GBR;05:35.555;4.8;35.0;;00:00.000;0.0;0.0
1575;FRA;05:42.759;4.6;34.0;GER;05:48.257;4.6;36.0;USA;05:42.118;4.6;35.0;ITA;05:53.997;4.5;36.0;AUS;05:48.287;4.6;36.0;GBR;05:36.561;4.8;34.0;;00:00.000;0.0;0.0
1580;FRA;05:43.746;4.6;34.0;GER;05:49.400;4.6;36.0;USA;05:43.226;4.6;35.0;ITA;05:55.158;4.5;36.0;AUS;05:49.272;4.6;36.0;GBR;05:37.675;4.8;34.0;;00:00.000;0.0;0.0
1585;FRA;05:44.901;4.6;34.0;GER;05:50.400;4.6;36.0;USA;05:44.311;4.6;35.0;ITA;05:56.321;4.5;36.0;AUS;05:50.420;4.6;36.0;GBR;05:38.619;4.8;34.0;;00:00.000;0.0;0.0
1590;FRA;05:46.033;4.6;34.0;GER;05:51.504;4.6;36.0;USA;05:45.285;4.7;35.0;ITA;05:57.365;4.5;36.0;AUS;05:51.516;4.6;36.0;GBR;05:39.753;4.8;34.0;;00:00.000;0.0;0.0
1595;FRA;05:47.030;4.6;34.0;GER;05:52.627;4.7;36.0;USA;05:46.408;4.7;35.0;ITA;05:58.509;4.5;36.0;AUS;05:52.519;4.6;36.0;GBR;05:40.783;4.8;34.0;;00:00.000;0.0;0.0
1600;FRA;05:48.209;4.6;34.0;GER;05:53.605;4.7;36.0;USA;05:47.482;4.7;35.0;ITA;05:59.669;4.5;36.0;AUS;05:53.685;4.6;36.0;GBR;05:41.811;4.8;34.0;;00:00.000;0.0;0.0
1605;FRA;05:49.273;4.6;34.0;GER;05:54.773;4.6;36.0;USA;05:48.466;4.7;35.0;ITA;06:00.712;4.5;36.0;AUS;05:54.772;4.6;36.0;GBR;05:42.922;4.8;34.0;;00:00.000;0.0;0.0
1610;FRA;05:50.341;4.6;34.0;GER;05:55.859;4.6;36.0;USA;05:49.593;4.8;35.0;ITA;06:01.851;4.5;36.0;AUS;05:55.796;4.6;36.0;GBR;05:43.873;4.8;34.0;;00:00.000;0.0;0.0
1615;FRA;05:51.492;4.6;34.0;GER;05:56.840;4.6;36.0;USA;05:50.603;4.8;35.0;ITA;06:03.019;4.5;36.0;AUS;05:56.956;4.6;36.0;GBR;05:45.006;4.8;34.0;;00:00.000;0.0;0.0
1620;FRA;05:52.480;4.6;34.0;GER;05:57.995;4.6;36.0;USA;05:51.655;4.8;35.0;ITA;06:04.073;4.5;36.0;AUS;05:58.022;4.6;36.0;GBR;05:46.028;4.8;34.0;;00:00.000;0.0;0.0
1625;FRA;05:53.632;4.6;34.0;GER;05:59.079;4.6;36.0;USA;05:52.756;4.8;35.0;ITA;06:05.238;4.4;36.0;AUS;05:59.091;4.6;36.0;GBR;05:47.059;4.8;34.0;;00:00.000;0.0;0.0
1630;FRA;05:54.731;4.6;34.0;GER;06:00.078;4.6;36.0;USA;05:53.721;4.8;35.0;ITA;06:06.427;4.4;36.0;AUS;06:00.254;4.6;36.0;GBR;05:48.165;4.8;34.0;;00:00.000;0.0;0.0
1635;FRA;05:55.739;4.6;34.0;GER;06:01.231;4.6;36.0;USA;05:54.845;4.8;35.0;ITA;06:07.505;4.4;36.0;AUS;06:01.305;4.6;36.0;GBR;05:49.114;4.8;34.0;;00:00.000;0.0;0.0
1640;FRA;05:56.896;4.6;34.0;GER;06:02.288;4.6;36.0;USA;05:55.907;4.8;35.0;ITA;06:08.655;4.4;36.0;AUS;06:02.388;4.5;36.0;GBR;05:50.246;4.8;34.0;;00:00.000;0.0;0.0
1645;FRA;05:57.910;4.6;34.0;GER;06:03.321;4.6;36.0;USA;05:56.894;4.8;35.0;ITA;06:09.842;4.4;36.0;AUS;06:03.528;4.6;36.0;GBR;05:51.265;4.8;34.0;;00:00.000;0.0;0.0
1650;FRA;05:59.021;4.6;34.0;GER;06:04.472;4.6;36.0;USA;05:58.018;4.8;35.0;ITA;06:10.924;4.4;36.0;AUS;06:04.540;4.6;36.0;GBR;05:52.288;4.8;34.0;;00:00.000;0.0;0.0
1655;FRA;06:00.152;4.6;34.0;GER;06:05.505;4.6;36.0;USA;05:59.028;4.8;36.0;ITA;06:12.047;4.4;36.0;AUS;06:05.654;4.6;36.0;GBR;05:53.394;4.8;34.0;;00:00.000;0.0;0.0
1660;FRA;06:01.135;4.6;34.0;GER;06:06.581;4.6;36.0;USA;06:00.084;4.8;36.0;ITA;06:13.228;4.4;36.0;AUS;06:06.773;4.6;36.0;GBR;05:54.343;4.8;34.0;;00:00.000;0.0;0.0
1665;FRA;06:02.301;4.6;34.0;GER;06:07.725;4.6;36.0;USA;06:01.192;4.8;36.0;ITA;06:14.303;4.4;36.0;AUS;06:07.765;4.6;36.0;GBR;05:55.479;4.8;34.0;;00:00.000;0.0;0.0
1670;FRA;06:03.373;4.6;34.0;GER;06:08.738;4.6;36.0;USA;06:02.157;4.8;36.0;ITA;06:15.382;4.5;36.0;AUS;06:08.958;4.6;36.0;GBR;05:56.498;4.8;34.0;;00:00.000;0.0;0.0
1675;FRA;06:04.419;4.6;34.0;GER;06:09.854;4.6;36.0;USA;06:03.277;4.7;36.0;ITA;06:16.551;4.5;36.0;AUS;06:10.072;4.6;36.0;GBR;05:57.536;4.8;34.0;;00:00.000;0.0;0.0
1680;FRA;06:05.579;4.6;34.0;GER;06:10.996;4.6;36.0;USA;06:04.356;4.7;36.0;ITA;06:17.639;4.5;36.0;AUS;06:11.085;4.5;36.0;GBR;05:58.647;4.8;34.0;;00:00.000;0.0;0.0
1685;FRA;06:06.578;4.6;34.0;GER;06:11.998;4.6;36.0;USA;06:05.339;4.7;36.0;ITA;06:18.693;4.5;37.0;AUS;06:12.251;4.5;36.0;GBR;05:59.597;4.8;34.0;;00:00.000;0.0;0.0
1690;FRA;06:07.730;4.6;34.0;GER;06:13.165;4.6;36.0;USA;06:06.474;4.7;36.0;ITA;06:19.875;4.5;37.0;AUS;06:13.370;4.5;36.0;GBR;06:00.739;4.8;34.0;;00:00.000;0.0;0.0
1695;FRA;06:08.866;4.6;34.0;GER;06:14.315;4.5;36.0;USA;06:07.526;4.7;36.0;ITA;06:20.993;4.5;37.0;AUS;06:14.378;4.6;36.0;GBR;06:01.742;4.7;34.0;;00:00.000;0.0;0.0
1700;FRA;06:09.872;4.6;34.0;GER;06:15.328;4.5;36.0;USA;06:08.552;4.7;36.0;ITA;06:22.026;4.5;37.0;AUS;06:15.564;4.6;36.0;GBR;06:02.803;4.7;34.0;;00:00.000;0.0;0.0
1705;FRA;06:11.045;4.6;34.0;GER;06:16.490;4.5;36.0;USA;06:09.689;4.7;36.0;ITA;06:23.214;4.5;37.0;AUS;06:16.668;4.5;36.0;GBR;06:03.932;4.7;34.0;;00:00.000;0.0;0.0
1710;FRA;06:12.121;4.6;34.0;GER;06:17.637;4.5;36.0;USA;06:10.709;4.7;36.0;ITA;06:24.341;4.5;37.0;AUS;06:17.681;4.5;36.0;GBR;06:04.927;4.7;34.0;;00:00.000;0.0;0.0
1715;FRA;06:13.128;4.6;34.0;GER;06:18.649;4.5;36.0;USA;06:11.792;4.7;36.0;ITA;06:25.369;4.5;37.0;AUS;06:18.847;4.6;36.0;GBR;06:06.059;4.7;35.0;;00:00.000;0.0;0.0
1720;FRA;06:14.267;4.6;35.0;GER;06:19.826;4.5;36.0;USA;06:12.912;4.6;36.0;ITA;06:26.574;4.5;37.0;AUS;06:19.935;4.6;36.0;GBR;06:07.160;4.6;35.0;;00:00.000;0.0;0.0
1725;FRA;06:15.282;4.7;35.0;GER;06:20.979;4.5;36.0;USA;06:13.911;4.7;36.0;ITA;06:27.748;4.4;37.0;AUS;06:20.950;4.6;36.0;GBR;06:08.131;4.6;35.0;;00:00.000;0.0;0.0
1730;FRA;06:16.350;4.7;35.0;GER;06:22.001;4.5;36.0;USA;06:15.016;4.7;36.0;ITA;06:28.831;4.4;37.0;AUS;06:22.112;4.6;36.0;GBR;06:09.273;4.7;35.0;;00:00.000;0.0;0.0
1735;FRA;06:17.471;4.7;36.0;GER;06:23.221;4.4;36.0;USA;06:16.127;4.7;36.0;ITA;06:30.019;4.3;37.0;AUS;06:23.177;4.6;36.0;GBR;06:10.278;4.7;35.0;;00:00.000;0.0;0.0
1740;FRA;06:18.442;4.7;36.0;GER;06:24.355;4.4;36.0;USA;06:17.114;4.7;36.0;ITA;06:31.239;4.3;37.0;AUS;06:24.205;4.6;36.0;GBR;06:11.315;4.8;35.0;;00:00.000;0.0;0.0
1745;FRA;06:19.590;4.7;35.0;GER;06:25.385;4.4;36.0;USA;06:18.243;4.7;36.0;ITA;06:32.406;4.3;37.0;AUS;06:25.357;4.6;36.0;GBR;06:12.421;4.8;35.0;;00:00.000;0.0;0.0
1750;FRA;06:20.670;4.7;35.0;GER;06:26.572;4.4;36.0;USA;06:19.337;4.7;36.0;ITA;06:33.486;4.3;37.0;AUS;06:26.384;4.6;36.0;GBR;06:13.366;4.8;35.0;;00:00.000;0.0;0.0
1755;FRA;06:21.663;4.7;35.0;GER;06:27.741;4.4;36.0;USA;06:20.312;4.7;36.0;ITA;06:34.706;4.3;37.0;AUS;06:27.452;4.6;36.0;GBR;06:14.490;4.8;35.0;;00:00.000;0.0;0.0
1760;FRA;06:22.807;4.7;35.0;GER;06:28.776;4.4;36.0;USA;06:21.436;4.7;36.0;ITA;06:35.904;4.3;37.0;AUS;06:28.581;4.6;36.0;GBR;06:15.543;4.8;35.0;;00:00.000;0.0;0.0
1765;FRA;06:23.818;4.7;35.0;GER;06:29.961;4.4;36.0;USA;06:22.493;4.7;36.0;ITA;06:36.998;4.3;37.0;AUS;06:29.633;4.6;36.0;GBR;06:16.520;4.8;35.0;;00:00.000;0.0;0.0
1770;FRA;06:24.887;4.7;35.0;GER;06:31.143;4.4;36.0;USA;06:23.472;4.8;37.0;ITA;06:38.111;4.3;37.0;AUS;06:30.684;4.6;37.0;GBR;06:17.630;4.8;35.0;;00:00.000;0.0;0.0
1775;FRA;06:25.993;4.7;35.0;GER;06:32.201;4.4;36.0;USA;06:24.587;4.8;37.0;ITA;06:39.291;4.4;37.0;AUS;06:31.867;4.6;37.0;GBR;06:18.576;4.8;35.0;;00:00.000;0.0;0.0
1780;FRA;06:26.946;4.7;35.0;GER;06:33.334;4.4;36.0;USA;06:25.611;4.8;37.0;ITA;06:40.404;4.4;37.0;AUS;06:32.948;4.6;38.0;GBR;06:19.674;4.8;35.0;;00:00.000;0.0;0.0
1785;FRA;06:28.078;4.8;35.0;GER;06:34.505;4.4;36.0;USA;06:26.620;4.8;37.0;ITA;06:41.430;4.5;37.0;AUS;06:33.980;4.5;38.0;GBR;06:20.730;4.8;35.0;;00:00.000;0.0;0.0
1790;FRA;06:29.131;4.8;35.0;GER;06:35.526;4.5;36.0;USA;06:27.716;4.8;37.0;ITA;06:42.612;4.5;38.0;AUS;06:35.150;4.5;38.0;GBR;06:21.687;4.8;35.0;;00:00.000;0.0;0.0
1795;FRA;06:30.150;4.8;35.0;GER;06:36.620;4.5;37.0;USA;06:28.685;4.8;37.0;ITA;06:43.705;4.6;38.0;AUS;06:36.242;4.6;38.0;GBR;06:22.788;4.8;35.0;;00:00.000;0.0;0.0
1800;FRA;06:31.297;4.7;35.0;GER;06:37.764;4.6;37.0;USA;06:29.772;4.8;37.0;ITA;06:44.723;4.6;38.0;AUS;06:37.238;4.6;38.0;GBR;06:23.739;4.9;35.0;;00:00.000;0.0;0.0
1805;FRA;06:32.249;4.7;35.0;GER;06:38.820;4.6;37.0;USA;06:30.824;4.8;37.0;ITA;06:45.836;4.6;38.0;AUS;06:38.394;4.6;38.0;GBR;06:24.806;4.9;35.0;;00:00.000;0.0;0.0
1810;FRA;06:33.401;4.7;35.0;GER;06:39.849;4.6;37.0;USA;06:31.770;4.8;37.0;ITA;06:46.966;4.6;38.0;AUS;06:39.503;4.6;38.0;GBR;06:25.862;4.9;35.0;;00:00.000;0.0;0.0
1815;FRA;06:34.486;4.7;35.0;GER;06:40.990;4.6;37.0;USA;06:32.869;4.8;37.0;ITA;06:48.033;4.6;39.0;AUS;06:40.501;4.6;38.0;GBR;06:26.800;4.9;35.0;;00:00.000;0.0;0.0
1820;FRA;06:35.475;4.7;35.0;GER;06:42.040;4.7;37.0;USA;06:33.911;4.8;37.0;ITA;06:49.102;4.6;39.0;AUS;06:41.632;4.6;38.0;GBR;06:27.907;4.9;35.0;;00:00.000;0.0;0.0
1825;FRA;06:36.616;4.7;35.0;GER;06:43.057;4.7;37.0;USA;06:34.869;4.8;37.0;ITA;06:50.278;4.5;38.0;AUS;06:42.717;4.6;37.0;GBR;06:28.873;4.9;35.0;;00:00.000;0.0;0.0
1830;FRA;06:37.622;4.7;35.0;GER;06:44.196;4.7;37.0;USA;06:35.961;4.9;37.0;ITA;06:51.403;4.5;38.0;AUS;06:43.709;4.7;37.0;GBR;06:29.925;4.9;35.0;;00:00.000;0.0;0.0
1835;FRA;06:38.743;4.7;35.0;GER;06:45.257;4.7;38.0;USA;06:36.955;4.9;37.0;ITA;06:52.448;4.5;38.0;AUS;06:44.837;4.7;37.0;GBR;06:31.004;4.9;35.0;;00:00.000;0.0;0.0
1840;FRA;06:39.848;4.6;35.0;GER;06:46.255;4.7;38.0;USA;06:37.952;4.9;37.0;ITA;06:53.610;4.4;38.0;AUS;06:45.903;4.7;37.0;GBR;06:31.936;4.9;35.0;;00:00.000;0.0;0.0
1845;FRA;06:40.821;4.6;35.0;GER;06:47.384;4.7;38.0;USA;06:39.027;4.9;37.0;ITA;06:54.718;4.5;38.0;AUS;06:46.889;4.7;37.0;GBR;06:33.055;4.9;36.0;;00:00.000;0.0;0.0
1850;FRA;06:41.992;4.6;34.0;GER;06:48.462;4.7;38.0;USA;06:39.965;4.9;37.0;ITA;06:55.748;4.5;38.0;AUS;06:48.029;4.7;37.0;GBR;06:34.065;4.8;36.0;;00:00.000;0.0;0.0
1855;FRA;06:43.035;4.7;34.0;GER;06:49.439;4.7;38.0;USA;06:41.047;4.9;37.0;ITA;06:56.869;4.6;38.0;AUS;06:49.092;4.7;37.0;GBR;06:35.074;4.8;36.0;;00:00.000;0.0;0.0
1860;FRA;06:44.067;4.7;34.0;GER;06:50.557;4.7;39.0;USA;06:42.114;4.9;37.0;ITA;06:58.032;4.6;38.0;AUS;06:50.068;4.7;37.0;GBR;06:36.171;4.8;36.0;;00:00.000;0.0;0.0
1865;FRA;06:45.227;4.6;34.0;GER;06:51.657;4.7;39.0;USA;06:43.075;4.9;37.0;ITA;06:59.073;4.6;38.0;AUS;06:51.189;4.7;37.0;GBR;06:37.116;4.8;36.0;;00:00.000;0.0;0.0
1870;FRA;06:46.226;4.6;34.0;GER;06:52.645;4.7;39.0;USA;06:44.181;4.8;37.0;ITA;07:00.176;4.5;38.0;AUS;06:52.257;4.8;37.0;GBR;06:38.238;4.8;35.0;;00:00.000;0.0;0.0
1875;FRA;06:47.393;4.6;34.0;GER;06:53.774;4.7;39.0;USA;06:45.162;4.8;37.0;ITA;07:01.333;4.5;38.0;AUS;06:53.287;4.7;37.0;GBR;06:39.274;4.8;35.0;;00:00.000;0.0;0.0
1880;FRA;06:48.463;4.6;34.0;GER;06:54.875;4.7;39.0;USA;06:46.231;4.8;37.0;ITA;07:02.473;4.5;38.0;AUS;06:54.458;4.7;37.0;GBR;06:40.273;4.8;35.0;;00:00.000;0.0;0.0
1885;FRA;06:49.476;4.6;34.0;GER;06:55.872;4.7;39.0;USA;06:47.339;4.8;37.0;ITA;07:03.521;4.5;38.0;AUS;06:55.542;4.6;37.0;GBR;06:41.395;4.8;35.0;;00:00.000;0.0;0.0
1890;FRA;06:50.647;4.6;34.0;GER;06:56.951;4.6;39.0;USA;06:48.397;4.8;37.0;ITA;07:04.677;4.4;38.0;AUS;06:56.577;4.5;37.0;GBR;06:42.381;4.8;35.0;;00:00.000;0.0;0.0
1895;FRA;06:51.695;4.6;34.0;GER;06:58.068;4.6;38.0;USA;06:49.413;4.8;37.0;ITA;07:05.827;4.4;38.0;AUS;06:57.754;4.5;37.0;GBR;06:43.454;4.8;35.0;;00:00.000;0.0;0.0
1900;FRA;06:52.790;4.6;34.0;GER;06:59.082;4.7;38.0;USA;06:50.501;4.8;37.0;ITA;07:06.930;4.5;38.0;AUS;06:58.868;4.5;37.0;GBR;06:44.554;4.8;35.0;;00:00.000;0.0;0.0
1905;FRA;06:53.941;4.5;34.0;GER;07:00.089;4.8;38.0;USA;06:51.531;4.8;37.0;ITA;07:08.004;4.5;38.0;AUS;06:59.907;4.5;37.0;GBR;06:45.516;4.8;35.0;;00:00.000;0.0;0.0
1910;FRA;06:54.938;4.6;34.0;GER;07:01.203;4.8;39.0;USA;06:52.563;4.8;37.0;ITA;07:09.200;4.4;38.0;AUS;07:01.120;4.5;37.0;GBR;06:46.657;4.8;35.0;;00:00.000;0.0;0.0
1915;FRA;06:56.088;4.6;34.0;GER;07:02.244;4.8;39.0;USA;06:53.646;4.8;37.0;ITA;07:10.312;4.4;39.0;AUS;07:02.309;4.4;37.0;GBR;06:47.701;4.7;35.0;;00:00.000;0.0;0.0
1920;FRA;06:57.147;4.6;34.0;GER;07:03.223;4.8;39.0;USA;06:54.654;4.8;37.0;ITA;07:11.339;4.5;39.0;AUS;07:03.346;4.4;37.0;GBR;06:48.753;4.7;35.0;;00:00.000;0.0;0.0
1925;FRA;06:58.181;4.6;34.0;GER;07:04.324;4.8;39.0;USA;06:55.709;4.8;37.0;ITA;07:12.519;4.5;39.0;AUS;07:04.509;4.4;37.0;GBR;06:49.868;4.7;35.0;;00:00.000;0.0;0.0
1930;FRA;06:59.342;4.7;34.0;GER;07:05.366;4.8;39.0;USA;06:56.819;4.8;37.0;ITA;07:13.670;4.5;39.0;AUS;07:05.686;4.4;37.0;GBR;06:50.851;4.7;35.0;;00:00.000;0.0;0.0
1935;FRA;07:00.318;4.6;34.0;GER;07:06.347;4.8;39.0;USA;06:57.806;4.7;37.0;ITA;07:14.762;4.5;39.0;AUS;07:06.868;4.4;36.0;GBR;06:51.968;4.7;35.0;;00:00.000;0.0;0.0
1940;FRA;07:01.516;4.6;34.0;GER;07:07.439;4.8;39.0;USA;06:58.881;4.7;37.0;ITA;07:15.838;4.5;39.0;AUS;07:08.030;4.3;36.0;GBR;06:53.064;4.7;35.0;;00:00.000;0.0;0.0
1945;FRA;07:02.685;4.5;34.0;GER;07:08.480;4.8;39.0;USA;06:59.980;4.8;37.0;ITA;07:17.000;4.5;38.0;AUS;07:09.213;4.2;36.0;GBR;06:54.022;4.7;35.0;;00:00.000;0.0;0.0
1950;FRA;07:03.763;4.4;34.0;GER;07:09.437;4.8;39.0;USA;07:00.951;4.8;37.0;ITA;07:18.116;4.5;38.0;AUS;07:10.321;4.2;36.0;GBR;06:55.151;4.7;35.0;;00:00.000;0.0;0.0
1955;FRA;07:05.024;4.3;34.0;GER;07:10.547;4.8;39.0;USA;07:02.048;4.8;37.0;ITA;07:19.152;4.5;38.0;AUS;07:11.398;4.4;36.0;GBR;06:56.116;4.8;35.0;;00:00.000;0.0;0.0
1960;FRA;07:06.150;4.3;34.0;GER;07:11.572;4.9;39.0;USA;07:03.117;4.8;37.0;ITA;07:20.302;4.5;38.0;AUS;07:12.549;4.5;36.0;GBR;06:57.176;4.8;35.0;;00:00.000;0.0;0.0
1965;FRA;07:07.263;4.3;35.0;GER;07:12.528;4.9;39.0;USA;07:04.075;4.8;37.0;ITA;07:21.456;4.5;38.0;AUS;07:13.620;4.6;36.0;GBR;06:58.258;4.8;35.0;;00:00.000;0.0;0.0
1970;FRA;07:08.354;4.4;35.0;GER;07:13.615;4.9;39.0;USA;07:05.167;4.8;37.0;ITA;07:22.528;4.5;38.0;AUS;07:14.615;4.6;37.0;GBR;06:59.183;4.9;35.0;;00:00.000;0.0;0.0
1975;FRA;07:09.448;4.5;35.0;GER;07:14.644;4.9;39.0;USA;07:06.210;4.8;37.0;ITA;07:23.647;4.5;38.0;AUS;07:15.749;4.7;37.0;GBR;07:00.295;4.9;35.0;;00:00.000;0.0;0.0
1980;FRA;07:10.478;4.6;35.0;GER;07:15.594;4.9;39.0;USA;07:07.153;4.9;37.0;ITA;07:24.831;4.4;38.0;AUS;07:16.784;4.8;37.0;GBR;07:01.292;4.9;35.0;;00:00.000;0.0;0.0
1985;FRA;07:11.627;4.7;35.0;GER;07:16.693;4.9;39.0;USA;07:08.240;4.9;38.0;ITA;07:25.977;4.4;39.0;AUS;07:17.778;4.8;37.0;GBR;07:02.286;4.9;35.0;;00:00.000;0.0;0.0
1990;FRA;07:12.589;4.6;35.0;GER;07:17.733;4.9;39.0;USA;07:09.261;4.9;38.0;ITA;07:26.985;4.4;38.0;AUS;07:18.881;4.8;37.0;GBR;07:03.377;4.9;36.0;;00:00.000;0.0;0.0
1995;FRA;07:13.696;4.7;35.0;GER;07:18.684;4.9;39.0;USA;07:10.227;4.9;38.0;ITA;07:28.157;4.5;38.0;AUS;07:19.877;4.8;37.0;GBR;07:04.311;4.9;36.0;;00:00.000;0.0;0.0
2000;FRA;07:14.826;4.8;35.0;GER;07:19.783;4.9;39.0;USA;07:11.312;4.9;38.0;ITA;07:29.275;4.5;38.0;AUS;07:20.916;4.8;37.0;GBR;07:05.418;4.9;35.0;;00:00.000;0.0;0.0
