Distance;ShortName1;Time1;Speed1;Stroke1;ShortName2;Time2;Speed2;Stroke2;ShortName3;Time3;Speed3;Stroke3;ShortName4;Time4;Speed4;Stroke4;ShortName5;Time5;Speed5;Stroke5;ShortName7;Time7;Speed7;Stroke7;
5;UKR2;00:02.889;2.8;0.0;ROU;00:02.496;3.1;0.0;AUS;00:02.521;2.9;0.0;UKR1;00:02.748;3.0;0.0;GER;00:02.732;3.3;0.0;;00:00.000;0.0;0.0
10;UKR2;00:04.153;3.4;102.0;ROU;00:03.836;3.5;46.0;AUS;00:04.068;3.2;0.0;UKR1;00:04.035;3.7;47.0;GER;00:04.168;3.4;0.0;;00:00.000;0.0;0.0
15;UKR2;00:05.298;3.9;105.0;ROU;00:04.898;3.9;46.0;AUS;00:05.249;3.6;33.0;UKR1;00:05.069;4.0;47.0;GER;00:05.332;3.8;33.0;;00:00.000;0.0;0.0
20;UKR2;00:06.275;4.4;104.0;ROU;00:05.842;4.3;47.0;AUS;00:06.110;3.9;33.0;UKR1;00:05.947;4.4;48.0;GER;00:06.234;4.1;34.0;;00:00.000;0.0;0.0
25;UKR2;00:07.158;4.8;104.0;ROU;00:06.796;4.8;48.0;AUS;00:07.140;4.6;34.0;UKR1;00:06.940;4.9;48.0;GER;00:07.222;4.7;34.0;;00:00.000;0.0;0.0
30;UKR2;00:07.944;5.2;61.0;ROU;00:07.695;5.3;48.0;AUS;00:07.982;5.1;35.0;UKR1;00:07.775;5.3;48.0;GER;00:08.074;5.2;36.0;;00:00.000;0.0;0.0
35;UKR2;00:08.847;5.7;62.0;ROU;00:08.455;5.6;48.0;AUS;00:08.846;5.6;37.0;UKR1;00:08.518;5.7;48.0;GER;00:08.891;5.6;37.0;;00:00.000;0.0;0.0
40;UKR2;00:09.674;5.9;51.0;ROU;00:09.319;5.9;49.0;AUS;00:09.661;5.9;38.0;UKR1;00:09.352;6.0;48.0;GER;00:09.721;5.9;38.0;;00:00.000;0.0;0.0
45;UKR2;00:10.393;6.1;51.0;ROU;00:10.134;6.1;49.0;AUS;00:10.417;6.0;39.0;UKR1;00:10.162;6.2;48.0;GER;00:10.434;6.1;39.0;;00:00.000;0.0;0.0
50;UKR2;00:11.251;6.2;51.0;ROU;00:10.904;6.2;49.0;AUS;00:11.247;6.3;40.0;UKR1;00:10.883;6.3;48.0;GER;00:11.289;6.3;39.0;;00:00.000;0.0;0.0
55;UKR2;00:12.036;6.3;50.0;ROU;00:11.694;6.3;50.0;AUS;00:11.926;6.3;40.0;UKR1;00:11.693;6.4;48.0;GER;00:11.962;6.4;40.0;;00:00.000;0.0;0.0
60;UKR2;00:12.749;6.4;50.0;ROU;00:12.493;6.4;50.0;AUS;00:12.768;6.5;41.0;UKR1;00:12.441;6.5;48.0;GER;00:12.785;6.5;41.0;;00:00.000;0.0;0.0
65;UKR2;00:13.594;6.4;50.0;ROU;00:13.240;6.4;50.0;AUS;00:13.455;6.5;41.0;UKR1;00:13.184;6.6;48.0;GER;00:13.523;6.6;41.0;;00:00.000;0.0;0.0
70;UKR2;00:14.363;6.4;49.0;ROU;00:14.034;6.4;50.0;AUS;00:14.283;6.6;42.0;UKR1;00:13.971;6.6;48.0;GER;00:14.274;6.6;42.0;;00:00.000;0.0;0.0
75;UKR2;00:15.087;6.5;49.0;ROU;00:14.836;6.4;50.0;AUS;00:15.007;6.6;42.0;UKR1;00:14.651;6.6;48.0;GER;00:15.045;6.7;42.0;;00:00.000;0.0;0.0
80;UKR2;00:15.916;6.5;49.0;ROU;00:15.561;6.4;50.0;AUS;00:15.782;6.6;42.0;UKR1;00:15.474;6.7;48.0;GER;00:15.755;6.7;43.0;;00:00.000;0.0;0.0
85;UKR2;00:16.651;6.5;49.0;ROU;00:16.358;6.4;50.0;AUS;00:16.533;6.6;42.0;UKR1;00:16.199;6.7;48.0;GER;00:16.550;6.7;43.0;;00:00.000;0.0;0.0
90;UKR2;00:17.425;6.5;49.0;ROU;00:17.167;6.4;50.0;AUS;00:17.293;6.6;42.0;UKR1;00:16.933;6.7;48.0;GER;00:17.230;6.7;43.0;;00:00.000;0.0;0.0
95;UKR2;00:18.227;6.5;49.0;ROU;00:17.871;6.4;50.0;AUS;00:18.043;6.7;42.0;UKR1;00:17.727;6.7;48.0;GER;00:18.044;6.7;43.0;;00:00.000;0.0;0.0
100;UKR2;00:18.927;6.5;49.0;ROU;00:18.707;6.4;50.0;AUS;00:18.753;6.7;42.0;UKR1;00:18.405;6.7;48.0;GER;00:18.707;6.7;43.0;;00:00.000;0.0;0.0
105;UKR2;00:19.755;6.5;49.0;ROU;00:19.494;6.4;50.0;AUS;00:19.545;6.7;42.0;UKR1;00:19.215;6.7;47.0;GER;00:19.530;6.7;43.0;;00:00.000;0.0;0.0
110;UKR2;00:20.517;6.5;48.0;ROU;00:20.211;6.4;50.0;AUS;00:20.235;6.7;42.0;UKR1;00:19.929;6.7;47.0;GER;00:20.190;6.7;43.0;;00:00.000;0.0;0.0
115;UKR2;00:21.261;6.5;48.0;ROU;00:21.051;6.4;49.0;AUS;00:21.037;6.7;42.0;UKR1;00:20.698;6.7;47.0;GER;00:21.012;6.7;43.0;;00:00.000;0.0;0.0
120;UKR2;00:22.079;6.5;48.0;ROU;00:21.806;6.4;49.0;AUS;00:21.725;6.7;42.0;UKR1;00:21.477;6.7;47.0;GER;00:21.675;6.8;43.0;;00:00.000;0.0;0.0
125;UKR2;00:22.784;6.5;48.0;ROU;00:22.566;6.4;49.0;AUS;00:22.544;6.7;42.0;UKR1;00:22.172;6.7;47.0;GER;00:22.492;6.8;43.0;;00:00.000;0.0;0.0
130;UKR2;00:23.620;6.5;48.0;ROU;00:23.394;6.4;49.0;AUS;00:23.216;6.7;42.0;UKR1;00:22.993;6.6;47.0;GER;00:23.194;6.8;43.0;;00:00.000;0.0;0.0
135;UKR2;00:24.385;6.5;48.0;ROU;00:24.109;6.4;49.0;AUS;00:24.045;6.7;42.0;UKR1;00:23.677;6.6;47.0;GER;00:23.977;6.7;43.0;;00:00.000;0.0;0.0
140;UKR2;00:25.126;6.5;48.0;ROU;00:24.935;6.4;49.0;AUS;00:24.714;6.7;42.0;UKR1;00:24.491;6.6;47.0;GER;00:24.712;6.7;43.0;;00:00.000;0.0;0.0
145;UKR2;00:25.958;6.5;47.0;ROU;00:25.744;6.4;49.0;AUS;00:25.549;6.7;42.0;UKR1;00:25.241;6.6;47.0;GER;00:25.490;6.7;43.0;;00:00.000;0.0;0.0
150;UKR2;00:26.666;6.4;47.0;ROU;00:26.457;6.4;49.0;AUS;00:26.230;6.6;42.0;UKR1;00:25.997;6.6;46.0;GER;00:26.232;6.7;43.0;;00:00.000;0.0;0.0
155;UKR2;00:27.502;6.4;47.0;ROU;00:27.309;6.4;48.0;AUS;00:27.064;6.6;42.0;UKR1;00:26.781;6.6;46.0;GER;00:26.958;6.6;43.0;;00:00.000;0.0;0.0
160;UKR2;00:28.295;6.4;47.0;ROU;00:28.078;6.4;48.0;AUS;00:27.739;6.6;42.0;UKR1;00:27.471;6.6;46.0;GER;00:27.744;6.7;42.0;;00:00.000;0.0;0.0
165;UKR2;00:29.038;6.4;47.0;ROU;00:28.832;6.4;48.0;AUS;00:28.570;6.6;42.0;UKR1;00:28.306;6.6;46.0;GER;00:28.450;6.6;42.0;;00:00.000;0.0;0.0
170;UKR2;00:29.878;6.4;47.0;ROU;00:29.672;6.4;48.0;AUS;00:29.293;6.6;42.0;UKR1;00:29.013;6.6;46.0;GER;00:29.260;6.7;42.0;;00:00.000;0.0;0.0
175;UKR2;00:30.604;6.4;46.0;ROU;00:30.397;6.4;48.0;AUS;00:30.099;6.6;41.0;UKR1;00:29.821;6.6;46.0;GER;00:29.960;6.6;42.0;;00:00.000;0.0;0.0
180;UKR2;00:31.457;6.3;46.0;ROU;00:31.222;6.4;48.0;AUS;00:30.794;6.6;41.0;UKR1;00:30.569;6.5;46.0;GER;00:30.771;6.6;42.0;;00:00.000;0.0;0.0
185;UKR2;00:32.252;6.3;46.0;ROU;00:32.025;6.4;48.0;AUS;00:31.594;6.6;41.0;UKR1;00:31.328;6.5;45.0;GER;00:31.451;6.6;42.0;;00:00.000;0.0;0.0
190;UKR2;00:33.026;6.3;46.0;ROU;00:32.750;6.4;48.0;AUS;00:32.349;6.6;41.0;UKR1;00:32.141;6.5;45.0;GER;00:32.283;6.6;42.0;;00:00.000;0.0;0.0
195;UKR2;00:33.865;6.3;46.0;ROU;00:33.601;6.4;47.0;AUS;00:33.112;6.6;41.0;UKR1;00:32.838;6.5;45.0;GER;00:32.967;6.6;42.0;;00:00.000;0.0;0.0
200;UKR2;00:34.611;6.3;46.0;ROU;00:34.349;6.4;47.0;AUS;00:33.897;6.6;41.0;UKR1;00:33.681;6.5;45.0;GER;00:33.811;6.6;42.0;;00:00.000;0.0;0.0
205;UKR2;00:35.446;6.2;46.0;ROU;00:35.161;6.4;47.0;AUS;00:34.634;6.6;41.0;UKR1;00:34.380;6.5;45.0;GER;00:34.488;6.6;42.0;;00:00.000;0.0;0.0
210;UKR2;00:36.265;6.2;46.0;ROU;00:35.974;6.3;47.0;AUS;00:35.437;6.6;41.0;UKR1;00:35.212;6.5;44.0;GER;00:35.341;6.6;42.0;;00:00.000;0.0;0.0
215;UKR2;00:37.012;6.2;45.0;ROU;00:36.686;6.3;47.0;AUS;00:36.165;6.5;41.0;UKR1;00:35.965;6.5;44.0;GER;00:36.024;6.6;41.0;;00:00.000;0.0;0.0
220;UKR2;00:37.874;6.3;45.0;ROU;00:37.549;6.3;47.0;AUS;00:36.982;6.5;41.0;UKR1;00:36.748;6.5;44.0;GER;00:36.876;6.5;41.0;;00:00.000;0.0;0.0
225;UKR2;00:38.620;6.2;45.0;ROU;00:38.328;6.3;47.0;AUS;00:37.700;6.5;41.0;UKR1;00:37.547;6.5;44.0;GER;00:37.585;6.5;41.0;;00:00.000;0.0;0.0
230;UKR2;00:39.479;6.2;45.0;ROU;00:39.098;6.3;47.0;AUS;00:38.526;6.5;41.0;UKR1;00:38.266;6.4;44.0;GER;00:38.395;6.5;41.0;;00:00.000;0.0;0.0
235;UKR2;00:40.284;6.2;45.0;ROU;00:39.945;6.3;47.0;AUS;00:39.233;6.5;41.0;UKR1;00:39.111;6.4;44.0;GER;00:39.141;6.5;41.0;;00:00.000;0.0;0.0
240;UKR2;00:41.062;6.2;45.0;ROU;00:40.664;6.3;46.0;AUS;00:40.062;6.5;40.0;UKR1;00:39.813;6.4;44.0;GER;00:39.932;6.5;41.0;;00:00.000;0.0;0.0
245;UKR2;00:41.897;6.2;45.0;ROU;00:41.527;6.3;46.0;AUS;00:40.771;6.5;40.0;UKR1;00:40.664;6.4;44.0;GER;00:40.704;6.5;41.0;;00:00.000;0.0;0.0
250;UKR2;00:42.632;6.2;45.0;ROU;00:42.323;6.3;46.0;AUS;00:41.610;6.5;40.0;UKR1;00:41.371;6.4;43.0;GER;00:41.468;6.5;41.0;;00:00.000;0.0;0.0
255;UKR2;00:43.497;6.2;45.0;ROU;00:43.080;6.3;46.0;AUS;00:42.307;6.5;40.0;UKR1;00:42.213;6.4;43.0;GER;00:42.234;6.5;41.0;;00:00.000;0.0;0.0
260;UKR2;00:44.302;6.2;44.0;ROU;00:43.940;6.3;46.0;AUS;00:43.150;6.5;40.0;UKR1;00:43.001;6.4;43.0;GER;00:43.008;6.4;41.0;;00:00.000;0.0;0.0
265;UKR2;00:45.073;6.2;44.0;ROU;00:44.668;6.3;46.0;AUS;00:43.865;6.5;40.0;UKR1;00:43.773;6.4;43.0;GER;00:43.824;6.5;41.0;;00:00.000;0.0;0.0
270;UKR2;00:45.928;6.2;44.0;ROU;00:45.527;6.3;46.0;AUS;00:44.692;6.5;40.0;UKR1;00:44.591;6.4;43.0;GER;00:44.556;6.4;41.0;;00:00.000;0.0;0.0
275;UKR2;00:46.652;6.2;44.0;ROU;00:46.333;6.3;46.0;AUS;00:45.381;6.5;40.0;UKR1;00:45.315;6.3;43.0;GER;00:45.389;6.4;41.0;;00:00.000;0.0;0.0
280;UKR2;00:47.529;6.2;44.0;ROU;00:47.089;6.2;45.0;AUS;00:46.234;6.5;40.0;UKR1;00:46.182;6.4;43.0;GER;00:46.108;6.4;41.0;;00:00.000;0.0;0.0
285;UKR2;00:48.299;6.2;44.0;ROU;00:47.961;6.2;45.0;AUS;00:46.920;6.5;40.0;UKR1;00:46.902;6.3;43.0;GER;00:46.959;6.4;41.0;;00:00.000;0.0;0.0
290;UKR2;00:49.122;6.2;44.0;ROU;00:48.693;6.2;45.0;AUS;00:47.774;6.5;40.0;UKR1;00:47.751;6.3;43.0;GER;00:47.660;6.4;40.0;;00:00.000;0.0;0.0
295;UKR2;00:49.957;6.2;44.0;ROU;00:49.578;6.2;45.0;AUS;00:48.469;6.5;40.0;UKR1;00:48.519;6.3;43.0;GER;00:48.522;6.4;40.0;;00:00.000;0.0;0.0
300;UKR2;00:50.708;6.2;44.0;ROU;00:50.388;6.2;45.0;AUS;00:49.327;6.4;40.0;UKR1;00:49.383;6.3;43.0;GER;00:49.219;6.4;40.0;;00:00.000;0.0;0.0
305;UKR2;00:51.585;6.2;44.0;ROU;00:51.159;6.1;45.0;AUS;00:50.029;6.5;40.0;UKR1;00:50.203;6.2;43.0;GER;00:50.084;6.4;40.0;;00:00.000;0.0;0.0
310;UKR2;00:52.334;6.1;43.0;ROU;00:52.035;6.1;45.0;AUS;00:50.889;6.4;40.0;UKR1;00:50.939;6.1;42.0;GER;00:50.784;6.4;40.0;;00:00.000;0.0;0.0
315;UKR2;00:53.214;6.1;43.0;ROU;00:52.778;6.1;44.0;AUS;00:51.590;6.4;40.0;UKR1;00:51.806;6.1;42.0;GER;00:51.649;6.4;40.0;;00:00.000;0.0;0.0
320;UKR2;00:54.028;6.1;43.0;ROU;00:53.660;6.1;44.0;AUS;00:52.437;6.4;40.0;UKR1;00:52.524;6.2;42.0;GER;00:52.362;6.4;40.0;;00:00.000;0.0;0.0
325;UKR2;00:54.809;6.1;43.0;ROU;00:54.475;6.1;44.0;AUS;00:53.137;6.4;40.0;UKR1;00:53.401;6.2;42.0;GER;00:53.211;6.4;40.0;;00:00.000;0.0;0.0
330;UKR2;00:55.682;6.1;43.0;ROU;00:55.262;6.1;44.0;AUS;00:53.997;6.4;40.0;UKR1;00:54.165;6.3;42.0;GER;00:53.944;6.4;40.0;;00:00.000;0.0;0.0
335;UKR2;00:56.428;6.1;43.0;ROU;00:56.142;6.1;44.0;AUS;00:54.717;6.4;40.0;UKR1;00:54.992;6.3;42.0;GER;00:54.776;6.4;40.0;;00:00.000;0.0;0.0
340;UKR2;00:57.320;6.1;43.0;ROU;00:56.879;6.1;44.0;AUS;00:55.563;6.4;39.0;UKR1;00:55.753;6.3;42.0;GER;00:55.545;6.4;40.0;;00:00.000;0.0;0.0
345;UKR2;00:58.116;6.1;43.0;ROU;00:57.784;6.1;44.0;AUS;00:56.301;6.4;39.0;UKR1;00:56.541;6.3;42.0;GER;00:56.345;6.3;40.0;;00:00.000;0.0;0.0
350;UKR2;00:58.938;6.1;43.0;ROU;00:58.586;6.1;44.0;AUS;00:57.128;6.4;39.0;UKR1;00:57.370;6.3;42.0;GER;00:57.138;6.4;40.0;;00:00.000;0.0;0.0
355;UKR2;00:59.798;6.1;43.0;ROU;00:59.385;6.1;44.0;AUS;00:57.888;6.4;39.0;UKR1;00:58.120;6.3;42.0;GER;00:57.914;6.3;40.0;;00:00.000;0.0;0.0
360;UKR2;01:00.558;6.1;43.0;ROU;01:00.264;6.1;44.0;AUS;00:58.699;6.4;39.0;UKR1;00:58.989;6.4;42.0;GER;00:58.731;6.3;40.0;;00:00.000;0.0;0.0
365;UKR2;01:01.453;6.1;43.0;ROU;01:01.012;6.1;44.0;AUS;00:59.476;6.4;39.0;UKR1;00:59.712;6.3;42.0;GER;00:59.487;6.3;40.0;;00:00.000;0.0;0.0
370;UKR2;01:02.222;6.1;43.0;ROU;01:01.918;6.1;43.0;AUS;01:00.274;6.3;39.0;UKR1;01:00.608;6.2;42.0;GER;01:00.325;6.3;40.0;;00:00.000;0.0;0.0
375;UKR2;01:03.111;6.0;43.0;ROU;01:02.725;6.0;43.0;AUS;01:01.072;6.4;39.0;UKR1;01:01.341;6.2;41.0;GER;01:01.063;6.3;40.0;;00:00.000;0.0;0.0
380;UKR2;01:03.951;6.0;42.0;ROU;01:03.551;6.0;43.0;AUS;01:01.858;6.3;39.0;UKR1;01:02.210;6.1;41.0;GER;01:01.922;6.3;40.0;;00:00.000;0.0;0.0
385;UKR2;01:04.769;5.9;42.0;ROU;01:04.444;6.0;43.0;AUS;01:02.681;6.3;39.0;UKR1;01:03.009;6.2;41.0;GER;01:02.645;6.3;40.0;;00:00.000;0.0;0.0
390;UKR2;01:05.674;5.9;42.0;ROU;01:05.208;5.9;43.0;AUS;01:03.448;6.3;39.0;UKR1;01:03.815;6.1;41.0;GER;01:03.518;6.3;40.0;;00:00.000;0.0;0.0
395;UKR2;01:06.451;5.9;42.0;ROU;01:06.124;5.9;43.0;AUS;01:04.257;6.3;39.0;UKR1;01:04.672;6.2;41.0;GER;01:04.234;6.3;40.0;;00:00.000;0.0;0.0
400;UKR2;01:07.373;5.8;42.0;ROU;01:06.955;5.9;43.0;AUS;01:05.070;6.3;39.0;UKR1;01:05.453;6.1;41.0;GER;01:05.120;6.3;40.0;;00:00.000;0.0;0.0
405;UKR2;01:08.216;5.8;42.0;ROU;01:07.779;5.9;43.0;AUS;01:05.899;6.2;39.0;UKR1;01:06.314;6.1;41.0;GER;01:05.839;6.3;40.0;;00:00.000;0.0;0.0
410;UKR2;01:09.055;5.8;42.0;ROU;01:08.674;5.9;43.0;AUS;01:06.638;6.2;39.0;UKR1;01:07.074;6.1;41.0;GER;01:06.726;6.2;40.0;;00:00.000;0.0;0.0
415;UKR2;01:09.965;5.8;42.0;ROU;01:09.459;5.9;43.0;AUS;01:07.505;6.2;39.0;UKR1;01:07.965;6.1;41.0;GER;01:07.454;6.2;40.0;;00:00.000;0.0;0.0
420;UKR2;01:10.749;5.8;42.0;ROU;01:10.380;5.9;43.0;AUS;01:08.238;6.2;39.0;UKR1;01:08.724;6.1;41.0;GER;01:08.336;6.2;40.0;;00:00.000;0.0;0.0
425;UKR2;01:11.686;5.8;41.0;ROU;01:11.226;5.9;43.0;AUS;01:09.116;6.2;39.0;UKR1;01:09.604;6.0;41.0;GER;01:09.086;6.2;39.0;;00:00.000;0.0;0.0
430;UKR2;01:12.518;5.8;41.0;ROU;01:12.089;5.8;42.0;AUS;01:09.872;6.2;39.0;UKR1;01:10.412;6.0;41.0;GER;01:09.954;6.2;39.0;;00:00.000;0.0;0.0
435;UKR2;01:13.392;5.8;41.0;ROU;01:12.970;5.8;42.0;AUS;01:10.730;6.2;39.0;UKR1;01:11.252;6.0;41.0;GER;01:10.731;6.2;39.0;;00:00.000;0.0;0.0
440;UKR2;01:14.300;5.8;41.0;ROU;01:13.734;5.8;42.0;AUS;01:11.453;6.2;39.0;UKR1;01:12.143;6.0;41.0;GER;01:11.571;6.1;39.0;;00:00.000;0.0;0.0
445;UKR2;01:15.087;5.8;41.0;ROU;01:14.671;5.8;42.0;AUS;01:12.341;6.2;39.0;UKR1;01:12.903;6.0;41.0;GER;01:12.392;6.1;39.0;;00:00.000;0.0;0.0
450;UKR2;01:16.027;5.8;41.0;ROU;01:15.519;5.8;42.0;AUS;01:13.061;6.2;39.0;UKR1;01:13.824;5.9;41.0;GER;01:13.188;6.1;39.0;;00:00.000;0.0;0.0
455;UKR2;01:16.812;5.8;41.0;ROU;01:16.346;5.8;42.0;AUS;01:13.952;6.2;39.0;UKR1;01:14.583;5.9;41.0;GER;01:14.039;6.1;39.0;;00:00.000;0.0;0.0
460;UKR2;01:17.740;5.8;41.0;ROU;01:17.260;5.8;42.0;AUS;01:14.685;6.2;39.0;UKR1;01:15.492;5.9;41.0;GER;01:14.827;6.1;39.0;;00:00.000;0.0;0.0
465;UKR2;01:18.632;5.8;41.0;ROU;01:18.038;5.8;42.0;AUS;01:15.561;6.2;39.0;UKR1;01:16.310;5.9;41.0;GER;01:15.675;6.1;39.0;;00:00.000;0.0;0.0
470;UKR2;01:19.439;5.8;41.0;ROU;01:18.965;5.8;42.0;AUS;01:16.295;6.2;39.0;UKR1;01:17.140;5.9;40.0;GER;01:16.417;6.1;39.0;;00:00.000;0.0;0.0
475;UKR2;01:20.375;5.8;41.0;ROU;01:19.805;5.8;42.0;AUS;01:17.167;6.2;39.0;UKR1;01:18.014;6.0;40.0;GER;01:17.301;6.1;39.0;;00:00.000;0.0;0.0
480;UKR2;01:21.175;5.8;41.0;ROU;01:20.642;5.8;42.0;AUS;01:17.925;6.2;39.0;UKR1;01:18.805;5.9;40.0;GER;01:18.034;6.1;39.0;;00:00.000;0.0;0.0
485;UKR2;01:22.096;5.7;41.0;ROU;01:21.551;5.8;42.0;AUS;01:18.772;6.2;39.0;UKR1;01:19.696;6.0;40.0;GER;01:18.929;6.1;39.0;;00:00.000;0.0;0.0
490;UKR2;01:22.973;5.8;41.0;ROU;01:22.318;5.8;42.0;AUS;01:19.552;6.2;39.0;UKR1;01:20.448;6.0;40.0;GER;01:19.676;6.2;39.0;;00:00.000;0.0;0.0
495;UKR2;01:23.815;5.8;41.0;ROU;01:23.255;5.8;42.0;AUS;01:20.386;6.2;39.0;UKR1;01:21.367;5.9;40.0;GER;01:20.555;6.1;39.0;;00:00.000;0.0;0.0
500;UKR2;01:24.723;5.8;41.0;ROU;01:24.032;5.9;42.0;AUS;01:21.174;6.2;39.0;UKR1;01:22.152;6.0;40.0;GER;01:21.283;6.1;39.0;;00:00.000;0.0;0.0
505;UKR2;01:25.506;5.8;41.0;ROU;01:24.932;5.8;42.0;AUS;01:21.988;6.2;39.0;UKR1;01:23.033;5.9;40.0;GER;01:22.180;6.1;39.0;;00:00.000;0.0;0.0
510;UKR2;01:26.464;5.7;41.0;ROU;01:25.818;5.9;42.0;AUS;01:22.787;6.2;39.0;UKR1;01:23.888;5.9;40.0;GER;01:22.924;6.1;39.0;;00:00.000;0.0;0.0
515;UKR2;01:27.323;5.8;41.0;ROU;01:26.609;5.9;42.0;AUS;01:23.574;6.2;39.0;UKR1;01:24.691;5.9;40.0;GER;01:23.805;6.1;39.0;;00:00.000;0.0;0.0
520;UKR2;01:28.166;5.7;41.0;ROU;01:27.517;5.9;42.0;AUS;01:24.388;6.2;39.0;UKR1;01:25.584;5.9;40.0;GER;01:24.577;6.1;39.0;;00:00.000;0.0;0.0
525;UKR2;01:29.098;5.7;41.0;ROU;01:28.295;5.9;42.0;AUS;01:25.177;6.2;39.0;UKR1;01:26.357;5.9;40.0;GER;01:25.433;6.1;39.0;;00:00.000;0.0;0.0
530;UKR2;01:29.889;5.7;41.0;ROU;01:29.206;5.9;42.0;AUS;01:26.019;6.2;39.0;UKR1;01:27.267;5.9;40.0;GER;01:26.234;6.1;39.0;;00:00.000;0.0;0.0
535;UKR2;01:30.855;5.7;41.0;ROU;01:30.056;5.9;42.0;AUS;01:26.778;6.2;39.0;UKR1;01:28.026;5.9;40.0;GER;01:27.051;6.1;39.0;;00:00.000;0.0;0.0
540;UKR2;01:31.700;5.7;41.0;ROU;01:30.845;5.9;42.0;AUS;01:27.628;6.2;39.0;UKR1;01:28.939;5.9;40.0;GER;01:27.869;6.1;39.0;;00:00.000;0.0;0.0
545;UKR2;01:32.571;5.7;41.0;ROU;01:31.760;5.9;42.0;AUS;01:28.376;6.2;39.0;UKR1;01:29.750;5.9;40.0;GER;01:28.651;6.1;39.0;;00:00.000;0.0;0.0
550;UKR2;01:33.494;5.7;41.0;ROU;01:32.513;5.9;42.0;AUS;01:29.232;6.2;39.0;UKR1;01:30.606;5.9;40.0;GER;01:29.487;6.2;39.0;;00:00.000;0.0;0.0
555;UKR2;01:34.325;5.7;40.0;ROU;01:33.437;5.9;42.0;AUS;01:29.988;6.2;39.0;UKR1;01:31.478;5.9;40.0;GER;01:30.246;6.2;39.0;;00:00.000;0.0;0.0
560;UKR2;01:35.248;5.7;40.0;ROU;01:34.260;5.9;42.0;AUS;01:30.831;6.2;38.0;UKR1;01:32.267;5.9;40.0;GER;01:31.099;6.2;39.0;;00:00.000;0.0;0.0
565;UKR2;01:36.069;5.7;40.0;ROU;01:35.096;5.9;42.0;AUS;01:31.568;6.3;38.0;UKR1;01:33.177;5.9;40.0;GER;01:31.871;6.3;39.0;;00:00.000;0.0;0.0
570;UKR2;01:36.965;5.7;40.0;ROU;01:35.978;5.9;42.0;AUS;01:32.436;6.3;38.0;UKR1;01:33.935;5.9;40.0;GER;01:32.709;6.3;39.0;;00:00.000;0.0;0.0
575;UKR2;01:37.869;5.7;40.0;ROU;01:36.744;5.9;42.0;AUS;01:33.167;6.3;38.0;UKR1;01:34.867;5.9;40.0;GER;01:33.466;6.3;39.0;;00:00.000;0.0;0.0
580;UKR2;01:38.708;5.7;40.0;ROU;01:37.668;5.9;41.0;AUS;01:34.041;6.3;38.0;UKR1;01:35.642;5.9;40.0;GER;01:34.318;6.2;39.0;;00:00.000;0.0;0.0
585;UKR2;01:39.618;5.7;40.0;ROU;01:38.416;5.9;41.0;AUS;01:34.769;6.3;38.0;UKR1;01:36.541;5.9;40.0;GER;01:35.041;6.2;39.0;;00:00.000;0.0;0.0
590;UKR2;01:40.418;5.7;40.0;ROU;01:39.325;5.9;41.0;AUS;01:35.650;6.2;38.0;UKR1;01:37.381;5.9;40.0;GER;01:35.928;6.2;39.0;;00:00.000;0.0;0.0
595;UKR2;01:41.350;5.7;40.0;ROU;01:40.168;6.0;41.0;AUS;01:36.377;6.2;38.0;UKR1;01:38.215;5.9;40.0;GER;01:36.664;6.2;39.0;;00:00.000;0.0;0.0
600;UKR2;01:42.230;5.7;40.0;ROU;01:40.974;5.9;41.0;AUS;01:37.264;6.2;38.0;UKR1;01:39.115;5.9;40.0;GER;01:37.543;6.2;39.0;;00:00.000;0.0;0.0
605;UKR2;01:43.069;5.7;40.0;ROU;01:41.864;5.9;41.0;AUS;01:37.991;6.2;38.0;UKR1;01:39.897;5.9;40.0;GER;01:38.274;6.2;39.0;;00:00.000;0.0;0.0
610;UKR2;01:44.000;5.7;40.0;ROU;01:42.648;5.9;41.0;AUS;01:38.887;6.2;38.0;UKR1;01:40.838;5.8;40.0;GER;01:39.162;6.2;39.0;;00:00.000;0.0;0.0
615;UKR2;01:44.803;5.7;40.0;ROU;01:43.560;5.9;41.0;AUS;01:39.608;6.2;38.0;UKR1;01:41.615;5.8;40.0;GER;01:39.912;6.2;39.0;;00:00.000;0.0;0.0
620;UKR2;01:45.758;5.7;40.0;ROU;01:44.359;5.9;41.0;AUS;01:40.501;6.2;38.0;UKR1;01:42.555;5.8;40.0;GER;01:40.785;6.1;39.0;;00:00.000;0.0;0.0
625;UKR2;01:46.603;5.7;40.0;ROU;01:45.238;5.9;41.0;AUS;01:41.228;6.2;38.0;UKR1;01:43.390;5.8;40.0;GER;01:41.550;6.2;39.0;;00:00.000;0.0;0.0
630;UKR2;01:47.496;5.7;40.0;ROU;01:46.115;5.9;41.0;AUS;01:42.121;6.2;38.0;UKR1;01:44.280;5.8;40.0;GER;01:42.426;6.1;39.0;;00:00.000;0.0;0.0
635;UKR2;01:48.413;5.6;40.0;ROU;01:46.901;5.9;41.0;AUS;01:42.852;6.2;38.0;UKR1;01:45.159;5.8;40.0;GER;01:43.225;6.1;39.0;;00:00.000;0.0;0.0
640;UKR2;01:49.235;5.6;40.0;ROU;01:47.826;5.9;41.0;AUS;01:43.742;6.2;38.0;UKR1;01:45.966;5.8;40.0;GER;01:44.036;6.1;39.0;;00:00.000;0.0;0.0
645;UKR2;01:50.197;5.6;40.0;ROU;01:48.603;5.9;41.0;AUS;01:44.479;6.2;38.0;UKR1;01:46.898;5.8;40.0;GER;01:44.882;6.1;39.0;;00:00.000;0.0;0.0
650;UKR2;01:51.030;5.6;40.0;ROU;01:49.525;5.8;41.0;AUS;01:45.369;6.1;38.0;UKR1;01:47.693;5.8;40.0;GER;01:45.664;6.1;39.0;;00:00.000;0.0;0.0
655;UKR2;01:51.967;5.6;40.0;ROU;01:50.372;5.9;41.0;AUS;01:46.115;6.2;38.0;UKR1;01:48.644;5.7;40.0;GER;01:46.532;6.1;39.0;;00:00.000;0.0;0.0
660;UKR2;01:52.876;5.6;40.0;ROU;01:51.233;5.8;41.0;AUS;01:46.987;6.1;38.0;UKR1;01:49.477;5.8;40.0;GER;01:47.295;6.1;39.0;;00:00.000;0.0;0.0
665;UKR2;01:53.709;5.6;40.0;ROU;01:52.123;5.8;41.0;AUS;01:47.760;6.2;38.0;UKR1;01:50.346;5.7;40.0;GER;01:48.181;6.1;39.0;;00:00.000;0.0;0.0
670;UKR2;01:54.670;5.6;40.0;ROU;01:52.893;5.8;41.0;AUS;01:48.615;6.1;38.0;UKR1;01:51.233;5.7;40.0;GER;01:48.931;6.1;39.0;;00:00.000;0.0;0.0
675;UKR2;01:55.486;5.6;40.0;ROU;01:53.846;5.8;41.0;AUS;01:49.409;6.1;38.0;UKR1;01:52.077;5.8;39.0;GER;01:49.832;6.1;39.0;;00:00.000;0.0;0.0
680;UKR2;01:56.447;5.6;40.0;ROU;01:54.651;5.8;41.0;AUS;01:50.246;6.1;38.0;UKR1;01:52.987;5.8;39.0;GER;01:50.573;6.1;39.0;;00:00.000;0.0;0.0
685;UKR2;01:57.353;5.6;40.0;ROU;01:55.540;5.8;41.0;AUS;01:51.056;6.1;38.0;UKR1;01:53.767;5.8;39.0;GER;01:51.479;6.1;39.0;;00:00.000;0.0;0.0
690;UKR2;01:58.209;5.6;40.0;ROU;01:56.418;5.8;41.0;AUS;01:51.867;6.1;38.0;UKR1;01:54.706;5.8;39.0;GER;01:52.220;6.1;39.0;;00:00.000;0.0;0.0
695;UKR2;01:59.177;5.6;40.0;ROU;01:57.247;5.8;41.0;AUS;01:52.693;6.1;38.0;UKR1;01:55.526;5.8;39.0;GER;01:53.130;6.1;39.0;;00:00.000;0.0;0.0
700;UKR2;01:59.997;5.6;40.0;ROU;01:58.144;5.8;41.0;AUS;01:53.488;6.1;38.0;UKR1;01:56.404;5.8;39.0;GER;01:53.881;6.1;39.0;;00:00.000;0.0;0.0
705;UKR2;02:00.956;5.5;40.0;ROU;01:58.913;5.8;41.0;AUS;01:54.318;6.2;38.0;UKR1;01:57.301;5.8;39.0;GER;01:54.787;6.0;38.0;;00:00.000;0.0;0.0
710;UKR2;02:01.866;5.6;40.0;ROU;01:59.851;5.8;41.0;AUS;01:55.106;6.2;38.0;UKR1;01:58.091;5.8;39.0;GER;01:55.572;6.0;38.0;;00:00.000;0.0;0.0
715;UKR2;02:02.717;5.6;40.0;ROU;02:00.686;5.8;41.0;AUS;01:55.951;6.2;38.0;UKR1;01:59.021;5.8;39.0;GER;01:56.448;6.0;38.0;;00:00.000;0.0;0.0
720;UKR2;02:03.674;5.6;40.0;ROU;02:01.543;5.8;41.0;AUS;01:56.724;6.2;38.0;UKR1;01:59.799;5.8;39.0;GER;01:57.271;6.0;38.0;;00:00.000;0.0;0.0
725;UKR2;02:04.486;5.6;40.0;ROU;02:02.429;5.8;40.0;AUS;01:57.578;6.2;38.0;UKR1;02:00.734;5.8;39.0;GER;01:58.109;6.0;38.0;;00:00.000;0.0;0.0
730;UKR2;02:05.462;5.6;40.0;ROU;02:03.232;5.8;40.0;AUS;01:58.347;6.1;38.0;UKR1;02:01.543;5.8;39.0;GER;01:58.969;6.0;38.0;;00:00.000;0.0;0.0
735;UKR2;02:06.359;5.6;40.0;ROU;02:04.176;5.8;40.0;AUS;01:59.219;6.1;38.0;UKR1;02:02.436;5.8;39.0;GER;01:59.771;6.0;38.0;;00:00.000;0.0;0.0
740;UKR2;02:07.235;5.5;40.0;ROU;02:04.958;5.8;40.0;AUS;01:59.978;6.1;38.0;UKR1;02:03.323;5.8;39.0;GER;02:00.646;5.9;38.0;;00:00.000;0.0;0.0
745;UKR2;02:08.201;5.5;40.0;ROU;02:05.894;5.8;40.0;AUS;02:00.867;6.1;38.0;UKR1;02:04.143;5.8;39.0;GER;02:01.439;5.9;38.0;;00:00.000;0.0;0.0
750;UKR2;02:09.030;5.5;40.0;ROU;02:06.768;5.8;40.0;AUS;02:01.617;6.1;38.0;UKR1;02:05.187;5.8;39.0;GER;02:02.355;5.9;38.0;;00:00.000;0.0;0.0
755;UKR2;02:10.021;5.5;39.0;ROU;02:07.596;5.8;40.0;AUS;02:02.519;6.1;38.0;UKR1;02:05.963;5.6;39.0;GER;02:03.113;5.9;38.0;;00:00.000;0.0;0.0
760;UKR2;02:10.918;5.5;39.0;ROU;02:08.534;5.8;40.0;AUS;02:03.265;6.1;38.0;UKR1;02:06.857;5.5;39.0;GER;02:04.044;5.9;38.0;;00:00.000;0.0;0.0
765;UKR2;02:11.823;5.4;39.0;ROU;02:09.320;5.7;40.0;AUS;02:04.176;6.0;38.0;UKR1;02:07.610;5.5;39.0;GER;02:04.806;5.9;38.0;;00:00.000;0.0;0.0
770;UKR2;02:12.794;5.4;39.0;ROU;02:10.290;5.7;40.0;AUS;02:04.919;6.0;38.0;UKR1;02:08.495;5.8;39.0;GER;02:05.735;5.9;38.0;;00:00.000;0.0;0.0
775;UKR2;02:13.631;5.4;39.0;ROU;02:11.143;5.7;40.0;AUS;02:05.831;6.0;38.0;UKR1;02:09.341;6.0;39.0;GER;02:06.506;5.9;38.0;;00:00.000;0.0;0.0
780;UKR2;02:14.629;5.4;39.0;ROU;02:12.022;5.6;40.0;AUS;02:06.576;6.0;38.0;UKR1;02:10.186;6.1;39.0;GER;02:07.427;5.9;38.0;;00:00.000;0.0;0.0
785;UKR2;02:15.530;5.4;39.0;ROU;02:12.957;5.6;40.0;AUS;02:07.482;6.0;38.0;UKR1;02:11.053;6.0;39.0;GER;02:08.241;5.9;38.0;;00:00.000;0.0;0.0
790;UKR2;02:16.435;5.4;39.0;ROU;02:13.764;5.6;40.0;AUS;02:08.225;6.1;38.0;UKR1;02:11.894;5.9;39.0;GER;02:09.118;5.9;38.0;;00:00.000;0.0;0.0
795;UKR2;02:17.397;5.4;39.0;ROU;02:14.737;5.6;40.0;AUS;02:09.132;6.1;38.0;UKR1;02:12.788;5.8;39.0;GER;02:09.971;5.9;38.0;;00:00.000;0.0;0.0
800;UKR2;02:18.226;5.4;39.0;ROU;02:15.580;5.6;40.0;AUS;02:09.893;6.1;38.0;UKR1;02:13.561;5.8;39.0;GER;02:10.822;5.9;38.0;;00:00.000;0.0;0.0
805;UKR2;02:19.216;5.4;39.0;ROU;02:16.500;5.6;40.0;AUS;02:10.781;6.1;38.0;UKR1;02:14.490;5.8;39.0;GER;02:11.688;5.9;38.0;;00:00.000;0.0;0.0
810;UKR2;02:20.044;5.5;39.0;ROU;02:17.429;5.6;40.0;AUS;02:11.566;6.1;38.0;UKR1;02:15.289;5.9;39.0;GER;02:12.514;5.9;38.0;;00:00.000;0.0;0.0
815;UKR2;02:21.009;5.5;39.0;ROU;02:18.281;5.6;40.0;AUS;02:12.430;6.0;38.0;UKR1;02:16.188;5.8;39.0;GER;02:13.388;5.9;38.0;;00:00.000;0.0;0.0
820;UKR2;02:21.953;5.5;39.0;ROU;02:19.235;5.6;40.0;AUS;02:13.238;6.1;38.0;UKR1;02:17.015;5.8;39.0;GER;02:14.171;5.9;38.0;;00:00.000;0.0;0.0
825;UKR2;02:22.784;5.5;39.0;ROU;02:20.077;5.6;40.0;AUS;02:14.096;6.1;38.0;UKR1;02:17.880;5.8;39.0;GER;02:15.085;5.9;38.0;;00:00.000;0.0;0.0
830;UKR2;02:23.758;5.5;39.0;ROU;02:21.016;5.5;40.0;AUS;02:14.908;6.1;38.0;UKR1;02:18.781;5.8;39.0;GER;02:15.843;5.9;38.0;;00:00.000;0.0;0.0
835;UKR2;02:24.590;5.5;39.0;ROU;02:21.949;5.5;40.0;AUS;02:15.725;6.1;38.0;UKR1;02:19.572;5.8;39.0;GER;02:16.775;5.9;38.0;;00:00.000;0.0;0.0
840;UKR2;02:25.533;5.5;39.0;ROU;02:22.797;5.5;40.0;AUS;02:16.573;6.1;38.0;UKR1;02:20.496;5.8;39.0;GER;02:17.538;5.9;38.0;;00:00.000;0.0;0.0
845;UKR2;02:26.424;5.6;39.0;ROU;02:23.768;5.5;40.0;AUS;02:17.374;6.0;38.0;UKR1;02:21.261;5.8;39.0;GER;02:18.469;5.9;38.0;;00:00.000;0.0;0.0
850;UKR2;02:27.300;5.6;39.0;ROU;02:24.584;5.5;40.0;AUS;02:18.241;6.0;38.0;UKR1;02:22.192;5.8;39.0;GER;02:19.253;5.9;38.0;;00:00.000;0.0;0.0
855;UKR2;02:28.207;5.6;39.0;ROU;02:25.553;5.5;40.0;AUS;02:19.023;6.0;38.0;UKR1;02:22.982;5.9;39.0;GER;02:20.158;5.9;38.0;;00:00.000;0.0;0.0
860;UKR2;02:29.005;5.7;39.0;ROU;02:26.479;5.5;40.0;AUS;02:19.906;6.0;38.0;UKR1;02:23.886;5.9;39.0;GER;02:20.977;5.9;38.0;;00:00.000;0.0;0.0
865;UKR2;02:29.956;5.7;39.0;ROU;02:27.307;5.5;40.0;AUS;02:20.671;6.0;38.0;UKR1;02:24.725;5.9;39.0;GER;02:21.843;5.9;38.0;;00:00.000;0.0;0.0
870;UKR2;02:30.780;5.7;39.0;ROU;02:28.278;5.5;40.0;AUS;02:21.564;6.0;38.0;UKR1;02:25.578;5.9;39.0;GER;02:22.697;5.9;38.0;;00:00.000;0.0;0.0
875;UKR2;02:31.689;5.7;39.0;ROU;02:29.085;5.6;40.0;AUS;02:22.317;6.0;38.0;UKR1;02:26.449;5.9;39.0;GER;02:23.522;5.9;38.0;;00:00.000;0.0;0.0
880;UKR2;02:32.580;5.7;39.0;ROU;02:30.043;5.6;40.0;AUS;02:23.215;6.0;38.0;UKR1;02:27.238;5.9;39.0;GER;02:24.389;5.9;38.0;;00:00.000;0.0;0.0
885;UKR2;02:33.410;5.7;39.0;ROU;02:30.933;5.6;40.0;AUS;02:23.961;6.1;38.0;UKR1;02:28.145;5.9;39.0;GER;02:25.200;5.9;38.0;;00:00.000;0.0;0.0
890;UKR2;02:34.344;5.7;39.0;ROU;02:31.775;5.6;40.0;AUS;02:24.864;6.1;38.0;UKR1;02:28.913;5.9;39.0;GER;02:26.109;5.9;38.0;;00:00.000;0.0;0.0
895;UKR2;02:35.139;5.7;39.0;ROU;02:32.719;5.6;40.0;AUS;02:25.609;6.1;38.0;UKR1;02:29.838;5.9;39.0;GER;02:26.886;5.9;38.0;;00:00.000;0.0;0.0
900;UKR2;02:36.093;5.7;39.0;ROU;02:33.505;5.7;40.0;AUS;02:26.514;6.1;38.0;UKR1;02:30.612;5.9;39.0;GER;02:27.819;5.9;38.0;;00:00.000;0.0;0.0
905;UKR2;02:36.907;5.7;39.0;ROU;02:34.470;5.7;40.0;AUS;02:27.254;6.1;38.0;UKR1;02:31.535;5.9;39.0;GER;02:28.590;5.9;38.0;;00:00.000;0.0;0.0
910;UKR2;02:37.839;5.7;39.0;ROU;02:35.304;5.7;40.0;AUS;02:28.164;6.1;38.0;UKR1;02:32.351;5.9;39.0;GER;02:29.532;5.8;38.0;;00:00.000;0.0;0.0
915;UKR2;02:38.729;5.7;39.0;ROU;02:36.219;5.7;40.0;AUS;02:28.909;6.1;38.0;UKR1;02:33.224;5.9;39.0;GER;02:30.302;5.8;38.0;;00:00.000;0.0;0.0
920;UKR2;02:39.575;5.7;39.0;ROU;02:37.110;5.7;40.0;AUS;02:29.819;6.0;38.0;UKR1;02:34.093;5.9;39.0;GER;02:31.249;5.8;38.0;;00:00.000;0.0;0.0
925;UKR2;02:40.518;5.6;39.0;ROU;02:37.919;5.7;40.0;AUS;02:30.579;6.1;38.0;UKR1;02:34.904;5.9;39.0;GER;02:32.043;5.8;38.0;;00:00.000;0.0;0.0
930;UKR2;02:41.321;5.6;39.0;ROU;02:38.874;5.7;40.0;AUS;02:31.474;6.0;38.0;UKR1;02:35.806;5.9;39.0;GER;02:32.961;5.8;38.0;;00:00.000;0.0;0.0
935;UKR2;02:42.285;5.6;39.0;ROU;02:39.664;5.7;40.0;AUS;02:32.252;6.0;38.0;UKR1;02:36.596;5.9;39.0;GER;02:33.791;5.8;37.0;;00:00.000;0.0;0.0
940;UKR2;02:43.122;5.6;39.0;ROU;02:40.620;5.7;40.0;AUS;02:33.128;6.0;38.0;UKR1;02:37.505;5.9;39.0;GER;02:34.678;5.8;37.0;;00:00.000;0.0;0.0
945;UKR2;02:44.047;5.6;39.0;ROU;02:41.485;5.7;40.0;AUS;02:33.925;6.0;38.0;UKR1;02:38.269;5.9;39.0;GER;02:35.548;5.8;37.0;;00:00.000;0.0;0.0
950;UKR2;02:44.963;5.6;39.0;ROU;02:42.349;5.7;40.0;AUS;02:34.780;6.0;38.0;UKR1;02:39.201;5.9;39.0;GER;02:36.392;5.8;37.0;;00:00.000;0.0;0.0
955;UKR2;02:45.809;5.6;39.0;ROU;02:43.262;5.7;40.0;AUS;02:35.596;6.0;38.0;UKR1;02:40.005;5.9;39.0;GER;02:37.303;5.8;37.0;;00:00.000;0.0;0.0
960;UKR2;02:46.771;5.6;39.0;ROU;02:44.077;5.7;40.0;AUS;02:36.427;6.0;38.0;UKR1;02:40.889;5.9;39.0;GER;02:38.106;5.8;37.0;;00:00.000;0.0;0.0
965;UKR2;02:47.595;5.6;39.0;ROU;02:45.052;5.6;40.0;AUS;02:37.263;6.1;38.0;UKR1;02:41.737;5.9;39.0;GER;02:39.032;5.8;37.0;;00:00.000;0.0;0.0
970;UKR2;02:48.549;5.5;39.0;ROU;02:45.862;5.7;39.0;AUS;02:38.095;6.1;38.0;UKR1;02:42.571;5.9;39.0;GER;02:39.823;5.8;37.0;;00:00.000;0.0;0.0
975;UKR2;02:49.414;5.6;39.0;ROU;02:46.797;5.6;39.0;AUS;02:38.920;6.1;38.0;UKR1;02:43.455;5.9;39.0;GER;02:40.767;5.8;37.0;;00:00.000;0.0;0.0
980;UKR2;02:50.317;5.6;39.0;ROU;02:47.690;5.6;39.0;AUS;02:39.715;6.1;38.0;UKR1;02:44.254;5.9;39.0;GER;02:41.531;5.8;37.0;;00:00.000;0.0;0.0
985;UKR2;02:51.239;5.6;39.0;ROU;02:48.532;5.6;39.0;AUS;02:40.575;6.1;38.0;UKR1;02:45.153;5.9;39.0;GER;02:42.473;5.8;37.0;;00:00.000;0.0;0.0
990;UKR2;02:52.070;5.6;39.0;ROU;02:49.477;5.6;39.0;AUS;02:41.358;6.1;38.0;UKR1;02:45.914;5.9;39.0;GER;02:43.239;5.8;37.0;;00:00.000;0.0;0.0
995;UKR2;02:53.042;5.6;39.0;ROU;02:50.271;5.6;39.0;AUS;02:42.228;6.1;38.0;UKR1;02:46.857;5.9;39.0;GER;02:44.175;5.8;37.0;;00:00.000;0.0;0.0
1000;UKR2;02:53.860;5.6;39.0;ROU;02:51.239;5.6;39.0;AUS;02:43.006;6.1;37.0;UKR1;02:47.641;5.9;39.0;GER;02:44.961;5.9;37.0;;00:00.000;0.0;0.0
1005;UKR2;02:54.832;5.6;39.0;ROU;02:52.074;5.7;39.0;AUS;02:43.894;6.1;37.0;UKR1;02:48.531;5.9;39.0;GER;02:45.863;5.9;37.0;;00:00.000;0.0;0.0
1010;UKR2;02:55.717;5.6;39.0;ROU;02:52.983;5.6;39.0;AUS;02:44.658;6.1;37.0;UKR1;02:49.387;5.9;39.0;GER;02:46.698;5.9;37.0;;00:00.000;0.0;0.0
1015;UKR2;02:56.590;5.6;39.0;ROU;02:53.892;5.7;39.0;AUS;02:45.553;6.0;37.0;UKR1;02:50.206;5.9;39.0;GER;02:47.554;5.9;37.0;;00:00.000;0.0;0.0
1020;UKR2;02:57.519;5.6;39.0;ROU;02:54.711;5.7;39.0;AUS;02:46.312;6.0;37.0;UKR1;02:51.109;5.9;39.0;GER;02:48.403;5.9;38.0;;00:00.000;0.0;0.0
1025;UKR2;02:58.325;5.6;39.0;ROU;02:55.661;5.7;39.0;AUS;02:47.215;6.0;37.0;UKR1;02:51.912;5.9;39.0;GER;02:49.242;5.9;38.0;;00:00.000;0.0;0.0
1030;UKR2;02:59.289;5.6;39.0;ROU;02:56.452;5.7;39.0;AUS;02:47.964;6.0;37.0;UKR1;02:52.809;5.9;39.0;GER;02:50.148;5.9;38.0;;00:00.000;0.0;0.0
1035;UKR2;03:00.107;5.6;39.0;ROU;02:57.409;5.7;39.0;AUS;02:48.867;6.0;37.0;UKR1;02:53.576;5.9;39.0;GER;02:50.930;5.9;38.0;;00:00.000;0.0;0.0
1040;UKR2;03:01.042;5.6;39.0;ROU;02:58.250;5.7;39.0;AUS;02:49.611;6.0;37.0;UKR1;02:54.504;5.9;39.0;GER;02:51.852;5.9;38.0;;00:00.000;0.0;0.0
1045;UKR2;03:01.927;5.7;39.0;ROU;02:59.132;5.7;39.0;AUS;02:50.521;6.0;37.0;UKR1;02:55.311;5.9;39.0;GER;02:52.617;5.9;38.0;;00:00.000;0.0;0.0
1050;UKR2;03:02.784;5.6;39.0;ROU;03:00.034;5.7;39.0;AUS;02:51.259;6.1;37.0;UKR1;02:56.179;5.9;39.0;GER;02:53.553;5.9;38.0;;00:00.000;0.0;0.0
1055;UKR2;03:03.717;5.6;39.0;ROU;03:00.838;5.7;39.0;AUS;02:52.169;6.1;37.0;UKR1;02:57.015;5.9;40.0;GER;02:54.317;5.9;38.0;;00:00.000;0.0;0.0
1060;UKR2;03:04.518;5.7;39.0;ROU;03:01.776;5.7;39.0;AUS;02:52.904;6.1;37.0;UKR1;02:57.833;5.9;40.0;GER;02:55.260;5.9;38.0;;00:00.000;0.0;0.0
1065;UKR2;03:05.472;5.7;38.0;ROU;03:02.549;5.8;39.0;AUS;02:53.813;6.1;37.0;UKR1;02:58.742;5.9;40.0;GER;02:56.046;5.9;38.0;;00:00.000;0.0;0.0
1070;UKR2;03:06.273;5.7;38.0;ROU;03:03.497;5.8;39.0;AUS;02:54.555;6.1;37.0;UKR1;02:59.508;5.9;40.0;GER;02:56.963;5.8;38.0;;00:00.000;0.0;0.0
1075;UKR2;03:07.227;5.7;38.0;ROU;03:04.312;5.8;39.0;AUS;02:55.456;6.1;37.0;UKR1;03:00.431;5.9;40.0;GER;02:57.788;5.8;38.0;;00:00.000;0.0;0.0
1080;UKR2;03:08.068;5.7;38.0;ROU;03:05.198;5.8;39.0;AUS;02:56.207;6.1;37.0;UKR1;03:01.195;5.9;40.0;GER;02:58.662;5.8;38.0;;00:00.000;0.0;0.0
1085;UKR2;03:08.954;5.7;38.0;ROU;03:06.084;5.8;39.0;AUS;02:57.221;6.1;37.0;UKR1;03:02.116;5.9;40.0;GER;02:59.529;5.8;38.0;;00:00.000;0.0;0.0
1090;UKR2;03:09.869;5.7;38.0;ROU;03:06.930;5.8;39.0;AUS;02:57.989;6.0;37.0;UKR1;03:02.945;5.9;40.0;GER;03:00.356;5.8;38.0;;00:00.000;0.0;0.0
1095;UKR2;03:10.689;5.7;38.0;ROU;03:07.813;5.8;39.0;AUS;02:58.873;5.9;37.0;UKR1;03:03.789;5.9;40.0;GER;03:01.260;5.8;38.0;;00:00.000;0.0;0.0
1100;UKR2;03:11.639;5.7;38.0;ROU;03:08.589;5.8;39.0;AUS;02:59.505;5.8;37.0;UKR1;03:04.682;5.9;40.0;GER;03:02.049;5.8;38.0;;00:00.000;0.0;0.0
1105;UKR2;03:12.440;5.7;38.0;ROU;03:09.527;5.8;39.0;AUS;03:00.363;5.9;37.0;UKR1;03:05.461;5.9;40.0;GER;03:02.978;5.8;38.0;;00:00.000;0.0;0.0
1110;UKR2;03:13.405;5.6;38.0;ROU;03:10.316;5.8;39.0;AUS;03:01.122;6.2;37.0;UKR1;03:06.391;5.9;40.0;GER;03:03.755;5.8;38.0;;00:00.000;0.0;0.0
1115;UKR2;03:14.244;5.6;38.0;ROU;03:11.227;5.8;39.0;AUS;03:02.005;6.4;37.0;UKR1;03:07.166;5.9;40.0;GER;03:04.702;5.8;38.0;;00:00.000;0.0;0.0
1120;UKR2;03:15.168;5.6;38.0;ROU;03:12.079;5.8;39.0;AUS;03:02.775;6.4;37.0;UKR1;03:08.095;5.8;40.0;GER;03:05.474;5.8;38.0;;00:00.000;0.0;0.0
1125;UKR2;03:16.082;5.6;38.0;ROU;03:12.920;5.8;39.0;AUS;03:03.671;6.2;37.0;UKR1;03:08.931;5.8;40.0;GER;03:06.426;5.8;38.0;;00:00.000;0.0;0.0
1130;UKR2;03:16.929;5.6;38.0;ROU;03:13.829;5.8;39.0;AUS;03:04.442;6.0;37.0;UKR1;03:09.792;5.8;40.0;GER;03:07.230;5.8;38.0;;00:00.000;0.0;0.0
1135;UKR2;03:17.888;5.6;38.0;ROU;03:14.618;5.8;39.0;AUS;03:05.318;5.9;37.0;UKR1;03:10.696;5.8;40.0;GER;03:08.151;5.8;38.0;;00:00.000;0.0;0.0
1140;UKR2;03:18.702;5.6;38.0;ROU;03:15.559;5.8;39.0;AUS;03:06.152;5.9;37.0;UKR1;03:11.489;5.8;40.0;GER;03:08.980;5.8;38.0;;00:00.000;0.0;0.0
1145;UKR2;03:19.683;5.6;38.0;ROU;03:16.343;5.8;39.0;AUS;03:06.976;6.0;37.0;UKR1;03:12.426;5.8;40.0;GER;03:09.882;5.8;38.0;;00:00.000;0.0;0.0
1150;UKR2;03:20.531;5.6;38.0;ROU;03:17.285;5.8;39.0;AUS;03:07.842;6.0;37.0;UKR1;03:13.208;5.8;40.0;GER;03:10.769;5.8;38.0;;00:00.000;0.0;0.0
1155;UKR2;03:21.467;5.5;38.0;ROU;03:18.124;5.8;39.0;AUS;03:08.640;6.0;37.0;UKR1;03:14.149;5.8;40.0;GER;03:11.607;5.7;38.0;;00:00.000;0.0;0.0
1160;UKR2;03:22.382;5.5;38.0;ROU;03:18.997;5.8;39.0;AUS;03:09.524;6.0;37.0;UKR1;03:14.993;5.8;40.0;GER;03:12.550;5.7;37.0;;00:00.000;0.0;0.0
1165;UKR2;03:23.238;5.5;38.0;ROU;03:19.904;5.8;39.0;AUS;03:10.311;6.0;37.0;UKR1;03:15.869;5.8;40.0;GER;03:13.345;5.7;37.0;;00:00.000;0.0;0.0
1170;UKR2;03:24.211;5.5;38.0;ROU;03:20.709;5.8;39.0;AUS;03:11.209;5.9;37.0;UKR1;03:16.784;5.8;40.0;GER;03:14.307;5.7;37.0;;00:00.000;0.0;0.0
1175;UKR2;03:25.030;5.5;38.0;ROU;03:21.657;5.7;39.0;AUS;03:11.990;5.9;37.0;UKR1;03:17.603;5.7;40.0;GER;03:15.094;5.7;37.0;;00:00.000;0.0;0.0
1180;UKR2;03:26.011;5.5;38.0;ROU;03:22.445;5.7;39.0;AUS;03:12.904;5.9;37.0;UKR1;03:18.547;5.7;40.0;GER;03:16.068;5.7;37.0;;00:00.000;0.0;0.0
1185;UKR2;03:26.893;5.5;38.0;ROU;03:23.403;5.7;39.0;AUS;03:13.669;5.9;37.0;UKR1;03:19.346;5.7;40.0;GER;03:16.884;5.7;37.0;;00:00.000;0.0;0.0
1190;UKR2;03:27.806;5.5;38.0;ROU;03:24.243;5.7;39.0;AUS;03:14.593;5.9;37.0;UKR1;03:20.290;5.7;40.0;GER;03:17.819;5.7;37.0;;00:00.000;0.0;0.0
1195;UKR2;03:28.756;5.5;38.0;ROU;03:25.135;5.7;39.0;AUS;03:15.358;5.9;37.0;UKR1;03:21.155;5.7;40.0;GER;03:18.692;5.7;37.0;;00:00.000;0.0;0.0
1200;UKR2;03:29.598;5.5;38.0;ROU;03:26.039;5.7;39.0;AUS;03:16.289;5.9;37.0;UKR1;03:22.020;5.7;40.0;GER;03:19.564;5.7;37.0;;00:00.000;0.0;0.0
1205;UKR2;03:30.587;5.5;38.0;ROU;03:26.848;5.7;39.0;AUS;03:17.041;5.9;37.0;UKR1;03:22.966;5.7;40.0;GER;03:20.490;5.7;37.0;;00:00.000;0.0;0.0
1210;UKR2;03:31.425;5.5;38.0;ROU;03:27.796;5.7;39.0;AUS;03:17.972;5.9;37.0;UKR1;03:23.765;5.7;40.0;GER;03:21.305;5.7;37.0;;00:00.000;0.0;0.0
1215;UKR2;03:32.402;5.4;38.0;ROU;03:28.584;5.7;39.0;AUS;03:18.734;5.9;37.0;UKR1;03:24.727;5.6;40.0;GER;03:22.259;5.7;37.0;;00:00.000;0.0;0.0
1220;UKR2;03:33.321;5.4;38.0;ROU;03:29.536;5.7;39.0;AUS;03:19.664;5.9;37.0;UKR1;03:25.568;5.6;40.0;GER;03:23.048;5.7;37.0;;00:00.000;0.0;0.0
1225;UKR2;03:34.208;5.4;38.0;ROU;03:30.368;5.7;39.0;AUS;03:20.433;5.9;37.0;UKR1;03:26.492;5.6;40.0;GER;03:24.015;5.7;37.0;;00:00.000;0.0;0.0
1230;UKR2;03:35.189;5.4;38.0;ROU;03:31.262;5.7;39.0;AUS;03:21.343;5.9;37.0;UKR1;03:27.384;5.6;40.0;GER;03:24.806;5.7;37.0;;00:00.000;0.0;0.0
1235;UKR2;03:36.022;5.4;38.0;ROU;03:32.158;5.7;39.0;AUS;03:22.121;5.9;37.0;UKR1;03:28.211;5.7;40.0;GER;03:25.771;5.7;37.0;;00:00.000;0.0;0.0
1240;UKR2;03:37.022;5.4;38.0;ROU;03:32.975;5.7;39.0;AUS;03:23.036;5.9;37.0;UKR1;03:29.144;5.7;40.0;GER;03:26.587;5.7;37.0;;00:00.000;0.0;0.0
1245;UKR2;03:37.896;5.4;38.0;ROU;03:33.919;5.7;39.0;AUS;03:23.828;5.9;37.0;UKR1;03:29.944;5.7;40.0;GER;03:27.506;5.7;37.0;;00:00.000;0.0;0.0
1250;UKR2;03:38.833;5.4;38.0;ROU;03:34.699;5.7;39.0;AUS;03:24.709;5.9;37.0;UKR1;03:30.888;5.7;40.0;GER;03:28.375;5.7;37.0;;00:00.000;0.0;0.0
1255;UKR2;03:39.777;5.4;38.0;ROU;03:35.667;5.7;39.0;AUS;03:25.527;5.9;37.0;UKR1;03:31.762;5.7;40.0;GER;03:29.237;5.7;37.0;;00:00.000;0.0;0.0
1260;UKR2;03:40.626;5.4;38.0;ROU;03:36.485;5.7;39.0;AUS;03:26.389;5.9;37.0;UKR1;03:32.620;5.7;40.0;GER;03:30.155;5.7;37.0;;00:00.000;0.0;0.0
1265;UKR2;03:41.616;5.4;38.0;ROU;03:37.390;5.7;39.0;AUS;03:27.239;5.9;37.0;UKR1;03:33.550;5.7;40.0;GER;03:30.971;5.7;37.0;;00:00.000;0.0;0.0
1270;UKR2;03:42.460;5.5;38.0;ROU;03:38.295;5.7;39.0;AUS;03:28.075;5.9;37.0;UKR1;03:34.353;5.7;39.0;GER;03:31.920;5.7;37.0;;00:00.000;0.0;0.0
1275;UKR2;03:43.447;5.4;38.0;ROU;03:39.115;5.7;39.0;AUS;03:28.944;5.9;37.0;UKR1;03:35.306;5.7;39.0;GER;03:32.712;5.7;37.0;;00:00.000;0.0;0.0
1280;UKR2;03:44.372;5.4;38.0;ROU;03:40.069;5.7;39.0;AUS;03:29.764;5.9;37.0;UKR1;03:36.113;5.7;39.0;GER;03:33.682;5.7;37.0;;00:00.000;0.0;0.0
1285;UKR2;03:45.270;5.4;38.0;ROU;03:40.866;5.7;39.0;AUS;03:30.664;5.9;37.0;UKR1;03:37.060;5.7;39.0;GER;03:34.472;5.7;37.0;;00:00.000;0.0;0.0
1290;UKR2;03:46.265;5.4;38.0;ROU;03:41.841;5.6;39.0;AUS;03:31.494;5.9;37.0;UKR1;03:37.959;5.7;39.0;GER;03:35.452;5.6;37.0;;00:00.000;0.0;0.0
1295;UKR2;03:47.106;5.4;38.0;ROU;03:42.703;5.6;39.0;AUS;03:32.390;5.8;37.0;UKR1;03:38.815;5.6;39.0;GER;03:36.290;5.6;37.0;;00:00.000;0.0;0.0
1300;UKR2;03:48.117;5.3;38.0;ROU;03:43.603;5.6;39.0;AUS;03:33.193;5.8;37.0;UKR1;03:39.777;5.6;39.0;GER;03:37.221;5.6;37.0;;00:00.000;0.0;0.0
1305;UKR2;03:49.032;5.4;38.0;ROU;03:44.543;5.6;39.0;AUS;03:34.111;5.8;37.0;UKR1;03:40.591;5.6;39.0;GER;03:38.118;5.6;37.0;;00:00.000;0.0;0.0
1310;UKR2;03:49.943;5.4;38.0;ROU;03:45.371;5.6;39.0;AUS;03:34.885;5.8;37.0;UKR1;03:41.574;5.5;39.0;GER;03:38.985;5.6;37.0;;00:00.000;0.0;0.0
1315;UKR2;03:50.923;5.4;38.0;ROU;03:46.335;5.6;39.0;AUS;03:35.829;5.8;37.0;UKR1;03:42.436;5.5;39.0;GER;03:39.937;5.6;37.0;;00:00.000;0.0;0.0
1320;UKR2;03:51.768;5.4;38.0;ROU;03:47.145;5.6;39.0;AUS;03:36.600;5.8;37.0;UKR1;03:43.367;5.5;39.0;GER;03:40.750;5.6;37.0;;00:00.000;0.0;0.0
1325;UKR2;03:52.767;5.4;38.0;ROU;03:48.094;5.6;39.0;AUS;03:37.544;5.8;37.0;UKR1;03:44.296;5.5;39.0;GER;03:41.721;5.6;37.0;;00:00.000;0.0;0.0
1330;UKR2;03:53.642;5.4;38.0;ROU;03:48.970;5.6;39.0;AUS;03:38.306;5.8;37.0;UKR1;03:45.120;5.5;39.0;GER;03:42.510;5.6;37.0;;00:00.000;0.0;0.0
1335;UKR2;03:54.594;5.4;38.0;ROU;03:49.829;5.6;39.0;AUS;03:39.259;5.8;37.0;UKR1;03:46.097;5.5;39.0;GER;03:43.487;5.6;37.0;;00:00.000;0.0;0.0
1340;UKR2;03:55.545;5.4;38.0;ROU;03:50.767;5.7;39.0;AUS;03:40.026;5.8;37.0;UKR1;03:46.907;5.6;39.0;GER;03:44.297;5.6;37.0;;00:00.000;0.0;0.0
1345;UKR2;03:56.403;5.4;38.0;ROU;03:51.569;5.7;39.0;AUS;03:40.956;5.9;37.0;UKR1;03:47.882;5.5;39.0;GER;03:45.253;5.7;37.0;;00:00.000;0.0;0.0
1350;UKR2;03:57.396;5.4;38.0;ROU;03:52.535;5.6;39.0;AUS;03:41.740;5.9;37.0;UKR1;03:48.779;5.6;39.0;GER;03:46.107;5.7;37.0;;00:00.000;0.0;0.0
1355;UKR2;03:58.237;5.4;38.0;ROU;03:53.342;5.7;39.0;AUS;03:42.658;5.9;37.0;UKR1;03:49.643;5.6;39.0;GER;03:46.971;5.7;37.0;;00:00.000;0.0;0.0
1360;UKR2;03:59.237;5.4;38.0;ROU;03:54.289;5.6;39.0;AUS;03:43.476;5.9;37.0;UKR1;03:50.600;5.6;39.0;GER;03:47.890;5.7;37.0;;00:00.000;0.0;0.0
1365;UKR2;04:00.150;5.4;38.0;ROU;03:55.167;5.7;39.0;AUS;03:44.360;5.9;37.0;UKR1;03:51.408;5.6;39.0;GER;03:48.701;5.7;37.0;;00:00.000;0.0;0.0
1370;UKR2;04:01.063;5.4;38.0;ROU;03:56.053;5.7;39.0;AUS;03:45.194;5.9;37.0;UKR1;03:52.384;5.6;39.0;GER;03:49.646;5.7;37.0;;00:00.000;0.0;0.0
1375;UKR2;04:02.048;5.4;38.0;ROU;03:56.965;5.7;39.0;AUS;03:46.065;5.9;37.0;UKR1;03:53.230;5.6;39.0;GER;03:50.461;5.7;37.0;;00:00.000;0.0;0.0
1380;UKR2;04:02.883;5.4;38.0;ROU;03:57.768;5.6;39.0;AUS;03:46.923;5.9;37.0;UKR1;03:54.163;5.6;39.0;GER;03:51.401;5.7;37.0;;00:00.000;0.0;0.0
1385;UKR2;04:03.894;5.4;38.0;ROU;03:58.735;5.6;39.0;AUS;03:47.767;5.8;37.0;UKR1;03:55.073;5.6;39.0;GER;03:52.190;5.7;37.0;;00:00.000;0.0;0.0
1390;UKR2;04:04.783;5.4;38.0;ROU;03:59.548;5.6;39.0;AUS;03:48.620;5.8;37.0;UKR1;03:55.898;5.6;39.0;GER;03:53.147;5.7;37.0;;00:00.000;0.0;0.0
1395;UKR2;04:05.715;5.4;38.0;ROU;04:00.501;5.6;39.0;AUS;03:49.470;5.8;37.0;UKR1;03:56.856;5.6;39.0;GER;03:53.967;5.7;37.0;;00:00.000;0.0;0.0
1400;UKR2;04:06.690;5.4;38.0;ROU;04:01.383;5.6;39.0;AUS;03:50.365;5.8;36.0;UKR1;03:57.657;5.6;39.0;GER;03:54.888;5.7;37.0;;00:00.000;0.0;0.0
1405;UKR2;04:07.539;5.4;38.0;ROU;04:02.240;5.6;39.0;AUS;03:51.171;5.8;36.0;UKR1;03:58.600;5.6;39.0;GER;03:55.757;5.7;37.0;;00:00.000;0.0;0.0
1410;UKR2;04:08.548;5.4;38.0;ROU;04:03.189;5.6;39.0;AUS;03:52.058;5.8;36.0;UKR1;03:59.453;5.7;39.0;GER;03:56.614;5.7;37.0;;00:00.000;0.0;0.0
1415;UKR2;04:09.424;5.4;38.0;ROU;04:03.995;5.6;39.0;AUS;03:52.869;5.9;36.0;UKR1;04:00.338;5.7;39.0;GER;03:57.533;5.7;37.0;;00:00.000;0.0;0.0
1420;UKR2;04:10.384;5.4;38.0;ROU;04:04.973;5.6;39.0;AUS;03:53.793;5.9;36.0;UKR1;04:01.265;5.7;39.0;GER;03:58.345;5.7;37.0;;00:00.000;0.0;0.0
1425;UKR2;04:11.346;5.4;38.0;ROU;04:05.812;5.6;39.0;AUS;03:54.599;5.9;36.0;UKR1;04:02.069;5.7;39.0;GER;03:59.299;5.7;37.0;;00:00.000;0.0;0.0
1430;UKR2;04:12.203;5.4;38.0;ROU;04:06.752;5.6;39.0;AUS;03:55.530;5.8;36.0;UKR1;04:03.035;5.6;39.0;GER;04:00.083;5.7;37.0;;00:00.000;0.0;0.0
1435;UKR2;04:13.201;5.4;38.0;ROU;04:07.661;5.6;39.0;AUS;03:56.308;5.8;36.0;UKR1;04:03.822;5.7;39.0;GER;04:01.054;5.7;37.0;;00:00.000;0.0;0.0
1440;UKR2;04:14.047;5.4;38.0;ROU;04:08.492;5.6;39.0;AUS;03:57.261;5.8;36.0;UKR1;04:04.765;5.7;39.0;GER;04:01.847;5.7;37.0;;00:00.000;0.0;0.0
1445;UKR2;04:15.027;5.4;38.0;ROU;04:09.461;5.6;39.0;AUS;03:58.038;5.8;36.0;UKR1;04:05.626;5.7;39.0;GER;04:02.801;5.7;37.0;;00:00.000;0.0;0.0
1450;UKR2;04:15.950;5.4;38.0;ROU;04:10.260;5.6;39.0;AUS;03:58.995;5.8;36.0;UKR1;04:06.481;5.7;39.0;GER;04:03.645;5.7;37.0;;00:00.000;0.0;0.0
1455;UKR2;04:16.854;5.4;38.0;ROU;04:11.234;5.6;39.0;AUS;03:59.772;5.8;36.0;UKR1;04:07.400;5.7;39.0;GER;04:04.555;5.7;37.0;;00:00.000;0.0;0.0
1460;UKR2;04:17.800;5.4;38.0;ROU;04:12.100;5.6;39.0;AUS;04:00.725;5.8;36.0;UKR1;04:08.204;5.8;39.0;GER;04:05.444;5.7;37.0;;00:00.000;0.0;0.0
1465;UKR2;04:18.642;5.5;38.0;ROU;04:12.989;5.6;39.0;AUS;04:01.508;5.8;36.0;UKR1;04:09.139;5.7;39.0;GER;04:06.283;5.7;37.0;;00:00.000;0.0;0.0
1470;UKR2;04:19.617;5.4;38.0;ROU;04:13.927;5.6;39.0;AUS;04:02.453;5.8;36.0;UKR1;04:09.932;5.8;39.0;GER;04:07.218;5.7;37.0;;00:00.000;0.0;0.0
1475;UKR2;04:20.485;5.5;38.0;ROU;04:14.742;5.6;39.0;AUS;04:03.278;5.8;36.0;UKR1;04:10.870;5.7;39.0;GER;04:08.022;5.7;37.0;;00:00.000;0.0;0.0
1480;UKR2;04:21.417;5.5;38.0;ROU;04:15.712;5.6;39.0;AUS;04:04.183;5.8;36.0;UKR1;04:11.738;5.8;39.0;GER;04:08.984;5.7;37.0;;00:00.000;0.0;0.0
1485;UKR2;04:22.353;5.5;38.0;ROU;04:16.522;5.6;39.0;AUS;04:05.037;5.8;36.0;UKR1;04:12.591;5.7;39.0;GER;04:09.777;5.7;37.0;;00:00.000;0.0;0.0
1490;UKR2;04:23.202;5.5;38.0;ROU;04:17.483;5.6;39.0;AUS;04:05.912;5.8;36.0;UKR1;04:13.530;5.7;39.0;GER;04:10.750;5.7;37.0;;00:00.000;0.0;0.0
1495;UKR2;04:24.177;5.5;38.0;ROU;04:18.373;5.6;39.0;AUS;04:06.786;5.8;36.0;UKR1;04:14.323;5.7;39.0;GER;04:11.568;5.7;37.0;;00:00.000;0.0;0.0
1500;UKR2;04:25.006;5.5;38.0;ROU;04:19.240;5.6;39.0;AUS;04:07.618;5.8;36.0;UKR1;04:15.284;5.7;39.0;GER;04:12.518;5.6;37.0;;00:00.000;0.0;0.0
1505;UKR2;04:25.990;5.5;38.0;ROU;04:20.201;5.6;39.0;AUS;04:08.516;5.8;36.0;UKR1;04:16.100;5.7;39.0;GER;04:13.370;5.6;37.0;;00:00.000;0.0;0.0
1510;UKR2;04:26.886;5.5;38.0;ROU;04:21.020;5.6;39.0;AUS;04:09.331;5.8;36.0;UKR1;04:17.027;5.7;39.0;GER;04:14.269;5.6;37.0;;00:00.000;0.0;0.0
1515;UKR2;04:27.778;5.5;38.0;ROU;04:22.012;5.5;39.0;AUS;04:10.241;5.8;36.0;UKR1;04:17.944;5.7;39.0;GER;04:15.182;5.6;37.0;;00:00.000;0.0;0.0
1520;UKR2;04:28.732;5.5;38.0;ROU;04:22.878;5.5;39.0;AUS;04:11.032;5.8;36.0;UKR1;04:18.773;5.6;39.0;GER;04:16.001;5.6;37.0;;00:00.000;0.0;0.0
1525;UKR2;04:29.553;5.5;38.0;ROU;04:23.815;5.5;39.0;AUS;04:11.962;5.8;36.0;UKR1;04:19.731;5.6;39.0;GER;04:16.944;5.7;37.0;;00:00.000;0.0;0.0
1530;UKR2;04:30.534;5.5;38.0;ROU;04:24.734;5.5;39.0;AUS;04:12.742;5.8;37.0;UKR1;04:20.527;5.6;39.0;GER;04:17.728;5.7;37.0;;00:00.000;0.0;0.0
1535;UKR2;04:31.378;5.5;38.0;ROU;04:25.565;5.5;39.0;AUS;04:13.669;5.8;37.0;UKR1;04:21.483;5.6;39.0;GER;04:18.683;5.7;37.0;;00:00.000;0.0;0.0
1540;UKR2;04:32.324;5.5;39.0;ROU;04:26.549;5.5;39.0;AUS;04:14.426;5.8;37.0;UKR1;04:22.344;5.6;39.0;GER;04:19.465;5.8;37.0;;00:00.000;0.0;0.0
1545;UKR2;04:33.252;5.5;39.0;ROU;04:27.372;5.5;39.0;AUS;04:15.359;5.9;37.0;UKR1;04:23.219;5.7;39.0;GER;04:20.407;5.8;38.0;;00:00.000;0.0;0.0
1550;UKR2;04:34.099;5.5;39.0;ROU;04:28.345;5.5;39.0;AUS;04:16.115;5.9;37.0;UKR1;04:24.117;5.7;40.0;GER;04:21.224;5.8;38.0;;00:00.000;0.0;0.0
1555;UKR2;04:35.073;5.5;39.0;ROU;04:29.236;5.5;39.0;AUS;04:17.042;5.9;37.0;UKR1;04:24.894;5.7;40.0;GER;04:22.121;5.8;38.0;;00:00.000;0.0;0.0
1560;UKR2;04:35.889;5.5;39.0;ROU;04:30.102;5.5;39.0;AUS;04:17.815;5.9;37.0;UKR1;04:25.843;5.8;40.0;GER;04:22.990;5.8;38.0;;00:00.000;0.0;0.0
1565;UKR2;04:36.874;5.5;39.0;ROU;04:31.055;5.6;39.0;AUS;04:18.718;5.9;37.0;UKR1;04:26.672;5.8;40.0;GER;04:23.854;5.8;38.0;;00:00.000;0.0;0.0
1570;UKR2;04:37.757;5.5;39.0;ROU;04:31.859;5.6;39.0;AUS;04:19.516;5.9;37.0;UKR1;04:27.544;5.8;40.0;GER;04:24.738;5.8;38.0;;00:00.000;0.0;0.0
1575;UKR2;04:38.656;5.5;39.0;ROU;04:32.844;5.6;39.0;AUS;04:20.382;5.9;37.0;UKR1;04:28.456;5.8;41.0;GER;04:25.534;5.8;38.0;;00:00.000;0.0;0.0
1580;UKR2;04:39.605;5.5;39.0;ROU;04:33.681;5.6;39.0;AUS;04:21.215;6.0;38.0;UKR1;04:29.258;5.8;41.0;GER;04:26.473;5.8;38.0;;00:00.000;0.0;0.0
1585;UKR2;04:40.437;5.5;39.0;ROU;04:34.635;5.6;39.0;AUS;04:22.043;6.0;38.0;UKR1;04:30.175;5.8;41.0;GER;04:27.247;5.8;38.0;;00:00.000;0.0;0.0
1590;UKR2;04:41.424;5.5;39.0;ROU;04:35.533;5.6;39.0;AUS;04:22.903;6.0;38.0;UKR1;04:30.960;5.8;41.0;GER;04:28.201;5.8;38.0;;00:00.000;0.0;0.0
1595;UKR2;04:42.275;5.5;39.0;ROU;04:36.376;5.6;39.0;AUS;04:23.706;6.0;38.0;UKR1;04:31.868;5.8;41.0;GER;04:28.986;5.8;38.0;;00:00.000;0.0;0.0
1600;UKR2;04:43.225;5.5;39.0;ROU;04:37.343;5.6;39.0;AUS;04:24.583;6.0;38.0;UKR1;04:32.767;5.8;41.0;GER;04:29.929;5.8;38.0;;00:00.000;0.0;0.0
1605;UKR2;04:44.162;5.5;39.0;ROU;04:38.154;5.6;39.0;AUS;04:25.366;6.0;38.0;UKR1;04:33.567;5.8;41.0;GER;04:30.754;5.8;38.0;;00:00.000;0.0;0.0
1610;UKR2;04:45.013;5.5;39.0;ROU;04:39.131;5.6;39.0;AUS;04:26.275;6.0;38.0;UKR1;04:34.512;5.8;41.0;GER;04:31.646;5.8;38.0;;00:00.000;0.0;0.0
1615;UKR2;04:45.996;5.4;39.0;ROU;04:39.986;5.6;39.0;AUS;04:27.037;5.9;38.0;UKR1;04:35.325;5.8;41.0;GER;04:32.535;5.8;38.0;;00:00.000;0.0;0.0
1620;UKR2;04:46.824;5.5;39.0;ROU;04:40.904;5.6;39.0;AUS;04:27.962;5.9;38.0;UKR1;04:36.251;5.7;41.0;GER;04:33.367;5.8;38.0;;00:00.000;0.0;0.0
1625;UKR2;04:47.802;5.5;39.0;ROU;04:41.845;5.5;39.0;AUS;04:28.712;5.9;38.0;UKR1;04:37.136;5.7;41.0;GER;04:34.299;5.7;38.0;;00:00.000;0.0;0.0
1630;UKR2;04:48.720;5.5;39.0;ROU;04:42.673;5.5;39.0;AUS;04:29.648;5.9;38.0;UKR1;04:37.931;5.7;41.0;GER;04:35.085;5.7;38.0;;00:00.000;0.0;0.0
1635;UKR2;04:49.596;5.5;39.0;ROU;04:43.671;5.5;39.0;AUS;04:30.410;5.9;38.0;UKR1;04:38.869;5.7;41.0;GER;04:36.039;5.7;38.0;;00:00.000;0.0;0.0
1640;UKR2;04:50.572;5.4;39.0;ROU;04:44.517;5.5;39.0;AUS;04:31.333;5.9;38.0;UKR1;04:39.677;5.8;41.0;GER;04:36.820;5.7;38.0;;00:00.000;0.0;0.0
1645;UKR2;04:51.403;5.5;39.0;ROU;04:45.473;5.5;39.0;AUS;04:32.120;5.9;38.0;UKR1;04:40.567;5.8;41.0;GER;04:37.774;5.7;38.0;;00:00.000;0.0;0.0
1650;UKR2;04:52.386;5.4;39.0;ROU;04:46.403;5.5;39.0;AUS;04:33.016;5.9;38.0;UKR1;04:41.458;5.8;41.0;GER;04:38.584;5.8;38.0;;00:00.000;0.0;0.0
1655;UKR2;04:53.286;5.5;39.0;ROU;04:47.253;5.5;39.0;AUS;04:33.839;5.9;38.0;UKR1;04:42.244;5.8;41.0;GER;04:39.501;5.8;38.0;;00:00.000;0.0;0.0
1660;UKR2;04:54.179;5.5;39.0;ROU;04:48.244;5.4;39.0;AUS;04:34.696;5.9;38.0;UKR1;04:43.176;5.8;41.0;GER;04:40.364;5.8;38.0;;00:00.000;0.0;0.0
1665;UKR2;04:55.146;5.5;39.0;ROU;04:49.065;5.5;39.0;AUS;04:35.552;5.9;38.0;UKR1;04:43.974;5.8;41.0;GER;04:41.213;5.8;38.0;;00:00.000;0.0;0.0
1670;UKR2;04:55.975;5.5;39.0;ROU;04:50.060;5.4;39.0;AUS;04:36.369;5.9;38.0;UKR1;04:44.864;5.8;42.0;GER;04:42.122;5.8;38.0;;00:00.000;0.0;0.0
1675;UKR2;04:56.966;5.4;39.0;ROU;04:50.961;5.5;39.0;AUS;04:37.261;5.9;38.0;UKR1;04:45.754;5.8;42.0;GER;04:42.917;5.8;38.0;;00:00.000;0.0;0.0
1680;UKR2;04:57.854;5.5;39.0;ROU;04:51.856;5.4;38.0;AUS;04:38.046;5.9;38.0;UKR1;04:46.532;5.8;42.0;GER;04:43.853;5.8;38.0;;00:00.000;0.0;0.0
1685;UKR2;04:58.773;5.4;39.0;ROU;04:52.827;5.4;38.0;AUS;04:38.953;5.9;38.0;UKR1;04:47.457;5.8;42.0;GER;04:44.641;5.8;38.0;;00:00.000;0.0;0.0
1690;UKR2;04:59.742;5.4;39.0;ROU;04:53.655;5.4;38.0;AUS;04:39.719;5.9;38.0;UKR1;04:48.222;5.9;42.0;GER;04:45.573;5.8;38.0;;00:00.000;0.0;0.0
1695;UKR2;05:00.592;5.4;39.0;ROU;04:54.674;5.4;38.0;AUS;04:40.644;5.9;38.0;UKR1;04:49.129;5.8;42.0;GER;04:46.350;5.8;38.0;;00:00.000;0.0;0.0
1700;UKR2;05:01.588;5.4;39.0;ROU;04:55.541;5.4;38.0;AUS;04:41.398;5.9;38.0;UKR1;04:50.003;5.9;42.0;GER;04:47.280;5.8;38.0;;00:00.000;0.0;0.0
1705;UKR2;05:02.492;5.4;39.0;ROU;04:56.487;5.4;38.0;AUS;04:42.331;5.9;38.0;UKR1;04:50.779;5.9;42.0;GER;04:48.097;5.8;38.0;;00:00.000;0.0;0.0
1710;UKR2;05:03.422;5.4;39.0;ROU;04:57.456;5.4;38.0;AUS;04:43.081;5.9;38.0;UKR1;04:51.686;5.9;43.0;GER;04:48.962;5.8;38.0;;00:00.000;0.0;0.0
1715;UKR2;05:04.408;5.3;39.0;ROU;04:58.286;5.4;38.0;AUS;04:44.008;5.9;38.0;UKR1;04:52.485;5.9;43.0;GER;04:49.825;5.9;38.0;;00:00.000;0.0;0.0
1720;UKR2;05:05.260;5.3;39.0;ROU;04:59.305;5.4;39.0;AUS;04:44.785;5.9;38.0;UKR1;04:53.335;5.9;43.0;GER;04:50.617;5.9;38.0;;00:00.000;0.0;0.0
1725;UKR2;05:06.288;5.3;39.0;ROU;05:00.190;5.4;39.0;AUS;04:45.691;5.9;38.0;UKR1;04:54.228;5.9;43.0;GER;04:51.515;5.9;39.0;;00:00.000;0.0;0.0
1730;UKR2;05:07.223;5.3;39.0;ROU;05:01.126;5.4;39.0;AUS;04:46.486;6.0;38.0;UKR1;04:54.993;5.9;43.0;GER;04:52.266;5.9;39.0;;00:00.000;0.0;0.0
1735;UKR2;05:08.149;5.3;39.0;ROU;05:02.102;5.4;39.0;AUS;04:47.328;6.0;38.0;UKR1;04:55.915;5.9;43.0;GER;04:53.189;6.0;39.0;;00:00.000;0.0;0.0
1740;UKR2;05:09.154;5.3;39.0;ROU;05:02.939;5.4;39.0;AUS;04:48.174;6.0;38.0;UKR1;04:56.738;5.9;43.0;GER;04:53.938;6.0;39.0;;00:00.000;0.0;0.0
1745;UKR2;05:10.016;5.3;39.0;ROU;05:03.954;5.4;39.0;AUS;04:48.979;6.0;38.0;UKR1;04:57.571;5.9;43.0;GER;04:54.878;5.9;39.0;;00:00.000;0.0;0.0
1750;UKR2;05:11.028;5.3;39.0;ROU;05:04.844;5.4;39.0;AUS;04:49.839;6.0;38.0;UKR1;04:58.485;5.9;43.0;GER;04:55.636;5.9;39.0;;00:00.000;0.0;0.0
1755;UKR2;05:11.984;5.3;39.0;ROU;05:05.781;5.4;39.0;AUS;04:50.639;6.0;38.0;UKR1;04:59.261;5.9;43.0;GER;04:56.546;5.9;39.0;;00:00.000;0.0;0.0
1760;UKR2;05:12.864;5.3;39.0;ROU;05:06.755;5.4;39.0;AUS;04:51.545;6.0;38.0;UKR1;05:00.205;5.8;43.0;GER;04:57.391;5.9;39.0;;00:00.000;0.0;0.0
1765;UKR2;05:13.869;5.3;39.0;ROU;05:07.595;5.4;39.0;AUS;04:52.307;6.0;38.0;UKR1;05:01.059;5.8;43.0;GER;04:58.211;5.9;39.0;;00:00.000;0.0;0.0
1770;UKR2;05:14.729;5.3;39.0;ROU;05:08.605;5.4;39.0;AUS;04:53.236;5.9;38.0;UKR1;05:01.854;5.8;43.0;GER;04:59.116;5.9;39.0;;00:00.000;0.0;0.0
1775;UKR2;05:15.704;5.3;39.0;ROU;05:09.503;5.4;39.0;AUS;04:53.985;5.9;38.0;UKR1;05:02.787;5.8;43.0;GER;04:59.910;5.9;39.0;;00:00.000;0.0;0.0
1780;UKR2;05:16.660;5.4;39.0;ROU;05:10.446;5.4;39.0;AUS;04:54.917;5.9;38.0;UKR1;05:03.580;5.8;43.0;GER;05:00.802;5.9;39.0;;00:00.000;0.0;0.0
1785;UKR2;05:17.510;5.4;39.0;ROU;05:11.389;5.4;39.0;AUS;04:55.674;5.9;38.0;UKR1;05:04.440;5.8;43.0;GER;05:01.552;5.9;39.0;;00:00.000;0.0;0.0
1790;UKR2;05:18.504;5.4;39.0;ROU;05:12.224;5.4;39.0;AUS;04:56.586;5.9;38.0;UKR1;05:05.329;5.9;43.0;GER;05:02.470;5.9;39.0;;00:00.000;0.0;0.0
1795;UKR2;05:19.365;5.4;39.0;ROU;05:13.208;5.4;39.0;AUS;04:57.387;5.9;38.0;UKR1;05:06.108;5.9;43.0;GER;05:03.224;6.0;39.0;;00:00.000;0.0;0.0
1800;UKR2;05:20.309;5.4;39.0;ROU;05:14.103;5.4;39.0;AUS;04:58.252;5.9;38.0;UKR1;05:06.986;5.9;44.0;GER;05:04.127;5.9;39.0;;00:00.000;0.0;0.0
1805;UKR2;05:21.258;5.4;39.0;ROU;05:15.009;5.4;39.0;AUS;04:59.103;6.0;38.0;UKR1;05:07.795;6.0;44.0;GER;05:04.971;6.0;39.0;;00:00.000;0.0;0.0
1810;UKR2;05:22.090;5.4;39.0;ROU;05:15.953;5.5;39.0;AUS;04:59.918;5.9;38.0;UKR1;05:08.600;6.0;44.0;GER;05:05.779;6.0;39.0;;00:00.000;0.0;0.0
1815;UKR2;05:23.085;5.4;39.0;ROU;05:16.772;5.5;40.0;AUS;05:00.809;5.9;38.0;UKR1;05:09.477;6.0;44.0;GER;05:06.669;6.0;39.0;;00:00.000;0.0;0.0
1820;UKR2;05:23.939;5.5;39.0;ROU;05:17.745;5.5;40.0;AUS;05:01.607;5.9;38.0;UKR1;05:10.260;6.0;44.0;GER;05:07.433;6.0;39.0;;00:00.000;0.0;0.0
1825;UKR2;05:24.865;5.5;39.0;ROU;05:18.642;5.5;40.0;AUS;05:02.503;5.9;38.0;UKR1;05:11.144;6.1;44.0;GER;05:08.352;5.9;39.0;;00:00.000;0.0;0.0
1830;UKR2;05:25.808;5.5;40.0;ROU;05:19.506;5.5;40.0;AUS;05:03.258;5.9;38.0;UKR1;05:11.990;6.0;44.0;GER;05:09.101;5.9;39.0;;00:00.000;0.0;0.0
1835;UKR2;05:26.634;5.5;40.0;ROU;05:20.469;5.5;40.0;AUS;05:04.190;5.9;39.0;UKR1;05:12.777;6.0;44.0;GER;05:10.035;5.9;40.0;;00:00.000;0.0;0.0
1840;UKR2;05:27.616;5.5;40.0;ROU;05:21.271;5.6;40.0;AUS;05:04.952;5.9;39.0;UKR1;05:13.695;5.9;44.0;GER;05:10.828;5.9;40.0;;00:00.000;0.0;0.0
1845;UKR2;05:28.482;5.5;40.0;ROU;05:22.228;5.6;40.0;AUS;05:05.874;5.9;39.0;UKR1;05:14.487;5.9;44.0;GER;05:11.715;5.9;40.0;;00:00.000;0.0;0.0
1850;UKR2;05:29.404;5.5;40.0;ROU;05:23.107;5.6;40.0;AUS;05:06.668;5.9;39.0;UKR1;05:15.350;5.9;44.0;GER;05:12.554;5.9;40.0;;00:00.000;0.0;0.0
1855;UKR2;05:30.355;5.5;40.0;ROU;05:23.961;5.6;40.0;AUS;05:07.557;5.9;39.0;UKR1;05:16.208;5.9;44.0;GER;05:13.388;5.9;40.0;;00:00.000;0.0;0.0
1860;UKR2;05:31.204;5.5;40.0;ROU;05:24.880;5.7;40.0;AUS;05:08.394;5.9;39.0;UKR1;05:16.971;5.9;44.0;GER;05:14.293;5.9;40.0;;00:00.000;0.0;0.0
1865;UKR2;05:32.178;5.4;40.0;ROU;05:25.700;5.7;40.0;AUS;05:09.222;5.9;39.0;UKR1;05:17.890;5.9;44.0;GER;05:15.094;5.9;40.0;;00:00.000;0.0;0.0
1870;UKR2;05:33.074;5.5;40.0;ROU;05:26.653;5.7;41.0;AUS;05:10.117;5.9;39.0;UKR1;05:18.736;6.0;44.0;GER;05:15.986;5.9;40.0;;00:00.000;0.0;0.0
1875;UKR2;05:34.003;5.4;40.0;ROU;05:27.495;5.7;41.0;AUS;05:10.903;5.9;39.0;UKR1;05:19.528;5.9;44.0;GER;05:16.745;5.9;40.0;;00:00.000;0.0;0.0
1880;UKR2;05:34.968;5.4;40.0;ROU;05:28.361;5.7;41.0;AUS;05:11.829;5.9;39.0;UKR1;05:20.399;5.9;44.0;GER;05:17.665;5.9;40.0;;00:00.000;0.0;0.0
1885;UKR2;05:35.809;5.4;40.0;ROU;05:29.294;5.7;41.0;AUS;05:12.609;5.9;39.0;UKR1;05:21.170;5.9;44.0;GER;05:18.463;5.9;40.0;;00:00.000;0.0;0.0
1890;UKR2;05:36.807;5.4;40.0;ROU;05:30.086;5.7;41.0;AUS;05:13.539;5.8;39.0;UKR1;05:22.070;6.0;44.0;GER;05:19.331;5.9;40.0;;00:00.000;0.0;0.0
1895;UKR2;05:37.745;5.4;40.0;ROU;05:31.030;5.7;41.0;AUS;05:14.360;5.8;39.0;UKR1;05:22.936;6.0;44.0;GER;05:20.187;5.9;40.0;;00:00.000;0.0;0.0
1900;UKR2;05:38.659;5.4;40.0;ROU;05:31.894;5.7;41.0;AUS;05:15.253;5.8;39.0;UKR1;05:23.702;5.9;44.0;GER;05:21.015;5.9;40.0;;00:00.000;0.0;0.0
1905;UKR2;05:39.641;5.3;40.0;ROU;05:32.734;5.7;41.0;AUS;05:16.089;5.8;39.0;UKR1;05:24.646;5.9;44.0;GER;05:21.897;5.9;40.0;;00:00.000;0.0;0.0
1910;UKR2;05:40.504;5.3;39.0;ROU;05:33.658;5.8;41.0;AUS;05:16.950;5.8;39.0;UKR1;05:25.445;5.9;44.0;GER;05:22.660;5.9;40.0;;00:00.000;0.0;0.0
1915;UKR2;05:41.507;5.3;39.0;ROU;05:34.439;5.8;41.0;AUS;05:17.833;5.8;39.0;UKR1;05:26.315;5.9;44.0;GER;05:23.592;5.9;40.0;;00:00.000;0.0;0.0
1920;UKR2;05:42.483;5.3;39.0;ROU;05:35.373;5.8;41.0;AUS;05:18.632;5.8;39.0;UKR1;05:27.185;5.9;44.0;GER;05:24.351;5.9;39.0;;00:00.000;0.0;0.0
1925;UKR2;05:43.343;5.3;39.0;ROU;05:36.216;5.8;41.0;AUS;05:19.543;5.8;39.0;UKR1;05:27.954;5.9;44.0;GER;05:25.284;5.9;39.0;;00:00.000;0.0;0.0
1930;UKR2;05:44.365;5.3;39.0;ROU;05:37.054;5.8;41.0;AUS;05:20.304;5.9;39.0;UKR1;05:28.866;5.9;44.0;GER;05:26.076;5.9;39.0;;00:00.000;0.0;0.0
1935;UKR2;05:45.272;5.3;39.0;ROU;05:37.966;5.8;41.0;AUS;05:21.228;5.9;39.0;UKR1;05:29.690;5.9;43.0;GER;05:26.970;5.9;39.0;;00:00.000;0.0;0.0
1940;UKR2;05:46.198;5.3;39.0;ROU;05:38.732;5.8;41.0;AUS;05:21.979;5.9;39.0;UKR1;05:30.528;5.9;43.0;GER;05:27.804;5.9;39.0;;00:00.000;0.0;0.0
1945;UKR2;05:47.194;5.3;39.0;ROU;05:39.657;5.8;41.0;AUS;05:22.906;5.9;39.0;UKR1;05:31.445;5.9;43.0;GER;05:28.622;5.9;39.0;;00:00.000;0.0;0.0
1950;UKR2;05:48.063;5.3;39.0;ROU;05:40.515;5.9;41.0;AUS;05:23.655;6.0;39.0;UKR1;05:32.237;5.9;43.0;GER;05:29.513;5.9;39.0;;00:00.000;0.0;0.0
1955;UKR2;05:49.078;5.3;39.0;ROU;05:41.378;5.8;41.0;AUS;05:24.577;5.9;39.0;UKR1;05:33.174;5.8;43.0;GER;05:30.283;5.9;39.0;;00:00.000;0.0;0.0
1960;UKR2;05:50.047;5.3;39.0;ROU;05:42.311;5.8;41.0;AUS;05:25.397;6.0;39.0;UKR1;05:34.070;5.8;43.0;GER;05:31.201;5.9;39.0;;00:00.000;0.0;0.0
1965;UKR2;05:50.934;5.3;39.0;ROU;05:43.123;5.7;41.0;AUS;05:26.259;5.9;39.0;UKR1;05:34.867;5.7;43.0;GER;05:31.960;5.9;39.0;;00:00.000;0.0;0.0
1970;UKR2;05:51.961;5.2;39.0;ROU;05:44.058;5.6;41.0;AUS;05:27.137;5.9;39.0;UKR1;05:35.826;5.7;43.0;GER;05:32.896;5.9;39.0;;00:00.000;0.0;0.0
1975;UKR2;05:52.878;5.2;39.0;ROU;05:44.846;5.6;41.0;AUS;05:27.946;5.9;39.0;UKR1;05:36.624;5.7;43.0;GER;05:33.676;5.9;39.0;;00:00.000;0.0;0.0
1980;UKR2;05:53.852;5.2;39.0;ROU;05:45.815;5.7;41.0;AUS;05:28.862;5.8;39.0;UKR1;05:37.566;5.7;42.0;GER;05:34.609;5.9;39.0;;00:00.000;0.0;0.0
1985;UKR2;05:54.816;5.2;39.0;ROU;05:46.734;5.7;41.0;AUS;05:29.651;5.8;39.0;UKR1;05:38.503;5.6;42.0;GER;05:35.421;5.8;39.0;;00:00.000;0.0;0.0
1990;UKR2;05:55.685;5.3;39.0;ROU;05:47.531;5.7;41.0;AUS;05:30.604;5.8;39.0;UKR1;05:39.318;5.6;42.0;GER;05:36.329;5.8;39.0;;00:00.000;0.0;0.0
1995;UKR2;05:56.682;5.3;39.0;ROU;05:48.503;5.6;41.0;AUS;05:31.386;5.8;39.0;UKR1;05:40.284;5.6;42.0;GER;05:37.220;5.7;39.0;;00:00.000;0.0;0.0
2000;UKR2;05:57.629;5.3;39.0;ROU;05:49.339;5.6;41.0;AUS;05:32.337;5.8;39.0;UKR1;05:41.174;5.6;41.0;GER;05:38.131;5.7;39.0;;00:00.000;0.0;0.0
