Distance;ShortName1;Time1;Speed1;Stroke1;ShortName2;Time2;Speed2;Stroke2;ShortName4;Time4;Speed4;Stroke4;ShortName5;Time5;Speed5;Stroke5;ShortName6;Time6;Speed6;Stroke6;
5;POL;00:02.647;2.9;0.0;NED;00:02.690;3.1;0.0;SVK;00:02.603;2.8;0.0;MEX;00:02.761;3.0;0.0;FIN;00:02.754;2.8;0.0
10;POL;00:03.925;3.4;46.0;NED;00:03.902;3.6;50.0;SVK;00:03.893;3.3;0.0;MEX;00:03.989;3.8;57.0;FIN;00:04.186;3.3;44.0
15;POL;00:05.106;3.8;46.0;NED;00:05.111;4.0;52.0;SVK;00:05.069;3.8;47.0;MEX;00:05.173;4.0;57.0;FIN;00:05.511;3.5;43.0
20;POL;00:06.121;4.3;47.0;NED;00:06.397;4.3;52.0;SVK;00:06.193;4.3;47.0;MEX;00:06.284;4.2;57.0;FIN;00:06.742;3.8;42.0
25;POL;00:07.064;4.6;47.0;NED;00:07.667;4.2;52.0;SVK;00:07.180;4.6;47.0;MEX;00:07.384;4.5;56.0;FIN;00:07.861;4.1;42.0
30;POL;00:08.089;4.9;47.0;NED;00:08.770;4.0;51.0;SVK;00:08.188;4.8;46.0;MEX;00:08.502;4.7;56.0;FIN;00:09.012;4.2;41.0
35;POL;00:09.131;5.0;47.0;NED;00:09.788;4.2;48.0;SVK;00:09.242;4.9;46.0;MEX;00:09.583;4.7;56.0;FIN;00:10.208;4.3;41.0
40;POL;00:10.142;5.1;46.0;NED;00:10.822;4.5;47.0;SVK;00:10.300;5.0;45.0;MEX;00:10.583;4.7;0.0;FIN;00:11.352;4.4;41.0
45;POL;00:11.055;5.1;46.0;NED;00:11.893;4.8;47.0;SVK;00:11.249;4.9;44.0;MEX;00:11.693;4.6;42.0;FIN;00:12.381;4.5;41.0
50;POL;00:12.106;5.0;45.0;NED;00:12.972;4.9;47.0;SVK;00:12.309;4.9;44.0;MEX;00:12.803;4.7;42.0;FIN;00:13.486;4.5;41.0
55;POL;00:13.186;5.0;45.0;NED;00:14.038;4.9;47.0;SVK;00:13.385;4.9;43.0;MEX;00:13.871;4.7;41.0;FIN;00:14.579;4.6;41.0
60;POL;00:14.222;4.9;44.0;NED;00:15.012;4.8;46.0;SVK;00:14.368;4.9;42.0;MEX;00:14.912;4.6;41.0;FIN;00:15.694;4.7;41.0
65;POL;00:15.167;4.8;44.0;NED;00:16.073;4.8;45.0;SVK;00:15.416;4.8;41.0;MEX;00:16.076;4.6;40.0;FIN;00:16.751;4.6;41.0
70;POL;00:16.268;4.8;43.0;NED;00:17.180;4.8;44.0;SVK;00:16.526;4.8;41.0;MEX;00:17.197;4.6;39.0;FIN;00:17.812;4.6;41.0
75;POL;00:17.336;4.8;43.0;NED;00:18.256;4.8;43.0;SVK;00:17.593;4.8;41.0;MEX;00:18.217;4.5;39.0;FIN;00:18.994;4.5;41.0
80;POL;00:18.300;4.8;42.0;NED;00:19.228;4.7;43.0;SVK;00:18.570;4.7;40.0;MEX;00:19.434;4.5;39.0;FIN;00:20.155;4.5;41.0
85;POL;00:19.388;4.8;42.0;NED;00:20.352;4.7;42.0;SVK;00:19.716;4.7;40.0;MEX;00:20.617;4.4;38.0;FIN;00:21.204;4.4;40.0
90;POL;00:20.475;4.8;42.0;NED;00:21.485;4.6;42.0;SVK;00:20.852;4.7;40.0;MEX;00:21.696;4.4;38.0;FIN;00:22.428;4.3;39.0
95;POL;00:21.527;4.8;41.0;NED;00:22.546;4.6;42.0;SVK;00:21.875;4.6;40.0;MEX;00:22.895;4.3;37.0;FIN;00:23.592;4.3;39.0
100;POL;00:22.508;4.7;41.0;NED;00:23.547;4.6;42.0;SVK;00:22.972;4.5;39.0;MEX;00:24.102;4.3;37.0;FIN;00:24.745;4.3;38.0
105;POL;00:23.641;4.7;41.0;NED;00:24.665;4.6;42.0;SVK;00:24.107;4.6;39.0;MEX;00:25.200;4.3;36.0;FIN;00:25.802;4.4;38.0
110;POL;00:24.738;4.7;41.0;NED;00:25.767;4.7;42.0;SVK;00:25.173;4.6;39.0;MEX;00:26.380;4.3;36.0;FIN;00:27.008;4.4;38.0
115;POL;00:25.731;4.7;40.0;NED;00:26.819;4.7;42.0;SVK;00:26.228;4.6;39.0;MEX;00:27.653;4.3;36.0;FIN;00:28.188;4.4;38.0
120;POL;00:26.813;4.7;40.0;NED;00:27.859;4.7;41.0;SVK;00:27.389;4.6;38.0;MEX;00:28.841;4.2;36.0;FIN;00:29.244;4.4;38.0
125;POL;00:27.957;4.7;40.0;NED;00:28.984;4.6;41.0;SVK;00:28.501;4.6;38.0;MEX;00:29.934;4.2;36.0;FIN;00:30.442;4.4;37.0
130;POL;00:29.006;4.6;40.0;NED;00:30.129;4.6;41.0;SVK;00:29.534;4.5;38.0;MEX;00:31.099;4.3;37.0;FIN;00:31.646;4.3;37.0
135;POL;00:30.058;4.6;40.0;NED;00:31.199;4.6;41.0;SVK;00:30.717;4.5;38.0;MEX;00:32.317;4.3;37.0;FIN;00:32.795;4.3;37.0
140;POL;00:31.250;4.5;40.0;NED;00:32.270;4.5;41.0;SVK;00:31.818;4.5;37.0;MEX;00:33.389;4.3;37.0;FIN;00:33.887;4.3;37.0
145;POL;00:32.405;4.5;39.0;NED;00:33.467;4.4;40.0;SVK;00:32.890;4.5;37.0;MEX;00:34.581;4.3;36.0;FIN;00:35.105;4.3;37.0
150;POL;00:33.472;4.5;39.0;NED;00:34.614;4.4;40.0;SVK;00:34.097;4.4;37.0;MEX;00:35.806;4.3;35.0;FIN;00:36.292;4.3;37.0
155;POL;00:34.567;4.4;39.0;NED;00:35.686;4.4;40.0;SVK;00:35.277;4.4;36.0;MEX;00:36.912;4.3;34.0;FIN;00:37.348;4.3;37.0
160;POL;00:35.760;4.4;39.0;NED;00:36.779;4.4;40.0;SVK;00:36.319;4.4;36.0;MEX;00:38.105;4.3;34.0;FIN;00:38.580;4.3;36.0
165;POL;00:36.892;4.4;39.0;NED;00:37.978;4.4;40.0;SVK;00:37.527;4.4;36.0;MEX;00:39.377;4.2;34.0;FIN;00:39.796;4.3;36.0
170;POL;00:37.900;4.5;39.0;NED;00:39.141;4.4;39.0;SVK;00:38.700;4.4;36.0;MEX;00:40.520;4.2;35.0;FIN;00:40.883;4.3;36.0
175;POL;00:39.098;4.4;39.0;NED;00:40.185;4.4;39.0;SVK;00:39.729;4.4;36.0;MEX;00:41.674;4.2;35.0;FIN;00:42.134;4.2;36.0
180;POL;00:40.261;4.4;39.0;NED;00:41.358;4.4;39.0;SVK;00:40.946;4.4;35.0;MEX;00:42.942;4.2;35.0;FIN;00:43.369;4.2;35.0
185;POL;00:41.353;4.4;39.0;NED;00:42.549;4.4;39.0;SVK;00:42.140;4.4;35.0;MEX;00:44.127;4.2;35.0;FIN;00:44.553;4.2;35.0
190;POL;00:42.476;4.4;39.0;NED;00:43.680;4.4;38.0;SVK;00:43.191;4.4;35.0;MEX;00:45.277;4.2;34.0;FIN;00:45.730;4.1;35.0
195;POL;00:43.627;4.4;38.0;NED;00:44.738;4.4;38.0;SVK;00:44.423;4.3;35.0;MEX;00:46.540;4.1;34.0;FIN;00:47.007;4.1;35.0
200;POL;00:44.781;4.4;38.0;NED;00:45.964;4.4;38.0;SVK;00:45.644;4.3;35.0;MEX;00:47.704;4.2;34.0;FIN;00:48.246;4.1;35.0
205;POL;00:45.811;4.4;38.0;NED;00:47.153;4.4;38.0;SVK;00:46.685;4.3;35.0;MEX;00:48.867;4.2;33.0;FIN;00:49.328;4.1;35.0
210;POL;00:47.002;4.4;38.0;NED;00:48.186;4.3;38.0;SVK;00:47.911;4.3;35.0;MEX;00:50.093;4.3;33.0;FIN;00:50.593;4.2;35.0
215;POL;00:48.160;4.4;38.0;NED;00:49.396;4.3;37.0;SVK;00:49.099;4.3;35.0;MEX;00:51.193;4.3;33.0;FIN;00:51.829;4.2;35.0
220;POL;00:49.272;4.4;38.0;NED;00:50.599;4.3;37.0;SVK;00:50.120;4.4;34.0;MEX;00:52.378;4.3;33.0;FIN;00:52.905;4.2;34.0
225;POL;00:50.337;4.4;38.0;NED;00:51.745;4.3;37.0;SVK;00:51.330;4.4;34.0;MEX;00:53.627;4.3;33.0;FIN;00:54.162;4.2;34.0
230;POL;00:51.565;4.4;38.0;NED;00:52.845;4.4;37.0;SVK;00:52.505;4.4;34.0;MEX;00:54.697;4.3;33.0;FIN;00:55.392;4.2;34.0
235;POL;00:52.764;4.4;38.0;NED;00:54.076;4.3;37.0;SVK;00:53.550;4.4;34.0;MEX;00:55.926;4.3;33.0;FIN;00:56.481;4.2;34.0
240;POL;00:53.865;4.3;38.0;NED;00:55.318;4.3;37.0;SVK;00:54.776;4.4;34.0;MEX;00:57.177;4.3;33.0;FIN;00:57.747;4.2;33.0
245;POL;00:55.038;4.3;38.0;NED;00:56.463;4.2;37.0;SVK;00:55.916;4.4;34.0;MEX;00:58.192;4.2;33.0;FIN;00:58.993;4.2;33.0
250;POL;00:56.260;4.3;38.0;NED;00:57.594;4.2;37.0;SVK;00:56.952;4.4;35.0;MEX;00:59.417;4.3;33.0;FIN;01:00.062;4.2;33.0
255;POL;00:57.424;4.3;37.0;NED;00:58.860;4.2;37.0;SVK;00:58.140;4.4;35.0;MEX;01:00.590;4.4;33.0;FIN;01:01.316;4.2;33.0
260;POL;00:58.483;4.3;37.0;NED;01:00.046;4.2;37.0;SVK;00:59.259;4.5;35.0;MEX;01:01.647;4.4;33.0;FIN;01:02.524;4.2;33.0
265;POL;00:59.717;4.3;37.0;NED;01:01.104;4.3;37.0;SVK;01:00.325;4.5;35.0;MEX;01:02.895;4.4;33.0;FIN;01:03.596;4.3;33.0
270;POL;01:00.907;4.3;37.0;NED;01:02.307;4.3;37.0;SVK;01:01.520;4.4;35.0;MEX;01:04.030;4.3;33.0;FIN;01:04.838;4.3;33.0
275;POL;01:01.984;4.3;37.0;NED;01:03.501;4.3;37.0;SVK;01:02.599;4.4;35.0;MEX;01:05.171;4.3;33.0;FIN;01:06.044;4.3;33.0
280;POL;01:03.186;4.3;37.0;NED;01:04.577;4.4;37.0;SVK;01:03.752;4.4;35.0;MEX;01:06.393;4.3;33.0;FIN;01:07.145;4.3;33.0
285;POL;01:04.401;4.3;37.0;NED;01:05.734;4.4;37.0;SVK;01:04.958;4.4;34.0;MEX;01:07.471;4.3;33.0;FIN;01:08.411;4.2;33.0
290;POL;01:05.540;4.3;37.0;NED;01:06.941;4.4;37.0;SVK;01:06.029;4.4;34.0;MEX;01:08.678;4.3;33.0;FIN;01:09.589;4.2;33.0
295;POL;01:06.628;4.3;37.0;NED;01:08.118;4.3;37.0;SVK;01:07.225;4.3;34.0;MEX;01:09.858;4.3;33.0;FIN;01:10.769;4.2;33.0
300;POL;01:07.864;4.3;37.0;NED;01:09.179;4.3;37.0;SVK;01:08.445;4.3;34.0;MEX;01:10.908;4.4;33.0;FIN;01:12.018;4.1;33.0
305;POL;01:09.039;4.3;37.0;NED;01:10.450;4.3;37.0;SVK;01:09.489;4.3;34.0;MEX;01:12.194;4.4;33.0;FIN;01:13.235;4.1;33.0
310;POL;01:10.061;4.3;37.0;NED;01:11.666;4.3;36.0;SVK;01:10.730;4.3;34.0;MEX;01:13.476;4.2;33.0;FIN;01:14.394;4.1;33.0
315;POL;01:11.299;4.4;37.0;NED;01:12.786;4.2;36.0;SVK;01:11.952;4.3;34.0;MEX;01:14.551;4.1;33.0;FIN;01:15.668;4.1;33.0
320;POL;01:12.507;4.4;37.0;NED;01:13.981;4.2;36.0;SVK;01:13.016;4.3;34.0;MEX;01:15.798;4.1;33.0;FIN;01:16.890;4.1;33.0
325;POL;01:13.618;4.3;37.0;NED;01:15.250;4.2;36.0;SVK;01:14.251;4.3;34.0;MEX;01:17.045;4.2;34.0;FIN;01:18.072;4.1;33.0
330;POL;01:14.730;4.3;37.0;NED;01:16.460;4.1;36.0;SVK;01:15.473;4.3;34.0;MEX;01:18.097;4.2;34.0;FIN;01:19.369;4.1;32.0
335;POL;01:15.950;4.3;37.0;NED;01:17.537;4.2;36.0;SVK;01:16.524;4.3;34.0;MEX;01:19.360;4.3;34.0;FIN;01:20.588;4.0;32.0
340;POL;01:17.138;4.3;37.0;NED;01:18.798;4.2;36.0;SVK;01:17.737;4.3;34.0;MEX;01:20.566;4.2;34.0;FIN;01:21.788;4.0;32.0
345;POL;01:18.192;4.3;37.0;NED;01:20.015;4.2;36.0;SVK;01:18.950;4.3;34.0;MEX;01:21.615;4.3;34.0;FIN;01:23.103;4.0;32.0
350;POL;01:19.425;4.3;37.0;NED;01:21.093;4.3;36.0;SVK;01:20.007;4.3;34.0;MEX;01:22.863;4.3;34.0;FIN;01:24.357;4.0;32.0
355;POL;01:20.640;4.3;37.0;NED;01:22.331;4.2;36.0;SVK;01:21.251;4.3;34.0;MEX;01:24.063;4.3;34.0;FIN;01:25.487;4.0;33.0
360;POL;01:21.772;4.3;37.0;NED;01:23.576;4.2;36.0;SVK;01:22.468;4.3;34.0;MEX;01:25.121;4.3;34.0;FIN;01:26.775;4.1;33.0
365;POL;01:22.896;4.3;37.0;NED;01:24.732;4.2;36.0;SVK;01:23.509;4.3;34.0;MEX;01:26.372;4.3;33.0;FIN;01:27.955;4.1;33.0
370;POL;01:24.145;4.3;37.0;NED;01:25.857;4.2;36.0;SVK;01:24.760;4.3;34.0;MEX;01:27.500;4.3;33.0;FIN;01:29.118;4.2;33.0
375;POL;01:25.342;4.3;37.0;NED;01:27.115;4.2;36.0;SVK;01:25.946;4.3;34.0;MEX;01:28.628;4.3;33.0;FIN;01:30.380;4.2;32.0
380;POL;01:26.399;4.3;37.0;NED;01:28.320;4.2;35.0;SVK;01:27.009;4.3;33.0;MEX;01:29.876;4.3;33.0;FIN;01:31.491;4.1;32.0
385;POL;01:27.638;4.3;37.0;NED;01:29.394;4.2;35.0;SVK;01:28.248;4.3;33.0;MEX;01:30.944;4.3;33.0;FIN;01:32.738;4.2;32.0
390;POL;01:28.857;4.3;37.0;NED;01:30.657;4.2;35.0;SVK;01:29.420;4.3;33.0;MEX;01:32.131;4.3;33.0;FIN;01:34.007;4.2;32.0
395;POL;01:29.981;4.3;37.0;NED;01:31.880;4.2;35.0;SVK;01:30.482;4.3;34.0;MEX;01:33.361;4.3;33.0;FIN;01:35.105;4.1;32.0
400;POL;01:31.099;4.3;37.0;NED;01:32.967;4.2;35.0;SVK;01:31.709;4.3;34.0;MEX;01:34.432;4.3;34.0;FIN;01:36.377;4.1;32.0
405;POL;01:32.349;4.3;37.0;NED;01:34.194;4.2;35.0;SVK;01:32.870;4.3;34.0;MEX;01:35.672;4.3;34.0;FIN;01:37.644;4.1;32.0
410;POL;01:33.550;4.3;37.0;NED;01:35.458;4.2;35.0;SVK;01:33.966;4.3;34.0;MEX;01:36.950;4.3;33.0;FIN;01:38.793;4.1;32.0
415;POL;01:34.629;4.3;37.0;NED;01:36.631;4.2;35.0;SVK;01:35.220;4.3;34.0;MEX;01:38.040;4.1;34.0;FIN;01:40.122;4.0;33.0
420;POL;01:35.889;4.2;37.0;NED;01:37.770;4.1;35.0;SVK;01:36.418;4.3;34.0;MEX;01:39.323;4.1;33.0;FIN;01:41.432;3.9;33.0
425;POL;01:37.140;4.2;37.0;NED;01:39.053;4.1;35.0;SVK;01:37.537;4.2;34.0;MEX;01:40.588;4.1;33.0;FIN;01:42.627;3.9;33.0
430;POL;01:38.320;4.2;36.0;NED;01:40.277;4.1;35.0;SVK;01:38.806;4.2;34.0;MEX;01:41.641;4.1;32.0;FIN;01:43.893;3.9;33.0
435;POL;01:39.466;4.1;36.0;NED;01:41.348;4.2;35.0;SVK;01:39.991;4.2;34.0;MEX;01:42.925;4.2;32.0;FIN;01:45.190;4.0;32.0
440;POL;01:40.765;4.1;36.0;NED;01:42.628;4.2;35.0;SVK;01:41.122;4.2;34.0;MEX;01:44.159;4.2;32.0;FIN;01:46.328;4.0;32.0
445;POL;01:42.016;4.1;36.0;NED;01:43.879;4.2;35.0;SVK;01:42.391;4.2;34.0;MEX;01:45.225;4.2;33.0;FIN;01:47.602;4.1;32.0
450;POL;01:43.118;4.1;36.0;NED;01:44.952;4.1;35.0;SVK;01:43.578;4.2;34.0;MEX;01:46.522;4.2;33.0;FIN;01:48.894;4.1;32.0
455;POL;01:44.364;4.1;36.0;NED;01:46.206;4.1;35.0;SVK;01:44.684;4.2;33.0;MEX;01:47.751;4.2;33.0;FIN;01:50.012;4.1;31.0
460;POL;01:45.620;4.1;36.0;NED;01:47.450;4.2;35.0;SVK;01:45.926;4.2;33.0;MEX;01:48.809;4.2;33.0;FIN;01:51.302;4.1;31.0
465;POL;01:46.814;4.2;36.0;NED;01:48.585;4.2;35.0;SVK;01:47.090;4.3;34.0;MEX;01:50.073;4.2;33.0;FIN;01:52.563;4.1;32.0
470;POL;01:47.918;4.2;36.0;NED;01:49.740;4.2;35.0;SVK;01:48.188;4.3;34.0;MEX;01:51.192;4.3;33.0;FIN;01:53.686;4.1;31.0
475;POL;01:49.185;4.2;36.0;NED;01:50.966;4.3;35.0;SVK;01:49.415;4.3;34.0;MEX;01:52.270;4.4;33.0;FIN;01:54.929;4.2;32.0
480;POL;01:50.404;4.2;36.0;NED;01:52.132;4.3;35.0;SVK;01:50.536;4.3;34.0;MEX;01:53.506;4.4;33.0;FIN;01:56.150;4.2;31.0
485;POL;01:51.505;4.2;36.0;NED;01:53.284;4.3;35.0;SVK;01:51.664;4.3;34.0;MEX;01:54.630;4.4;34.0;FIN;01:57.286;4.2;31.0
490;POL;01:52.734;4.2;36.0;NED;01:54.520;4.2;35.0;SVK;01:52.869;4.3;34.0;MEX;01:55.727;4.4;34.0;FIN;01:58.544;4.2;32.0
495;POL;01:53.981;4.2;36.0;NED;01:55.729;4.2;35.0;SVK;01:53.963;4.4;34.0;MEX;01:56.939;4.4;34.0;FIN;01:59.686;4.2;32.0
500;POL;01:55.145;4.2;36.0;NED;01:56.808;4.2;35.0;SVK;01:55.126;4.4;34.0;MEX;01:58.047;4.4;34.0;FIN;02:00.862;4.2;32.0
505;POL;01:56.291;4.2;36.0;NED;01:58.079;4.2;35.0;SVK;01:56.351;4.3;34.0;MEX;01:59.156;4.4;34.0;FIN;02:02.092;4.3;32.0
510;POL;01:57.495;4.3;36.0;NED;01:59.307;4.2;35.0;SVK;01:57.428;4.3;34.0;MEX;02:00.361;4.4;34.0;FIN;02:03.159;4.3;32.0
515;POL;01:58.696;4.3;36.0;NED;02:00.381;4.2;35.0;SVK;01:58.592;4.3;34.0;MEX;02:01.425;4.4;34.0;FIN;02:04.408;4.3;32.0
520;POL;01:59.769;4.3;36.0;NED;02:01.625;4.2;35.0;SVK;01:59.782;4.4;34.0;MEX;02:02.578;4.4;34.0;FIN;02:05.624;4.3;32.0
525;POL;02:01.002;4.3;36.0;NED;02:02.829;4.2;35.0;SVK;02:00.815;4.4;34.0;MEX;02:03.765;4.4;34.0;FIN;02:06.702;4.3;32.0
530;POL;02:02.226;4.3;36.0;NED;02:03.872;4.3;35.0;SVK;02:02.010;4.4;34.0;MEX;02:04.784;4.4;34.0;FIN;02:07.941;4.3;32.0
535;POL;02:03.344;4.2;36.0;NED;02:05.070;4.3;35.0;SVK;02:03.165;4.4;34.0;MEX;02:05.956;4.4;34.0;FIN;02:09.073;4.3;32.0
540;POL;02:04.499;4.3;36.0;NED;02:06.261;4.4;35.0;SVK;02:04.182;4.4;34.0;MEX;02:07.130;4.5;34.0;FIN;02:10.207;4.3;32.0
545;POL;02:05.751;4.3;36.0;NED;02:07.309;4.4;35.0;SVK;02:05.389;4.5;34.0;MEX;02:08.156;4.5;35.0;FIN;02:11.420;4.3;33.0
550;POL;02:06.945;4.3;36.0;NED;02:08.495;4.4;35.0;SVK;02:06.499;4.5;34.0;MEX;02:09.306;4.5;35.0;FIN;02:12.475;4.3;33.0
555;POL;02:08.013;4.2;36.0;NED;02:09.705;4.4;35.0;SVK;02:07.591;4.4;34.0;MEX;02:10.494;4.5;36.0;FIN;02:13.686;4.3;33.0
560;POL;02:09.275;4.3;36.0;NED;02:10.785;4.3;35.0;SVK;02:08.766;4.4;34.0;MEX;02:11.500;4.5;36.0;FIN;02:14.886;4.3;33.0
565;POL;02:10.479;4.3;36.0;NED;02:11.941;4.3;35.0;SVK;02:09.761;4.5;34.0;MEX;02:12.666;4.5;36.0;FIN;02:15.966;4.3;33.0
570;POL;02:11.550;4.3;35.0;NED;02:13.154;4.3;35.0;SVK;02:10.950;4.5;34.0;MEX;02:13.822;4.5;36.0;FIN;02:17.232;4.3;33.0
575;POL;02:12.781;4.3;35.0;NED;02:14.260;4.3;35.0;SVK;02:12.107;4.5;34.0;MEX;02:14.842;4.5;35.0;FIN;02:18.350;4.3;33.0
580;POL;02:14.012;4.3;35.0;NED;02:15.374;4.4;35.0;SVK;02:13.130;4.5;34.0;MEX;02:16.027;4.5;35.0;FIN;02:19.519;4.2;32.0
585;POL;02:15.145;4.2;35.0;NED;02:16.594;4.4;35.0;SVK;02:14.330;4.5;34.0;MEX;02:17.185;4.4;35.0;FIN;02:20.748;4.3;32.0
590;POL;02:16.287;4.2;36.0;NED;02:17.711;4.4;35.0;SVK;02:15.446;4.4;34.0;MEX;02:18.219;4.4;35.0;FIN;02:21.809;4.3;32.0
595;POL;02:17.524;4.3;36.0;NED;02:18.861;4.3;35.0;SVK;02:16.501;4.5;34.0;MEX;02:19.465;4.4;35.0;FIN;02:23.073;4.3;32.0
600;POL;02:18.695;4.3;36.0;NED;02:20.055;4.4;35.0;SVK;02:17.680;4.5;34.0;MEX;02:20.657;4.3;35.0;FIN;02:24.279;4.3;32.0
605;POL;02:19.776;4.3;36.0;NED;02:21.186;4.3;35.0;SVK;02:18.718;4.5;34.0;MEX;02:21.652;4.3;35.0;FIN;02:25.355;4.2;32.0
610;POL;02:21.036;4.3;36.0;NED;02:22.292;4.3;35.0;SVK;02:19.870;4.5;34.0;MEX;02:22.871;4.4;35.0;FIN;02:26.574;4.3;32.0
615;POL;02:22.245;4.3;36.0;NED;02:23.503;4.3;35.0;SVK;02:21.029;4.5;34.0;MEX;02:23.982;4.5;35.0;FIN;02:27.679;4.3;32.0
620;POL;02:23.305;4.3;36.0;NED;02:24.618;4.4;35.0;SVK;02:22.055;4.5;34.0;MEX;02:25.008;4.5;35.0;FIN;02:28.849;4.4;32.0
625;POL;02:24.581;4.2;35.0;NED;02:25.740;4.4;35.0;SVK;02:23.233;4.5;34.0;MEX;02:26.212;4.5;36.0;FIN;02:30.076;4.3;33.0
630;POL;02:25.801;4.2;35.0;NED;02:26.958;4.4;35.0;SVK;02:24.375;4.5;34.0;MEX;02:27.326;4.5;36.0;FIN;02:31.151;4.3;33.0
635;POL;02:26.895;4.2;35.0;NED;02:28.072;4.3;35.0;SVK;02:25.451;4.4;34.0;MEX;02:28.336;4.5;36.0;FIN;02:32.395;4.3;33.0
640;POL;02:28.121;4.2;35.0;NED;02:29.202;4.3;35.0;SVK;02:26.619;4.4;34.0;MEX;02:29.531;4.5;36.0;FIN;02:33.620;4.2;33.0
645;POL;02:29.366;4.2;35.0;NED;02:30.425;4.3;35.0;SVK;02:27.703;4.4;34.0;MEX;02:30.669;4.5;35.0;FIN;02:34.712;4.2;32.0
650;POL;02:30.510;4.2;35.0;NED;02:31.544;4.3;35.0;SVK;02:28.844;4.4;34.0;MEX;02:31.699;4.5;35.0;FIN;02:36.000;4.2;32.0
655;POL;02:31.665;4.2;35.0;NED;02:32.661;4.3;35.0;SVK;02:30.053;4.4;34.0;MEX;02:32.901;4.4;35.0;FIN;02:37.192;4.2;32.0
660;POL;02:32.935;4.2;35.0;NED;02:33.899;4.3;35.0;SVK;02:31.089;4.4;34.0;MEX;02:34.065;4.4;36.0;FIN;02:38.379;4.1;32.0
665;POL;02:34.136;4.2;35.0;NED;02:35.045;4.3;35.0;SVK;02:32.285;4.4;34.0;MEX;02:35.099;4.4;36.0;FIN;02:39.645;4.1;31.0
670;POL;02:35.233;4.2;35.0;NED;02:36.148;4.3;35.0;SVK;02:33.475;4.4;34.0;MEX;02:36.324;4.4;36.0;FIN;02:40.745;4.1;31.0
675;POL;02:36.519;4.2;35.0;NED;02:37.395;4.3;35.0;SVK;02:34.497;4.4;34.0;MEX;02:37.496;4.4;36.0;FIN;02:41.998;4.2;31.0
680;POL;02:37.761;4.2;35.0;NED;02:38.589;4.3;35.0;SVK;02:35.719;4.4;34.0;MEX;02:38.532;4.4;35.0;FIN;02:43.250;4.2;31.0
685;POL;02:38.891;4.1;35.0;NED;02:39.696;4.3;35.0;SVK;02:36.912;4.4;34.0;MEX;02:39.764;4.4;35.0;FIN;02:44.354;4.2;31.0
690;POL;02:40.125;4.1;35.0;NED;02:40.980;4.2;35.0;SVK;02:37.980;4.3;34.0;MEX;02:40.948;4.4;35.0;FIN;02:45.652;4.2;31.0
695;POL;02:41.399;4.1;35.0;NED;02:42.185;4.2;35.0;SVK;02:39.245;4.3;34.0;MEX;02:42.001;4.3;35.0;FIN;02:46.879;4.1;31.0
700;POL;02:42.638;4.1;35.0;NED;02:43.293;4.2;35.0;SVK;02:40.411;4.3;34.0;MEX;02:43.251;4.3;35.0;FIN;02:48.072;4.1;31.0
705;POL;02:43.777;4.1;35.0;NED;02:44.607;4.1;35.0;SVK;02:41.481;4.3;34.0;MEX;02:44.483;4.3;35.0;FIN;02:49.343;4.1;31.0
710;POL;02:45.117;4.0;35.0;NED;02:45.890;4.1;35.0;SVK;02:42.726;4.3;34.0;MEX;02:45.547;4.2;35.0;FIN;02:50.531;4.1;31.0
715;POL;02:46.414;4.0;35.0;NED;02:47.041;4.0;34.0;SVK;02:43.907;4.3;34.0;MEX;02:46.784;4.2;35.0;FIN;02:51.776;4.0;31.0
720;POL;02:47.590;3.9;35.0;NED;02:48.263;4.1;34.0;SVK;02:44.993;4.3;34.0;MEX;02:48.037;4.2;35.0;FIN;02:53.044;4.1;31.0
725;POL;02:48.838;3.9;35.0;NED;02:49.553;4.1;34.0;SVK;02:46.260;4.3;34.0;MEX;02:49.138;4.2;34.0;FIN;02:54.180;4.1;31.0
730;POL;02:50.182;3.9;35.0;NED;02:50.769;4.1;34.0;SVK;02:47.479;4.2;34.0;MEX;02:50.406;4.2;34.0;FIN;02:55.461;4.1;31.0
735;POL;02:51.481;3.9;35.0;NED;02:51.904;4.1;34.0;SVK;02:48.600;4.2;34.0;MEX;02:51.690;4.1;34.0;FIN;02:56.740;4.1;32.0
740;POL;02:52.640;3.9;35.0;NED;02:53.205;4.1;34.0;SVK;02:49.886;4.1;34.0;MEX;02:52.795;4.1;33.0;FIN;02:57.842;4.1;32.0
745;POL;02:53.932;3.9;35.0;NED;02:54.460;4.1;34.0;SVK;02:51.108;4.1;34.0;MEX;02:54.078;4.1;33.0;FIN;02:59.171;4.1;32.0
750;POL;02:55.257;3.9;35.0;NED;02:55.569;4.1;34.0;SVK;02:52.254;4.1;33.0;MEX;02:55.363;4.1;33.0;FIN;03:00.460;4.1;32.0
755;POL;02:56.542;3.9;35.0;NED;02:56.891;4.1;34.0;SVK;02:53.512;4.1;33.0;MEX;02:56.457;4.1;33.0;FIN;03:01.610;4.0;32.0
760;POL;02:57.682;3.9;35.0;NED;02:58.185;4.0;34.0;SVK;02:54.772;4.1;33.0;MEX;02:57.728;4.1;33.0;FIN;03:02.953;4.0;31.0
765;POL;02:59.037;3.9;35.0;NED;02:59.353;4.0;34.0;SVK;02:55.883;4.1;33.0;MEX;02:59.009;4.1;33.0;FIN;03:04.281;3.9;31.0
770;POL;03:00.376;3.9;35.0;NED;03:00.594;4.0;34.0;SVK;02:57.207;4.1;33.0;MEX;03:00.136;4.1;33.0;FIN;03:05.461;3.9;31.0
775;POL;03:01.658;3.9;35.0;NED;03:01.910;4.0;34.0;SVK;02:58.453;4.1;33.0;MEX;03:01.427;4.1;33.0;FIN;03:06.851;3.8;31.0
780;POL;03:02.804;3.9;35.0;NED;03:03.172;4.0;34.0;SVK;02:59.548;4.1;33.0;MEX;03:02.745;4.0;33.0;FIN;03:08.141;3.8;31.0
785;POL;03:04.163;3.9;35.0;NED;03:04.301;4.0;34.0;SVK;03:00.847;4.1;33.0;MEX;03:03.870;4.0;33.0;FIN;03:09.282;3.9;31.0
790;POL;03:05.442;4.0;35.0;NED;03:05.616;4.0;34.0;SVK;03:02.091;4.1;33.0;MEX;03:05.153;4.0;33.0;FIN;03:10.616;4.0;31.0
795;POL;03:06.640;4.0;35.0;NED;03:06.900;4.0;34.0;SVK;03:03.175;4.1;33.0;MEX;03:06.424;4.1;33.0;FIN;03:11.908;4.0;31.0
800;POL;03:07.828;4.0;35.0;NED;03:08.054;4.0;34.0;SVK;03:04.459;4.2;33.0;MEX;03:07.537;4.1;33.0;FIN;03:13.074;4.0;31.0
805;POL;03:09.165;4.0;35.0;NED;03:09.292;4.1;34.0;SVK;03:05.695;4.2;33.0;MEX;03:08.780;4.1;33.0;FIN;03:14.396;4.0;31.0
810;POL;03:10.462;4.0;35.0;NED;03:10.591;4.1;34.0;SVK;03:06.776;4.2;33.0;MEX;03:10.057;4.1;33.0;FIN;03:15.636;4.0;31.0
815;POL;03:11.613;4.0;35.0;NED;03:11.823;4.1;34.0;SVK;03:08.054;4.2;33.0;MEX;03:11.158;4.1;33.0;FIN;03:16.779;4.0;31.0
820;POL;03:12.922;3.9;35.0;NED;03:12.970;4.1;34.0;SVK;03:09.283;4.2;33.0;MEX;03:12.385;4.2;33.0;FIN;03:18.055;4.1;32.0
825;POL;03:14.243;3.9;35.0;NED;03:14.284;4.0;34.0;SVK;03:10.361;4.2;33.0;MEX;03:13.616;4.2;33.0;FIN;03:19.181;4.1;32.0
830;POL;03:15.514;3.9;34.0;NED;03:15.545;4.0;34.0;SVK;03:11.628;4.2;33.0;MEX;03:14.671;4.2;33.0;FIN;03:20.449;4.1;32.0
835;POL;03:16.661;3.9;34.0;NED;03:16.641;4.1;34.0;SVK;03:12.830;4.2;33.0;MEX;03:15.920;4.3;33.0;FIN;03:21.711;4.1;32.0
840;POL;03:18.020;3.9;34.0;NED;03:17.948;4.1;34.0;SVK;03:13.936;4.2;33.0;MEX;03:17.157;4.3;33.0;FIN;03:22.821;4.1;32.0
845;POL;03:19.325;3.9;34.0;NED;03:19.240;4.1;34.0;SVK;03:15.208;4.2;33.0;MEX;03:18.216;4.3;33.0;FIN;03:24.118;4.1;31.0
850;POL;03:20.549;3.9;35.0;NED;03:20.390;4.1;34.0;SVK;03:16.394;4.2;33.0;MEX;03:19.474;4.2;33.0;FIN;03:25.395;4.1;31.0
855;POL;03:21.721;4.0;35.0;NED;03:21.573;4.1;34.0;SVK;03:17.522;4.2;33.0;MEX;03:20.715;4.2;33.0;FIN;03:26.513;4.1;31.0
860;POL;03:23.042;4.0;35.0;NED;03:22.868;4.1;34.0;SVK;03:18.786;4.2;33.0;MEX;03:21.789;4.2;33.0;FIN;03:27.830;4.1;31.0
865;POL;03:24.333;4.0;35.0;NED;03:24.127;4.1;34.0;SVK;03:19.962;4.2;33.0;MEX;03:23.046;4.2;33.0;FIN;03:29.113;4.0;31.0
870;POL;03:25.489;4.0;35.0;NED;03:25.250;4.1;34.0;SVK;03:21.136;4.2;33.0;MEX;03:24.298;4.2;33.0;FIN;03:30.291;4.0;31.0
875;POL;03:26.783;4.0;35.0;NED;03:26.582;4.0;34.0;SVK;03:22.402;4.2;33.0;MEX;03:25.362;4.2;33.0;FIN;03:31.592;4.0;32.0
880;POL;03:28.113;3.9;35.0;NED;03:27.837;4.0;34.0;SVK;03:23.593;4.1;33.0;MEX;03:26.635;4.2;33.0;FIN;03:32.903;4.0;32.0
885;POL;03:29.382;3.9;35.0;NED;03:28.956;4.1;34.0;SVK;03:24.754;4.1;33.0;MEX;03:27.872;4.2;34.0;FIN;03:34.088;3.9;31.0
890;POL;03:30.540;3.9;35.0;NED;03:30.237;4.1;34.0;SVK;03:26.037;4.1;33.0;MEX;03:28.953;4.2;34.0;FIN;03:35.463;3.9;31.0
895;POL;03:31.874;3.9;35.0;NED;03:31.544;4.1;34.0;SVK;03:27.263;4.1;33.0;MEX;03:30.194;4.2;34.0;FIN;03:36.799;3.8;31.0
900;POL;03:33.176;3.9;35.0;NED;03:32.747;4.0;34.0;SVK;03:28.439;4.1;33.0;MEX;03:31.453;4.2;34.0;FIN;03:38.002;3.8;31.0
905;POL;03:34.383;4.0;35.0;NED;03:33.922;4.0;34.0;SVK;03:29.706;4.1;33.0;MEX;03:32.561;4.2;34.0;FIN;03:39.381;3.8;31.0
910;POL;03:35.581;4.0;34.0;NED;03:35.236;4.0;34.0;SVK;03:30.926;4.1;33.0;MEX;03:33.781;4.2;34.0;FIN;03:40.717;3.8;31.0
915;POL;03:36.896;4.0;34.0;NED;03:36.506;4.0;34.0;SVK;03:32.074;4.1;33.0;MEX;03:35.038;4.2;34.0;FIN;03:41.894;3.8;31.0
920;POL;03:38.163;4.0;34.0;NED;03:37.608;4.1;34.0;SVK;03:33.365;4.1;33.0;MEX;03:36.191;4.2;34.0;FIN;03:43.243;3.9;31.0
925;POL;03:39.293;4.0;34.0;NED;03:38.947;4.1;34.0;SVK;03:34.590;4.1;33.0;MEX;03:37.371;4.1;34.0;FIN;03:44.536;3.9;31.0
930;POL;03:40.648;4.0;34.0;NED;03:40.245;4.0;34.0;SVK;03:35.761;4.1;33.0;MEX;03:38.655;4.1;34.0;FIN;03:45.713;3.9;31.0
935;POL;03:41.993;3.9;34.0;NED;03:41.456;4.0;34.0;SVK;03:37.043;4.1;33.0;MEX;03:39.793;4.2;34.0;FIN;03:47.031;4.0;31.0
940;POL;03:43.280;3.9;34.0;NED;03:42.715;3.9;34.0;SVK;03:38.289;4.1;33.0;MEX;03:40.939;4.2;34.0;FIN;03:48.261;4.0;31.0
945;POL;03:44.468;3.8;34.0;NED;03:44.064;3.9;34.0;SVK;03:39.433;4.1;33.0;MEX;03:42.192;4.2;34.0;FIN;03:49.446;4.0;31.0
950;POL;03:45.838;3.9;34.0;NED;03:45.352;3.9;34.0;SVK;03:40.749;4.1;33.0;MEX;03:43.364;4.2;34.0;FIN;03:50.759;4.1;31.0
955;POL;03:47.157;3.9;34.0;NED;03:46.502;3.9;34.0;SVK;03:42.012;4.0;33.0;MEX;03:44.483;4.2;34.0;FIN;03:51.968;4.0;31.0
960;POL;03:48.344;3.9;34.0;NED;03:47.858;3.9;34.0;SVK;03:43.127;4.0;33.0;MEX;03:45.765;4.2;34.0;FIN;03:53.232;4.0;31.0
965;POL;03:49.621;3.9;34.0;NED;03:49.167;3.9;34.0;SVK;03:44.448;4.1;33.0;MEX;03:46.982;4.2;34.0;FIN;03:54.547;3.9;32.0
970;POL;03:50.968;3.9;34.0;NED;03:50.330;3.9;34.0;SVK;03:45.742;4.0;33.0;MEX;03:48.104;4.1;34.0;FIN;03:55.696;3.9;32.0
975;POL;03:52.272;3.9;34.0;NED;03:51.591;4.0;34.0;SVK;03:46.878;4.0;33.0;MEX;03:49.433;4.1;34.0;FIN;03:56.936;4.0;31.0
980;POL;03:53.423;3.9;34.0;NED;03:52.902;4.0;34.0;SVK;03:48.147;4.0;33.0;MEX;03:50.661;4.1;34.0;FIN;03:58.191;4.2;31.0
985;POL;03:54.789;3.9;34.0;NED;03:54.128;4.0;34.0;SVK;03:49.421;4.1;33.0;MEX;03:51.704;4.1;34.0;FIN;03:59.271;4.2;31.0
990;POL;03:56.083;3.9;34.0;NED;03:55.288;4.0;34.0;SVK;03:50.503;4.1;33.0;MEX;03:52.942;4.2;35.0;FIN;04:00.583;4.2;32.0
995;POL;03:57.342;3.9;34.0;NED;03:56.585;4.1;34.0;SVK;03:51.728;4.2;34.0;MEX;03:54.133;4.3;35.0;FIN;04:01.840;4.1;32.0
1000;POL;03:58.485;4.0;34.0;NED;03:57.792;4.1;34.0;SVK;03:52.947;4.2;34.0;MEX;03:55.151;4.4;35.0;FIN;04:02.942;4.1;32.0
1005;POL;03:59.807;4.0;35.0;NED;03:58.892;4.1;34.0;SVK;03:53.997;4.3;34.0;MEX;03:56.374;4.4;35.0;FIN;04:04.236;4.1;32.0
1010;POL;04:01.080;4.0;35.0;NED;04:00.174;4.2;34.0;SVK;03:55.239;4.3;34.0;MEX;03:57.605;4.3;35.0;FIN;04:05.472;4.1;32.0
1015;POL;04:02.219;4.1;35.0;NED;04:01.386;4.2;34.0;SVK;03:56.462;4.3;34.0;MEX;03:58.713;4.3;35.0;FIN;04:06.604;4.1;32.0
1020;POL;04:03.459;4.1;35.0;NED;04:02.479;4.2;34.0;SVK;03:57.522;4.3;34.0;MEX;03:59.853;4.3;35.0;FIN;04:07.903;4.1;32.0
1025;POL;04:04.700;4.1;35.0;NED;04:03.777;4.2;34.0;SVK;03:58.769;4.3;34.0;MEX;04:01.051;4.3;36.0;FIN;04:09.121;4.1;32.0
1030;POL;04:05.931;4.1;35.0;NED;04:05.033;4.1;34.0;SVK;04:00.003;4.3;34.0;MEX;04:02.224;4.3;36.0;FIN;04:10.328;4.1;32.0
1035;POL;04:07.075;4.1;35.0;NED;04:06.137;4.1;34.0;SVK;04:01.072;4.2;34.0;MEX;04:03.306;4.3;36.0;FIN;04:11.647;4.0;31.0
1040;POL;04:08.415;4.0;35.0;NED;04:07.468;4.1;34.0;SVK;04:02.345;4.2;34.0;MEX;04:04.548;4.3;36.0;FIN;04:12.841;4.0;31.0
1045;POL;04:09.709;4.0;35.0;NED;04:08.746;4.0;34.0;SVK;04:03.602;4.2;34.0;MEX;04:05.757;4.3;36.0;FIN;04:14.143;3.9;31.0
1050;POL;04:10.874;4.0;34.0;NED;04:09.890;4.0;34.0;SVK;04:04.676;4.1;34.0;MEX;04:06.817;4.3;36.0;FIN;04:15.489;3.9;31.0
1055;POL;04:12.148;4.0;34.0;NED;04:11.129;4.0;34.0;SVK;04:05.952;4.1;34.0;MEX;04:08.082;4.3;36.0;FIN;04:16.714;3.9;31.0
1060;POL;04:13.476;4.0;34.0;NED;04:12.413;4.1;34.0;SVK;04:07.205;4.2;33.0;MEX;04:09.276;4.3;36.0;FIN;04:18.061;3.8;31.0
1065;POL;04:14.749;3.9;34.0;NED;04:13.617;4.1;34.0;SVK;04:08.291;4.2;33.0;MEX;04:10.354;4.3;36.0;FIN;04:19.443;3.8;31.0
1070;POL;04:15.915;3.9;34.0;NED;04:14.762;4.1;34.0;SVK;04:09.599;4.1;33.0;MEX;04:11.520;4.3;36.0;FIN;04:20.691;3.8;31.0
1075;POL;04:17.283;3.9;34.0;NED;04:16.084;4.1;34.0;SVK;04:10.892;4.1;33.0;MEX;04:12.727;4.3;36.0;FIN;04:21.990;3.8;31.0
1080;POL;04:18.625;3.9;34.0;NED;04:17.366;4.1;34.0;SVK;04:12.002;4.0;33.0;MEX;04:13.838;4.4;36.0;FIN;04:23.334;3.8;31.0
1085;POL;04:19.893;3.8;34.0;NED;04:18.482;4.0;34.0;SVK;04:13.296;4.0;33.0;MEX;04:14.949;4.4;36.0;FIN;04:24.488;3.9;31.0
1090;POL;04:21.062;3.9;34.0;NED;04:19.793;4.0;34.0;SVK;04:14.555;4.1;33.0;MEX;04:16.154;4.4;36.0;FIN;04:25.819;3.9;31.0
1095;POL;04:22.417;3.9;34.0;NED;04:21.064;4.0;34.0;SVK;04:15.671;4.1;33.0;MEX;04:17.312;4.4;36.0;FIN;04:27.150;4.0;31.0
1100;POL;04:23.687;4.0;34.0;NED;04:22.232;4.1;34.0;SVK;04:16.897;4.2;33.0;MEX;04:18.373;4.4;36.0;FIN;04:28.304;3.9;30.0
1105;POL;04:24.847;4.0;34.0;NED;04:23.482;4.1;35.0;SVK;04:18.164;4.2;33.0;MEX;04:19.612;4.3;36.0;FIN;04:29.645;3.9;30.0
1110;POL;04:26.112;4.0;34.0;NED;04:24.763;4.1;35.0;SVK;04:19.307;4.1;33.0;MEX;04:20.805;4.3;36.0;FIN;04:30.972;3.9;31.0
1115;POL;04:27.430;4.0;34.0;NED;04:26.028;4.0;35.0;SVK;04:20.524;4.1;33.0;MEX;04:21.863;4.3;35.0;FIN;04:32.107;3.9;31.0
1120;POL;04:28.697;4.0;34.0;NED;04:27.142;4.0;35.0;SVK;04:21.798;4.1;33.0;MEX;04:23.113;4.3;35.0;FIN;04:33.451;3.9;31.0
1125;POL;04:29.830;4.0;34.0;NED;04:28.446;4.0;35.0;SVK;04:22.997;4.1;33.0;MEX;04:24.343;4.3;35.0;FIN;04:34.762;3.9;31.0
1130;POL;04:31.166;4.0;34.0;NED;04:29.720;4.1;35.0;SVK;04:24.195;4.1;34.0;MEX;04:25.411;4.2;35.0;FIN;04:35.913;3.9;31.0
1135;POL;04:32.457;4.0;34.0;NED;04:30.887;4.1;35.0;SVK;04:25.439;4.1;34.0;MEX;04:26.655;4.2;35.0;FIN;04:37.257;3.9;31.0
1140;POL;04:33.605;4.0;34.0;NED;04:32.117;4.1;35.0;SVK;04:26.651;4.1;34.0;MEX;04:27.890;4.2;35.0;FIN;04:38.580;3.9;32.0
1145;POL;04:34.846;4.0;34.0;NED;04:33.439;4.0;35.0;SVK;04:27.760;4.2;34.0;MEX;04:28.983;4.2;35.0;FIN;04:39.735;3.9;31.0
1150;POL;04:36.146;4.1;34.0;NED;04:34.719;4.0;34.0;SVK;04:29.067;4.2;34.0;MEX;04:30.177;4.3;35.0;FIN;04:41.096;3.9;31.0
1155;POL;04:37.411;4.1;34.0;NED;04:35.892;3.9;34.0;SVK;04:30.332;4.1;34.0;MEX;04:31.452;4.3;35.0;FIN;04:42.412;3.9;31.0
1160;POL;04:38.577;4.0;34.0;NED;04:37.204;3.9;34.0;SVK;04:31.497;4.0;34.0;MEX;04:32.614;4.2;35.0;FIN;04:43.635;3.9;30.0
1165;POL;04:39.935;3.9;34.0;NED;04:38.499;3.9;34.0;SVK;04:32.790;4.0;33.0;MEX;04:33.775;4.1;35.0;FIN;04:44.976;3.9;30.0
1170;POL;04:41.246;3.9;34.0;NED;04:39.601;4.0;34.0;SVK;04:34.080;4.0;33.0;MEX;04:35.047;4.1;34.0;FIN;04:46.273;3.9;30.0
1175;POL;04:42.434;3.9;34.0;NED;04:40.926;4.0;33.0;SVK;04:35.205;4.0;33.0;MEX;04:36.174;4.2;34.0;FIN;04:47.499;3.8;30.0
1180;POL;04:43.682;3.9;34.0;NED;04:42.239;4.0;33.0;SVK;04:36.519;4.0;33.0;MEX;04:37.313;4.3;35.0;FIN;04:48.855;3.9;30.0
1185;POL;04:45.006;4.0;34.0;NED;04:43.376;4.0;33.0;SVK;04:37.808;4.0;33.0;MEX;04:38.577;4.3;35.0;FIN;04:50.139;3.9;30.0
1190;POL;04:46.273;4.0;34.0;NED;04:44.620;4.0;33.0;SVK;04:38.929;4.0;33.0;MEX;04:39.760;4.2;35.0;FIN;04:51.417;3.8;30.0
1195;POL;04:47.392;4.0;34.0;NED;04:45.923;4.1;33.0;SVK;04:40.213;4.1;33.0;MEX;04:40.863;4.2;34.0;FIN;04:52.774;3.8;30.0
1200;POL;04:48.721;4.0;34.0;NED;04:47.142;4.1;33.0;SVK;04:41.491;4.1;33.0;MEX;04:42.139;4.2;34.0;FIN;04:53.997;3.8;30.0
1205;POL;04:49.994;4.0;34.0;NED;04:48.277;4.1;33.0;SVK;04:42.634;4.1;33.0;MEX;04:43.357;4.2;34.0;FIN;04:55.285;3.8;31.0
1210;POL;04:51.106;4.0;34.0;NED;04:49.576;4.1;34.0;SVK;04:43.912;4.1;33.0;MEX;04:44.443;4.2;34.0;FIN;04:56.632;3.9;31.0
1215;POL;04:52.359;4.1;34.0;NED;04:50.817;4.1;34.0;SVK;04:45.208;4.0;33.0;MEX;04:45.710;4.2;34.0;FIN;04:57.857;3.9;31.0
1220;POL;04:53.647;4.1;34.0;NED;04:51.914;4.1;34.0;SVK;04:46.349;4.0;33.0;MEX;04:46.931;4.2;34.0;FIN;04:59.162;3.9;30.0
1225;POL;04:54.863;4.1;34.0;NED;04:53.216;4.1;34.0;SVK;04:47.550;4.1;33.0;MEX;04:48.009;4.2;34.0;FIN;05:00.514;3.9;30.0
1230;POL;04:55.996;4.1;34.0;NED;04:54.477;4.1;34.0;SVK;04:48.826;4.1;33.0;MEX;04:49.289;4.2;34.0;FIN;05:01.670;3.9;30.0
1235;POL;04:57.296;4.1;34.0;NED;04:55.564;4.1;34.0;SVK;04:49.989;4.1;33.0;MEX;04:50.522;4.2;34.0;FIN;05:03.051;3.9;30.0
1240;POL;04:58.547;4.1;34.0;NED;04:56.874;4.1;34.0;SVK;04:51.226;4.1;33.0;MEX;04:51.592;4.2;34.0;FIN;05:04.348;3.9;30.0
1245;POL;04:59.657;4.1;34.0;NED;04:58.163;4.1;34.0;SVK;04:52.510;4.1;33.0;MEX;04:52.860;4.2;34.0;FIN;05:05.472;3.9;30.0
1250;POL;05:00.978;4.1;34.0;NED;04:59.299;4.0;34.0;SVK;04:53.737;4.0;33.0;MEX;04:54.123;4.2;34.0;FIN;05:06.799;4.0;30.0
1255;POL;05:02.273;4.0;34.0;NED;05:00.578;4.0;34.0;SVK;04:54.903;4.0;33.0;MEX;04:55.194;4.2;34.0;FIN;05:08.057;4.0;31.0
1260;POL;05:03.471;4.0;34.0;NED;05:01.886;4.0;34.0;SVK;04:56.205;4.0;33.0;MEX;04:56.472;4.1;34.0;FIN;05:09.247;4.0;31.0
1265;POL;05:04.671;4.0;34.0;NED;05:03.098;4.0;34.0;SVK;04:57.444;4.1;33.0;MEX;04:57.722;4.1;33.0;FIN;05:10.525;4.1;31.0
1270;POL;05:05.997;4.0;34.0;NED;05:04.300;4.0;34.0;SVK;04:58.601;4.1;33.0;MEX;04:58.800;4.2;33.0;FIN;05:11.713;4.0;31.0
1275;POL;05:07.273;4.0;34.0;NED;05:05.627;4.0;34.0;SVK;04:59.909;4.1;33.0;MEX;05:00.097;4.2;33.0;FIN;05:12.950;4.0;31.0
1280;POL;05:08.392;4.0;34.0;NED;05:06.884;4.0;34.0;SVK;05:01.163;4.0;33.0;MEX;05:01.359;4.1;33.0;FIN;05:14.223;4.1;31.0
1285;POL;05:09.692;4.0;35.0;NED;05:07.981;4.0;34.0;SVK;05:02.294;4.1;33.0;MEX;05:02.434;4.1;33.0;FIN;05:15.307;4.1;31.0
1290;POL;05:10.972;4.0;35.0;NED;05:09.291;4.1;34.0;SVK;05:03.589;4.1;33.0;MEX;05:03.688;4.1;33.0;FIN;05:16.581;4.1;31.0
1295;POL;05:12.143;4.1;35.0;NED;05:10.529;4.1;34.0;SVK;05:04.806;4.1;33.0;MEX;05:04.916;4.2;33.0;FIN;05:17.813;4.2;32.0
1300;POL;05:13.324;4.1;35.0;NED;05:11.600;4.1;34.0;SVK;05:05.899;4.1;33.0;MEX;05:05.960;4.3;34.0;FIN;05:18.898;4.2;32.0
1305;POL;05:14.600;4.1;35.0;NED;05:12.886;4.2;34.0;SVK;05:07.151;4.2;33.0;MEX;05:07.214;4.3;34.0;FIN;05:20.171;4.2;32.0
1310;POL;05:15.826;4.1;35.0;NED;05:14.123;4.2;34.0;SVK;05:08.337;4.3;33.0;MEX;05:08.424;4.3;34.0;FIN;05:21.377;4.2;32.0
1315;POL;05:16.936;4.1;35.0;NED;05:15.211;4.2;34.0;SVK;05:09.423;4.3;33.0;MEX;05:09.478;4.3;34.0;FIN;05:22.499;4.2;32.0
1320;POL;05:18.236;4.1;35.0;NED;05:16.512;4.2;34.0;SVK;05:10.678;4.3;34.0;MEX;05:10.742;4.3;33.0;FIN;05:23.755;4.2;32.0
1325;POL;05:19.478;4.1;34.0;NED;05:17.763;4.1;34.0;SVK;05:11.868;4.3;34.0;MEX;05:11.920;4.3;33.0;FIN;05:24.901;4.2;32.0
1330;POL;05:20.550;4.1;34.0;NED;05:18.849;4.1;34.0;SVK;05:12.949;4.3;34.0;MEX;05:13.008;4.3;33.0;FIN;05:26.111;4.2;32.0
1335;POL;05:21.828;4.2;34.0;NED;05:20.131;4.1;34.0;SVK;05:14.212;4.3;34.0;MEX;05:14.273;4.3;33.0;FIN;05:27.386;4.2;32.0
1340;POL;05:23.076;4.2;34.0;NED;05:21.378;4.2;34.0;SVK;05:15.435;4.2;34.0;MEX;05:15.409;4.3;33.0;FIN;05:28.496;4.1;32.0
1345;POL;05:24.181;4.2;34.0;NED;05:22.482;4.2;34.0;SVK;05:16.520;4.2;34.0;MEX;05:16.530;4.3;33.0;FIN;05:29.792;4.1;32.0
1350;POL;05:25.446;4.1;34.0;NED;05:23.704;4.2;34.0;SVK;05:17.798;4.2;34.0;MEX;05:17.757;4.3;33.0;FIN;05:31.093;4.1;32.0
1355;POL;05:26.692;4.1;34.0;NED;05:24.970;4.2;34.0;SVK;05:19.037;4.2;34.0;MEX;05:18.907;4.3;33.0;FIN;05:32.240;4.0;32.0
1360;POL;05:27.842;4.1;34.0;NED;05:26.123;4.2;34.0;SVK;05:20.131;4.2;34.0;MEX;05:20.015;4.3;34.0;FIN;05:33.666;3.9;32.0
1365;POL;05:29.074;4.1;34.0;NED;05:27.277;4.2;34.0;SVK;05:21.406;4.1;34.0;MEX;05:21.275;4.3;34.0;FIN;05:35.103;3.7;32.0
1370;POL;05:30.315;4.1;34.0;NED;05:28.539;4.2;34.0;SVK;05:22.640;4.1;34.0;MEX;05:22.439;4.3;35.0;FIN;05:36.499;3.5;33.0
1375;POL;05:31.529;4.1;34.0;NED;05:29.712;4.2;34.0;SVK;05:23.707;4.2;34.0;MEX;05:23.530;4.3;35.0;FIN;05:37.744;3.6;33.0
1380;POL;05:32.673;4.1;34.0;NED;05:30.858;4.2;34.0;SVK;05:24.969;4.2;34.0;MEX;05:24.783;4.3;34.0;FIN;05:39.131;3.7;32.0
1385;POL;05:34.002;4.1;34.0;NED;05:32.148;4.2;34.0;SVK;05:26.198;4.2;34.0;MEX;05:25.924;4.3;34.0;FIN;05:40.468;3.8;32.0
1390;POL;05:35.238;4.1;34.0;NED;05:33.357;4.1;34.0;SVK;05:27.271;4.2;34.0;MEX;05:27.075;4.3;34.0;FIN;05:41.740;3.8;33.0
1395;POL;05:36.325;4.1;34.0;NED;05:34.473;4.1;34.0;SVK;05:28.549;4.2;34.0;MEX;05:28.335;4.3;34.0;FIN;05:42.996;3.9;33.0
1400;POL;05:37.611;4.1;34.0;NED;05:35.770;4.1;34.0;SVK;05:29.800;4.2;34.0;MEX;05:29.442;4.2;33.0;FIN;05:44.334;3.9;33.0
1405;POL;05:38.839;4.2;34.0;NED;05:36.997;4.1;34.0;SVK;05:30.892;4.1;34.0;MEX;05:30.601;4.3;33.0;FIN;05:45.615;3.9;32.0
1410;POL;05:39.933;4.2;34.0;NED;05:38.080;4.1;34.0;SVK;05:32.163;4.1;33.0;MEX;05:31.824;4.3;33.0;FIN;05:46.817;3.9;32.0
1415;POL;05:41.241;4.2;34.0;NED;05:39.383;4.1;34.0;SVK;05:33.382;4.2;33.0;MEX;05:32.895;4.3;33.0;FIN;05:48.156;3.9;32.0
1420;POL;05:42.535;4.1;34.0;NED;05:40.647;4.1;34.0;SVK;05:34.451;4.2;33.0;MEX;05:34.120;4.3;34.0;FIN;05:49.420;3.9;32.0
1425;POL;05:43.680;4.0;34.0;NED;05:41.741;4.1;34.0;SVK;05:35.704;4.3;34.0;MEX;05:35.324;4.3;34.0;FIN;05:50.604;4.0;32.0
1430;POL;05:44.911;4.0;34.0;NED;05:43.033;4.1;34.0;SVK;05:36.959;4.2;34.0;MEX;05:36.438;4.3;34.0;FIN;05:51.893;4.0;32.0
1435;POL;05:46.191;4.1;34.0;NED;05:44.294;4.1;34.0;SVK;05:38.078;4.2;34.0;MEX;05:37.595;4.3;34.0;FIN;05:53.114;4.1;32.0
1440;POL;05:47.358;4.1;34.0;NED;05:45.389;4.1;34.0;SVK;05:39.277;4.2;34.0;MEX;05:38.832;4.3;35.0;FIN;05:54.311;4.0;32.0
1445;POL;05:48.526;4.1;34.0;NED;05:46.648;4.1;34.0;SVK;05:40.507;4.2;34.0;MEX;05:39.933;4.3;35.0;FIN;05:55.612;4.1;32.0
1450;POL;05:49.810;4.1;34.0;NED;05:47.908;4.1;34.0;SVK;05:41.570;4.3;34.0;MEX;05:41.100;4.3;34.0;FIN;05:56.772;4.1;32.0
1455;POL;05:51.019;4.1;34.0;NED;05:49.019;4.1;34.0;SVK;05:42.808;4.3;34.0;MEX;05:42.331;4.3;34.0;FIN;05:57.999;4.1;32.0
1460;POL;05:52.157;4.1;34.0;NED;05:50.239;4.2;34.0;SVK;05:44.048;4.3;34.0;MEX;05:43.410;4.3;34.0;FIN;05:59.283;4.1;32.0
1465;POL;05:53.451;4.1;34.0;NED;05:51.503;4.2;34.0;SVK;05:45.124;4.3;34.0;MEX;05:44.581;4.3;34.0;FIN;06:00.434;4.1;32.0
1470;POL;05:54.682;4.1;34.0;NED;05:52.657;4.2;34.0;SVK;05:46.338;4.2;34.0;MEX;05:45.789;4.3;34.0;FIN;06:01.649;4.1;32.0
1475;POL;05:55.759;4.1;34.0;NED;05:53.882;4.1;34.0;SVK;05:47.564;4.3;34.0;MEX;05:46.912;4.3;35.0;FIN;06:02.893;4.1;32.0
1480;POL;05:57.033;4.2;34.0;NED;05:55.118;4.1;34.0;SVK;05:48.644;4.3;34.0;MEX;05:48.056;4.3;35.0;FIN;06:03.969;4.2;32.0
1485;POL;05:58.274;4.2;34.0;NED;05:56.295;4.1;34.0;SVK;05:49.871;4.3;34.0;MEX;05:49.286;4.3;35.0;FIN;06:05.227;4.2;32.0
1490;POL;05:59.357;4.2;35.0;NED;05:57.437;4.1;34.0;SVK;05:51.063;4.3;34.0;MEX;05:50.361;4.3;34.0;FIN;06:06.461;4.2;32.0
1495;POL;06:00.628;4.2;35.0;NED;05:58.708;4.2;34.0;SVK;05:52.129;4.3;34.0;MEX;05:51.559;4.3;34.0;FIN;06:07.545;4.2;32.0
1500;POL;06:01.876;4.1;34.0;NED;05:59.879;4.2;34.0;SVK;05:53.334;4.3;34.0;MEX;05:52.762;4.3;33.0;FIN;06:08.812;4.2;32.0
1505;POL;06:02.973;4.1;34.0;NED;06:00.997;4.2;34.0;SVK;05:54.532;4.3;34.0;MEX;05:53.807;4.3;33.0;FIN;06:10.016;4.2;32.0
1510;POL;06:04.211;4.2;34.0;NED;06:02.247;4.2;34.0;SVK;05:55.568;4.3;34.0;MEX;05:55.067;4.3;33.0;FIN;06:11.145;4.2;32.0
1515;POL;06:05.428;4.2;34.0;NED;06:03.421;4.3;34.0;SVK;05:56.781;4.4;34.0;MEX;05:56.208;4.3;32.0;FIN;06:12.411;4.2;32.0
1520;POL;06:06.560;4.2;34.0;NED;06:04.519;4.3;34.0;SVK;05:57.961;4.4;34.0;MEX;05:57.266;4.3;32.0;FIN;06:13.580;4.2;32.0
1525;POL;06:07.720;4.2;34.0;NED;06:05.781;4.3;34.0;SVK;05:58.982;4.4;34.0;MEX;05:58.481;4.4;33.0;FIN;06:14.783;4.1;32.0
1530;POL;06:08.954;4.2;34.0;NED;06:06.976;4.2;35.0;SVK;06:00.185;4.4;34.0;MEX;05:59.623;4.4;34.0;FIN;06:16.054;4.2;32.0
1535;POL;06:10.090;4.3;34.0;NED;06:08.061;4.3;35.0;SVK;06:01.336;4.4;35.0;MEX;06:00.653;4.4;35.0;FIN;06:17.178;4.1;32.0
1540;POL;06:11.209;4.3;35.0;NED;06:09.291;4.3;35.0;SVK;06:02.355;4.5;35.0;MEX;06:01.849;4.4;35.0;FIN;06:18.412;4.1;32.0
1545;POL;06:12.463;4.3;35.0;NED;06:10.501;4.3;35.0;SVK;06:03.554;4.4;35.0;MEX;06:03.011;4.4;36.0;FIN;06:19.665;4.1;32.0
1550;POL;06:13.649;4.3;35.0;NED;06:11.560;4.3;35.0;SVK;06:04.708;4.4;35.0;MEX;06:04.022;4.4;36.0;FIN;06:20.763;4.1;32.0
1555;POL;06:14.741;4.3;35.0;NED;06:12.826;4.3;35.0;SVK;06:05.737;4.4;35.0;MEX;06:05.238;4.4;36.0;FIN;06:22.045;4.2;32.0
1560;POL;06:16.005;4.2;35.0;NED;06:14.067;4.2;35.0;SVK;06:06.941;4.4;35.0;MEX;06:06.403;4.4;36.0;FIN;06:23.295;4.1;32.0
1565;POL;06:17.212;4.2;35.0;NED;06:15.144;4.2;35.0;SVK;06:08.082;4.4;35.0;MEX;06:07.448;4.4;35.0;FIN;06:24.401;4.1;32.0
1570;POL;06:18.266;4.2;35.0;NED;06:16.372;4.2;35.0;SVK;06:09.144;4.4;35.0;MEX;06:08.674;4.4;35.0;FIN;06:25.682;4.1;32.0
1575;POL;06:19.526;4.3;35.0;NED;06:17.618;4.2;35.0;SVK;06:10.362;4.4;35.0;MEX;06:09.807;4.4;34.0;FIN;06:26.889;4.1;32.0
1580;POL;06:20.750;4.3;35.0;NED;06:18.733;4.2;35.0;SVK;06:11.495;4.4;35.0;MEX;06:10.873;4.4;34.0;FIN;06:28.045;4.1;32.0
1585;POL;06:21.862;4.3;35.0;NED;06:19.922;4.2;35.0;SVK;06:12.641;4.3;35.0;MEX;06:12.094;4.4;34.0;FIN;06:29.272;4.2;32.0
1590;POL;06:23.094;4.2;35.0;NED;06:21.190;4.2;35.0;SVK;06:13.858;4.3;34.0;MEX;06:13.190;4.4;34.0;FIN;06:30.464;4.2;32.0
1595;POL;06:24.356;4.1;35.0;NED;06:22.383;4.2;35.0;SVK;06:14.995;4.3;34.0;MEX;06:14.338;4.4;34.0;FIN;06:31.613;4.2;32.0
1600;POL;06:25.528;4.1;35.0;NED;06:23.539;4.1;35.0;SVK;06:16.124;4.3;34.0;MEX;06:15.576;4.3;34.0;FIN;06:32.863;4.2;33.0
1605;POL;06:26.663;4.1;35.0;NED;06:24.850;4.1;35.0;SVK;06:17.355;4.3;34.0;MEX;06:16.705;4.3;34.0;FIN;06:33.950;4.2;33.0
1610;POL;06:27.942;4.2;35.0;NED;06:26.093;4.1;35.0;SVK;06:18.514;4.3;34.0;MEX;06:17.800;4.3;34.0;FIN;06:35.195;4.2;32.0
1615;POL;06:29.157;4.2;35.0;NED;06:27.190;4.1;35.0;SVK;06:19.610;4.3;35.0;MEX;06:19.011;4.3;35.0;FIN;06:36.407;4.2;32.0
1620;POL;06:30.223;4.2;35.0;NED;06:28.508;4.1;35.0;SVK;06:20.810;4.3;35.0;MEX;06:20.115;4.4;35.0;FIN;06:37.475;4.3;32.0
1625;POL;06:31.474;4.2;35.0;NED;06:29.788;4.1;34.0;SVK;06:21.985;4.3;35.0;MEX;06:21.213;4.4;35.0;FIN;06:38.731;4.3;32.0
1630;POL;06:32.718;4.2;36.0;NED;06:30.934;4.0;34.0;SVK;06:23.054;4.4;35.0;MEX;06:22.416;4.4;35.0;FIN;06:39.894;4.3;32.0
1635;POL;06:33.877;4.2;36.0;NED;06:32.174;4.1;34.0;SVK;06:24.261;4.4;35.0;MEX;06:23.539;4.4;35.0;FIN;06:41.039;4.3;32.0
1640;POL;06:35.055;4.2;36.0;NED;06:33.499;4.1;34.0;SVK;06:25.470;4.3;35.0;MEX;06:24.666;4.4;35.0;FIN;06:42.276;4.3;32.0
1645;POL;06:36.338;4.1;36.0;NED;06:34.725;4.0;34.0;SVK;06:26.541;4.3;35.0;MEX;06:25.916;4.3;35.0;FIN;06:43.378;4.2;32.0
1650;POL;06:37.571;4.1;35.0;NED;06:35.838;4.0;34.0;SVK;06:27.810;4.3;35.0;MEX;06:27.080;4.3;35.0;FIN;06:44.606;4.3;32.0
1655;POL;06:38.653;4.1;35.0;NED;06:37.154;4.1;34.0;SVK;06:29.080;4.2;35.0;MEX;06:28.179;4.2;35.0;FIN;06:45.851;4.2;32.0
1660;POL;06:39.944;4.1;35.0;NED;06:38.419;4.1;34.0;SVK;06:30.228;4.1;35.0;MEX;06:29.447;4.3;35.0;FIN;06:46.957;4.2;32.0
1665;POL;06:41.192;4.1;35.0;NED;06:39.521;4.1;34.0;SVK;06:31.476;4.1;34.0;MEX;06:30.664;4.2;35.0;FIN;06:48.277;4.1;32.0
1670;POL;06:42.362;4.1;35.0;NED;06:40.802;4.1;34.0;SVK;06:32.769;4.0;34.0;MEX;06:31.788;4.2;34.0;FIN;06:49.580;4.0;32.0
1675;POL;06:43.524;4.1;35.0;NED;06:42.086;4.1;34.0;SVK;06:33.996;4.0;34.0;MEX;06:33.085;4.1;34.0;FIN;06:50.767;3.9;32.0
1680;POL;06:44.799;4.1;35.0;NED;06:43.262;4.1;34.0;SVK;06:35.140;4.0;34.0;MEX;06:34.322;4.1;34.0;FIN;06:52.168;3.9;31.0
1685;POL;06:46.021;4.1;35.0;NED;06:44.446;4.1;34.0;SVK;06:36.434;4.1;34.0;MEX;06:35.438;4.1;34.0;FIN;06:53.535;3.8;31.0
1690;POL;06:47.103;4.1;35.0;NED;06:45.769;4.1;34.0;SVK;06:37.712;4.1;34.0;MEX;06:36.624;4.2;35.0;FIN;06:54.740;3.7;31.0
1695;POL;06:48.384;4.2;35.0;NED;06:47.042;4.0;35.0;SVK;06:38.854;4.1;34.0;MEX;06:37.894;4.2;36.0;FIN;06:56.158;3.8;31.0
1700;POL;06:49.620;4.2;35.0;NED;06:48.167;4.0;35.0;SVK;06:40.165;4.0;34.0;MEX;06:39.071;4.2;36.0;FIN;06:57.519;3.8;31.0
1705;POL;06:50.764;4.2;35.0;NED;06:49.433;4.0;35.0;SVK;06:41.467;3.9;34.0;MEX;06:40.252;4.1;35.0;FIN;06:58.696;3.8;30.0
1710;POL;06:51.939;4.2;36.0;NED;06:50.686;4.1;35.0;SVK;06:42.702;4.0;34.0;MEX;06:41.564;4.1;34.0;FIN;07:00.089;3.8;30.0
1715;POL;06:53.202;4.2;36.0;NED;06:51.843;4.1;35.0;SVK;06:43.889;4.0;34.0;MEX;06:42.798;4.1;34.0;FIN;07:01.460;3.8;30.0
1720;POL;06:54.402;4.2;36.0;NED;06:52.995;4.2;35.0;SVK;06:45.220;4.0;34.0;MEX;06:43.985;4.0;33.0;FIN;07:02.658;3.8;30.0
1725;POL;06:55.461;4.2;36.0;NED;06:54.263;4.2;35.0;SVK;06:46.494;4.0;34.0;MEX;06:45.296;4.0;33.0;FIN;07:04.088;3.8;30.0
1730;POL;06:56.692;4.3;37.0;NED;06:55.487;4.2;35.0;SVK;06:47.602;4.0;34.0;MEX;06:46.513;4.0;33.0;FIN;07:05.483;3.7;30.0
1735;POL;06:57.935;4.3;37.0;NED;06:56.560;4.2;36.0;SVK;06:48.898;4.1;34.0;MEX;06:47.577;4.1;34.0;FIN;07:06.651;3.7;31.0
1740;POL;06:59.123;4.3;37.0;NED;06:57.798;4.2;36.0;SVK;06:50.171;4.1;34.0;MEX;06:48.842;4.2;34.0;FIN;07:07.995;3.8;31.0
1745;POL;07:00.216;4.2;37.0;NED;06:59.034;4.2;36.0;SVK;06:51.280;4.1;34.0;MEX;06:50.058;4.3;34.0;FIN;07:09.300;3.9;31.0
1750;POL;07:01.505;4.2;37.0;NED;07:00.194;4.2;36.0;SVK;06:52.516;4.1;34.0;MEX;06:51.123;4.3;34.0;FIN;07:10.444;4.0;31.0
1755;POL;07:02.746;4.2;37.0;NED;07:01.356;4.2;36.0;SVK;06:53.755;4.1;34.0;MEX;06:52.396;4.3;34.0;FIN;07:11.739;4.1;31.0
1760;POL;07:03.903;4.1;36.0;NED;07:02.637;4.1;36.0;SVK;06:54.868;4.2;34.0;MEX;06:53.585;4.2;34.0;FIN;07:13.004;4.1;31.0
1765;POL;07:05.089;4.2;36.0;NED;07:03.868;4.1;36.0;SVK;06:55.991;4.3;35.0;MEX;06:54.653;4.2;34.0;FIN;07:14.150;4.0;31.0
1770;POL;07:06.302;4.2;36.0;NED;07:04.938;4.1;36.0;SVK;06:57.253;4.3;35.0;MEX;06:55.884;4.3;34.0;FIN;07:15.459;4.1;31.0
1775;POL;07:07.507;4.2;37.0;NED;07:06.168;4.2;36.0;SVK;06:58.471;4.3;35.0;MEX;06:57.104;4.3;34.0;FIN;07:16.676;4.1;31.0
1780;POL;07:08.618;4.3;37.0;NED;07:07.395;4.3;36.0;SVK;06:59.574;4.2;35.0;MEX;06:58.222;4.3;35.0;FIN;07:17.890;4.0;31.0
1785;POL;07:09.771;4.3;37.0;NED;07:08.492;4.3;36.0;SVK;07:00.852;4.1;35.0;MEX;06:59.389;4.3;36.0;FIN;07:19.203;4.0;31.0
1790;POL;07:11.031;4.3;38.0;NED;07:09.705;4.3;35.0;SVK;07:02.090;4.1;35.0;MEX;07:00.646;4.2;36.0;FIN;07:20.389;4.0;31.0
1795;POL;07:12.246;4.2;38.0;NED;07:10.960;4.2;35.0;SVK;07:03.189;4.2;35.0;MEX;07:01.843;4.2;36.0;FIN;07:21.654;4.0;31.0
1800;POL;07:13.322;4.2;38.0;NED;07:12.173;4.2;35.0;SVK;07:04.478;4.1;35.0;MEX;07:02.934;4.2;36.0;FIN;07:23.089;4.0;31.0
1805;POL;07:14.521;4.2;38.0;NED;07:13.273;4.1;35.0;SVK;07:05.753;4.1;35.0;MEX;07:04.207;4.2;35.0;FIN;07:24.594;3.7;32.0
1810;POL;07:15.770;4.3;37.0;NED;07:14.576;4.1;35.0;SVK;07:06.914;4.1;35.0;MEX;07:05.339;4.2;35.0;FIN;07:25.986;3.3;32.0
1815;POL;07:16.973;4.2;37.0;NED;07:15.861;4.1;35.0;SVK;07:08.178;4.0;34.0;MEX;07:06.415;4.3;35.0;FIN;07:27.317;3.4;33.0
1820;POL;07:18.064;4.2;37.0;NED;07:17.047;4.1;35.0;SVK;07:09.483;4.0;34.0;MEX;07:07.579;4.4;35.0;FIN;07:28.740;3.5;34.0
1825;POL;07:19.247;4.2;37.0;NED;07:18.267;4.0;35.0;SVK;07:10.738;4.0;34.0;MEX;07:08.735;4.5;36.0;FIN;07:30.107;3.7;33.0
1830;POL;07:20.451;4.3;38.0;NED;07:19.566;4.0;35.0;SVK;07:11.892;4.0;34.0;MEX;07:09.818;4.5;36.0;FIN;07:31.283;3.8;33.0
1835;POL;07:21.586;4.4;38.0;NED;07:20.776;4.0;35.0;SVK;07:13.234;4.0;34.0;MEX;07:11.008;4.4;36.0;FIN;07:32.607;3.9;32.0
1840;POL;07:22.626;4.4;38.0;NED;07:21.844;4.1;35.0;SVK;07:14.550;4.0;34.0;MEX;07:12.292;4.3;36.0;FIN;07:33.928;3.9;32.0
1845;POL;07:23.819;4.4;39.0;NED;07:23.107;4.2;35.0;SVK;07:15.743;3.9;34.0;MEX;07:13.427;4.2;36.0;FIN;07:35.190;3.9;33.0
1850;POL;07:24.970;4.4;39.0;NED;07:24.287;4.3;35.0;SVK;07:16.969;3.9;34.0;MEX;07:14.672;4.1;36.0;FIN;07:36.414;3.9;33.0
1855;POL;07:26.052;4.5;39.0;NED;07:25.332;4.3;36.0;SVK;07:18.254;4.0;34.0;MEX;07:15.872;4.0;36.0;FIN;07:37.815;3.9;33.0
1860;POL;07:27.123;4.5;39.0;NED;07:26.488;4.4;36.0;SVK;07:19.477;4.1;34.0;MEX;07:17.095;4.1;36.0;FIN;07:39.207;3.8;33.0
1865;POL;07:28.330;4.4;39.0;NED;07:27.702;4.4;37.0;SVK;07:20.608;4.1;34.0;MEX;07:18.151;4.2;36.0;FIN;07:40.520;3.7;33.0
1870;POL;07:29.492;4.4;38.0;NED;07:28.883;4.4;37.0;SVK;07:21.911;4.1;34.0;MEX;07:19.395;4.3;36.0;FIN;07:41.969;3.6;33.0
1875;POL;07:30.512;4.4;38.0;NED;07:29.930;4.3;37.0;SVK;07:23.162;4.1;34.0;MEX;07:20.597;4.3;36.0;FIN;07:43.412;3.5;32.0
1880;POL;07:31.688;4.4;38.0;NED;07:31.161;4.3;37.0;SVK;07:24.278;4.1;34.0;MEX;07:21.668;4.3;36.0;FIN;07:44.801;3.5;31.0
1885;POL;07:32.863;4.4;38.0;NED;07:32.384;4.3;37.0;SVK;07:25.587;4.1;33.0;MEX;07:22.885;4.3;36.0;FIN;07:46.092;3.6;30.0
1890;POL;07:33.997;4.4;38.0;NED;07:33.508;4.3;37.0;SVK;07:26.834;4.1;33.0;MEX;07:24.108;4.3;35.0;FIN;07:47.562;3.6;30.0
1895;POL;07:35.031;4.4;38.0;NED;07:34.632;4.3;37.0;SVK;07:27.992;4.1;33.0;MEX;07:25.256;4.3;35.0;FIN;07:48.896;3.6;30.0
1900;POL;07:36.246;4.4;39.0;NED;07:35.863;4.3;37.0;SVK;07:29.332;4.0;33.0;MEX;07:26.441;4.2;35.0;FIN;07:50.062;3.7;30.0
1905;POL;07:37.426;4.4;39.0;NED;07:37.012;4.3;37.0;SVK;07:30.646;3.9;34.0;MEX;07:27.723;4.2;35.0;FIN;07:51.397;3.9;31.0
1910;POL;07:38.508;4.4;39.0;NED;07:38.019;4.4;37.0;SVK;07:31.901;3.9;34.0;MEX;07:29.064;4.1;35.0;FIN;07:52.616;4.0;31.0
1915;POL;07:39.554;4.4;39.0;NED;07:39.208;4.4;38.0;SVK;07:33.151;3.9;34.0;MEX;07:30.060;4.0;36.0;FIN;07:53.786;4.1;31.0
1920;POL;07:40.708;4.5;39.0;NED;07:40.388;4.5;38.0;SVK;07:34.509;3.8;34.0;MEX;07:31.269;4.1;36.0;FIN;07:55.103;4.1;31.0
1925;POL;07:41.829;4.6;39.0;NED;07:41.484;4.4;38.0;SVK;07:35.808;3.8;34.0;MEX;07:32.401;4.3;36.0;FIN;07:56.250;4.1;31.0
1930;POL;07:42.853;4.6;40.0;NED;07:42.576;4.4;38.0;SVK;07:36.946;3.9;34.0;MEX;07:33.547;4.4;36.0;FIN;07:57.442;4.1;31.0
1935;POL;07:43.939;4.6;40.0;NED;07:43.737;4.4;38.0;SVK;07:38.225;4.0;34.0;MEX;07:34.807;4.3;36.0;FIN;07:58.702;4.2;31.0
1940;POL;07:45.076;4.6;40.0;NED;07:44.833;4.5;38.0;SVK;07:39.499;4.1;34.0;MEX;07:36.026;4.1;35.0;FIN;07:59.798;4.2;31.0
1945;POL;07:46.190;4.6;40.0;NED;07:45.811;4.5;38.0;SVK;07:40.673;4.1;34.0;MEX;07:37.098;4.1;35.0;FIN;08:01.080;4.2;31.0
1950;POL;07:47.191;4.6;40.0;NED;07:46.950;4.6;38.0;SVK;07:41.837;4.1;34.0;MEX;07:38.263;4.3;35.0;FIN;08:02.326;4.1;31.0
1955;POL;07:48.351;4.5;40.0;NED;07:48.062;4.7;39.0;SVK;07:43.083;4.2;34.0;MEX;07:39.469;4.4;35.0;FIN;08:03.492;4.1;31.0
1960;POL;07:49.508;4.5;40.0;NED;07:49.042;4.7;39.0;SVK;07:44.225;4.2;34.0;MEX;07:40.594;4.4;35.0;FIN;08:04.824;4.0;31.0
1965;POL;07:50.573;4.5;39.0;NED;07:50.165;4.7;39.0;SVK;07:45.438;4.2;34.0;MEX;07:41.670;4.3;35.0;FIN;08:06.072;3.9;31.0
1970;POL;07:51.687;4.5;39.0;NED;07:51.323;4.6;39.0;SVK;07:46.676;4.2;34.0;MEX;07:42.874;4.3;36.0;FIN;08:07.240;4.0;31.0
1975;POL;07:52.925;4.4;39.0;NED;07:52.407;4.6;38.0;SVK;07:47.864;4.1;34.0;MEX;07:44.067;4.4;36.0;FIN;08:08.500;4.1;31.0
1980;POL;07:54.135;4.3;38.0;NED;07:53.486;4.5;38.0;SVK;07:49.009;4.1;34.0;MEX;07:45.058;4.4;36.0;FIN;08:09.657;4.1;31.0
1985;POL;07:55.233;4.3;38.0;NED;07:54.707;4.4;38.0;SVK;07:50.294;4.1;34.0;MEX;07:46.278;4.4;36.0;FIN;08:10.839;4.2;31.0
1990;POL;07:56.536;4.1;37.0;NED;07:55.873;4.4;38.0;SVK;07:51.533;4.1;34.0;MEX;07:47.449;4.4;36.0;FIN;08:12.100;4.2;31.0
1995;POL;07:57.918;4.1;37.0;NED;07:56.901;4.4;38.0;SVK;07:52.697;4.1;34.0;MEX;07:48.488;4.4;36.0;FIN;08:13.252;4.2;32.0
2000;POL;07:59.274;3.8;36.0;NED;07:58.175;4.3;37.0;SVK;07:53.987;4.1;34.0;MEX;07:49.664;4.4;37.0;FIN;08:14.555;4.1;32.0
