Distance;ShortName1;Time1;Speed1;Stroke1;ShortName2;Time2;Speed2;Stroke2;ShortName3;Time3;Speed3;Stroke3;ShortName4;Time4;Speed4;Stroke4;
5;USA;00:02.715;3.5;0.0;RSA;00:02.641;3.0;0.0;ITA1;00:02.677;2.9;0.0;LTU;00:02.815;3.0;0.0
10;USA;00:03.996;3.8;43.0;RSA;00:03.908;3.6;54.0;ITA1;00:03.956;3.4;50.0;LTU;00:04.090;3.5;48.0
15;USA;00:05.074;3.9;43.0;RSA;00:05.087;3.9;55.0;ITA1;00:05.116;3.8;50.0;LTU;00:05.270;3.9;49.0
20;USA;00:06.135;4.2;44.0;RSA;00:06.108;4.3;54.0;ITA1;00:06.174;4.3;51.0;LTU;00:06.312;4.3;49.0
25;USA;00:07.205;4.7;44.0;RSA;00:07.107;4.6;53.0;ITA1;00:07.162;4.7;51.0;LTU;00:07.321;4.6;49.0
30;USA;00:08.248;5.0;44.0;RSA;00:07.981;5.0;52.0;ITA1;00:08.088;5.0;51.0;LTU;00:08.255;4.9;49.0
35;USA;00:09.202;5.0;44.0;RSA;00:08.996;5.2;51.0;ITA1;00:09.027;5.2;51.0;LTU;00:09.233;5.0;49.0
40;USA;00:10.155;5.0;45.0;RSA;00:09.952;5.3;47.0;ITA1;00:09.984;5.3;50.0;LTU;00:10.237;5.1;49.0
45;USA;00:11.190;5.0;45.0;RSA;00:10.853;5.4;47.0;ITA1;00:10.950;5.3;50.0;LTU;00:11.221;5.2;49.0
50;USA;00:12.144;5.1;45.0;RSA;00:11.751;5.4;46.0;ITA1;00:11.860;5.4;49.0;LTU;00:12.140;5.2;48.0
55;USA;00:13.034;5.2;45.0;RSA;00:12.741;5.4;45.0;ITA1;00:12.777;5.4;49.0;LTU;00:13.087;5.2;48.0
60;USA;00:14.016;5.3;45.0;RSA;00:13.652;5.4;45.0;ITA1;00:13.762;5.4;48.0;LTU;00:14.089;5.2;47.0
65;USA;00:14.996;5.3;45.0;RSA;00:14.560;5.4;44.0;ITA1;00:14.714;5.4;47.0;LTU;00:15.066;5.2;47.0
70;USA;00:15.867;5.3;45.0;RSA;00:15.542;5.4;44.0;ITA1;00:15.595;5.3;47.0;LTU;00:15.980;5.2;47.0
75;USA;00:16.869;5.3;44.0;RSA;00:16.456;5.4;44.0;ITA1;00:16.608;5.3;46.0;LTU;00:16.987;5.2;46.0
80;USA;00:17.859;5.3;44.0;RSA;00:17.329;5.4;44.0;ITA1;00:17.582;5.3;46.0;LTU;00:17.978;5.2;46.0
85;USA;00:18.745;5.3;43.0;RSA;00:18.327;5.4;44.0;ITA1;00:18.504;5.2;45.0;LTU;00:18.949;5.1;46.0
90;USA;00:19.734;5.2;43.0;RSA;00:19.263;5.4;43.0;ITA1;00:19.453;5.2;45.0;LTU;00:19.850;5.1;46.0
95;USA;00:20.752;5.2;43.0;RSA;00:20.133;5.3;43.0;ITA1;00:20.481;5.2;44.0;LTU;00:20.869;5.1;45.0
100;USA;00:21.701;5.2;43.0;RSA;00:21.143;5.3;43.0;ITA1;00:21.442;5.2;44.0;LTU;00:21.868;5.1;45.0
105;USA;00:22.629;5.1;43.0;RSA;00:22.092;5.3;43.0;ITA1;00:22.356;5.1;43.0;LTU;00:22.812;5.1;45.0
110;USA;00:23.656;5.1;43.0;RSA;00:22.970;5.3;43.0;ITA1;00:23.409;5.1;43.0;LTU;00:23.759;5.1;45.0
115;USA;00:24.623;5.2;43.0;RSA;00:24.008;5.3;43.0;ITA1;00:24.389;5.1;43.0;LTU;00:24.786;5.1;45.0
120;USA;00:25.541;5.1;42.0;RSA;00:24.960;5.3;43.0;ITA1;00:25.299;5.1;43.0;LTU;00:25.784;5.1;45.0
125;USA;00:26.591;5.1;42.0;RSA;00:25.826;5.2;43.0;ITA1;00:26.349;5.1;42.0;LTU;00:26.704;5.1;45.0
130;USA;00:27.566;5.1;42.0;RSA;00:26.870;5.2;43.0;ITA1;00:27.364;5.1;42.0;LTU;00:27.737;5.1;44.0
135;USA;00:28.496;5.1;41.0;RSA;00:27.852;5.2;42.0;ITA1;00:28.270;5.0;42.0;LTU;00:28.751;5.1;44.0
140;USA;00:29.546;5.1;41.0;RSA;00:28.729;5.2;42.0;ITA1;00:29.334;5.0;41.0;LTU;00:29.728;5.1;44.0
145;USA;00:30.529;5.1;41.0;RSA;00:29.767;5.2;42.0;ITA1;00:30.363;5.0;41.0;LTU;00:30.679;5.0;44.0
150;USA;00:31.474;5.0;41.0;RSA;00:30.767;5.2;42.0;ITA1;00:31.281;5.0;41.0;LTU;00:31.733;5.0;44.0
155;USA;00:32.528;5.0;40.0;RSA;00:31.644;5.1;42.0;ITA1;00:32.349;5.0;41.0;LTU;00:32.741;5.0;44.0
160;USA;00:33.511;5.0;40.0;RSA;00:32.708;5.1;42.0;ITA1;00:33.393;5.0;40.0;LTU;00:33.671;5.0;43.0
165;USA;00:34.460;5.0;40.0;RSA;00:33.712;5.1;42.0;ITA1;00:34.320;4.9;40.0;LTU;00:34.705;5.0;43.0
170;USA;00:35.517;5.0;40.0;RSA;00:34.598;5.1;42.0;ITA1;00:35.393;4.9;40.0;LTU;00:35.758;5.0;43.0
175;USA;00:36.485;5.0;40.0;RSA;00:35.646;5.1;41.0;ITA1;00:36.440;4.9;40.0;LTU;00:36.743;5.0;43.0
180;USA;00:37.470;5.0;40.0;RSA;00:36.665;5.1;41.0;ITA1;00:37.366;4.9;40.0;LTU;00:37.714;4.9;43.0
185;USA;00:38.528;5.0;39.0;RSA;00:37.554;5.1;41.0;ITA1;00:38.452;4.9;39.0;LTU;00:38.785;4.9;43.0
190;USA;00:39.453;5.0;39.0;RSA;00:38.595;5.1;41.0;ITA1;00:39.509;4.9;39.0;LTU;00:39.806;4.9;43.0
195;USA;00:40.503;5.0;39.0;RSA;00:39.619;5.1;41.0;ITA1;00:40.430;4.9;39.0;LTU;00:40.738;4.9;42.0
200;USA;00:41.546;4.9;39.0;RSA;00:40.523;5.1;41.0;ITA1;00:41.525;4.9;39.0;LTU;00:41.797;4.9;42.0
205;USA;00:42.459;5.0;38.0;RSA;00:41.572;5.0;41.0;ITA1;00:42.574;4.9;39.0;LTU;00:42.845;4.9;42.0
210;USA;00:43.538;4.9;38.0;RSA;00:42.603;5.0;41.0;ITA1;00:43.509;4.9;39.0;LTU;00:43.826;4.9;42.0
215;USA;00:44.562;5.0;38.0;RSA;00:43.525;5.0;41.0;ITA1;00:44.610;4.9;39.0;LTU;00:44.831;4.9;42.0
220;USA;00:45.500;5.0;38.0;RSA;00:44.571;5.0;41.0;ITA1;00:45.655;4.9;39.0;LTU;00:45.905;4.9;42.0
225;USA;00:46.582;4.9;38.0;RSA;00:45.608;5.0;40.0;ITA1;00:46.608;4.9;38.0;LTU;00:46.936;4.9;42.0
230;USA;00:47.553;4.9;38.0;RSA;00:46.529;5.0;40.0;ITA1;00:47.720;4.8;38.0;LTU;00:47.884;4.9;42.0
235;USA;00:48.557;4.9;38.0;RSA;00:47.576;5.0;40.0;ITA1;00:48.742;4.8;38.0;LTU;00:48.949;4.9;42.0
240;USA;00:49.615;4.9;38.0;RSA;00:48.614;5.0;40.0;ITA1;00:49.731;4.8;38.0;LTU;00:50.001;4.9;42.0
245;USA;00:50.532;5.0;38.0;RSA;00:49.539;5.0;40.0;ITA1;00:50.835;4.8;38.0;LTU;00:50.949;4.9;42.0
250;USA;00:51.620;5.0;37.0;RSA;00:50.587;5.0;40.0;ITA1;00:51.828;4.8;38.0;LTU;00:52.003;4.9;41.0
255;USA;00:52.641;5.0;37.0;RSA;00:51.638;5.0;40.0;ITA1;00:52.856;4.8;38.0;LTU;00:53.056;4.9;41.0
260;USA;00:53.571;5.0;37.0;RSA;00:52.559;5.0;40.0;ITA1;00:53.951;4.8;37.0;LTU;00:54.034;4.9;41.0
265;USA;00:54.653;4.9;37.0;RSA;00:53.612;4.9;40.0;ITA1;00:54.906;4.8;37.0;LTU;00:55.044;4.9;41.0
270;USA;00:55.622;4.9;37.0;RSA;00:54.669;4.9;40.0;ITA1;00:56.003;4.8;37.0;LTU;00:56.114;4.9;41.0
275;USA;00:56.652;5.0;37.0;RSA;00:55.594;4.9;40.0;ITA1;00:57.085;4.8;37.0;LTU;00:57.120;4.9;41.0
280;USA;00:57.684;5.0;37.0;RSA;00:56.657;4.9;40.0;ITA1;00:58.026;4.8;37.0;LTU;00:58.104;4.9;41.0
285;USA;00:58.601;5.0;37.0;RSA;00:57.715;4.9;40.0;ITA1;00:59.157;4.8;37.0;LTU;00:59.186;4.9;41.0
290;USA;00:59.696;4.9;37.0;RSA;00:58.634;4.9;40.0;ITA1;01:00.222;4.8;37.0;LTU;01:00.233;4.9;41.0
295;USA;01:00.732;4.9;37.0;RSA;00:59.728;4.9;39.0;ITA1;01:01.183;4.8;37.0;LTU;01:01.189;4.8;40.0
300;USA;01:01.680;4.9;37.0;RSA;01:00.773;4.9;39.0;ITA1;01:02.303;4.8;37.0;LTU;01:02.283;4.8;40.0
305;USA;01:02.772;4.9;37.0;RSA;01:01.706;4.9;39.0;ITA1;01:03.318;4.8;37.0;LTU;01:03.346;4.8;40.0
310;USA;01:03.751;4.9;37.0;RSA;01:02.784;4.9;39.0;ITA1;01:04.323;4.8;37.0;LTU;01:04.304;4.8;40.0
315;USA;01:04.774;4.9;37.0;RSA;01:03.847;4.9;39.0;ITA1;01:05.428;4.8;37.0;LTU;01:05.385;4.8;40.0
320;USA;01:05.847;4.9;37.0;RSA;01:04.775;4.9;39.0;ITA1;01:06.401;4.8;37.0;LTU;01:06.451;4.8;40.0
325;USA;01:06.772;4.9;37.0;RSA;01:05.854;4.9;39.0;ITA1;01:07.464;4.8;37.0;LTU;01:07.414;4.8;40.0
330;USA;01:07.860;4.9;37.0;RSA;01:06.915;4.9;39.0;ITA1;01:08.553;4.8;37.0;LTU;01:08.467;4.8;40.0
335;USA;01:08.894;4.9;37.0;RSA;01:07.839;4.9;39.0;ITA1;01:09.494;4.8;37.0;LTU;01:09.535;4.9;40.0
340;USA;01:09.835;4.9;37.0;RSA;01:08.944;4.9;39.0;ITA1;01:10.612;4.8;37.0;LTU;01:10.505;4.9;40.0
345;USA;01:10.928;4.9;37.0;RSA;01:10.015;4.9;39.0;ITA1;01:11.672;4.8;37.0;LTU;01:11.554;4.9;40.0
350;USA;01:11.897;4.9;37.0;RSA;01:10.950;4.8;39.0;ITA1;01:12.638;4.8;37.0;LTU;01:12.638;4.8;39.0
355;USA;01:12.933;4.9;37.0;RSA;01:12.057;4.8;39.0;ITA1;01:13.757;4.8;37.0;LTU;01:13.633;4.9;39.0
360;USA;01:14.002;4.9;37.0;RSA;01:13.118;4.8;39.0;ITA1;01:14.771;4.8;36.0;LTU;01:14.634;4.8;39.0
365;USA;01:14.928;4.9;37.0;RSA;01:14.063;4.8;38.0;ITA1;01:15.787;4.8;36.0;LTU;01:15.718;4.8;40.0
370;USA;01:16.026;4.9;37.0;RSA;01:15.183;4.8;38.0;ITA1;01:16.893;4.8;36.0;LTU;01:16.742;4.9;40.0
375;USA;01:17.060;4.9;37.0;RSA;01:16.260;4.8;38.0;ITA1;01:17.863;4.8;36.0;LTU;01:17.727;4.8;40.0
380;USA;01:18.021;4.9;37.0;RSA;01:17.202;4.8;38.0;ITA1;01:18.947;4.8;36.0;LTU;01:18.814;4.8;40.0
385;USA;01:19.124;4.9;37.0;RSA;01:18.340;4.8;38.0;ITA1;01:20.045;4.8;36.0;LTU;01:19.843;4.9;40.0
390;USA;01:20.081;4.9;36.0;RSA;01:19.412;4.8;38.0;ITA1;01:20.988;4.8;36.0;LTU;01:20.801;4.9;40.0
395;USA;01:21.157;4.8;36.0;RSA;01:20.360;4.8;38.0;ITA1;01:22.113;4.8;36.0;LTU;01:21.891;4.8;40.0
400;USA;01:22.240;4.8;36.0;RSA;01:21.470;4.8;38.0;ITA1;01:23.152;4.8;36.0;LTU;01:22.932;4.8;39.0
405;USA;01:23.184;4.8;36.0;RSA;01:22.549;4.8;38.0;ITA1;01:24.151;4.8;36.0;LTU;01:23.892;4.9;39.0
410;USA;01:24.318;4.8;36.0;RSA;01:23.504;4.8;38.0;ITA1;01:25.283;4.8;36.0;LTU;01:24.989;4.8;39.0
415;USA;01:25.369;4.8;36.0;RSA;01:24.626;4.8;38.0;ITA1;01:26.315;4.8;36.0;LTU;01:26.060;4.8;39.0
420;USA;01:26.331;4.8;36.0;RSA;01:25.720;4.8;38.0;ITA1;01:27.343;4.7;36.0;LTU;01:27.015;4.8;39.0
425;USA;01:27.443;4.8;36.0;RSA;01:26.664;4.8;38.0;ITA1;01:28.457;4.7;36.0;LTU;01:28.134;4.8;39.0
430;USA;01:28.436;4.8;36.0;RSA;01:27.802;4.7;38.0;ITA1;01:29.421;4.8;36.0;LTU;01:29.200;4.8;39.0
435;USA;01:29.491;4.8;36.0;RSA;01:28.882;4.7;38.0;ITA1;01:30.517;4.8;36.0;LTU;01:30.176;4.8;39.0
440;USA;01:30.583;4.8;36.0;RSA;01:29.821;4.8;38.0;ITA1;01:31.608;4.8;36.0;LTU;01:31.245;4.8;39.0
445;USA;01:31.534;4.8;36.0;RSA;01:30.957;4.8;38.0;ITA1;01:32.557;4.8;36.0;LTU;01:32.328;4.8;39.0
450;USA;01:32.658;4.8;36.0;RSA;01:32.038;4.8;38.0;ITA1;01:33.683;4.8;36.0;LTU;01:33.297;4.8;39.0
455;USA;01:33.731;4.8;36.0;RSA;01:32.989;4.8;38.0;ITA1;01:34.749;4.8;36.0;LTU;01:34.374;4.8;39.0
460;USA;01:34.701;4.8;36.0;RSA;01:34.145;4.7;38.0;ITA1;01:35.731;4.8;36.0;LTU;01:35.465;4.8;39.0
465;USA;01:35.835;4.8;36.0;RSA;01:35.233;4.7;38.0;ITA1;01:36.867;4.8;36.0;LTU;01:36.469;4.8;39.0
470;USA;01:36.858;4.8;36.0;RSA;01:36.198;4.7;38.0;ITA1;01:37.905;4.7;36.0;LTU;01:37.519;4.8;39.0
475;USA;01:37.906;4.7;36.0;RSA;01:37.371;4.6;38.0;ITA1;01:38.930;4.7;36.0;LTU;01:38.635;4.7;39.0
480;USA;01:39.030;4.7;36.0;RSA;01:38.476;4.6;38.0;ITA1;01:40.059;4.7;36.0;LTU;01:39.679;4.7;39.0
485;USA;01:40.003;4.7;36.0;RSA;01:39.446;4.6;38.0;ITA1;01:41.065;4.7;36.0;LTU;01:40.717;4.7;39.0
490;USA;01:41.127;4.7;36.0;RSA;01:40.605;4.6;38.0;ITA1;01:42.146;4.7;36.0;LTU;01:41.842;4.6;39.0
495;USA;01:42.234;4.7;36.0;RSA;01:41.736;4.6;38.0;ITA1;01:43.277;4.7;36.0;LTU;01:42.919;4.7;39.0
500;USA;01:43.193;4.7;36.0;RSA;01:42.716;4.6;38.0;ITA1;01:44.251;4.7;36.0;LTU;01:43.924;4.7;39.0
505;USA;01:44.343;4.7;36.0;RSA;01:43.867;4.6;37.0;ITA1;01:45.404;4.6;36.0;LTU;01:45.062;4.6;39.0
510;USA;01:45.407;4.7;36.0;RSA;01:44.986;4.6;37.0;ITA1;01:46.496;4.6;36.0;LTU;01:46.169;4.6;39.0
515;USA;01:46.409;4.7;36.0;RSA;01:45.975;4.6;37.0;ITA1;01:47.464;4.7;36.0;LTU;01:47.166;4.6;39.0
520;USA;01:47.537;4.7;36.0;RSA;01:47.096;4.6;37.0;ITA1;01:48.618;4.7;36.0;LTU;01:48.269;4.6;39.0
525;USA;01:48.535;4.7;36.0;RSA;01:48.220;4.6;37.0;ITA1;01:49.705;4.7;36.0;LTU;01:49.381;4.7;39.0
530;USA;01:49.599;4.7;36.0;RSA;01:49.203;4.6;37.0;ITA1;01:50.698;4.7;36.0;LTU;01:50.412;4.7;39.0
535;USA;01:50.689;4.8;36.0;RSA;01:50.330;4.6;37.0;ITA1;01:51.845;4.7;36.0;LTU;01:51.460;4.7;39.0
540;USA;01:51.630;4.8;36.0;RSA;01:51.459;4.6;37.0;ITA1;01:52.895;4.7;36.0;LTU;01:52.562;4.7;39.0
545;USA;01:52.780;4.8;36.0;RSA;01:52.434;4.6;37.0;ITA1;01:53.918;4.7;36.0;LTU;01:53.622;4.7;39.0
550;USA;01:53.844;4.8;36.0;RSA;01:53.553;4.6;37.0;ITA1;01:55.052;4.7;36.0;LTU;01:54.614;4.7;39.0
555;USA;01:54.835;4.7;36.0;RSA;01:54.667;4.6;37.0;ITA1;01:56.066;4.7;36.0;LTU;01:55.724;4.7;39.0
560;USA;01:55.963;4.7;36.0;RSA;01:55.631;4.7;37.0;ITA1;01:57.134;4.7;36.0;LTU;01:56.788;4.8;39.0
565;USA;01:56.950;4.7;36.0;RSA;01:56.757;4.7;37.0;ITA1;01:58.256;4.7;36.0;LTU;01:57.756;4.8;39.0
570;USA;01:58.038;4.7;36.0;RSA;01:57.875;4.7;37.0;ITA1;01:59.223;4.7;36.0;LTU;01:58.860;4.8;39.0
575;USA;01:59.133;4.8;36.0;RSA;01:58.842;4.7;37.0;ITA1;02:00.346;4.7;36.0;LTU;01:59.925;4.8;39.0
580;USA;02:00.077;4.8;36.0;RSA;01:59.964;4.7;37.0;ITA1;02:01.445;4.7;36.0;LTU;02:00.888;4.8;39.0
585;USA;02:01.213;4.8;36.0;RSA;02:01.078;4.7;37.0;ITA1;02:02.430;4.7;36.0;LTU;02:01.990;4.8;39.0
590;USA;02:02.265;4.8;36.0;RSA;02:02.052;4.7;37.0;ITA1;02:03.537;4.7;36.0;LTU;02:03.067;4.8;39.0
595;USA;02:03.266;4.8;36.0;RSA;02:03.175;4.7;37.0;ITA1;02:04.592;4.7;36.0;LTU;02:04.024;4.8;39.0
600;USA;02:04.376;4.8;36.0;RSA;02:04.299;4.7;37.0;ITA1;02:05.586;4.8;36.0;LTU;02:05.141;4.8;39.0
605;USA;02:05.349;4.8;36.0;RSA;02:05.289;4.7;37.0;ITA1;02:06.720;4.8;36.0;LTU;02:06.229;4.8;39.0
610;USA;02:06.438;4.8;36.0;RSA;02:06.406;4.6;37.0;ITA1;02:07.710;4.7;36.0;LTU;02:07.196;4.8;39.0
615;USA;02:07.519;4.8;36.0;RSA;02:07.535;4.6;37.0;ITA1;02:08.791;4.7;36.0;LTU;02:08.300;4.7;39.0
620;USA;02:08.475;4.8;36.0;RSA;02:08.534;4.6;37.0;ITA1;02:09.901;4.7;36.0;LTU;02:09.386;4.7;39.0
625;USA;02:09.606;4.8;36.0;RSA;02:09.639;4.6;37.0;ITA1;02:10.852;4.7;36.0;LTU;02:10.368;4.8;39.0
630;USA;02:10.642;4.8;36.0;RSA;02:10.758;4.6;37.0;ITA1;02:11.978;4.8;36.0;LTU;02:11.432;4.8;39.0
635;USA;02:11.656;4.8;36.0;RSA;02:11.750;4.7;37.0;ITA1;02:13.059;4.8;36.0;LTU;02:12.515;4.8;39.0
640;USA;02:12.763;4.8;36.0;RSA;02:12.853;4.7;37.0;ITA1;02:14.016;4.8;36.0;LTU;02:13.510;4.8;39.0
645;USA;02:13.712;4.8;36.0;RSA;02:13.974;4.7;37.0;ITA1;02:15.145;4.8;36.0;LTU;02:14.568;4.8;39.0
650;USA;02:14.834;4.8;36.0;RSA;02:14.967;4.7;37.0;ITA1;02:16.178;4.8;36.0;LTU;02:15.662;4.8;39.0
655;USA;02:15.907;4.8;35.0;RSA;02:16.097;4.7;37.0;ITA1;02:17.189;4.8;36.0;LTU;02:16.690;4.8;39.0
660;USA;02:16.877;4.8;35.0;RSA;02:17.211;4.6;37.0;ITA1;02:18.307;4.8;36.0;LTU;02:17.705;4.8;39.0
665;USA;02:18.007;4.8;35.0;RSA;02:18.214;4.6;37.0;ITA1;02:19.279;4.8;36.0;LTU;02:18.804;4.8;39.0
670;USA;02:19.036;4.8;35.0;RSA;02:19.330;4.6;37.0;ITA1;02:20.372;4.8;36.0;LTU;02:19.827;4.8;39.0
675;USA;02:20.091;4.7;35.0;RSA;02:20.459;4.6;37.0;ITA1;02:21.477;4.8;36.0;LTU;02:20.853;4.8;39.0
680;USA;02:21.204;4.7;35.0;RSA;02:21.434;4.6;37.0;ITA1;02:22.427;4.8;36.0;LTU;02:21.966;4.8;39.0
685;USA;02:22.154;4.7;35.0;RSA;02:22.578;4.6;37.0;ITA1;02:23.565;4.7;36.0;LTU;02:22.997;4.8;38.0
690;USA;02:23.295;4.7;35.0;RSA;02:23.705;4.6;37.0;ITA1;02:24.641;4.7;36.0;LTU;02:24.036;4.7;38.0
695;USA;02:24.363;4.7;35.0;RSA;02:24.672;4.6;37.0;ITA1;02:25.609;4.7;36.0;LTU;02:25.173;4.7;38.0
700;USA;02:25.358;4.7;35.0;RSA;02:25.815;4.6;37.0;ITA1;02:26.750;4.8;36.0;LTU;02:26.239;4.7;38.0
705;USA;02:26.497;4.7;35.0;RSA;02:26.918;4.6;37.0;ITA1;02:27.776;4.8;36.0;LTU;02:27.244;4.6;38.0
710;USA;02:27.487;4.7;35.0;RSA;02:27.881;4.7;37.0;ITA1;02:28.789;4.8;36.0;LTU;02:28.379;4.7;38.0
715;USA;02:28.594;4.7;35.0;RSA;02:29.020;4.7;37.0;ITA1;02:29.903;4.8;36.0;LTU;02:29.440;4.7;38.0
720;USA;02:29.707;4.7;35.0;RSA;02:30.105;4.7;37.0;ITA1;02:30.879;4.8;36.0;LTU;02:30.423;4.7;38.0
725;USA;02:30.661;4.7;35.0;RSA;02:31.070;4.7;37.0;ITA1;02:31.980;4.8;36.0;LTU;02:31.558;4.7;38.0
730;USA;02:31.800;4.7;35.0;RSA;02:32.207;4.7;37.0;ITA1;02:33.053;4.8;36.0;LTU;02:32.626;4.7;38.0
735;USA;02:32.862;4.7;35.0;RSA;02:33.266;4.7;37.0;ITA1;02:34.000;4.8;36.0;LTU;02:33.604;4.7;38.0
740;USA;02:33.844;4.8;35.0;RSA;02:34.260;4.7;37.0;ITA1;02:35.108;4.8;37.0;LTU;02:34.717;4.7;38.0
745;USA;02:34.960;4.8;35.0;RSA;02:35.418;4.7;37.0;ITA1;02:36.181;4.8;37.0;LTU;02:35.789;4.7;38.0
750;USA;02:35.927;4.8;35.0;RSA;02:36.470;4.7;37.0;ITA1;02:37.138;4.8;37.0;LTU;02:36.759;4.8;38.0
755;USA;02:37.026;4.8;35.0;RSA;02:37.453;4.7;37.0;ITA1;02:38.267;4.8;37.0;LTU;02:37.876;4.8;38.0
760;USA;02:38.110;4.8;35.0;RSA;02:38.593;4.7;37.0;ITA1;02:39.317;4.8;37.0;LTU;02:38.962;4.8;38.0
765;USA;02:39.063;4.8;35.0;RSA;02:39.646;4.7;37.0;ITA1;02:40.315;4.8;37.0;LTU;02:39.941;4.7;38.0
770;USA;02:40.192;4.8;35.0;RSA;02:40.643;4.7;37.0;ITA1;02:41.442;4.7;37.0;LTU;02:41.044;4.7;39.0
775;USA;02:41.214;4.8;35.0;RSA;02:41.775;4.7;37.0;ITA1;02:42.450;4.7;37.0;LTU;02:42.130;4.7;39.0
780;USA;02:42.253;4.8;35.0;RSA;02:42.815;4.7;37.0;ITA1;02:43.520;4.7;36.0;LTU;02:43.110;4.8;39.0
785;USA;02:43.367;4.8;35.0;RSA;02:43.845;4.7;37.0;ITA1;02:44.614;4.7;36.0;LTU;02:44.208;4.7;39.0
790;USA;02:44.331;4.8;35.0;RSA;02:44.976;4.7;37.0;ITA1;02:45.574;4.8;36.0;LTU;02:45.299;4.7;39.0
795;USA;02:45.464;4.7;35.0;RSA;02:45.987;4.7;37.0;ITA1;02:46.676;4.8;36.0;LTU;02:46.273;4.8;39.0
800;USA;02:46.543;4.7;35.0;RSA;02:47.050;4.7;37.0;ITA1;02:47.744;4.8;36.0;LTU;02:47.384;4.7;38.0
805;USA;02:47.517;4.7;35.0;RSA;02:48.185;4.7;37.0;ITA1;02:48.711;4.8;36.0;LTU;02:48.496;4.7;38.0
810;USA;02:48.649;4.7;35.0;RSA;02:49.159;4.7;37.0;ITA1;02:49.838;4.8;36.0;LTU;02:49.502;4.7;38.0
815;USA;02:49.646;4.8;35.0;RSA;02:50.285;4.7;37.0;ITA1;02:50.882;4.8;36.0;LTU;02:50.586;4.7;38.0
820;USA;02:50.716;4.8;35.0;RSA;02:51.415;4.7;37.0;ITA1;02:51.887;4.8;36.0;LTU;02:51.696;4.7;38.0
825;USA;02:51.812;4.8;35.0;RSA;02:52.383;4.7;37.0;ITA1;02:53.008;4.8;36.0;LTU;02:52.723;4.7;38.0
830;USA;02:52.761;4.8;35.0;RSA;02:53.479;4.7;37.0;ITA1;02:54.002;4.8;36.0;LTU;02:53.761;4.7;38.0
835;USA;02:53.895;4.8;35.0;RSA;02:54.563;4.7;37.0;ITA1;02:55.079;4.8;36.0;LTU;02:54.873;4.7;38.0
840;USA;02:54.924;4.8;35.0;RSA;02:55.510;4.8;37.0;ITA1;02:56.177;4.8;36.0;LTU;02:55.921;4.7;38.0
845;USA;02:55.951;4.8;35.0;RSA;02:56.623;4.8;37.0;ITA1;02:57.127;4.8;36.0;LTU;02:56.946;4.7;38.0
850;USA;02:57.062;4.8;35.0;RSA;02:57.689;4.8;37.0;ITA1;02:58.250;4.8;36.0;LTU;02:58.067;4.7;38.0
855;USA;02:58.008;4.8;35.0;RSA;02:58.648;4.8;37.0;ITA1;02:59.315;4.8;36.0;LTU;02:59.123;4.7;38.0
860;USA;02:59.142;4.8;35.0;RSA;02:59.792;4.8;37.0;ITA1;03:00.301;4.8;36.0;LTU;03:00.137;4.7;38.0
865;USA;03:00.222;4.8;35.0;RSA;03:00.861;4.8;37.0;ITA1;03:01.437;4.8;36.0;LTU;03:01.262;4.7;38.0
870;USA;03:01.197;4.8;35.0;RSA;03:01.843;4.7;37.0;ITA1;03:02.484;4.7;36.0;LTU;03:02.341;4.7;38.0
875;USA;03:02.333;4.7;35.0;RSA;03:02.980;4.7;37.0;ITA1;03:03.495;4.7;36.0;LTU;03:03.353;4.7;38.0
880;USA;03:03.351;4.7;35.0;RSA;03:04.041;4.7;37.0;ITA1;03:04.618;4.7;36.0;LTU;03:04.496;4.6;38.0
885;USA;03:04.444;4.7;35.0;RSA;03:05.043;4.7;37.0;ITA1;03:05.622;4.7;36.0;LTU;03:05.590;4.6;38.0
890;USA;03:05.530;4.7;35.0;RSA;03:06.194;4.7;37.0;ITA1;03:06.669;4.8;37.0;LTU;03:06.597;4.6;38.0
895;USA;03:06.492;4.7;35.0;RSA;03:07.252;4.7;37.0;ITA1;03:07.779;4.8;37.0;LTU;03:07.745;4.6;38.0
900;USA;03:07.632;4.7;35.0;RSA;03:08.275;4.7;37.0;ITA1;03:08.736;4.8;37.0;LTU;03:08.852;4.6;37.0
905;USA;03:08.711;4.7;35.0;RSA;03:09.437;4.6;37.0;ITA1;03:09.869;4.7;37.0;LTU;03:09.858;4.6;37.0
910;USA;03:09.713;4.7;35.0;RSA;03:10.500;4.6;37.0;ITA1;03:10.977;4.7;37.0;LTU;03:11.008;4.6;37.0
915;USA;03:10.848;4.7;35.0;RSA;03:11.510;4.6;37.0;ITA1;03:11.946;4.7;36.0;LTU;03:12.122;4.6;37.0
920;USA;03:11.844;4.7;35.0;RSA;03:12.653;4.6;37.0;ITA1;03:13.078;4.7;36.0;LTU;03:13.125;4.6;37.0
925;USA;03:12.943;4.7;35.0;RSA;03:13.718;4.7;37.0;ITA1;03:14.177;4.7;36.0;LTU;03:14.262;4.6;37.0
930;USA;03:14.061;4.7;35.0;RSA;03:14.749;4.7;37.0;ITA1;03:15.155;4.7;36.0;LTU;03:15.372;4.6;37.0
935;USA;03:15.020;4.7;35.0;RSA;03:15.922;4.6;37.0;ITA1;03:16.306;4.7;36.0;LTU;03:16.382;4.6;38.0
940;USA;03:16.187;4.7;35.0;RSA;03:16.974;4.6;37.0;ITA1;03:17.381;4.7;36.0;LTU;03:17.486;4.6;38.0
945;USA;03:17.241;4.7;35.0;RSA;03:18.001;4.6;37.0;ITA1;03:18.388;4.7;36.0;LTU;03:18.611;4.6;38.0
950;USA;03:18.264;4.7;35.0;RSA;03:19.163;4.6;37.0;ITA1;03:19.534;4.7;36.0;LTU;03:19.654;4.6;38.0
955;USA;03:19.398;4.7;35.0;RSA;03:20.220;4.6;37.0;ITA1;03:20.565;4.7;36.0;LTU;03:20.727;4.6;38.0
960;USA;03:20.388;4.7;35.0;RSA;03:21.268;4.6;37.0;ITA1;03:21.627;4.7;36.0;LTU;03:21.842;4.6;38.0
965;USA;03:21.512;4.7;35.0;RSA;03:22.426;4.6;37.0;ITA1;03:22.761;4.7;36.0;LTU;03:22.912;4.6;38.0
970;USA;03:22.617;4.7;35.0;RSA;03:23.462;4.6;37.0;ITA1;03:23.745;4.7;36.0;LTU;03:23.942;4.6;38.0
975;USA;03:23.582;4.7;35.0;RSA;03:24.513;4.6;37.0;ITA1;03:24.846;4.7;36.0;LTU;03:25.087;4.6;38.0
980;USA;03:24.724;4.7;35.0;RSA;03:25.668;4.6;37.0;ITA1;03:25.962;4.7;36.0;LTU;03:26.188;4.6;38.0
985;USA;03:25.743;4.7;35.0;RSA;03:26.716;4.6;37.0;ITA1;03:26.930;4.7;36.0;LTU;03:27.194;4.6;38.0
990;USA;03:26.803;4.7;35.0;RSA;03:27.781;4.6;37.0;ITA1;03:28.069;4.7;36.0;LTU;03:28.346;4.6;38.0
995;USA;03:27.906;4.7;35.0;RSA;03:28.928;4.6;37.0;ITA1;03:29.166;4.7;36.0;LTU;03:29.458;4.6;38.0
1000;USA;03:28.863;4.8;35.0;RSA;03:29.970;4.6;37.0;ITA1;03:30.143;4.7;36.0;LTU;03:30.458;4.6;38.0
1005;USA;03:30.011;4.8;35.0;RSA;03:31.060;4.6;37.0;ITA1;03:31.290;4.7;36.0;LTU;03:31.608;4.6;38.0
1010;USA;03:31.073;4.7;35.0;RSA;03:32.233;4.6;37.0;ITA1;03:32.354;4.7;36.0;LTU;03:32.721;4.6;37.0
1015;USA;03:32.090;4.7;35.0;RSA;03:33.274;4.5;37.0;ITA1;03:33.377;4.7;36.0;LTU;03:33.733;4.6;37.0
1020;USA;03:33.214;4.7;35.0;RSA;03:34.348;4.5;37.0;ITA1;03:34.527;4.7;36.0;LTU;03:34.883;4.6;37.0
1025;USA;03:34.175;4.7;35.0;RSA;03:35.503;4.6;37.0;ITA1;03:35.550;4.6;36.0;LTU;03:36.001;4.6;37.0
1030;USA;03:35.308;4.7;35.0;RSA;03:36.546;4.6;37.0;ITA1;03:36.635;4.6;36.0;LTU;03:37.006;4.6;37.0
1035;USA;03:36.390;4.7;35.0;RSA;03:37.598;4.6;37.0;ITA1;03:37.769;4.6;36.0;LTU;03:38.145;4.6;37.0
1040;USA;03:37.372;4.7;35.0;RSA;03:38.748;4.6;37.0;ITA1;03:38.758;4.6;36.0;LTU;03:39.260;4.6;37.0
1045;USA;03:38.502;4.7;35.0;RSA;03:39.790;4.6;37.0;ITA1;03:39.878;4.6;36.0;LTU;03:40.245;4.6;37.0
1050;USA;03:39.481;4.7;35.0;RSA;03:40.817;4.6;37.0;ITA1;03:40.989;4.6;36.0;LTU;03:41.369;4.7;37.0
1055;USA;03:40.573;4.8;35.0;RSA;03:41.945;4.7;37.0;ITA1;03:41.956;4.7;36.0;LTU;03:42.456;4.7;37.0
1060;USA;03:41.667;4.8;35.0;RSA;03:42.975;4.7;37.0;ITA1;03:43.103;4.7;36.0;LTU;03:43.458;4.7;38.0
1065;USA;03:42.616;4.8;35.0;RSA;03:44.010;4.7;37.0;ITA1;03:44.188;4.7;36.0;LTU;03:44.541;4.7;38.0
1070;USA;03:43.761;4.8;35.0;RSA;03:45.155;4.7;37.0;ITA1;03:45.168;4.7;36.0;LTU;03:45.650;4.7;38.0
1075;USA;03:44.794;4.8;35.0;RSA;03:46.183;4.7;37.0;ITA1;03:46.307;4.7;36.0;LTU;03:46.661;4.7;38.0
1080;USA;03:45.835;4.7;35.0;RSA;03:47.208;4.7;37.0;ITA1;03:47.347;4.7;36.0;LTU;03:47.737;4.7;38.0
1085;USA;03:46.946;4.7;35.0;RSA;03:48.345;4.7;37.0;ITA1;03:48.378;4.7;36.0;LTU;03:48.846;4.7;38.0
1090;USA;03:47.903;4.7;35.0;RSA;03:49.367;4.7;37.0;ITA1;03:49.506;4.7;36.0;LTU;03:49.871;4.7;38.0
1095;USA;03:49.035;4.7;35.0;RSA;03:50.388;4.7;38.0;ITA1;03:50.493;4.7;36.0;LTU;03:50.926;4.7;38.0
1100;USA;03:50.096;4.8;35.0;RSA;03:51.519;4.7;38.0;ITA1;03:51.604;4.7;36.0;LTU;03:52.049;4.7;38.0
1105;USA;03:51.087;4.8;35.0;RSA;03:52.538;4.7;38.0;ITA1;03:52.722;4.7;36.0;LTU;03:53.090;4.7;38.0
1110;USA;03:52.211;4.8;35.0;RSA;03:53.571;4.7;38.0;ITA1;03:53.696;4.7;36.0;LTU;03:54.153;4.6;38.0
1115;USA;03:53.193;4.8;35.0;RSA;03:54.716;4.7;38.0;ITA1;03:54.846;4.7;36.0;LTU;03:55.287;4.6;38.0
1120;USA;03:54.284;4.8;35.0;RSA;03:55.750;4.7;38.0;ITA1;03:55.936;4.6;36.0;LTU;03:56.362;4.6;38.0
1125;USA;03:55.373;4.8;35.0;RSA;03:56.803;4.6;38.0;ITA1;03:56.921;4.7;36.0;LTU;03:57.404;4.6;38.0
1130;USA;03:56.328;4.8;35.0;RSA;03:57.945;4.6;38.0;ITA1;03:58.070;4.7;36.0;LTU;03:58.510;4.6;38.0
1135;USA;03:57.457;4.8;35.0;RSA;03:59.014;4.6;38.0;ITA1;03:59.124;4.7;36.0;LTU;03:59.595;4.7;38.0
1140;USA;03:58.463;4.8;35.0;RSA;03:59.985;4.7;38.0;ITA1;04:00.152;4.7;36.0;LTU;04:00.581;4.7;38.0
1145;USA;03:59.511;4.8;35.0;RSA;04:01.127;4.7;38.0;ITA1;04:01.288;4.7;36.0;LTU;04:01.702;4.7;38.0
1150;USA;04:00.610;4.8;35.0;RSA;04:02.169;4.8;38.0;ITA1;04:02.283;4.7;36.0;LTU;04:02.789;4.7;38.0
1155;USA;04:01.557;4.8;35.0;RSA;04:03.142;4.8;38.0;ITA1;04:03.375;4.7;36.0;LTU;04:03.761;4.7;38.0
1160;USA;04:02.693;4.8;35.0;RSA;04:04.266;4.8;38.0;ITA1;04:04.486;4.7;36.0;LTU;04:04.873;4.7;39.0
1165;USA;04:03.727;4.8;35.0;RSA;04:05.308;4.8;38.0;ITA1;04:05.439;4.7;36.0;LTU;04:05.967;4.7;39.0
1170;USA;04:04.745;4.8;35.0;RSA;04:06.286;4.8;38.0;ITA1;04:06.569;4.7;36.0;LTU;04:06.940;4.7;39.0
1175;USA;04:05.851;4.8;35.0;RSA;04:07.408;4.8;38.0;ITA1;04:07.655;4.7;36.0;LTU;04:08.048;4.7;39.0
1180;USA;04:06.790;4.8;35.0;RSA;04:08.440;4.8;38.0;ITA1;04:08.618;4.7;36.0;LTU;04:09.141;4.7;38.0
1185;USA;04:07.916;4.8;35.0;RSA;04:09.445;4.8;38.0;ITA1;04:09.759;4.7;36.0;LTU;04:10.124;4.7;38.0
1190;USA;04:08.946;4.8;35.0;RSA;04:10.577;4.8;38.0;ITA1;04:10.824;4.7;36.0;LTU;04:11.231;4.7;38.0
1195;USA;04:09.968;4.8;35.0;RSA;04:11.575;4.7;38.0;ITA1;04:11.822;4.7;36.0;LTU;04:12.330;4.7;38.0
1200;USA;04:11.091;4.8;35.0;RSA;04:12.664;4.7;38.0;ITA1;04:12.956;4.7;36.0;LTU;04:13.331;4.7;38.0
1205;USA;04:12.046;4.8;35.0;RSA;04:13.759;4.7;38.0;ITA1;04:13.981;4.7;36.0;LTU;04:14.419;4.7;38.0
1210;USA;04:13.162;4.8;35.0;RSA;04:14.815;4.7;38.0;ITA1;04:15.036;4.7;36.0;LTU;04:15.530;4.7;38.0
1215;USA;04:14.237;4.8;35.0;RSA;04:15.831;4.7;38.0;ITA1;04:16.166;4.7;36.0;LTU;04:16.544;4.7;38.0
1220;USA;04:15.190;4.8;35.0;RSA;04:16.977;4.7;38.0;ITA1;04:17.165;4.7;36.0;LTU;04:17.610;4.7;38.0
1225;USA;04:16.304;4.8;35.0;RSA;04:18.021;4.7;38.0;ITA1;04:18.263;4.7;36.0;LTU;04:18.731;4.7;38.0
1230;USA;04:17.287;4.8;35.0;RSA;04:19.035;4.7;37.0;ITA1;04:19.382;4.7;36.0;LTU;04:19.775;4.7;38.0
1235;USA;04:18.367;4.8;35.0;RSA;04:20.167;4.7;37.0;ITA1;04:20.359;4.7;36.0;LTU;04:20.832;4.7;38.0
1240;USA;04:19.435;4.8;35.0;RSA;04:21.199;4.7;37.0;ITA1;04:21.483;4.7;36.0;LTU;04:21.958;4.6;38.0
1245;USA;04:20.370;4.8;35.0;RSA;04:22.269;4.7;37.0;ITA1;04:22.583;4.7;36.0;LTU;04:23.012;4.6;38.0
1250;USA;04:21.488;4.8;35.0;RSA;04:23.380;4.7;37.0;ITA1;04:23.549;4.7;36.0;LTU;04:24.055;4.6;38.0
1255;USA;04:22.483;4.8;35.0;RSA;04:24.435;4.7;37.0;ITA1;04:24.681;4.7;36.0;LTU;04:25.187;4.6;38.0
1260;USA;04:23.532;4.8;35.0;RSA;04:25.447;4.6;37.0;ITA1;04:25.766;4.7;37.0;LTU;04:26.267;4.6;38.0
1265;USA;04:24.623;4.8;35.0;RSA;04:26.607;4.7;37.0;ITA1;04:26.731;4.7;37.0;LTU;04:27.286;4.6;38.0
1270;USA;04:25.564;4.8;35.0;RSA;04:27.663;4.7;37.0;ITA1;04:27.859;4.7;37.0;LTU;04:28.429;4.6;38.0
1275;USA;04:26.689;4.8;35.0;RSA;04:28.688;4.6;37.0;ITA1;04:28.921;4.8;37.0;LTU;04:29.494;4.6;38.0
1280;USA;04:27.694;4.8;35.0;RSA;04:29.842;4.6;37.0;ITA1;04:29.898;4.8;37.0;LTU;04:30.521;4.6;38.0
1285;USA;04:28.734;4.8;35.0;RSA;04:30.916;4.6;37.0;ITA1;04:31.022;4.8;37.0;LTU;04:31.653;4.6;37.0
1290;USA;04:29.830;4.8;35.0;RSA;04:31.941;4.6;37.0;ITA1;04:32.066;4.8;37.0;LTU;04:32.699;4.7;37.0
1295;USA;04:30.763;4.8;35.0;RSA;04:33.081;4.6;37.0;ITA1;04:33.057;4.8;37.0;LTU;04:33.745;4.7;37.0
1300;USA;04:31.887;4.8;35.0;RSA;04:34.146;4.6;37.0;ITA1;04:34.183;4.8;37.0;LTU;04:34.873;4.7;37.0
1305;USA;04:32.902;4.8;35.0;RSA;04:35.169;4.6;37.0;ITA1;04:35.197;4.8;37.0;LTU;04:35.923;4.7;37.0
1310;USA;04:33.930;4.8;35.0;RSA;04:36.322;4.6;37.0;ITA1;04:36.220;4.8;37.0;LTU;04:36.969;4.6;37.0
1315;USA;04:35.029;4.8;35.0;RSA;04:37.403;4.6;37.0;ITA1;04:37.333;4.8;37.0;LTU;04:38.104;4.6;37.0
1320;USA;04:35.966;4.8;35.0;RSA;04:38.373;4.7;37.0;ITA1;04:38.327;4.8;37.0;LTU;04:39.149;4.6;37.0
1325;USA;04:37.094;4.8;35.0;RSA;04:39.517;4.7;37.0;ITA1;04:39.378;4.8;37.0;LTU;04:40.206;4.6;37.0
1330;USA;04:38.113;4.8;35.0;RSA;04:40.594;4.7;38.0;ITA1;04:40.483;4.8;37.0;LTU;04:41.339;4.6;37.0
1335;USA;04:39.143;4.8;35.0;RSA;04:41.557;4.7;38.0;ITA1;04:41.466;4.8;37.0;LTU;04:42.389;4.6;37.0
1340;USA;04:40.252;4.8;35.0;RSA;04:42.709;4.7;38.0;ITA1;04:42.540;4.8;37.0;LTU;04:43.426;4.6;37.0
1345;USA;04:41.199;4.8;35.0;RSA;04:43.785;4.7;38.0;ITA1;04:43.637;4.8;37.0;LTU;04:44.559;4.7;37.0
1350;USA;04:42.324;4.8;35.0;RSA;04:44.752;4.7;38.0;ITA1;04:44.577;4.8;37.0;LTU;04:45.608;4.7;37.0
1355;USA;04:43.390;4.8;35.0;RSA;04:45.880;4.7;38.0;ITA1;04:45.683;4.8;37.0;LTU;04:46.639;4.7;37.0
1360;USA;04:44.367;4.8;35.0;RSA;04:46.955;4.7;38.0;ITA1;04:46.764;4.8;37.0;LTU;04:47.763;4.7;37.0
1365;USA;04:45.480;4.8;35.0;RSA;04:47.908;4.8;38.0;ITA1;04:47.715;4.8;37.0;LTU;04:48.831;4.7;38.0
1370;USA;04:46.430;4.8;35.0;RSA;04:49.031;4.8;38.0;ITA1;04:48.834;4.8;37.0;LTU;04:49.859;4.7;38.0
1375;USA;04:47.540;4.8;35.0;RSA;04:50.084;4.8;38.0;ITA1;04:49.903;4.8;37.0;LTU;04:51.002;4.6;38.0
1380;USA;04:48.611;4.8;35.0;RSA;04:51.044;4.8;38.0;ITA1;04:50.852;4.8;37.0;LTU;04:52.078;4.6;38.0
1385;USA;04:49.574;4.8;35.0;RSA;04:52.168;4.8;38.0;ITA1;04:51.970;4.8;37.0;LTU;04:53.106;4.6;38.0
1390;USA;04:50.689;4.8;35.0;RSA;04:53.234;4.8;38.0;ITA1;04:53.022;4.8;37.0;LTU;04:54.250;4.6;38.0
1395;USA;04:51.642;4.8;35.0;RSA;04:54.196;4.8;38.0;ITA1;04:53.987;4.8;37.0;LTU;04:55.339;4.6;37.0
1400;USA;04:52.771;4.8;35.0;RSA;04:55.336;4.8;38.0;ITA1;04:55.093;4.8;37.0;LTU;04:56.369;4.6;37.0
1405;USA;04:53.843;4.8;35.0;RSA;04:56.405;4.7;38.0;ITA1;04:56.115;4.8;37.0;LTU;04:57.517;4.6;37.0
1410;USA;04:54.806;4.8;35.0;RSA;04:57.372;4.7;38.0;ITA1;04:57.102;4.8;37.0;LTU;04:58.599;4.6;37.0
1415;USA;04:55.930;4.8;35.0;RSA;04:58.498;4.7;38.0;ITA1;04:58.202;4.8;38.0;LTU;04:59.622;4.6;37.0
1420;USA;04:56.903;4.8;35.0;RSA;04:59.553;4.8;38.0;ITA1;04:59.204;4.8;38.0;LTU;05:00.756;4.6;37.0
1425;USA;04:57.991;4.8;35.0;RSA;05:00.522;4.8;38.0;ITA1;05:00.222;4.8;38.0;LTU;05:01.836;4.6;37.0
1430;USA;04:59.072;4.8;35.0;RSA;05:01.654;4.8;38.0;ITA1;05:01.310;4.8;38.0;LTU;05:02.853;4.7;37.0
1435;USA;05:00.059;4.8;35.0;RSA;05:02.724;4.8;38.0;ITA1;05:02.276;4.8;38.0;LTU;05:03.942;4.7;38.0
1440;USA;05:01.127;4.8;35.0;RSA;05:03.699;4.7;38.0;ITA1;05:03.337;4.8;38.0;LTU;05:05.019;4.7;38.0
1445;USA;05:02.095;4.8;35.0;RSA;05:04.845;4.7;38.0;ITA1;05:04.429;4.8;38.0;LTU;05:05.993;4.7;38.0
1450;USA;05:03.187;4.8;35.0;RSA;05:05.934;4.7;38.0;ITA1;05:05.385;4.8;38.0;LTU;05:07.110;4.7;38.0
1455;USA;05:04.259;4.8;35.0;RSA;05:06.912;4.7;38.0;ITA1;05:06.485;4.8;38.0;LTU;05:08.176;4.8;38.0
1460;USA;05:05.199;4.8;35.0;RSA;05:08.037;4.7;38.0;ITA1;05:07.565;4.8;38.0;LTU;05:09.153;4.8;38.0
1465;USA;05:06.309;4.8;35.0;RSA;05:09.131;4.7;38.0;ITA1;05:08.514;4.8;38.0;LTU;05:10.272;4.8;38.0
1470;USA;05:07.286;4.9;35.0;RSA;05:10.078;4.7;38.0;ITA1;05:09.624;4.8;38.0;LTU;05:11.353;4.8;38.0
1475;USA;05:08.370;4.8;35.0;RSA;05:11.209;4.8;38.0;ITA1;05:10.692;4.8;37.0;LTU;05:12.333;4.7;38.0
1480;USA;05:09.440;4.8;35.0;RSA;05:12.270;4.8;38.0;ITA1;05:11.634;4.8;37.0;LTU;05:13.447;4.7;38.0
1485;USA;05:10.381;4.8;35.0;RSA;05:13.208;4.8;38.0;ITA1;05:12.753;4.8;37.0;LTU;05:14.515;4.7;38.0
1490;USA;05:11.501;4.8;35.0;RSA;05:14.326;4.8;38.0;ITA1;05:13.814;4.8;37.0;LTU;05:15.485;4.8;38.0
1495;USA;05:12.504;4.8;35.0;RSA;05:15.399;4.8;38.0;ITA1;05:14.771;4.8;37.0;LTU;05:16.600;4.8;38.0
1500;USA;05:13.537;4.8;35.0;RSA;05:16.360;4.8;38.0;ITA1;05:15.872;4.8;37.0;LTU;05:17.681;4.8;38.0
1505;USA;05:14.629;4.8;35.0;RSA;05:17.455;4.8;38.0;ITA1;05:16.903;4.8;38.0;LTU;05:18.649;4.8;38.0
1510;USA;05:15.588;4.8;35.0;RSA;05:18.543;4.8;38.0;ITA1;05:17.860;4.8;38.0;LTU;05:19.774;4.7;38.0
1515;USA;05:16.699;4.8;35.0;RSA;05:19.515;4.8;38.0;ITA1;05:18.966;4.9;38.0;LTU;05:20.873;4.7;38.0
1520;USA;05:17.731;4.8;35.0;RSA;05:20.601;4.8;38.0;ITA1;05:20.000;4.9;38.0;LTU;05:21.854;4.7;38.0
1525;USA;05:18.749;4.8;35.0;RSA;05:21.692;4.8;38.0;ITA1;05:20.984;4.8;38.0;LTU;05:22.982;4.7;38.0
1530;USA;05:19.855;4.8;35.0;RSA;05:22.665;4.8;38.0;ITA1;05:22.110;4.8;38.0;LTU;05:24.089;4.7;38.0
1535;USA;05:20.802;4.8;35.0;RSA;05:23.716;4.8;39.0;ITA1;05:23.138;4.8;38.0;LTU;05:25.085;4.7;38.0
1540;USA;05:21.922;4.8;35.0;RSA;05:24.812;4.8;39.0;ITA1;05:24.138;4.8;38.0;LTU;05:26.172;4.7;38.0
1545;USA;05:22.954;4.8;35.0;RSA;05:25.813;4.8;39.0;ITA1;05:25.248;4.8;38.0;LTU;05:27.281;4.7;38.0
1550;USA;05:23.945;4.8;35.0;RSA;05:26.852;4.8;39.0;ITA1;05:26.262;4.8;38.0;LTU;05:28.285;4.7;38.0
1555;USA;05:25.045;4.8;35.0;RSA;05:27.968;4.8;39.0;ITA1;05:27.289;4.8;38.0;LTU;05:29.373;4.7;38.0
1560;USA;05:25.979;4.8;35.0;RSA;05:28.995;4.8;39.0;ITA1;05:28.399;4.8;38.0;LTU;05:30.463;4.7;38.0
1565;USA;05:27.097;4.8;35.0;RSA;05:30.040;4.8;39.0;ITA1;05:29.405;4.8;38.0;LTU;05:31.491;4.7;38.0
1570;USA;05:28.144;4.8;35.0;RSA;05:31.117;4.7;39.0;ITA1;05:30.454;4.8;38.0;LTU;05:32.539;4.7;38.0
1575;USA;05:29.140;4.8;35.0;RSA;05:32.137;4.8;39.0;ITA1;05:31.571;4.7;38.0;LTU;05:33.658;4.7;38.0
1580;USA;05:30.253;4.8;35.0;RSA;05:33.125;4.8;39.0;ITA1;05:32.559;4.8;38.0;LTU;05:34.711;4.7;38.0
1585;USA;05:31.196;4.8;35.0;RSA;05:34.222;4.8;39.0;ITA1;05:33.604;4.8;38.0;LTU;05:35.743;4.7;38.0
1590;USA;05:32.319;4.8;35.0;RSA;05:35.266;4.8;39.0;ITA1;05:34.704;4.8;38.0;LTU;05:36.873;4.7;38.0
1595;USA;05:33.386;4.8;35.0;RSA;05:36.251;4.8;39.0;ITA1;05:35.703;4.8;38.0;LTU;05:37.949;4.7;38.0
1600;USA;05:34.365;4.8;35.0;RSA;05:37.326;4.8;39.0;ITA1;05:36.750;4.8;38.0;LTU;05:38.970;4.6;38.0
1605;USA;05:35.486;4.8;35.0;RSA;05:38.392;4.8;39.0;ITA1;05:37.858;4.8;38.0;LTU;05:40.114;4.6;38.0
1610;USA;05:36.444;4.8;35.0;RSA;05:39.331;4.8;39.0;ITA1;05:38.863;4.8;38.0;LTU;05:41.211;4.6;38.0
1615;USA;05:37.556;4.8;35.0;RSA;05:40.429;4.8;39.0;ITA1;05:39.924;4.8;38.0;LTU;05:42.216;4.6;38.0
1620;USA;05:38.649;4.8;35.0;RSA;05:41.496;4.8;39.0;ITA1;05:41.045;4.7;38.0;LTU;05:43.367;4.6;38.0
1625;USA;05:39.609;4.8;35.0;RSA;05:42.437;4.8;39.0;ITA1;05:42.049;4.7;38.0;LTU;05:44.465;4.6;37.0
1630;USA;05:40.742;4.8;35.0;RSA;05:43.530;4.8;39.0;ITA1;05:43.112;4.7;38.0;LTU;05:45.469;4.6;37.0
1635;USA;05:41.738;4.8;35.0;RSA;05:44.609;4.8;39.0;ITA1;05:44.229;4.7;38.0;LTU;05:46.617;4.6;37.0
1640;USA;05:42.807;4.8;35.0;RSA;05:45.569;4.8;39.0;ITA1;05:45.243;4.7;38.0;LTU;05:47.724;4.6;37.0
1645;USA;05:43.906;4.8;35.0;RSA;05:46.632;4.8;39.0;ITA1;05:46.307;4.7;38.0;LTU;05:48.722;4.6;37.0
1650;USA;05:44.853;4.8;35.0;RSA;05:47.726;4.8;39.0;ITA1;05:47.404;4.7;38.0;LTU;05:49.866;4.6;37.0
1655;USA;05:45.992;4.8;35.0;RSA;05:48.734;4.8;39.0;ITA1;05:48.406;4.7;38.0;LTU;05:50.984;4.6;37.0
1660;USA;05:47.019;4.8;35.0;RSA;05:49.751;4.8;39.0;ITA1;05:49.451;4.8;38.0;LTU;05:51.980;4.6;37.0
1665;USA;05:48.057;4.8;35.0;RSA;05:50.853;4.8;39.0;ITA1;05:50.558;4.8;38.0;LTU;05:53.134;4.6;37.0
1670;USA;05:49.166;4.8;35.0;RSA;05:51.879;4.8;39.0;ITA1;05:51.561;4.8;38.0;LTU;05:54.242;4.6;37.0
1675;USA;05:50.115;4.8;35.0;RSA;05:52.869;4.8;39.0;ITA1;05:52.617;4.8;38.0;LTU;05:55.227;4.6;37.0
1680;USA;05:51.249;4.8;35.0;RSA;05:53.984;4.8;39.0;ITA1;05:53.691;4.8;38.0;LTU;05:56.364;4.6;37.0
1685;USA;05:52.302;4.8;35.0;RSA;05:55.034;4.8;39.0;ITA1;05:54.697;4.8;38.0;LTU;05:57.475;4.6;37.0
1690;USA;05:53.316;4.8;35.0;RSA;05:55.991;4.8;39.0;ITA1;05:55.730;4.8;38.0;LTU;05:58.464;4.6;37.0
1695;USA;05:54.436;4.8;35.0;RSA;05:57.094;4.8;39.0;ITA1;05:56.836;4.8;38.0;LTU;05:59.597;4.6;37.0
1700;USA;05:55.392;4.7;35.0;RSA;05:58.153;4.8;39.0;ITA1;05:57.851;4.8;38.0;LTU;06:00.714;4.6;37.0
1705;USA;05:56.515;4.7;35.0;RSA;05:59.109;4.8;39.0;ITA1;05:58.871;4.8;38.0;LTU;06:01.724;4.6;37.0
1710;USA;05:57.589;4.8;35.0;RSA;06:00.218;4.8;39.0;ITA1;05:59.970;4.8;38.0;LTU;06:02.840;4.6;37.0
1715;USA;05:58.564;4.8;35.0;RSA;06:01.305;4.8;39.0;ITA1;06:01.010;4.8;39.0;LTU;06:03.961;4.6;37.0
1720;USA;05:59.687;4.8;35.0;RSA;06:02.267;4.8;39.0;ITA1;06:01.993;4.8;39.0;LTU;06:04.985;4.6;38.0
1725;USA;06:00.649;4.8;35.0;RSA;06:03.367;4.7;39.0;ITA1;06:03.110;4.8;39.0;LTU;06:06.087;4.6;38.0
1730;USA;06:01.754;4.8;35.0;RSA;06:04.472;4.7;39.0;ITA1;06:04.146;4.8;39.0;LTU;06:07.216;4.6;38.0
1735;USA;06:02.835;4.8;35.0;RSA;06:05.467;4.7;39.0;ITA1;06:05.149;4.8;39.0;LTU;06:08.277;4.6;38.0
1740;USA;06:03.787;4.8;35.0;RSA;06:06.495;4.8;39.0;ITA1;06:06.273;4.7;39.0;LTU;06:09.356;4.6;38.0
1745;USA;06:04.906;4.8;35.0;RSA;06:07.604;4.8;39.0;ITA1;06:07.349;4.7;39.0;LTU;06:10.512;4.5;38.0
1750;USA;06:05.890;4.8;35.0;RSA;06:08.638;4.8;39.0;ITA1;06:08.318;4.7;39.0;LTU;06:11.605;4.5;38.0
1755;USA;06:06.954;4.8;35.0;RSA;06:09.608;4.8;39.0;ITA1;06:09.430;4.7;39.0;LTU;06:12.630;4.6;38.0
1760;USA;06:08.039;4.8;35.0;RSA;06:10.714;4.8;39.0;ITA1;06:10.510;4.7;39.0;LTU;06:13.786;4.6;38.0
1765;USA;06:08.982;4.8;35.0;RSA;06:11.758;4.8;40.0;ITA1;06:11.454;4.8;39.0;LTU;06:14.892;4.6;37.0
1770;USA;06:10.106;4.8;35.0;RSA;06:12.705;4.8;40.0;ITA1;06:12.555;4.8;39.0;LTU;06:15.891;4.6;37.0
1775;USA;06:11.109;4.8;35.0;RSA;06:13.810;4.8;40.0;ITA1;06:13.641;4.8;39.0;LTU;06:17.028;4.6;38.0
1780;USA;06:12.151;4.8;35.0;RSA;06:14.864;4.9;40.0;ITA1;06:14.602;4.8;39.0;LTU;06:18.131;4.6;38.0
1785;USA;06:13.245;4.8;35.0;RSA;06:15.800;4.9;40.0;ITA1;06:15.681;4.8;39.0;LTU;06:19.130;4.6;38.0
1790;USA;06:14.182;4.8;35.0;RSA;06:16.875;4.9;40.0;ITA1;06:16.753;4.8;39.0;LTU;06:20.251;4.6;38.0
1795;USA;06:15.306;4.8;35.0;RSA;06:17.933;4.9;40.0;ITA1;06:17.717;4.8;39.0;LTU;06:21.363;4.6;38.0
1800;USA;06:16.347;4.8;35.0;RSA;06:18.854;4.9;40.0;ITA1;06:18.772;4.8;39.0;LTU;06:22.374;4.6;38.0
1805;USA;06:17.341;4.8;35.0;RSA;06:19.957;4.9;40.0;ITA1;06:19.856;4.8;39.0;LTU;06:23.468;4.6;38.0
1810;USA;06:18.452;4.8;35.0;RSA;06:21.006;4.9;40.0;ITA1;06:20.830;4.9;39.0;LTU;06:24.586;4.6;38.0
1815;USA;06:19.412;4.8;35.0;RSA;06:21.957;4.9;40.0;ITA1;06:21.870;4.8;39.0;LTU;06:25.632;4.6;38.0
1820;USA;06:20.507;4.8;36.0;RSA;06:22.998;4.9;40.0;ITA1;06:22.947;4.8;39.0;LTU;06:26.687;4.6;38.0
1825;USA;06:21.588;4.8;36.0;RSA;06:24.071;4.9;40.0;ITA1;06:23.943;4.9;39.0;LTU;06:27.814;4.6;38.0
1830;USA;06:22.538;4.8;36.0;RSA;06:25.030;4.9;40.0;ITA1;06:24.958;4.8;39.0;LTU;06:28.890;4.6;38.0
1835;USA;06:23.671;4.8;36.0;RSA;06:26.059;4.9;40.0;ITA1;06:26.047;4.8;39.0;LTU;06:29.907;4.6;38.0
1840;USA;06:24.701;4.8;36.0;RSA;06:27.141;4.9;40.0;ITA1;06:27.051;4.8;39.0;LTU;06:31.039;4.6;38.0
1845;USA;06:25.720;4.8;36.0;RSA;06:28.130;4.9;40.0;ITA1;06:28.049;4.8;39.0;LTU;06:32.127;4.6;38.0
1850;USA;06:26.836;4.8;36.0;RSA;06:29.138;4.9;40.0;ITA1;06:29.138;4.8;39.0;LTU;06:33.137;4.6;38.0
1855;USA;06:27.798;4.8;36.0;RSA;06:30.234;4.8;40.0;ITA1;06:30.158;4.9;39.0;LTU;06:34.264;4.6;38.0
1860;USA;06:28.914;4.8;36.0;RSA;06:31.244;4.8;40.0;ITA1;06:31.152;4.9;39.0;LTU;06:35.367;4.6;38.0
1865;USA;06:29.984;4.7;36.0;RSA;06:32.207;4.8;40.0;ITA1;06:32.239;4.8;39.0;LTU;06:36.363;4.6;38.0
1870;USA;06:30.987;4.8;36.0;RSA;06:33.314;4.8;40.0;ITA1;06:33.290;4.8;39.0;LTU;06:37.497;4.6;38.0
1875;USA;06:32.106;4.8;36.0;RSA;06:34.358;4.9;40.0;ITA1;06:34.243;4.8;40.0;LTU;06:38.616;4.6;38.0
1880;USA;06:33.137;4.7;36.0;RSA;06:35.311;4.8;40.0;ITA1;06:35.349;4.8;40.0;LTU;06:39.630;4.6;38.0
1885;USA;06:34.162;4.7;36.0;RSA;06:36.415;4.8;40.0;ITA1;06:36.428;4.8;40.0;LTU;06:40.749;4.6;38.0
1890;USA;06:35.280;4.7;36.0;RSA;06:37.481;4.8;40.0;ITA1;06:37.396;4.8;40.0;LTU;06:41.891;4.6;38.0
1895;USA;06:36.251;4.7;36.0;RSA;06:38.425;4.8;40.0;ITA1;06:38.488;4.8;40.0;LTU;06:42.961;4.6;38.0
1900;USA;06:37.367;4.7;36.0;RSA;06:39.514;4.8;40.0;ITA1;06:39.596;4.7;40.0;LTU;06:44.021;4.6;38.0
1905;USA;06:38.468;4.7;36.0;RSA;06:40.603;4.8;40.0;ITA1;06:40.615;4.7;40.0;LTU;06:45.170;4.6;38.0
1910;USA;06:39.424;4.7;36.0;RSA;06:41.606;4.8;40.0;ITA1;06:41.655;4.7;40.0;LTU;06:46.268;4.6;38.0
1915;USA;06:40.558;4.7;36.0;RSA;06:42.606;4.8;40.0;ITA1;06:42.775;4.7;40.0;LTU;06:47.307;4.6;38.0
1920;USA;06:41.608;4.7;36.0;RSA;06:43.703;4.8;40.0;ITA1;06:43.836;4.7;40.0;LTU;06:48.459;4.6;38.0
1925;USA;06:42.653;4.8;36.0;RSA;06:44.746;4.8;40.0;ITA1;06:44.810;4.7;40.0;LTU;06:49.577;4.6;38.0
1930;USA;06:43.743;4.8;36.0;RSA;06:45.712;4.8;40.0;ITA1;06:45.950;4.7;40.0;LTU;06:50.591;4.6;38.0
1935;USA;06:44.741;4.7;36.0;RSA;06:46.837;4.8;40.0;ITA1;06:47.020;4.7;40.0;LTU;06:51.748;4.6;38.0
1940;USA;06:45.839;4.7;36.0;RSA;06:47.883;4.8;40.0;ITA1;06:47.986;4.8;40.0;LTU;06:52.877;4.6;38.0
1945;USA;06:46.937;4.7;36.0;RSA;06:48.847;4.8;40.0;ITA1;06:49.089;4.7;40.0;LTU;06:53.892;4.6;37.0
1950;USA;06:47.897;4.7;36.0;RSA;06:49.934;4.8;40.0;ITA1;06:50.191;4.7;40.0;LTU;06:55.040;4.6;37.0
1955;USA;06:49.038;4.7;36.0;RSA;06:51.012;4.8;40.0;ITA1;06:51.196;4.8;40.0;LTU;06:56.177;4.5;37.0
1960;USA;06:50.101;4.7;36.0;RSA;06:51.960;4.8;40.0;ITA1;06:52.277;4.7;39.0;LTU;06:57.214;4.6;37.0
1965;USA;06:51.110;4.7;35.0;RSA;06:53.077;4.8;40.0;ITA1;06:53.401;4.7;39.0;LTU;06:58.329;4.6;37.0
1970;USA;06:52.243;4.7;35.0;RSA;06:54.178;4.8;40.0;ITA1;06:54.445;4.7;39.0;LTU;06:59.481;4.5;37.0
1975;USA;06:53.246;4.7;35.0;RSA;06:55.193;4.8;40.0;ITA1;06:55.472;4.7;39.0;LTU;07:00.552;4.5;37.0
1980;USA;06:54.336;4.7;35.0;RSA;06:56.229;4.7;39.0;ITA1;06:56.610;4.6;39.0;LTU;07:01.638;4.5;37.0
1985;USA;06:55.448;4.7;35.0;RSA;06:57.356;4.7;39.0;ITA1;06:57.698;4.6;39.0;LTU;07:02.801;4.5;37.0
1990;USA;06:56.411;4.7;35.0;RSA;06:58.415;4.7;39.0;ITA1;06:58.709;4.6;39.0;LTU;07:03.907;4.5;37.0
1995;USA;06:57.577;4.7;35.0;RSA;06:59.408;4.7;39.0;ITA1;06:59.868;4.6;39.0;LTU;07:04.953;4.5;37.0
2000;USA;06:58.668;4.7;35.0;RSA;07:00.549;4.7;39.0;ITA1;07:00.991;4.6;39.0;LTU;07:06.120;4.5;37.0
