Distance;ShortName1;Time1;Speed1;Stroke1;ShortName3;Time3;Speed3;Stroke3;ShortName4;Time4;Speed4;Stroke4;ShortName5;Time5;Speed5;Stroke5;ShortName6;Time6;Speed6;Stroke6;ShortName2;Time2;Speed2;Stroke2;
5;USA;00:02.943;2.8;0.0;GBR;00:03.090;3.1;0.0;GER;00:03.286;2.9;0.0;CAN;00:03.191;2.5;0.0;AUT;00:03.012;2.8;0.0;ITA;00:03.277;2.6;0.0
10;USA;00:04.314;3.3;42.0;GBR;00:04.427;3.4;0.0;GER;00:04.699;3.1;0.0;CAN;00:04.606;3.1;43.0;AUT;00:04.381;3.4;42.0;ITA;00:04.742;3.1;36.0
15;USA;00:05.500;3.6;42.0;GBR;00:05.499;3.6;37.0;GER;00:05.885;3.4;34.0;CAN;00:05.819;3.6;43.0;AUT;00:05.516;3.7;41.0;ITA;00:05.920;3.4;36.0
20;USA;00:06.489;4.1;42.0;GBR;00:06.647;4.2;38.0;GER;00:07.072;3.9;35.0;CAN;00:06.874;4.1;44.0;AUT;00:06.486;4.1;41.0;ITA;00:06.993;4.0;38.0
25;USA;00:07.463;4.6;43.0;GBR;00:07.615;4.7;39.0;GER;00:08.118;4.4;36.0;CAN;00:07.882;4.5;44.0;AUT;00:07.571;4.6;41.0;ITA;00:08.049;4.4;39.0
30;USA;00:08.460;4.9;43.0;GBR;00:08.444;5.0;40.0;GER;00:09.031;4.7;36.0;CAN;00:08.771;4.8;45.0;AUT;00:08.525;5.0;41.0;ITA;00:09.059;4.8;40.0
35;USA;00:09.347;5.3;43.0;GBR;00:09.434;5.3;40.0;GER;00:10.086;5.0;37.0;CAN;00:09.760;5.1;45.0;AUT;00:09.389;5.2;41.0;ITA;00:09.929;5.0;40.0
40;USA;00:10.219;5.4;44.0;GBR;00:10.315;5.5;41.0;GER;00:10.976;5.2;37.0;CAN;00:10.687;5.3;46.0;AUT;00:10.363;5.4;41.0;ITA;00:10.932;5.2;41.0
45;USA;00:11.119;5.6;44.0;GBR;00:11.109;5.6;41.0;GER;00:11.943;5.2;38.0;CAN;00:11.556;5.4;46.0;AUT;00:11.232;5.5;41.0;ITA;00:11.873;5.3;42.0
50;USA;00:11.942;5.8;45.0;GBR;00:12.030;5.7;42.0;GER;00:12.894;5.3;38.0;CAN;00:12.407;5.5;46.0;AUT;00:12.101;5.6;41.0;ITA;00:12.706;5.4;42.0
55;USA;00:12.762;5.8;45.0;GBR;00:12.861;5.8;42.0;GER;00:13.726;5.4;39.0;CAN;00:13.368;5.6;47.0;AUT;00:13.044;5.6;41.0;ITA;00:13.671;5.4;42.0
60;USA;00:13.664;5.9;45.0;GBR;00:13.690;5.9;42.0;GER;00:14.709;5.4;39.0;CAN;00:14.244;5.7;47.0;AUT;00:13.842;5.6;41.0;ITA;00:14.606;5.5;42.0
65;USA;00:14.468;5.9;45.0;GBR;00:14.584;5.9;43.0;GER;00:15.601;5.5;39.0;CAN;00:15.046;5.7;47.0;AUT;00:14.817;5.6;41.0;ITA;00:15.425;5.5;43.0
70;USA;00:15.309;5.9;45.0;GBR;00:15.354;5.9;43.0;GER;00:16.480;5.5;39.0;CAN;00:15.983;5.7;47.0;AUT;00:15.671;5.7;41.0;ITA;00:16.399;5.5;43.0
75;USA;00:16.195;6.0;45.0;GBR;00:16.258;5.9;43.0;GER;00:17.442;5.5;39.0;CAN;00:16.871;5.7;47.0;AUT;00:16.542;5.6;40.0;ITA;00:17.283;5.6;43.0
80;USA;00:16.980;5.9;45.0;GBR;00:17.095;5.9;43.0;GER;00:18.268;5.5;39.0;CAN;00:17.674;5.7;47.0;AUT;00:17.478;5.7;40.0;ITA;00:18.149;5.6;42.0
85;USA;00:17.844;5.9;46.0;GBR;00:17.925;5.9;43.0;GER;00:19.249;5.5;39.0;CAN;00:18.601;5.8;46.0;AUT;00:18.288;5.6;40.0;ITA;00:19.115;5.6;42.0
90;USA;00:18.714;6.0;46.0;GBR;00:18.804;5.9;43.0;GER;00:20.108;5.5;39.0;CAN;00:19.490;5.8;46.0;AUT;00:19.250;5.6;40.0;ITA;00:19.969;5.6;42.0
95;USA;00:19.487;5.9;46.0;GBR;00:19.574;5.9;43.0;GER;00:21.038;5.5;39.0;CAN;00:20.295;5.7;46.0;AUT;00:20.091;5.6;40.0;ITA;00:20.903;5.5;42.0
100;USA;00:20.395;5.9;46.0;GBR;00:20.496;5.9;43.0;GER;00:21.990;5.5;39.0;CAN;00:21.231;5.7;46.0;AUT;00:21.012;5.6;40.0;ITA;00:21.858;5.5;42.0
105;USA;00:21.240;5.9;46.0;GBR;00:21.325;5.9;43.0;GER;00:22.824;5.5;39.0;CAN;00:22.122;5.7;46.0;AUT;00:21.933;5.6;40.0;ITA;00:22.703;5.5;41.0
110;USA;00:22.050;5.9;46.0;GBR;00:22.173;5.9;42.0;GER;00:23.825;5.5;39.0;CAN;00:22.937;5.7;46.0;AUT;00:22.771;5.6;40.0;ITA;00:23.703;5.4;41.0
115;USA;00:22.926;5.9;46.0;GBR;00:23.079;5.9;42.0;GER;00:24.684;5.5;39.0;CAN;00:23.889;5.7;46.0;AUT;00:23.743;5.6;39.0;ITA;00:24.630;5.4;41.0
120;USA;00:23.765;5.9;46.0;GBR;00:23.868;5.8;42.0;GER;00:25.651;5.4;39.0;CAN;00:24.785;5.7;46.0;AUT;00:24.573;5.6;39.0;ITA;00:25.537;5.3;41.0
125;USA;00:24.600;5.9;46.0;GBR;00:24.813;5.8;42.0;GER;00:26.590;5.4;39.0;CAN;00:25.601;5.6;45.0;AUT;00:25.544;5.5;39.0;ITA;00:26.555;5.3;40.0
130;USA;00:25.479;5.9;46.0;GBR;00:25.649;5.8;42.0;GER;00:27.476;5.4;39.0;CAN;00:26.561;5.6;45.0;AUT;00:26.449;5.5;39.0;ITA;00:27.456;5.3;40.0
135;USA;00:26.291;5.9;46.0;GBR;00:26.520;5.7;42.0;GER;00:28.489;5.3;39.0;CAN;00:27.476;5.6;45.0;AUT;00:27.341;5.5;39.0;ITA;00:28.442;5.2;40.0
140;USA;00:27.142;5.9;46.0;GBR;00:27.435;5.8;42.0;GER;00:29.379;5.3;39.0;CAN;00:28.307;5.6;45.0;AUT;00:28.317;5.5;39.0;ITA;00:29.449;5.2;40.0
145;USA;00:28.039;5.9;45.0;GBR;00:28.232;5.7;41.0;GER;00:30.351;5.3;38.0;CAN;00:29.277;5.6;45.0;AUT;00:29.153;5.4;39.0;ITA;00:30.329;5.2;40.0
150;USA;00:28.804;5.9;45.0;GBR;00:29.189;5.7;41.0;GER;00:31.319;5.3;38.0;CAN;00:30.197;5.5;45.0;AUT;00:30.159;5.4;38.0;ITA;00:31.364;5.2;40.0
155;USA;00:29.722;5.9;45.0;GBR;00:30.011;5.7;41.0;GER;00:32.198;5.3;38.0;CAN;00:31.032;5.5;45.0;AUT;00:31.045;5.4;38.0;ITA;00:32.336;5.2;39.0
160;USA;00:30.555;5.9;44.0;GBR;00:30.920;5.7;41.0;GER;00:33.227;5.3;38.0;CAN;00:32.026;5.5;45.0;AUT;00:32.000;5.4;38.0;ITA;00:33.248;5.2;39.0
165;USA;00:31.417;5.9;44.0;GBR;00:31.832;5.7;41.0;GER;00:34.106;5.3;38.0;CAN;00:32.954;5.5;45.0;AUT;00:32.972;5.4;38.0;ITA;00:34.288;5.1;39.0
170;USA;00:32.286;5.9;43.0;GBR;00:32.654;5.7;40.0;GER;00:35.107;5.3;38.0;CAN;00:33.803;5.4;44.0;AUT;00:33.841;5.3;38.0;ITA;00:35.200;5.2;39.0
175;USA;00:33.062;5.9;43.0;GBR;00:33.610;5.6;40.0;GER;00:36.096;5.2;38.0;CAN;00:34.803;5.4;44.0;AUT;00:34.860;5.3;38.0;ITA;00:36.197;5.1;39.0
180;USA;00:33.994;5.9;43.0;GBR;00:34.418;5.6;40.0;GER;00:36.971;5.2;38.0;CAN;00:35.742;5.4;44.0;AUT;00:35.722;5.3;37.0;ITA;00:37.208;5.1;39.0
185;USA;00:34.826;5.9;42.0;GBR;00:35.376;5.6;40.0;GER;00:38.008;5.2;38.0;CAN;00:36.605;5.4;44.0;AUT;00:36.730;5.3;37.0;ITA;00:38.093;5.1;38.0
190;USA;00:35.684;5.8;42.0;GBR;00:36.262;5.6;40.0;GER;00:38.921;5.2;38.0;CAN;00:37.601;5.3;44.0;AUT;00:37.659;5.3;37.0;ITA;00:39.136;5.1;38.0
195;USA;00:36.583;5.8;42.0;GBR;00:37.122;5.6;40.0;GER;00:39.909;5.2;38.0;CAN;00:38.545;5.4;44.0;AUT;00:38.588;5.3;37.0;ITA;00:40.074;5.2;38.0
200;USA;00:37.379;5.8;42.0;GBR;00:38.068;5.6;40.0;GER;00:40.893;5.2;38.0;CAN;00:39.417;5.3;44.0;AUT;00:39.592;5.3;37.0;ITA;00:41.021;5.2;38.0
205;USA;00:38.300;5.8;42.0;GBR;00:38.882;5.6;40.0;GER;00:41.793;5.2;38.0;CAN;00:40.373;5.3;43.0;AUT;00:40.457;5.3;37.0;ITA;00:42.039;5.2;38.0
210;USA;00:39.142;5.8;42.0;GBR;00:39.849;5.6;40.0;GER;00:42.810;5.2;38.0;CAN;00:41.348;5.4;43.0;AUT;00:41.492;5.3;37.0;ITA;00:42.915;5.2;38.0
215;USA;00:39.996;5.8;42.0;GBR;00:40.703;5.6;39.0;GER;00:43.717;5.2;38.0;CAN;00:42.219;5.3;43.0;AUT;00:42.394;5.3;37.0;ITA;00:43.941;5.2;38.0
220;USA;00:40.906;5.8;42.0;GBR;00:41.620;5.6;39.0;GER;00:44.697;5.2;38.0;CAN;00:43.175;5.3;43.0;AUT;00:43.379;5.2;37.0;ITA;00:44.899;5.2;38.0
225;USA;00:41.696;5.8;42.0;GBR;00:42.548;5.6;39.0;GER;00:45.689;5.2;38.0;CAN;00:44.148;5.4;43.0;AUT;00:44.359;5.2;37.0;ITA;00:45.853;5.2;38.0
230;USA;00:42.636;5.8;42.0;GBR;00:43.376;5.6;39.0;GER;00:46.566;5.2;38.0;CAN;00:45.021;5.4;43.0;AUT;00:45.254;5.2;37.0;ITA;00:46.845;5.2;38.0
235;USA;00:43.482;5.8;42.0;GBR;00:44.346;5.6;39.0;GER;00:47.602;5.2;38.0;CAN;00:45.982;5.3;43.0;AUT;00:46.285;5.2;37.0;ITA;00:47.729;5.2;38.0
240;USA;00:44.344;5.7;42.0;GBR;00:45.171;5.6;39.0;GER;00:48.500;5.2;37.0;CAN;00:46.959;5.3;43.0;AUT;00:47.159;5.2;37.0;ITA;00:48.755;5.2;38.0
245;USA;00:45.270;5.8;42.0;GBR;00:46.133;5.6;39.0;GER;00:49.492;5.2;37.0;CAN;00:47.831;5.3;43.0;AUT;00:48.190;5.2;37.0;ITA;00:49.707;5.2;38.0
250;USA;00:46.066;5.7;42.0;GBR;00:47.029;5.6;39.0;GER;00:50.473;5.2;37.0;CAN;00:48.834;5.3;43.0;AUT;00:49.127;5.2;37.0;ITA;00:50.646;5.2;38.0
255;USA;00:47.027;5.7;41.0;GBR;00:47.910;5.6;39.0;GER;00:51.361;5.2;37.0;CAN;00:49.788;5.3;43.0;AUT;00:50.084;5.2;37.0;ITA;00:51.680;5.2;38.0
260;USA;00:47.878;5.7;41.0;GBR;00:48.866;5.5;39.0;GER;00:52.391;5.2;37.0;CAN;00:50.661;5.3;43.0;AUT;00:51.112;5.2;37.0;ITA;00:52.574;5.2;37.0
265;USA;00:48.762;5.6;41.0;GBR;00:49.694;5.5;39.0;GER;00:53.272;5.2;37.0;CAN;00:51.647;5.3;42.0;AUT;00:51.987;5.2;37.0;ITA;00:53.619;5.1;37.0
270;USA;00:49.688;5.7;41.0;GBR;00:50.677;5.5;38.0;GER;00:54.288;5.2;37.0;CAN;00:52.635;5.3;42.0;AUT;00:53.041;5.1;37.0;ITA;00:54.616;5.1;37.0
275;USA;00:50.506;5.6;41.0;GBR;00:51.531;5.5;38.0;GER;00:55.263;5.2;37.0;CAN;00:53.518;5.3;42.0;AUT;00:53.985;5.1;37.0;ITA;00:55.547;5.1;37.0
280;USA;00:51.478;5.6;40.0;GBR;00:52.481;5.5;38.0;GER;00:56.169;5.2;37.0;CAN;00:54.510;5.2;42.0;AUT;00:54.950;5.1;37.0;ITA;00:56.610;5.1;37.0
285;USA;00:52.317;5.6;40.0;GBR;00:53.420;5.5;38.0;GER;00:57.197;5.2;37.0;CAN;00:55.509;5.3;42.0;AUT;00:55.971;5.1;37.0;ITA;00:57.540;5.0;37.0
290;USA;00:53.269;5.6;40.0;GBR;00:54.279;5.5;38.0;GER;00:58.074;5.2;37.0;CAN;00:56.401;5.2;42.0;AUT;00:56.853;5.1;37.0;ITA;00:58.581;5.0;37.0
295;USA;00:54.164;5.5;39.0;GBR;00:55.270;5.4;38.0;GER;00:59.094;5.2;37.0;CAN;00:57.403;5.2;42.0;AUT;00:57.909;5.1;37.0;ITA;00:59.620;5.0;37.0
300;USA;00:55.057;5.5;39.0;GBR;00:56.112;5.4;38.0;GER;01:00.053;5.2;37.0;CAN;00:58.404;5.2;42.0;AUT;00:58.830;5.1;36.0;ITA;01:00.542;5.0;37.0
305;USA;00:56.039;5.5;39.0;GBR;00:57.107;5.4;38.0;GER;01:00.964;5.2;37.0;CAN;00:59.321;5.2;42.0;AUT;00:59.832;5.1;36.0;ITA;01:01.626;5.0;37.0
310;USA;00:56.869;5.5;39.0;GBR;00:58.023;5.4;38.0;GER;01:01.982;5.2;37.0;CAN;01:00.316;5.1;42.0;AUT;01:00.841;5.1;36.0;ITA;01:02.594;5.0;37.0
315;USA;00:57.856;5.4;39.0;GBR;00:58.934;5.4;38.0;GER;01:02.850;5.3;37.0;CAN;01:01.342;5.1;42.0;AUT;01:01.739;5.1;36.0;ITA;01:03.595;5.0;37.0
320;USA;00:58.767;5.4;39.0;GBR;00:59.921;5.4;38.0;GER;01:03.883;5.2;37.0;CAN;01:02.273;5.1;42.0;AUT;01:02.795;5.1;36.0;ITA;01:04.659;5.0;37.0
325;USA;00:59.654;5.4;39.0;GBR;01:00.771;5.4;38.0;GER;01:04.833;5.2;37.0;CAN;01:03.241;5.1;42.0;AUT;01:03.704;5.1;36.0;ITA;01:05.576;5.0;37.0
330;USA;01:00.628;5.4;39.0;GBR;01:01.790;5.3;38.0;GER;01:05.764;5.2;37.0;CAN;01:04.273;5.1;42.0;AUT;01:04.731;5.1;36.0;ITA;01:06.669;4.9;37.0
335;USA;01:01.461;5.4;39.0;GBR;01:02.677;5.3;38.0;GER;01:06.780;5.2;37.0;CAN;01:05.168;5.1;42.0;AUT;01:05.734;5.1;36.0;ITA;01:07.667;4.9;37.0
340;USA;01:02.461;5.4;39.0;GBR;01:03.647;5.3;38.0;GER;01:07.659;5.2;37.0;CAN;01:06.159;5.1;42.0;AUT;01:06.649;5.1;36.0;ITA;01:08.649;4.9;36.0
345;USA;01:03.355;5.4;39.0;GBR;01:04.630;5.3;38.0;GER;01:08.708;5.2;37.0;CAN;01:07.198;5.1;42.0;AUT;01:07.704;5.1;36.0;ITA;01:09.734;4.9;36.0
350;USA;01:04.272;5.4;39.0;GBR;01:05.516;5.3;38.0;GER;01:09.654;5.2;37.0;CAN;01:08.145;5.1;42.0;AUT;01:08.604;5.1;36.0;ITA;01:10.670;4.9;36.0
355;USA;01:05.244;5.4;39.0;GBR;01:06.526;5.3;38.0;GER;01:10.618;5.2;37.0;CAN;01:09.106;5.1;41.0;AUT;01:09.650;5.1;36.0;ITA;01:11.740;4.9;36.0
360;USA;01:06.084;5.4;39.0;GBR;01:07.390;5.3;37.0;GER;01:11.637;5.1;37.0;CAN;01:10.155;5.1;41.0;AUT;01:10.643;5.1;36.0;ITA;01:12.784;4.9;36.0
365;USA;01:07.085;5.4;39.0;GBR;01:08.410;5.3;37.0;GER;01:12.523;5.1;37.0;CAN;01:11.105;5.1;41.0;AUT;01:11.571;5.1;36.0;ITA;01:13.724;4.9;36.0
370;USA;01:07.974;5.4;39.0;GBR;01:09.373;5.3;37.0;GER;01:13.575;5.1;37.0;CAN;01:12.063;5.1;41.0;AUT;01:12.626;5.1;36.0;ITA;01:14.828;4.9;36.0
375;USA;01:08.906;5.4;39.0;GBR;01:10.281;5.3;37.0;GER;01:14.514;5.1;37.0;CAN;01:13.100;5.1;41.0;AUT;01:13.517;5.1;36.0;ITA;01:15.814;4.9;36.0
380;USA;01:09.879;5.4;39.0;GBR;01:11.305;5.2;37.0;GER;01:15.495;5.1;37.0;CAN;01:14.045;5.1;41.0;AUT;01:14.565;5.1;36.0;ITA;01:16.836;4.9;36.0
385;USA;01:10.730;5.4;39.0;GBR;01:12.179;5.2;37.0;GER;01:16.520;5.1;37.0;CAN;01:15.028;5.1;41.0;AUT;01:15.531;5.1;36.0;ITA;01:17.915;4.9;36.0
390;USA;01:11.744;5.4;39.0;GBR;01:13.218;5.2;37.0;GER;01:17.425;5.1;37.0;CAN;01:16.030;5.1;41.0;AUT;01:16.483;5.1;36.0;ITA;01:18.853;4.9;36.0
395;USA;01:12.648;5.4;39.0;GBR;01:14.178;5.2;37.0;GER;01:18.515;5.1;37.0;CAN;01:16.973;5.1;41.0;AUT;01:17.513;5.1;36.0;ITA;01:19.951;4.9;36.0
400;USA;01:13.588;5.3;39.0;GBR;01:15.120;5.2;37.0;GER;01:19.486;5.0;37.0;CAN;01:17.925;5.1;41.0;AUT;01:18.395;5.1;36.0;ITA;01:20.994;4.9;36.0
405;USA;01:14.578;5.3;39.0;GBR;01:16.159;5.1;37.0;GER;01:20.495;5.0;36.0;CAN;01:18.964;5.1;41.0;AUT;01:19.454;5.1;36.0;ITA;01:21.944;4.9;36.0
410;USA;01:15.436;5.3;39.0;GBR;01:17.052;5.1;37.0;GER;01:21.562;4.9;36.0;CAN;01:19.912;5.1;41.0;AUT;01:20.392;5.1;36.0;ITA;01:23.042;4.9;36.0
415;USA;01:16.467;5.3;39.0;GBR;01:18.113;5.1;37.0;GER;01:22.492;4.9;36.0;CAN;01:20.876;5.1;41.0;AUT;01:21.374;5.1;36.0;ITA;01:24.010;4.9;36.0
420;USA;01:17.407;5.3;39.0;GBR;01:19.078;5.1;37.0;GER;01:23.601;4.9;36.0;CAN;01:21.908;5.1;41.0;AUT;01:22.377;5.1;36.0;ITA;01:25.040;4.9;36.0
425;USA;01:18.324;5.3;39.0;GBR;01:20.037;5.1;37.0;GER;01:24.627;4.9;36.0;CAN;01:22.858;5.1;41.0;AUT;01:23.293;5.1;36.0;ITA;01:26.095;4.9;36.0
430;USA;01:19.336;5.2;39.0;GBR;01:21.078;5.1;37.0;GER;01:25.614;4.9;36.0;CAN;01:23.800;5.1;41.0;AUT;01:24.358;5.1;36.0;ITA;01:27.007;4.9;36.0
435;USA;01:20.202;5.3;39.0;GBR;01:21.968;5.1;37.0;GER;01:26.717;4.8;36.0;CAN;01:24.845;5.1;41.0;AUT;01:25.284;5.1;36.0;ITA;01:28.093;4.9;36.0
440;USA;01:21.221;5.3;39.0;GBR;01:23.024;5.1;37.0;GER;01:27.670;4.8;36.0;CAN;01:25.796;5.1;41.0;AUT;01:26.307;5.1;36.0;ITA;01:29.069;5.0;36.0
445;USA;01:22.177;5.3;39.0;GBR;01:23.991;5.1;37.0;GER;01:28.773;4.8;36.0;CAN;01:26.765;5.1;41.0;AUT;01:27.323;5.1;36.0;ITA;01:30.051;5.0;36.0
450;USA;01:23.065;5.3;39.0;GBR;01:24.936;5.1;37.0;GER;01:29.844;4.8;36.0;CAN;01:27.782;5.1;41.0;AUT;01:28.235;5.1;36.0;ITA;01:31.104;5.0;36.0
455;USA;01:24.069;5.3;39.0;GBR;01:25.971;5.1;37.0;GER;01:30.839;4.8;36.0;CAN;01:28.731;5.1;41.0;AUT;01:29.304;5.1;36.0;ITA;01:32.009;5.0;36.0
460;USA;01:24.948;5.3;39.0;GBR;01:26.856;5.1;37.0;GER;01:31.941;4.8;36.0;CAN;01:29.683;5.1;41.0;AUT;01:30.225;5.1;36.0;ITA;01:33.094;5.0;36.0
465;USA;01:25.933;5.3;39.0;GBR;01:27.913;5.1;37.0;GER;01:32.967;4.8;36.0;CAN;01:30.735;5.1;41.0;AUT;01:31.275;5.1;36.0;ITA;01:34.088;5.0;36.0
470;USA;01:26.897;5.3;39.0;GBR;01:28.878;5.1;37.0;GER;01:34.000;4.8;36.0;CAN;01:31.701;5.1;41.0;AUT;01:32.288;5.0;36.0;ITA;01:35.063;5.0;36.0
475;USA;01:27.772;5.3;39.0;GBR;01:29.836;5.1;37.0;GER;01:35.113;4.8;36.0;CAN;01:32.646;5.1;41.0;AUT;01:33.211;5.0;36.0;ITA;01:36.132;5.0;36.0
480;USA;01:28.792;5.3;39.0;GBR;01:30.874;5.1;37.0;GER;01:36.074;4.8;36.0;CAN;01:33.704;5.0;41.0;AUT;01:34.291;5.0;36.0;ITA;01:37.049;5.0;36.0
485;USA;01:29.686;5.3;39.0;GBR;01:31.760;5.1;37.0;GER;01:37.194;4.8;36.0;CAN;01:34.681;5.1;41.0;AUT;01:35.223;5.0;36.0;ITA;01:38.127;4.9;36.0
490;USA;01:30.662;5.3;39.0;GBR;01:32.818;5.1;37.0;GER;01:38.264;4.8;36.0;CAN;01:35.619;5.0;41.0;AUT;01:36.276;5.0;36.0;ITA;01:39.136;4.9;36.0
495;USA;01:31.649;5.3;39.0;GBR;01:33.768;5.1;37.0;GER;01:39.229;4.8;36.0;CAN;01:36.693;5.0;41.0;AUT;01:37.317;5.0;36.0;ITA;01:40.095;5.0;36.0
500;USA;01:32.522;5.3;39.0;GBR;01:34.733;5.1;37.0;GER;01:40.363;4.8;36.0;CAN;01:37.685;5.0;41.0;AUT;01:38.254;4.9;36.0;ITA;01:41.174;5.0;36.0
505;USA;01:33.559;5.2;39.0;GBR;01:35.764;5.1;37.0;GER;01:41.360;4.8;36.0;CAN;01:38.625;5.0;41.0;AUT;01:39.358;4.9;36.0;ITA;01:42.093;5.0;36.0
510;USA;01:34.495;5.2;39.0;GBR;01:36.657;5.1;37.0;GER;01:42.418;4.8;35.0;CAN;01:39.724;5.0;41.0;AUT;01:40.309;4.9;36.0;ITA;01:43.178;4.9;36.0
515;USA;01:35.453;5.2;38.0;GBR;01:37.724;5.1;37.0;GER;01:43.510;4.8;35.0;CAN;01:40.734;4.9;41.0;AUT;01:41.407;4.9;36.0;ITA;01:44.214;4.9;36.0
520;USA;01:36.468;5.2;38.0;GBR;01:38.677;5.1;37.0;GER;01:44.460;4.8;35.0;CAN;01:41.674;4.9;41.0;AUT;01:42.462;4.8;36.0;ITA;01:45.153;4.9;36.0
525;USA;01:37.344;5.2;38.0;GBR;01:39.675;5.1;37.0;GER;01:45.587;4.8;35.0;CAN;01:42.767;4.9;40.0;AUT;01:43.398;4.8;36.0;ITA;01:46.249;4.9;36.0
530;USA;01:38.382;5.2;38.0;GBR;01:40.697;5.1;36.0;GER;01:46.612;4.8;35.0;CAN;01:43.783;4.9;40.0;AUT;01:44.521;4.8;36.0;ITA;01:47.209;4.9;36.0
535;USA;01:39.345;5.2;38.0;GBR;01:41.592;5.1;36.0;GER;01:47.607;4.8;35.0;CAN;01:44.750;4.9;40.0;AUT;01:45.536;4.8;36.0;ITA;01:48.258;4.9;36.0
540;USA;01:40.272;5.2;38.0;GBR;01:42.659;5.1;36.0;GER;01:48.706;4.8;35.0;CAN;01:45.842;4.9;40.0;AUT;01:46.551;4.8;35.0;ITA;01:49.317;4.9;36.0
545;USA;01:41.304;5.2;38.0;GBR;01:43.565;5.1;36.0;GER;01:49.641;4.8;35.0;CAN;01:46.899;4.9;40.0;AUT;01:47.654;4.8;35.0;ITA;01:50.252;4.9;36.0
550;USA;01:42.190;5.2;38.0;GBR;01:44.595;5.1;36.0;GER;01:50.742;4.9;35.0;CAN;01:47.845;4.9;40.0;AUT;01:48.590;4.8;35.0;ITA;01:51.360;4.9;36.0
555;USA;01:43.217;5.1;38.0;GBR;01:45.621;5.1;36.0;GER;01:51.769;4.9;35.0;CAN;01:48.930;4.8;40.0;AUT;01:49.707;4.8;35.0;ITA;01:52.344;4.9;36.0
560;USA;01:44.204;5.2;38.0;GBR;01:46.520;5.1;36.0;GER;01:52.736;4.9;35.0;CAN;01:50.005;4.8;40.0;AUT;01:50.747;4.8;35.0;ITA;01:53.371;4.9;36.0
565;USA;01:45.097;5.2;38.0;GBR;01:47.584;5.1;36.0;GER;01:53.823;4.9;35.0;CAN;01:50.978;4.8;40.0;AUT;01:51.729;4.8;35.0;ITA;01:54.451;4.9;36.0
570;USA;01:46.135;5.2;38.0;GBR;01:48.512;5.1;36.0;GER;01:54.744;4.9;35.0;CAN;01:52.030;4.8;40.0;AUT;01:52.839;4.8;35.0;ITA;01:55.380;4.9;36.0
575;USA;01:47.034;5.2;38.0;GBR;01:49.524;5.1;36.0;GER;01:55.838;4.9;35.0;CAN;01:53.119;4.8;40.0;AUT;01:53.791;4.8;35.0;ITA;01:56.488;4.9;36.0
580;USA;01:48.044;5.2;38.0;GBR;01:50.545;5.1;36.0;GER;01:56.856;4.9;35.0;CAN;01:54.113;4.8;40.0;AUT;01:54.869;4.8;35.0;ITA;01:57.490;4.9;36.0
585;USA;01:49.049;5.2;38.0;GBR;01:51.449;5.1;36.0;GER;01:57.823;4.9;35.0;CAN;01:55.144;4.8;40.0;AUT;01:55.912;4.9;35.0;ITA;01:58.495;4.9;36.0
590;USA;01:49.938;5.2;38.0;GBR;01:52.510;5.1;36.0;GER;01:58.910;4.9;35.0;CAN;01:56.221;4.8;40.0;AUT;01:56.866;4.9;35.0;ITA;01:59.570;4.9;35.0
595;USA;01:50.988;5.1;38.0;GBR;01:53.417;5.1;36.0;GER;01:59.838;4.9;35.0;CAN;01:57.237;4.8;40.0;AUT;01:57.968;4.9;35.0;ITA;02:00.495;4.9;35.0
600;USA;01:51.904;5.1;38.0;GBR;01:54.452;5.1;36.0;GER;02:00.926;4.9;35.0;CAN;01:58.255;4.8;40.0;AUT;01:58.920;4.9;35.0;ITA;02:01.585;4.9;35.0
605;USA;01:52.897;5.1;38.0;GBR;01:55.456;5.1;36.0;GER;02:01.937;4.9;35.0;CAN;01:59.318;4.8;40.0;AUT;01:59.972;4.9;35.0;ITA;02:02.587;4.9;35.0
610;USA;01:53.904;5.1;37.0;GBR;01:56.370;5.1;36.0;GER;02:02.897;4.9;35.0;CAN;02:00.347;4.8;40.0;AUT;02:01.018;4.9;35.0;ITA;02:03.584;4.9;35.0
615;USA;01:54.819;5.2;37.0;GBR;01:57.420;5.1;36.0;GER;02:03.965;4.9;35.0;CAN;02:01.305;4.8;40.0;AUT;02:01.943;4.9;35.0;ITA;02:04.652;4.9;35.0
620;USA;01:55.837;5.1;37.0;GBR;01:58.315;5.1;36.0;GER;02:04.879;5.0;35.0;CAN;02:02.395;4.9;40.0;AUT;02:03.027;4.9;35.0;ITA;02:05.566;4.9;35.0
625;USA;01:56.745;5.2;37.0;GBR;01:59.359;5.1;36.0;GER;02:05.961;5.0;35.0;CAN;02:03.417;4.9;40.0;AUT;02:03.958;5.0;35.0;ITA;02:06.654;4.9;35.0
630;USA;01:57.733;5.2;37.0;GBR;02:00.330;5.1;36.0;GER;02:06.945;5.0;35.0;CAN;02:04.375;4.9;40.0;AUT;02:05.005;5.0;35.0;ITA;02:07.622;5.0;35.0
635;USA;01:58.725;5.2;37.0;GBR;02:01.277;5.1;36.0;GER;02:07.930;5.0;35.0;CAN;02:05.447;4.9;39.0;AUT;02:06.027;5.0;35.0;ITA;02:08.633;5.0;35.0
640;USA;01:59.609;5.2;37.0;GBR;02:02.309;5.1;36.0;GER;02:08.986;5.0;35.0;CAN;02:06.462;4.9;39.0;AUT;02:06.958;5.0;35.0;ITA;02:09.684;5.0;35.0
645;USA;02:00.647;5.2;37.0;GBR;02:03.194;5.1;36.0;GER;02:09.901;5.0;35.0;CAN;02:07.425;4.9;39.0;AUT;02:08.032;5.0;35.0;ITA;02:10.597;5.0;35.0
650;USA;02:01.545;5.2;37.0;GBR;02:04.252;5.1;36.0;GER;02:10.989;5.0;35.0;CAN;02:08.486;4.9;39.0;AUT;02:08.949;5.0;36.0;ITA;02:11.682;5.0;35.0
655;USA;02:02.543;5.2;37.0;GBR;02:05.189;5.1;36.0;GER;02:11.944;5.0;35.0;CAN;02:09.487;4.9;39.0;AUT;02:10.004;5.0;36.0;ITA;02:12.619;5.0;35.0
660;USA;02:03.519;5.2;37.0;GBR;02:06.175;5.1;36.0;GER;02:12.969;5.0;35.0;CAN;02:10.422;4.9;39.0;AUT;02:11.000;5.0;36.0;ITA;02:13.667;5.0;35.0
665;USA;02:04.415;5.2;37.0;GBR;02:07.189;5.1;36.0;GER;02:14.014;5.0;35.0;CAN;02:11.506;4.9;39.0;AUT;02:11.944;5.0;36.0;ITA;02:14.697;5.0;35.0
670;USA;02:05.454;5.2;37.0;GBR;02:08.092;5.1;36.0;GER;02:14.942;5.0;35.0;CAN;02:12.504;5.0;39.0;AUT;02:12.998;5.1;36.0;ITA;02:15.642;5.0;35.0
675;USA;02:06.346;5.2;37.0;GBR;02:09.147;5.1;36.0;GER;02:16.039;4.9;35.0;CAN;02:13.449;5.0;39.0;AUT;02:13.898;5.1;36.0;ITA;02:16.724;4.9;35.0
680;USA;02:07.354;5.2;37.0;GBR;02:10.044;5.1;36.0;GER;02:17.000;4.9;35.0;CAN;02:14.529;4.9;39.0;AUT;02:14.964;5.1;36.0;ITA;02:17.647;4.9;35.0
685;USA;02:08.337;5.2;37.0;GBR;02:11.087;5.1;36.0;GER;02:18.051;4.9;35.0;CAN;02:15.520;5.0;39.0;AUT;02:15.932;5.1;36.0;ITA;02:18.728;4.9;35.0
690;USA;02:09.223;5.2;37.0;GBR;02:12.066;5.1;36.0;GER;02:19.096;4.9;35.0;CAN;02:16.474;5.0;39.0;AUT;02:16.901;5.1;36.0;ITA;02:19.743;4.9;35.0
695;USA;02:10.253;5.2;37.0;GBR;02:13.001;5.1;36.0;GER;02:20.044;4.9;35.0;CAN;02:17.553;4.9;39.0;AUT;02:17.938;5.1;36.0;ITA;02:20.712;4.9;35.0
700;USA;02:11.146;5.2;37.0;GBR;02:14.040;5.1;36.0;GER;02:21.142;4.9;35.0;CAN;02:18.539;5.0;39.0;AUT;02:18.828;5.1;36.0;ITA;02:21.785;4.9;35.0
705;USA;02:12.141;5.2;38.0;GBR;02:14.931;5.1;36.0;GER;02:22.086;4.9;35.0;CAN;02:19.497;5.0;39.0;AUT;02:19.897;5.1;36.0;ITA;02:22.704;4.9;35.0
710;USA;02:13.112;5.2;38.0;GBR;02:15.987;5.1;36.0;GER;02:23.171;4.9;35.0;CAN;02:20.575;4.9;39.0;AUT;02:20.828;5.1;36.0;ITA;02:23.793;4.9;35.0
715;USA;02:14.004;5.2;38.0;GBR;02:16.926;5.1;36.0;GER;02:24.213;4.9;35.0;CAN;02:21.544;5.0;39.0;AUT;02:21.823;5.1;36.0;ITA;02:24.769;4.9;35.0
720;USA;02:15.038;5.2;38.0;GBR;02:17.913;5.1;36.0;GER;02:25.179;4.9;35.0;CAN;02:22.515;5.0;39.0;AUT;02:22.834;5.1;36.0;ITA;02:25.770;4.9;35.0
725;USA;02:15.930;5.3;38.0;GBR;02:18.931;5.1;36.0;GER;02:26.286;4.9;35.0;CAN;02:23.586;5.0;39.0;AUT;02:23.737;5.1;36.0;ITA;02:26.829;5.0;35.0
730;USA;02:16.928;5.2;38.0;GBR;02:19.834;5.1;36.0;GER;02:27.228;4.8;35.0;CAN;02:24.551;5.0;39.0;AUT;02:24.803;5.1;36.0;ITA;02:27.751;5.0;35.0
735;USA;02:17.903;5.2;38.0;GBR;02:20.891;5.1;36.0;GER;02:28.339;4.8;35.0;CAN;02:25.559;4.9;39.0;AUT;02:25.712;5.1;36.0;ITA;02:28.849;4.9;35.0
740;USA;02:18.793;5.2;38.0;GBR;02:21.790;5.1;36.0;GER;02:29.362;4.8;35.0;CAN;02:26.636;4.9;39.0;AUT;02:26.756;5.1;36.0;ITA;02:29.815;4.9;35.0
745;USA;02:19.823;5.2;38.0;GBR;02:22.827;5.1;36.0;GER;02:30.373;4.8;35.0;CAN;02:27.603;4.9;39.0;AUT;02:27.755;5.1;36.0;ITA;02:30.865;4.9;35.0
750;USA;02:20.702;5.2;38.0;GBR;02:23.810;5.1;36.0;GER;02:31.492;4.8;35.0;CAN;02:28.631;4.9;39.0;AUT;02:28.696;5.1;36.0;ITA;02:31.927;4.9;35.0
755;USA;02:21.708;5.2;37.0;GBR;02:24.743;5.1;36.0;GER;02:32.450;4.8;35.0;CAN;02:29.708;4.9;39.0;AUT;02:29.758;5.1;36.0;ITA;02:32.872;4.9;35.0
760;USA;02:22.676;5.3;37.0;GBR;02:25.778;5.1;36.0;GER;02:33.566;4.8;35.0;CAN;02:30.659;4.9;39.0;AUT;02:30.662;5.0;36.0;ITA;02:33.983;4.9;35.0
765;USA;02:23.569;5.3;37.0;GBR;02:26.662;5.1;36.0;GER;02:34.638;4.8;35.0;CAN;02:31.710;4.9;39.0;AUT;02:31.729;5.0;36.0;ITA;02:34.951;4.9;35.0
770;USA;02:24.595;5.3;37.0;GBR;02:27.718;5.1;36.0;GER;02:35.621;4.8;35.0;CAN;02:32.782;4.9;39.0;AUT;02:32.718;5.0;36.0;ITA;02:36.028;4.9;35.0
775;USA;02:25.473;5.3;37.0;GBR;02:28.659;5.1;36.0;GER;02:36.759;4.8;35.0;CAN;02:33.730;4.9;39.0;AUT;02:33.679;5.0;36.0;ITA;02:37.093;4.8;35.0
780;USA;02:26.491;5.2;37.0;GBR;02:29.646;5.1;36.0;GER;02:37.748;4.7;35.0;CAN;02:34.799;4.9;39.0;AUT;02:34.741;5.0;36.0;ITA;02:38.047;4.8;35.0
785;USA;02:27.460;5.2;37.0;GBR;02:30.667;5.1;36.0;GER;02:38.847;4.7;35.0;CAN;02:35.868;4.9;39.0;AUT;02:35.643;5.0;36.0;ITA;02:39.163;4.8;35.0
790;USA;02:28.364;5.2;37.0;GBR;02:31.569;5.1;36.0;GER;02:39.934;4.7;35.0;CAN;02:36.819;4.9;39.0;AUT;02:36.729;5.0;36.0;ITA;02:40.135;4.8;35.0
795;USA;02:29.392;5.2;37.0;GBR;02:32.627;5.1;36.0;GER;02:40.912;4.7;35.0;CAN;02:37.919;4.8;39.0;AUT;02:37.687;5.0;36.0;ITA;02:41.197;4.8;35.0
800;USA;02:30.264;5.2;37.0;GBR;02:33.535;5.1;36.0;GER;02:42.050;4.7;34.0;CAN;02:38.996;4.8;38.0;AUT;02:38.700;5.0;36.0;ITA;02:42.258;4.8;35.0
805;USA;02:31.291;5.2;37.0;GBR;02:34.576;5.1;36.0;GER;02:43.039;4.7;34.0;CAN;02:39.973;4.8;38.0;AUT;02:39.758;5.0;36.0;ITA;02:43.202;4.9;35.0
810;USA;02:32.247;5.2;37.0;GBR;02:35.577;5.1;36.0;GER;02:44.123;4.7;34.0;CAN;02:41.067;4.8;38.0;AUT;02:40.669;5.0;35.0;ITA;02:44.308;4.9;35.0
815;USA;02:33.163;5.2;37.0;GBR;02:36.527;5.1;36.0;GER;02:45.207;4.8;34.0;CAN;02:42.148;4.8;38.0;AUT;02:41.752;5.0;35.0;ITA;02:45.256;4.9;35.0
820;USA;02:34.183;5.2;37.0;GBR;02:37.566;5.1;36.0;GER;02:46.167;4.8;34.0;CAN;02:43.107;4.8;38.0;AUT;02:42.684;5.0;35.0;ITA;02:46.328;4.9;35.0
825;USA;02:35.050;5.2;37.0;GBR;02:38.465;5.1;36.0;GER;02:47.290;4.8;34.0;CAN;02:44.187;4.8;38.0;AUT;02:43.724;5.0;35.0;ITA;02:47.366;4.9;35.0
830;USA;02:36.082;5.2;37.0;GBR;02:39.533;5.1;36.0;GER;02:48.256;4.8;34.0;CAN;02:45.264;4.8;38.0;AUT;02:44.767;5.0;35.0;ITA;02:48.318;4.9;35.0
835;USA;02:37.029;5.2;37.0;GBR;02:40.505;5.1;36.0;GER;02:49.332;4.8;34.0;CAN;02:46.211;4.8;38.0;AUT;02:45.690;5.0;35.0;ITA;02:49.412;4.9;35.0
840;USA;02:37.957;5.2;37.0;GBR;02:41.478;5.1;36.0;GER;02:50.388;4.8;34.0;CAN;02:47.276;4.8;38.0;AUT;02:46.770;5.0;35.0;ITA;02:50.346;4.9;35.0
845;USA;02:38.973;5.2;37.0;GBR;02:42.516;5.1;36.0;GER;02:51.361;4.9;34.0;CAN;02:48.330;4.9;39.0;AUT;02:47.682;5.0;35.0;ITA;02:51.428;4.9;35.0
850;USA;02:39.848;5.2;37.0;GBR;02:43.414;5.1;36.0;GER;02:52.442;4.9;34.0;CAN;02:49.264;4.9;39.0;AUT;02:48.755;5.0;35.0;ITA;02:52.438;4.9;35.0
855;USA;02:40.895;5.2;37.0;GBR;02:44.484;5.1;36.0;GER;02:53.372;4.9;35.0;CAN;02:50.321;4.9;39.0;AUT;02:49.758;5.0;35.0;ITA;02:53.407;4.9;35.0
860;USA;02:41.837;5.2;37.0;GBR;02:45.382;5.1;36.0;GER;02:54.469;4.9;35.0;CAN;02:51.368;4.9;39.0;AUT;02:50.693;5.0;35.0;ITA;02:54.478;4.9;35.0
865;USA;02:42.787;5.2;37.0;GBR;02:46.431;5.1;36.0;GER;02:55.505;4.9;35.0;CAN;02:52.294;4.9;39.0;AUT;02:51.766;5.0;35.0;ITA;02:55.386;4.9;35.0
870;USA;02:43.817;5.2;37.0;GBR;02:47.444;5.1;36.0;GER;02:56.470;4.9;35.0;CAN;02:53.360;4.9;39.0;AUT;02:52.681;5.0;35.0;ITA;02:56.467;5.0;35.0
875;USA;02:44.691;5.2;37.0;GBR;02:48.385;5.1;36.0;GER;02:57.566;4.9;35.0;CAN;02:54.387;4.9;39.0;AUT;02:53.749;5.0;35.0;ITA;02:57.441;5.0;35.0
880;USA;02:45.732;5.2;37.0;GBR;02:49.414;5.1;36.0;GER;02:58.510;4.9;35.0;CAN;02:55.330;4.9;39.0;AUT;02:54.763;5.0;35.0;ITA;02:58.430;5.0;35.0
885;USA;02:46.672;5.2;37.0;GBR;02:50.316;5.1;36.0;GER;02:59.614;4.9;35.0;CAN;02:56.409;4.9;39.0;AUT;02:55.721;5.0;35.0;ITA;02:59.477;5.0;35.0
890;USA;02:47.620;5.2;37.0;GBR;02:51.365;5.1;36.0;GER;03:00.647;4.9;35.0;CAN;02:57.445;4.9;39.0;AUT;02:56.798;5.0;35.0;ITA;03:00.383;5.0;35.0
895;USA;02:48.625;5.2;37.0;GBR;02:52.332;5.1;36.0;GER;03:01.638;4.8;35.0;CAN;02:58.381;4.9;39.0;AUT;02:57.716;4.9;35.0;ITA;03:01.458;5.0;35.0
900;USA;02:49.496;5.2;37.0;GBR;02:53.289;5.1;36.0;GER;03:02.743;4.8;35.0;CAN;02:59.454;4.9;39.0;AUT;02:58.795;4.9;35.0;ITA;03:02.384;5.0;35.0
905;USA;02:50.535;5.2;37.0;GBR;02:54.324;5.1;36.0;GER;03:03.687;4.8;35.0;CAN;03:00.477;4.9;39.0;AUT;02:59.801;5.0;35.0;ITA;03:03.432;5.1;35.0
910;USA;02:51.449;5.2;37.0;GBR;02:55.218;5.1;36.0;GER;03:04.812;4.8;35.0;CAN;03:01.440;4.9;39.0;AUT;03:00.801;4.9;35.0;ITA;03:04.418;5.1;35.0
915;USA;02:52.425;5.2;37.0;GBR;02:56.281;5.1;36.0;GER;03:05.841;4.8;34.0;CAN;03:02.500;4.9;39.0;AUT;03:01.850;4.9;35.0;ITA;03:05.344;5.1;35.0
920;USA;02:53.420;5.2;37.0;GBR;02:57.209;5.1;36.0;GER;03:06.856;4.8;34.0;CAN;03:03.518;4.9;39.0;AUT;03:02.767;4.9;35.0;ITA;03:06.401;5.1;35.0
925;USA;02:54.295;5.2;37.0;GBR;02:58.231;5.1;36.0;GER;03:07.960;4.8;34.0;CAN;03:04.473;4.9;39.0;AUT;03:03.863;4.9;35.0;ITA;03:07.297;5.1;35.0
930;USA;02:55.333;5.2;37.0;GBR;02:59.248;5.1;36.0;GER;03:08.908;4.8;34.0;CAN;03:05.573;4.9;39.0;AUT;03:04.848;4.9;35.0;ITA;03:08.361;5.1;35.0
935;USA;02:56.238;5.2;37.0;GBR;03:00.171;5.1;36.0;GER;03:10.037;4.8;34.0;CAN;03:06.597;4.9;39.0;AUT;03:05.844;4.9;35.0;ITA;03:09.326;5.1;35.0
940;USA;02:57.219;5.2;37.0;GBR;03:01.235;5.1;36.0;GER;03:11.050;4.8;34.0;CAN;03:07.541;4.9;39.0;AUT;03:06.902;4.9;35.0;ITA;03:10.297;5.1;35.0
945;USA;02:58.213;5.2;37.0;GBR;03:02.140;5.0;35.0;GER;03:12.075;4.8;34.0;CAN;03:08.638;4.9;39.0;AUT;03:07.813;4.9;35.0;ITA;03:11.329;5.1;35.0
950;USA;02:59.084;5.2;37.0;GBR;03:03.208;5.0;35.0;GER;03:13.163;4.8;34.0;CAN;03:09.645;4.9;39.0;AUT;03:08.902;5.0;35.0;ITA;03:12.224;5.1;35.0
955;USA;03:00.118;5.2;37.0;GBR;03:04.182;5.0;35.0;GER;03:14.109;4.8;34.0;CAN;03:10.592;4.9;39.0;AUT;03:09.873;5.0;35.0;ITA;03:13.287;5.1;35.0
960;USA;03:01.037;5.2;38.0;GBR;03:05.158;5.0;35.0;GER;03:15.236;4.8;34.0;CAN;03:11.680;4.9;39.0;AUT;03:10.878;5.0;35.0;ITA;03:14.211;5.1;36.0
965;USA;03:02.002;5.2;38.0;GBR;03:06.207;5.0;35.0;GER;03:16.240;4.8;34.0;CAN;03:12.678;4.9;39.0;AUT;03:11.927;5.0;35.0;ITA;03:15.218;5.1;36.0
970;USA;03:03.009;5.2;38.0;GBR;03:07.118;5.0;35.0;GER;03:17.286;4.8;34.0;CAN;03:13.651;4.9;39.0;AUT;03:12.843;5.0;35.0;ITA;03:16.223;5.1;36.0
975;USA;03:03.885;5.2;38.0;GBR;03:08.207;5.0;35.0;GER;03:18.382;4.8;34.0;CAN;03:14.755;4.9;39.0;AUT;03:13.939;5.0;35.0;ITA;03:17.139;5.1;36.0
980;USA;03:04.933;5.2;38.0;GBR;03:09.157;5.0;35.0;GER;03:19.344;4.8;34.0;CAN;03:15.759;4.9;39.0;AUT;03:14.899;5.0;35.0;ITA;03:18.195;5.1;36.0
985;USA;03:05.883;5.2;38.0;GBR;03:10.182;5.0;35.0;GER;03:20.497;4.8;34.0;CAN;03:16.750;4.9;39.0;AUT;03:15.942;4.9;35.0;ITA;03:19.097;5.1;36.0
990;USA;03:06.833;5.2;38.0;GBR;03:11.226;5.0;35.0;GER;03:21.515;4.7;34.0;CAN;03:17.863;4.8;39.0;AUT;03:17.001;4.9;35.0;ITA;03:20.165;5.1;36.0
995;USA;03:07.863;5.1;38.0;GBR;03:12.149;5.0;35.0;GER;03:22.607;4.7;34.0;CAN;03:18.890;4.8;39.0;AUT;03:17.933;4.9;35.0;ITA;03:21.127;5.1;36.0
1000;USA;03:08.753;5.1;38.0;GBR;03:13.234;5.0;35.0;GER;03:23.752;4.6;34.0;CAN;03:19.893;4.8;39.0;AUT;03:19.036;4.9;35.0;ITA;03:22.100;5.1;36.0
1005;USA;03:09.813;5.1;38.0;GBR;03:14.171;5.0;35.0;GER;03:24.742;4.6;34.0;CAN;03:21.022;4.8;39.0;AUT;03:20.006;4.9;35.0;ITA;03:23.138;5.1;35.0
1010;USA;03:10.776;5.1;38.0;GBR;03:15.225;5.0;35.0;GER;03:25.898;4.6;34.0;CAN;03:22.054;4.8;39.0;AUT;03:21.051;4.9;35.0;ITA;03:24.038;5.1;35.0
1015;USA;03:11.738;5.1;38.0;GBR;03:16.242;5.0;35.0;GER;03:26.954;4.6;34.0;CAN;03:23.040;4.8;39.0;AUT;03:22.110;4.9;35.0;ITA;03:25.107;5.1;35.0
1020;USA;03:12.802;5.0;38.0;GBR;03:17.179;5.0;35.0;GER;03:28.023;4.6;34.0;CAN;03:24.162;4.8;39.0;AUT;03:23.040;4.9;35.0;ITA;03:26.035;5.1;35.0
1025;USA;03:13.726;5.0;38.0;GBR;03:18.243;5.0;35.0;GER;03:29.125;4.7;34.0;CAN;03:25.196;4.8;39.0;AUT;03:24.136;4.9;35.0;ITA;03:27.063;5.1;35.0
1030;USA;03:14.753;5.0;37.0;GBR;03:19.146;5.0;35.0;GER;03:30.102;4.7;34.0;CAN;03:26.183;4.8;39.0;AUT;03:25.086;4.9;35.0;ITA;03:28.076;5.1;35.0
1035;USA;03:15.770;5.0;37.0;GBR;03:20.219;5.0;35.0;GER;03:31.219;4.7;34.0;CAN;03:27.264;4.8;39.0;AUT;03:26.124;4.9;35.0;ITA;03:28.996;5.1;35.0
1040;USA;03:16.674;5.1;37.0;GBR;03:21.172;5.0;35.0;GER;03:32.280;4.7;34.0;CAN;03:28.283;4.8;39.0;AUT;03:27.169;4.9;35.0;ITA;03:30.053;5.1;35.0
1045;USA;03:17.735;5.1;37.0;GBR;03:22.164;5.1;35.0;GER;03:33.266;4.8;34.0;CAN;03:29.247;4.9;39.0;AUT;03:28.113;4.9;35.0;ITA;03:30.951;5.1;35.0
1050;USA;03:18.672;5.1;37.0;GBR;03:23.190;5.1;35.0;GER;03:34.392;4.8;34.0;CAN;03:30.350;4.9;39.0;AUT;03:29.195;4.9;35.0;ITA;03:32.005;5.1;35.0
1055;USA;03:19.658;5.1;37.0;GBR;03:24.100;5.1;35.0;GER;03:35.369;4.8;34.0;CAN;03:31.369;4.9;39.0;AUT;03:30.144;4.9;35.0;ITA;03:32.968;5.1;35.0
1060;USA;03:20.677;5.1;37.0;GBR;03:25.159;5.1;35.0;GER;03:36.479;4.8;34.0;CAN;03:32.337;4.9;39.0;AUT;03:31.171;4.9;35.0;ITA;03:33.934;5.1;35.0
1065;USA;03:21.558;5.1;37.0;GBR;03:26.057;5.1;35.0;GER;03:37.545;4.8;34.0;CAN;03:33.435;4.9;39.0;AUT;03:32.178;5.0;35.0;ITA;03:34.966;5.1;35.0
1070;USA;03:22.621;5.1;37.0;GBR;03:27.110;5.1;35.0;GER;03:38.534;4.8;34.0;CAN;03:34.430;4.9;39.0;AUT;03:33.120;5.0;36.0;ITA;03:35.864;5.1;35.0
1075;USA;03:23.535;5.1;37.0;GBR;03:28.082;5.1;35.0;GER;03:39.661;4.8;34.0;CAN;03:35.451;4.9;39.0;AUT;03:34.198;5.0;36.0;ITA;03:36.930;5.1;35.0
1080;USA;03:24.507;5.2;37.0;GBR;03:29.041;5.1;35.0;GER;03:40.622;4.8;34.0;CAN;03:36.489;4.9;39.0;AUT;03:35.128;5.0;36.0;ITA;03:37.843;5.1;35.0
1085;USA;03:25.517;5.2;37.0;GBR;03:30.076;5.1;35.0;GER;03:41.739;4.8;34.0;CAN;03:37.459;4.9;38.0;AUT;03:36.185;5.0;36.0;ITA;03:38.873;5.1;35.0
1090;USA;03:26.422;5.2;37.0;GBR;03:30.976;5.1;35.0;GER;03:42.804;4.8;34.0;CAN;03:38.475;4.9;38.0;AUT;03:37.218;5.0;36.0;ITA;03:39.866;5.1;35.0
1095;USA;03:27.449;5.2;37.0;GBR;03:32.046;5.1;35.0;GER;03:43.791;4.8;34.0;CAN;03:39.548;4.9;38.0;AUT;03:38.165;4.9;36.0;ITA;03:40.790;5.1;35.0
1100;USA;03:28.385;5.2;37.0;GBR;03:32.980;5.1;35.0;GER;03:44.923;4.8;34.0;CAN;03:40.509;4.9;38.0;AUT;03:39.260;4.9;36.0;ITA;03:41.842;5.1;35.0
1105;USA;03:29.357;5.1;37.0;GBR;03:34.017;5.1;35.0;GER;03:45.891;4.8;34.0;CAN;03:41.547;4.9;38.0;AUT;03:40.197;4.9;36.0;ITA;03:42.738;5.1;35.0
1110;USA;03:30.382;5.1;37.0;GBR;03:35.046;5.0;35.0;GER;03:47.032;4.7;34.0;CAN;03:42.628;4.9;38.0;AUT;03:41.268;4.9;36.0;ITA;03:43.804;5.1;35.0
1115;USA;03:31.272;5.1;37.0;GBR;03:35.980;5.0;35.0;GER;03:48.074;4.7;34.0;CAN;03:43.597;4.9;39.0;AUT;03:42.317;4.9;36.0;ITA;03:44.729;5.1;35.0
1120;USA;03:32.334;5.1;37.0;GBR;03:37.062;5.0;35.0;GER;03:49.071;4.7;34.0;CAN;03:44.657;4.8;39.0;AUT;03:43.276;4.9;36.0;ITA;03:45.751;5.1;35.0
1125;USA;03:33.315;5.1;37.0;GBR;03:37.987;5.0;35.0;GER;03:50.199;4.8;34.0;CAN;03:45.737;4.8;39.0;AUT;03:44.386;4.9;36.0;ITA;03:46.788;5.1;35.0
1130;USA;03:34.266;5.1;37.0;GBR;03:39.066;4.9;35.0;GER;03:51.171;4.8;34.0;CAN;03:46.712;4.8;39.0;AUT;03:45.359;4.8;35.0;ITA;03:47.695;5.1;35.0
1135;USA;03:35.327;5.0;37.0;GBR;03:40.080;4.9;35.0;GER;03:52.302;4.7;34.0;CAN;03:47.778;4.8;39.0;AUT;03:46.426;4.8;35.0;ITA;03:48.765;5.0;35.0
1140;USA;03:36.233;5.0;37.0;GBR;03:41.043;4.9;35.0;GER;03:53.372;4.7;34.0;CAN;03:48.874;4.8;39.0;AUT;03:47.496;4.8;35.0;ITA;03:49.686;5.0;35.0
1145;USA;03:37.285;5.0;37.0;GBR;03:42.118;4.9;35.0;GER;03:54.377;4.7;34.0;CAN;03:49.857;4.8;39.0;AUT;03:48.447;4.8;35.0;ITA;03:50.733;5.0;35.0
1150;USA;03:38.301;5.0;37.0;GBR;03:43.031;4.9;35.0;GER;03:55.510;4.7;34.0;CAN;03:50.924;4.8;38.0;AUT;03:49.578;4.8;35.0;ITA;03:51.741;5.0;35.0
1155;USA;03:39.213;5.0;37.0;GBR;03:44.121;4.9;35.0;GER;03:56.483;4.7;34.0;CAN;03:52.041;4.8;38.0;AUT;03:50.582;4.8;35.0;ITA;03:52.683;5.0;35.0
1160;USA;03:40.280;5.0;37.0;GBR;03:45.111;4.9;35.0;GER;03:57.619;4.7;34.0;CAN;03:53.050;4.8;38.0;AUT;03:51.639;4.8;35.0;ITA;03:53.744;5.0;35.0
1165;USA;03:41.211;5.1;37.0;GBR;03:46.114;4.9;35.0;GER;03:58.686;4.7;34.0;CAN;03:54.119;4.7;38.0;AUT;03:52.741;4.8;35.0;ITA;03:54.647;5.0;35.0
1170;USA;03:42.223;5.1;37.0;GBR;03:47.157;5.0;35.0;GER;03:59.692;4.7;34.0;CAN;03:55.249;4.7;38.0;AUT;03:53.692;4.8;35.0;ITA;03:55.722;5.0;35.0
1175;USA;03:43.250;5.1;37.0;GBR;03:48.072;5.0;35.0;GER;04:00.831;4.7;34.0;CAN;03:56.288;4.7;38.0;AUT;03:54.821;4.8;35.0;ITA;03:56.700;5.0;35.0
1180;USA;03:44.154;5.1;37.0;GBR;03:49.161;5.0;35.0;GER;04:01.810;4.7;34.0;CAN;03:57.314;4.7;38.0;AUT;03:55.843;4.8;35.0;ITA;03:57.674;5.0;35.0
1185;USA;03:45.235;5.1;37.0;GBR;03:50.122;5.0;35.0;GER;04:02.941;4.7;34.0;CAN;03:58.443;4.7;38.0;AUT;03:56.860;4.8;35.0;ITA;03:58.717;5.0;35.0
1190;USA;03:46.204;5.0;37.0;GBR;03:51.146;5.0;35.0;GER;04:04.023;4.7;34.0;CAN;03:59.475;4.7;38.0;AUT;03:57.963;4.8;35.0;ITA;03:59.619;5.0;35.0
1195;USA;03:47.181;5.0;37.0;GBR;03:52.191;5.0;35.0;GER;04:05.012;4.7;34.0;CAN;04:00.480;4.7;38.0;AUT;03:58.908;4.8;35.0;ITA;04:00.699;5.0;35.0
1200;USA;03:48.232;5.0;37.0;GBR;03:53.114;5.0;35.0;GER;04:06.147;4.7;34.0;CAN;04:01.598;4.8;38.0;AUT;04:00.021;4.8;35.0;ITA;04:01.640;5.0;35.0
1205;USA;03:49.141;5.0;37.0;GBR;03:54.194;5.0;35.0;GER;04:07.123;4.7;34.0;CAN;04:02.624;4.8;38.0;AUT;04:01.052;4.8;35.0;ITA;04:02.660;5.0;35.0
1210;USA;03:50.218;5.0;37.0;GBR;03:55.115;5.0;35.0;GER;04:08.243;4.7;34.0;CAN;04:03.625;4.8;38.0;AUT;04:02.035;4.8;35.0;ITA;04:03.691;5.0;35.0
1215;USA;03:51.228;5.0;37.0;GBR;03:56.162;5.0;35.0;GER;04:09.307;4.7;34.0;CAN;04:04.736;4.8;38.0;AUT;04:03.133;4.8;35.0;ITA;04:04.603;5.0;35.0
1220;USA;03:52.167;5.0;37.0;GBR;03:57.173;5.0;35.0;GER;04:10.302;4.7;34.0;CAN;04:05.775;4.8;38.0;AUT;04:04.073;4.9;35.0;ITA;04:05.672;5.0;35.0
1225;USA;03:53.241;5.0;37.0;GBR;03:58.122;5.0;35.0;GER;04:11.428;4.8;34.0;CAN;04:06.774;4.8;38.0;AUT;04:05.167;4.9;35.0;ITA;04:06.582;5.0;36.0
1230;USA;03:54.175;5.0;37.0;GBR;03:59.188;5.0;35.0;GER;04:12.388;4.8;34.0;CAN;04:07.886;4.8;38.0;AUT;04:06.200;4.9;35.0;ITA;04:07.631;5.1;36.0
1235;USA;03:55.225;5.0;37.0;GBR;04:00.105;5.0;35.0;GER;04:13.513;4.8;34.0;CAN;04:08.881;4.8;38.0;AUT;04:07.164;4.9;35.0;ITA;04:08.625;5.1;36.0
1240;USA;03:56.253;5.0;37.0;GBR;04:01.188;5.0;35.0;GER;04:14.578;4.8;34.0;CAN;04:09.896;4.8;38.0;AUT;04:08.258;4.9;35.0;ITA;04:09.568;5.1;36.0
1245;USA;03:57.170;5.0;37.0;GBR;04:02.176;5.0;35.0;GER;04:15.609;4.7;34.0;CAN;04:10.991;4.8;38.0;AUT;04:09.198;4.9;35.0;ITA;04:10.626;5.1;36.0
1250;USA;03:58.247;5.0;37.0;GBR;04:03.166;5.0;35.0;GER;04:16.703;4.7;34.0;CAN;04:11.971;4.9;38.0;AUT;04:10.273;4.9;35.0;ITA;04:11.525;5.1;36.0
1255;USA;03:59.183;5.0;36.0;GBR;04:04.229;5.0;35.0;GER;04:17.663;4.7;34.0;CAN;04:12.961;4.9;38.0;AUT;04:11.311;4.9;35.0;ITA;04:12.593;5.1;36.0
1260;USA;04:00.205;5.0;36.0;GBR;04:05.137;5.0;35.0;GER;04:18.793;4.8;34.0;CAN;04:14.034;4.9;38.0;AUT;04:12.257;4.9;35.0;ITA;04:13.559;5.1;36.0
1265;USA;04:01.229;5.0;36.0;GBR;04:06.220;5.0;35.0;GER;04:19.854;4.8;34.0;CAN;04:15.010;4.9;39.0;AUT;04:13.350;4.9;36.0;ITA;04:14.529;5.1;36.0
1270;USA;04:02.144;5.1;36.0;GBR;04:07.167;5.0;35.0;GER;04:20.852;4.8;34.0;CAN;04:15.995;4.9;39.0;AUT;04:14.289;4.9;36.0;ITA;04:15.567;5.1;36.0
1275;USA;04:03.194;5.1;36.0;GBR;04:08.177;5.0;35.0;GER;04:21.978;4.7;34.0;CAN;04:17.064;4.9;39.0;AUT;04:15.341;4.9;36.0;ITA;04:16.462;5.1;36.0
1280;USA;04:04.132;5.1;37.0;GBR;04:09.198;5.0;35.0;GER;04:22.940;4.7;34.0;CAN;04:18.033;5.0;39.0;AUT;04:16.376;4.9;36.0;ITA;04:17.531;5.1;36.0
1285;USA;04:05.123;5.1;37.0;GBR;04:10.110;5.1;35.0;GER;04:24.050;4.8;34.0;CAN;04:19.056;5.0;39.0;AUT;04:17.304;5.0;36.0;ITA;04:18.474;5.1;36.0
1290;USA;04:06.148;5.1;37.0;GBR;04:11.174;5.1;35.0;GER;04:25.094;4.8;34.0;CAN;04:20.078;5.0;40.0;AUT;04:18.388;5.0;36.0;ITA;04:19.482;5.1;36.0
1295;USA;04:07.043;5.1;37.0;GBR;04:12.067;5.1;35.0;GER;04:26.081;4.8;34.0;CAN;04:21.032;5.0;40.0;AUT;04:19.326;5.0;36.0;ITA;04:20.495;5.1;36.0
1300;USA;04:08.107;5.1;37.0;GBR;04:13.116;5.1;35.0;GER;04:27.184;4.8;34.0;CAN;04:22.026;5.0;40.0;AUT;04:20.368;5.0;36.0;ITA;04:21.406;5.1;36.0
1305;USA;04:09.058;5.1;37.0;GBR;04:14.085;5.1;35.0;GER;04:28.124;4.8;34.0;CAN;04:23.081;5.0;40.0;AUT;04:21.402;5.0;36.0;ITA;04:22.470;5.1;36.0
1310;USA;04:10.023;5.1;37.0;GBR;04:15.035;5.1;35.0;GER;04:29.244;4.8;34.0;CAN;04:23.982;5.0;40.0;AUT;04:22.335;5.0;36.0;ITA;04:23.374;5.1;36.0
1315;USA;04:11.049;5.1;37.0;GBR;04:16.061;5.1;35.0;GER;04:30.269;4.8;34.0;CAN;04:25.035;5.0;39.0;AUT;04:23.425;5.0;36.0;ITA;04:24.431;5.1;36.0
1320;USA;04:11.931;5.1;37.0;GBR;04:16.947;5.1;35.0;GER;04:31.272;4.8;34.0;CAN;04:26.078;5.0;39.0;AUT;04:24.370;4.9;36.0;ITA;04:25.413;5.1;35.0
1325;USA;04:12.972;5.1;37.0;GBR;04:18.003;5.1;35.0;GER;04:32.363;4.8;34.0;CAN;04:26.997;5.0;39.0;AUT;04:25.414;4.9;36.0;ITA;04:26.371;5.1;35.0
1330;USA;04:13.924;5.2;37.0;GBR;04:18.911;5.1;36.0;GER;04:33.295;4.8;34.0;CAN;04:28.060;5.0;39.0;AUT;04:26.455;4.9;36.0;ITA;04:27.418;5.1;35.0
1335;USA;04:14.863;5.2;37.0;GBR;04:19.928;5.1;36.0;GER;04:34.402;4.9;34.0;CAN;04:29.090;5.0;39.0;AUT;04:27.381;4.9;36.0;ITA;04:28.314;5.1;35.0
1340;USA;04:15.882;5.2;37.0;GBR;04:20.915;5.1;36.0;GER;04:35.379;4.9;34.0;CAN;04:30.005;5.0;39.0;AUT;04:28.473;4.9;36.0;ITA;04:29.380;5.1;35.0
1345;USA;04:16.758;5.2;37.0;GBR;04:21.839;5.1;36.0;GER;04:36.406;4.9;34.0;CAN;04:31.090;4.9;39.0;AUT;04:29.412;5.0;36.0;ITA;04:30.283;5.1;35.0
1350;USA;04:17.790;5.2;37.0;GBR;04:22.884;5.1;36.0;GER;04:37.454;4.9;34.0;CAN;04:32.108;5.0;39.0;AUT;04:30.453;5.0;36.0;ITA;04:31.327;5.1;35.0
1355;USA;04:18.732;5.2;37.0;GBR;04:23.770;5.1;36.0;GER;04:38.383;4.9;34.0;CAN;04:33.021;5.0;39.0;AUT;04:31.486;5.0;36.0;ITA;04:32.316;5.1;35.0
1360;USA;04:19.668;5.2;37.0;GBR;04:24.825;5.1;36.0;GER;04:39.469;4.9;34.0;CAN;04:34.119;4.9;39.0;AUT;04:32.411;5.0;36.0;ITA;04:33.251;5.1;35.0
1365;USA;04:20.677;5.2;37.0;GBR;04:25.772;5.1;36.0;GER;04:40.387;5.0;34.0;CAN;04:35.129;5.0;39.0;AUT;04:33.493;5.0;36.0;ITA;04:34.284;5.1;35.0
1370;USA;04:21.547;5.2;37.0;GBR;04:26.744;5.1;36.0;GER;04:41.472;5.0;34.0;CAN;04:36.057;5.0;39.0;AUT;04:34.427;5.0;36.0;ITA;04:35.185;5.1;35.0
1375;USA;04:22.589;5.2;37.0;GBR;04:27.761;5.1;36.0;GER;04:42.478;4.9;34.0;CAN;04:37.146;4.9;39.0;AUT;04:35.476;5.0;36.0;ITA;04:36.228;5.1;35.0
1380;USA;04:23.516;5.2;37.0;GBR;04:28.658;5.1;36.0;GER;04:43.455;5.0;34.0;CAN;04:38.164;4.9;39.0;AUT;04:36.511;5.0;36.0;ITA;04:37.132;5.1;35.0
1385;USA;04:24.483;5.2;37.0;GBR;04:29.713;5.1;36.0;GER;04:44.523;5.0;34.0;CAN;04:39.118;4.9;39.0;AUT;04:37.446;5.0;36.0;ITA;04:38.168;5.1;35.0
1390;USA;04:25.493;5.2;37.0;GBR;04:30.605;5.1;36.0;GER;04:45.441;4.9;34.0;CAN;04:40.210;4.9;39.0;AUT;04:38.533;4.9;36.0;ITA;04:39.144;5.1;35.0
1395;USA;04:26.374;5.2;37.0;GBR;04:31.654;5.1;36.0;GER;04:46.545;4.9;35.0;CAN;04:41.221;4.9;39.0;AUT;04:39.462;4.9;36.0;ITA;04:40.099;5.1;35.0
1400;USA;04:27.426;5.2;37.0;GBR;04:32.644;5.1;36.0;GER;04:47.504;4.9;35.0;CAN;04:42.185;4.9;39.0;AUT;04:40.528;4.9;36.0;ITA;04:41.135;5.1;35.0
1405;USA;04:28.354;5.2;37.0;GBR;04:33.572;5.1;36.0;GER;04:48.538;4.9;35.0;CAN;04:43.286;4.9;39.0;AUT;04:41.560;4.9;36.0;ITA;04:42.033;5.1;35.0
1410;USA;04:29.329;5.1;37.0;GBR;04:34.613;5.1;36.0;GER;04:49.587;4.9;35.0;CAN;04:44.298;4.9;39.0;AUT;04:42.508;4.9;36.0;ITA;04:43.106;5.1;35.0
1415;USA;04:30.336;5.1;37.0;GBR;04:35.502;5.1;36.0;GER;04:50.523;4.9;35.0;CAN;04:45.274;4.9;39.0;AUT;04:43.600;4.9;35.0;ITA;04:44.006;5.1;35.0
1420;USA;04:31.219;5.2;37.0;GBR;04:36.557;5.1;36.0;GER;04:51.614;4.9;35.0;CAN;04:46.365;4.9;39.0;AUT;04:44.543;4.9;35.0;ITA;04:45.072;5.1;35.0
1425;USA;04:32.269;5.2;37.0;GBR;04:37.503;5.1;36.0;GER;04:52.550;4.9;35.0;CAN;04:47.350;4.9;39.0;AUT;04:45.616;4.9;35.0;ITA;04:46.062;5.0;35.0
1430;USA;04:33.177;5.2;37.0;GBR;04:38.492;5.1;36.0;GER;04:53.629;4.9;35.0;CAN;04:48.339;4.9;39.0;AUT;04:46.653;4.9;35.0;ITA;04:47.030;5.0;35.0
1435;USA;04:34.181;5.2;37.0;GBR;04:39.519;5.1;36.0;GER;04:54.649;4.9;35.0;CAN;04:49.424;4.9;39.0;AUT;04:47.603;4.9;35.0;ITA;04:48.083;5.0;35.0
1440;USA;04:35.175;5.2;37.0;GBR;04:40.429;5.1;36.0;GER;04:55.619;4.9;35.0;CAN;04:50.403;4.9;39.0;AUT;04:48.699;4.9;35.0;ITA;04:49.017;5.0;35.0
1445;USA;04:36.079;5.2;37.0;GBR;04:41.501;5.1;36.0;GER;04:56.703;4.9;35.0;CAN;04:51.410;4.9;39.0;AUT;04:49.639;4.9;35.0;ITA;04:50.078;5.0;35.0
1450;USA;04:37.130;5.1;37.0;GBR;04:42.434;5.0;36.0;GER;04:57.623;4.9;35.0;CAN;04:52.486;4.9;39.0;AUT;04:50.730;4.9;35.0;ITA;04:51.006;5.0;35.0
1455;USA;04:38.036;5.1;37.0;GBR;04:43.464;5.0;36.0;GER;04:58.733;4.9;35.0;CAN;04:53.444;4.9;39.0;AUT;04:51.761;4.9;35.0;ITA;04:52.057;5.0;35.0
1460;USA;04:39.071;5.1;37.0;GBR;04:44.489;5.0;36.0;GER;04:59.722;4.9;35.0;CAN;04:54.490;4.9;39.0;AUT;04:52.708;4.9;35.0;ITA;04:53.065;5.0;35.0
1465;USA;04:40.083;5.1;37.0;GBR;04:45.408;5.0;36.0;GER;05:00.742;4.9;35.0;CAN;04:55.545;4.9;39.0;AUT;04:53.803;4.9;35.0;ITA;04:54.021;5.0;35.0
1470;USA;04:40.992;5.1;37.0;GBR;04:46.477;5.0;36.0;GER;05:01.812;4.9;35.0;CAN;04:56.490;4.9;39.0;AUT;04:54.724;4.9;35.0;ITA;04:55.086;5.0;35.0
1475;USA;04:42.053;5.1;37.0;GBR;04:47.391;5.0;36.0;GER;05:02.748;4.9;34.0;CAN;04:57.568;4.9;39.0;AUT;04:55.813;4.9;35.0;ITA;04:55.990;5.0;35.0
1480;USA;04:42.975;5.1;37.0;GBR;04:48.446;5.0;36.0;GER;05:03.855;4.9;34.0;CAN;04:58.603;4.9;39.0;AUT;04:56.857;4.9;35.0;ITA;04:57.069;5.0;35.0
1485;USA;04:43.994;5.1;37.0;GBR;04:49.452;5.0;36.0;GER;05:04.816;4.9;34.0;CAN;04:59.547;4.9;39.0;AUT;04:57.809;4.9;35.0;ITA;04:57.997;5.0;35.0
1490;USA;04:45.010;5.1;37.0;GBR;04:50.396;5.0;36.0;GER;05:05.865;4.9;35.0;CAN;05:00.620;4.9;39.0;AUT;04:58.912;4.9;35.0;ITA;04:59.033;5.0;35.0
1495;USA;04:45.913;5.1;37.0;GBR;04:51.459;5.0;36.0;GER;05:06.906;4.9;35.0;CAN;05:01.681;4.9;39.0;AUT;04:59.856;4.9;35.0;ITA;05:00.038;5.0;35.0
1500;USA;04:46.976;5.1;37.0;GBR;04:52.363;5.0;36.0;GER;05:07.854;4.9;35.0;CAN;05:02.615;4.9;39.0;AUT;05:00.927;4.9;35.0;ITA;05:00.991;5.1;34.0
1505;USA;04:47.902;5.1;37.0;GBR;04:53.432;5.1;36.0;GER;05:08.952;4.9;35.0;CAN;05:03.708;4.9;39.0;AUT;05:01.977;4.9;35.0;ITA;05:02.053;5.0;34.0
1510;USA;04:48.914;5.1;37.0;GBR;04:54.406;5.0;36.0;GER;05:09.889;4.9;35.0;CAN;05:04.770;4.9;39.0;AUT;05:02.924;4.9;35.0;ITA;05:02.976;5.0;34.0
1515;USA;04:49.936;5.1;37.0;GBR;04:55.373;5.0;36.0;GER;05:10.986;4.9;35.0;CAN;05:05.729;4.9;39.0;AUT;05:04.025;4.9;35.0;ITA;05:04.044;5.0;34.0
1520;USA;04:50.836;5.1;37.0;GBR;04:56.415;5.0;36.0;GER;05:12.021;4.9;35.0;CAN;05:06.828;4.8;39.0;AUT;05:04.992;4.9;35.0;ITA;05:04.974;5.0;34.0
1525;USA;04:51.908;5.1;37.0;GBR;04:57.309;5.1;36.0;GER;05:13.000;4.9;35.0;CAN;05:07.896;4.8;39.0;AUT;05:06.041;4.9;35.0;ITA;05:06.019;5.0;34.0
1530;USA;04:52.851;5.1;37.0;GBR;04:58.376;5.1;36.0;GER;05:14.102;4.8;35.0;CAN;05:08.841;4.8;39.0;AUT;05:07.105;4.9;35.0;ITA;05:07.017;5.0;34.0
1535;USA;04:53.858;5.1;37.0;GBR;04:59.309;5.1;36.0;GER;05:15.034;4.8;35.0;CAN;05:09.925;4.8;39.0;AUT;05:08.040;4.9;36.0;ITA;05:07.970;5.0;34.0
1540;USA;04:54.903;5.0;37.0;GBR;05:00.316;5.1;36.0;GER;05:16.148;4.8;35.0;CAN;05:10.983;4.8;39.0;AUT;05:09.151;4.9;36.0;ITA;05:09.007;5.1;34.0
1545;USA;04:55.816;5.0;37.0;GBR;05:01.331;5.1;36.0;GER;05:17.153;4.8;35.0;CAN;05:11.919;4.9;39.0;AUT;05:10.141;4.9;36.0;ITA;05:09.916;5.1;34.0
1550;USA;04:56.909;5.0;37.0;GBR;05:02.243;5.1;36.0;GER;05:18.161;4.9;34.0;CAN;05:13.026;4.9;39.0;AUT;05:11.173;4.9;36.0;ITA;05:10.992;5.1;34.0
1555;USA;04:57.913;4.9;37.0;GBR;05:03.298;5.1;36.0;GER;05:19.240;4.9;34.0;CAN;05:14.053;4.9;39.0;AUT;05:12.260;4.8;36.0;ITA;05:11.908;5.1;34.0
1560;USA;04:58.866;4.9;37.0;GBR;05:04.193;5.1;36.0;GER;05:20.179;4.9;34.0;CAN;05:14.995;4.9;39.0;AUT;05:13.192;4.8;35.0;ITA;05:12.961;5.1;34.0
1565;USA;04:59.933;4.9;37.0;GBR;05:05.241;5.1;36.0;GER;05:21.300;4.9;34.0;CAN;05:16.096;4.9;39.0;AUT;05:14.304;4.8;35.0;ITA;05:13.948;5.0;34.0
1570;USA;05:00.854;5.0;37.0;GBR;05:06.220;5.1;36.0;GER;05:22.294;4.8;34.0;CAN;05:17.162;4.8;39.0;AUT;05:15.317;4.8;35.0;ITA;05:14.910;5.0;34.0
1575;USA;05:01.902;5.0;37.0;GBR;05:07.159;5.1;36.0;GER;05:23.344;4.8;34.0;CAN;05:18.111;4.8;39.0;AUT;05:16.318;4.9;35.0;ITA;05:15.948;5.1;34.0
1580;USA;05:02.918;5.0;37.0;GBR;05:08.197;5.1;36.0;GER;05:24.421;4.8;34.0;CAN;05:19.216;4.8;39.0;AUT;05:17.410;4.9;35.0;ITA;05:16.850;5.1;34.0
1585;USA;05:03.826;5.0;37.0;GBR;05:09.082;5.1;36.0;GER;05:25.369;4.8;34.0;CAN;05:20.281;4.8;39.0;AUT;05:18.345;4.9;35.0;ITA;05:17.916;5.1;34.0
1590;USA;05:04.896;5.0;37.0;GBR;05:10.137;5.1;36.0;GER;05:26.482;4.8;34.0;CAN;05:21.223;4.8;39.0;AUT;05:19.441;4.9;35.0;ITA;05:18.812;5.1;35.0
1595;USA;05:05.826;5.1;37.0;GBR;05:11.068;5.1;36.0;GER;05:27.441;4.8;34.0;CAN;05:22.314;4.8;39.0;AUT;05:20.472;4.9;35.0;ITA;05:19.865;5.1;35.0
1600;USA;05:06.823;5.1;37.0;GBR;05:12.064;5.1;36.0;GER;05:28.517;4.9;34.0;CAN;05:23.367;4.8;39.0;AUT;05:21.445;4.9;35.0;ITA;05:20.824;5.1;35.0
1605;USA;05:07.839;5.1;37.0;GBR;05:13.083;5.1;36.0;GER;05:29.562;4.9;34.0;CAN;05:24.320;4.9;39.0;AUT;05:22.549;4.9;35.0;ITA;05:21.792;5.1;35.0
1610;USA;05:08.727;5.1;37.0;GBR;05:13.994;5.1;36.0;GER;05:30.529;4.9;34.0;CAN;05:25.415;4.8;39.0;AUT;05:23.505;4.9;35.0;ITA;05:22.817;5.1;35.0
1615;USA;05:09.783;5.1;37.0;GBR;05:15.069;5.1;36.0;GER;05:31.631;4.9;34.0;CAN;05:26.481;4.8;39.0;AUT;05:24.596;4.8;35.0;ITA;05:23.719;5.1;35.0
1620;USA;05:10.727;5.1;37.0;GBR;05:15.998;5.1;36.0;GER;05:32.577;4.9;34.0;CAN;05:27.436;4.8;39.0;AUT;05:25.658;4.8;35.0;ITA;05:24.792;5.1;35.0
1625;USA;05:11.700;5.1;37.0;GBR;05:17.058;5.0;36.0;GER;05:33.688;4.8;34.0;CAN;05:28.535;4.8;39.0;AUT;05:26.610;4.8;35.0;ITA;05:25.713;5.1;35.0
1630;USA;05:12.730;5.1;37.0;GBR;05:18.092;5.0;36.0;GER;05:34.713;4.8;34.0;CAN;05:29.602;4.8;39.0;AUT;05:27.724;4.8;35.0;ITA;05:26.771;5.0;35.0
1635;USA;05:13.614;5.1;37.0;GBR;05:19.034;4.9;36.0;GER;05:35.730;4.8;34.0;CAN;05:30.554;4.8;39.0;AUT;05:28.703;4.8;35.0;ITA;05:27.785;5.0;35.0
1640;USA;05:14.677;5.1;37.0;GBR;05:20.122;4.9;36.0;GER;05:36.842;4.8;34.0;CAN;05:31.637;4.8;39.0;AUT;05:29.752;4.8;35.0;ITA;05:28.744;5.0;35.0
1645;USA;05:15.650;5.1;37.0;GBR;05:21.058;4.9;36.0;GER;05:37.787;4.8;34.0;CAN;05:32.696;4.9;39.0;AUT;05:30.838;4.8;35.0;ITA;05:29.814;5.0;35.0
1650;USA;05:16.588;5.1;37.0;GBR;05:22.127;4.9;36.0;GER;05:38.915;4.8;34.0;CAN;05:33.634;4.9;39.0;AUT;05:31.781;4.8;35.0;ITA;05:30.725;5.0;35.0
1655;USA;05:17.636;5.1;37.0;GBR;05:23.168;4.9;36.0;GER;05:39.945;4.8;34.0;CAN;05:34.725;4.9;39.0;AUT;05:32.906;4.8;35.0;ITA;05:31.812;5.0;35.0
1660;USA;05:18.550;5.1;37.0;GBR;05:24.119;4.9;36.0;GER;05:40.966;4.8;34.0;CAN;05:35.794;4.9;39.0;AUT;05:33.939;4.8;35.0;ITA;05:32.788;5.0;35.0
1665;USA;05:19.571;5.1;38.0;GBR;05:25.219;4.9;36.0;GER;05:42.077;4.8;34.0;CAN;05:36.746;4.8;39.0;AUT;05:34.957;4.8;35.0;ITA;05:33.787;5.0;35.0
1670;USA;05:20.582;5.1;38.0;GBR;05:26.169;4.9;35.0;GER;05:43.027;4.8;34.0;CAN;05:37.841;4.8;39.0;AUT;05:36.085;4.8;35.0;ITA;05:34.849;5.0;35.0
1675;USA;05:21.483;5.1;38.0;GBR;05:27.239;4.9;35.0;GER;05:44.170;4.8;34.0;CAN;05:38.912;4.8;39.0;AUT;05:37.063;4.7;35.0;ITA;05:35.764;5.0;35.0
1680;USA;05:22.544;5.1;38.0;GBR;05:28.290;4.9;35.0;GER;05:45.198;4.8;34.0;CAN;05:39.871;4.8;39.0;AUT;05:38.170;4.7;35.0;ITA;05:36.853;4.9;35.0
1685;USA;05:23.513;5.1;38.0;GBR;05:29.237;4.9;35.0;GER;05:46.231;4.8;34.0;CAN;05:40.980;4.8;39.0;AUT;05:39.264;4.7;35.0;ITA;05:37.809;4.9;35.0
1690;USA;05:24.470;5.1;38.0;GBR;05:30.340;4.9;35.0;GER;05:47.338;4.8;34.0;CAN;05:42.035;4.8;39.0;AUT;05:40.226;4.7;35.0;ITA;05:38.839;5.0;35.0
1695;USA;05:25.529;5.0;38.0;GBR;05:31.297;4.9;35.0;GER;05:48.298;4.8;34.0;CAN;05:42.996;4.8;39.0;AUT;05:41.372;4.7;35.0;ITA;05:39.883;5.0;35.0
1700;USA;05:26.449;5.1;38.0;GBR;05:32.350;4.9;35.0;GER;05:49.438;4.8;34.0;CAN;05:44.069;4.8;39.0;AUT;05:42.403;4.7;35.0;ITA;05:40.814;5.0;35.0
1705;USA;05:27.477;5.0;38.0;GBR;05:33.404;4.9;35.0;GER;05:50.460;4.7;34.0;CAN;05:45.151;4.8;39.0;AUT;05:43.435;4.7;35.0;ITA;05:41.913;4.9;35.0
1710;USA;05:28.514;5.0;38.0;GBR;05:34.360;4.9;35.0;GER;05:51.511;4.7;34.0;CAN;05:46.099;4.8;39.0;AUT;05:44.547;4.7;35.0;ITA;05:42.844;4.9;35.0
1715;USA;05:29.417;5.0;38.0;GBR;05:35.445;4.9;35.0;GER;05:52.621;4.8;34.0;CAN;05:47.184;4.8;39.0;AUT;05:45.506;4.8;35.0;ITA;05:43.935;4.9;35.0
1720;USA;05:30.498;5.0;38.0;GBR;05:36.415;4.9;35.0;GER;05:53.579;4.7;34.0;CAN;05:48.274;4.8;39.0;AUT;05:46.620;4.8;35.0;ITA;05:44.989;4.9;35.0
1725;USA;05:31.499;5.0;38.0;GBR;05:37.483;4.9;35.0;GER;05:54.722;4.7;34.0;CAN;05:49.255;4.8;39.0;AUT;05:47.679;4.8;35.0;ITA;05:45.954;4.9;35.0
1730;USA;05:32.422;5.0;38.0;GBR;05:38.555;4.9;35.0;GER;05:55.731;4.7;34.0;CAN;05:50.323;4.8;39.0;AUT;05:48.645;4.8;35.0;ITA;05:47.069;4.8;35.0
1735;USA;05:33.505;5.0;38.0;GBR;05:39.504;4.8;35.0;GER;05:56.796;4.8;34.0;CAN;05:51.403;4.8;39.0;AUT;05:49.765;4.8;35.0;ITA;05:48.021;4.8;35.0
1740;USA;05:34.483;5.0;38.0;GBR;05:40.630;4.8;35.0;GER;05:57.896;4.8;34.0;CAN;05:52.410;4.8;39.0;AUT;05:50.757;4.8;35.0;ITA;05:49.124;4.8;35.0
1745;USA;05:35.463;5.0;38.0;GBR;05:41.647;4.8;35.0;GER;05:58.858;4.8;34.0;CAN;05:53.446;4.8;39.0;AUT;05:51.786;4.8;36.0;ITA;05:50.168;4.8;35.0
1750;USA;05:36.543;4.9;38.0;GBR;05:42.672;4.8;35.0;GER;06:00.006;4.7;34.0;CAN;05:54.560;4.8;39.0;AUT;05:52.879;4.8;36.0;ITA;05:51.165;4.8;35.0
1755;USA;05:37.485;5.0;38.0;GBR;05:43.777;4.8;35.0;GER;06:01.012;4.7;34.0;CAN;05:55.591;4.8;39.0;AUT;05:53.828;4.8;36.0;ITA;05:52.288;4.8;35.0
1760;USA;05:38.526;4.9;38.0;GBR;05:44.734;4.8;35.0;GER;06:02.088;4.7;34.0;CAN;05:56.618;4.7;39.0;AUT;05:54.943;4.8;36.0;ITA;05:53.251;4.8;35.0
1765;USA;05:39.599;4.9;38.0;GBR;05:45.850;4.8;35.0;GER;06:03.207;4.7;34.0;CAN;05:57.765;4.7;39.0;AUT;05:56.014;4.8;36.0;ITA;05:54.349;4.8;35.0
1770;USA;05:40.552;4.9;38.0;GBR;05:46.905;4.8;35.0;GER;06:04.207;4.7;34.0;CAN;05:58.833;4.7;39.0;AUT;05:56.973;4.8;36.0;ITA;05:55.419;4.8;35.0
1775;USA;05:41.622;4.9;38.0;GBR;05:47.888;4.8;35.0;GER;06:05.356;4.6;34.0;CAN;05:59.819;4.6;39.0;AUT;05:58.098;4.8;36.0;ITA;05:56.407;4.8;35.0
1780;USA;05:42.692;4.9;38.0;GBR;05:49.002;4.8;35.0;GER;06:06.388;4.6;34.0;CAN;06:00.963;4.6;39.0;AUT;05:59.129;4.8;36.0;ITA;05:57.490;4.8;35.0
1785;USA;05:43.626;4.9;38.0;GBR;05:49.945;4.8;35.0;GER;06:07.456;4.6;34.0;CAN;06:02.048;4.7;39.0;AUT;06:00.150;4.8;36.0;ITA;05:58.439;4.8;35.0
1790;USA;05:44.716;4.8;38.0;GBR;05:51.037;4.8;35.0;GER;06:08.577;4.7;34.0;CAN;06:03.019;4.7;39.0;AUT;06:01.271;4.8;36.0;ITA;05:59.525;4.8;35.0
1795;USA;05:45.767;4.9;38.0;GBR;05:52.095;4.8;35.0;GER;06:09.553;4.7;34.0;CAN;06:04.175;4.7;39.0;AUT;06:02.246;4.8;36.0;ITA;06:00.581;4.9;35.0
1800;USA;05:46.695;4.9;38.0;GBR;05:53.037;4.9;35.0;GER;06:10.707;4.7;34.0;CAN;06:05.247;4.7;39.0;AUT;06:03.331;4.8;36.0;ITA;06:01.537;4.9;35.0
1805;USA;05:47.782;4.9;38.0;GBR;05:54.143;4.9;35.0;GER;06:11.752;4.7;34.0;CAN;06:06.219;4.7;39.0;AUT;06:04.418;4.8;36.0;ITA;06:02.639;4.9;35.0
1810;USA;05:48.807;4.9;38.0;GBR;05:55.108;4.9;35.0;GER;06:12.789;4.7;34.0;CAN;06:07.303;4.7;39.0;AUT;06:05.359;4.8;36.0;ITA;06:03.579;4.9;35.0
1815;USA;05:49.736;4.9;38.0;GBR;05:56.149;4.9;35.0;GER;06:13.904;4.7;34.0;CAN;06:08.396;4.8;39.0;AUT;06:06.480;4.8;36.0;ITA;06:04.669;4.9;35.0
1820;USA;05:50.817;4.9;38.0;GBR;05:57.207;4.9;35.0;GER;06:14.860;4.7;34.0;CAN;06:09.385;4.8;39.0;AUT;06:07.516;4.8;36.0;ITA;06:05.711;4.9;35.0
1825;USA;05:51.793;5.0;38.0;GBR;05:58.126;4.9;35.0;GER;06:15.996;4.8;34.0;CAN;06:10.432;4.8;39.0;AUT;06:08.498;4.8;36.0;ITA;06:06.664;4.9;35.0
1830;USA;05:52.790;5.0;38.0;GBR;05:59.210;4.9;36.0;GER;06:17.024;4.8;34.0;CAN;06:11.527;4.8;39.0;AUT;06:09.602;4.8;36.0;ITA;06:07.756;4.9;35.0
1835;USA;05:53.815;5.0;38.0;GBR;06:00.157;5.0;36.0;GER;06:18.056;4.8;34.0;CAN;06:12.515;4.8;39.0;AUT;06:10.573;4.8;36.0;ITA;06:08.676;4.9;35.0
1840;USA;05:54.748;5.0;38.0;GBR;06:01.175;5.0;36.0;GER;06:19.166;4.8;34.0;CAN;06:13.574;4.8;39.0;AUT;06:11.624;4.8;36.0;ITA;06:09.750;4.9;35.0
1845;USA;05:55.755;5.0;38.0;GBR;06:02.204;5.0;36.0;GER;06:20.127;4.8;34.0;CAN;06:14.639;4.8;39.0;AUT;06:12.692;4.9;36.0;ITA;06:10.774;4.9;35.0
1850;USA;05:56.783;5.1;38.0;GBR;06:03.120;5.0;36.0;GER;06:21.269;4.8;34.0;CAN;06:15.633;4.8;39.0;AUT;06:13.627;4.9;36.0;ITA;06:11.707;5.0;35.0
1855;USA;05:57.693;5.1;38.0;GBR;06:04.189;5.0;36.0;GER;06:22.325;4.7;34.0;CAN;06:16.643;4.8;39.0;AUT;06:14.734;4.9;36.0;ITA;06:12.775;5.0;36.0
1860;USA;05:58.730;5.1;39.0;GBR;06:05.093;5.0;36.0;GER;06:23.359;4.7;34.0;CAN;06:17.726;4.8;39.0;AUT;06:15.751;4.9;36.0;ITA;06:13.678;5.0;36.0
1865;USA;05:59.744;5.1;39.0;GBR;06:06.144;5.1;36.0;GER;06:24.444;4.7;34.0;CAN;06:18.702;4.9;39.0;AUT;06:16.742;4.9;36.0;ITA;06:14.736;5.0;36.0
1870;USA;06:00.646;5.1;39.0;GBR;06:07.157;5.1;36.0;GER;06:25.386;4.8;34.0;CAN;06:19.706;4.9;39.0;AUT;06:17.804;4.9;36.0;ITA;06:15.733;5.0;36.0
1875;USA;06:01.697;5.1;39.0;GBR;06:08.076;5.1;36.0;GER;06:26.518;4.8;34.0;CAN;06:20.781;4.9;39.0;AUT;06:18.745;4.9;36.0;ITA;06:16.662;5.1;36.0
1880;USA;06:02.702;5.1;40.0;GBR;06:09.132;5.1;36.0;GER;06:27.529;4.8;34.0;CAN;06:21.738;4.9;39.0;AUT;06:19.811;4.9;36.0;ITA;06:17.711;5.1;36.0
1885;USA;06:03.624;5.1;40.0;GBR;06:10.029;5.1;36.0;GER;06:28.541;4.8;34.0;CAN;06:22.734;4.9;39.0;AUT;06:20.817;4.9;36.0;ITA;06:18.597;5.1;36.0
1890;USA;06:04.663;5.1;40.0;GBR;06:11.060;5.1;36.0;GER;06:29.633;4.8;34.0;CAN;06:23.794;4.9;39.0;AUT;06:21.748;5.0;37.0;ITA;06:19.646;5.1;36.0
1895;USA;06:05.659;5.1;40.0;GBR;06:12.052;5.1;36.0;GER;06:30.563;4.8;34.0;CAN;06:24.731;5.0;39.0;AUT;06:22.803;5.0;37.0;ITA;06:20.611;5.1;36.0
1900;USA;06:06.575;5.1;40.0;GBR;06:12.965;5.1;36.0;GER;06:31.672;4.9;34.0;CAN;06:25.768;5.0;39.0;AUT;06:23.746;5.0;37.0;ITA;06:21.549;5.1;36.0
1905;USA;06:07.608;5.1;40.0;GBR;06:14.009;5.1;36.0;GER;06:32.663;4.9;34.0;CAN;06:26.790;5.0;39.0;AUT;06:24.744;5.1;37.0;ITA;06:22.576;5.1;36.0
1910;USA;06:08.596;5.1;40.0;GBR;06:14.900;5.1;36.0;GER;06:33.682;4.9;35.0;CAN;06:27.715;5.0;39.0;AUT;06:25.777;5.1;37.0;ITA;06:23.457;5.2;36.0
1915;USA;06:09.499;5.1;40.0;GBR;06:15.942;5.1;36.0;GER;06:34.745;4.9;35.0;CAN;06:28.742;5.0;39.0;AUT;06:26.677;5.1;37.0;ITA;06:24.504;5.2;36.0
1920;USA;06:10.546;5.1;40.0;GBR;06:16.898;5.1;36.0;GER;06:35.682;4.9;35.0;CAN;06:29.779;5.0;39.0;AUT;06:27.745;5.1;37.0;ITA;06:25.444;5.2;36.0
1925;USA;06:11.535;5.1;40.0;GBR;06:17.856;5.1;36.0;GER;06:36.776;4.9;35.0;CAN;06:30.703;5.0;39.0;AUT;06:28.716;5.1;37.0;ITA;06:26.402;5.2;36.0
1930;USA;06:12.448;5.1;40.0;GBR;06:18.879;5.1;36.0;GER;06:37.728;4.9;35.0;CAN;06:31.754;5.0;39.0;AUT;06:29.706;5.1;37.0;ITA;06:27.420;5.2;37.0
1935;USA;06:13.508;5.1;40.0;GBR;06:19.760;5.1;36.0;GER;06:38.781;4.9;35.0;CAN;06:32.789;5.0;39.0;AUT;06:30.748;5.0;37.0;ITA;06:28.299;5.2;37.0
1940;USA;06:14.485;5.1;40.0;GBR;06:20.811;5.1;36.0;GER;06:39.821;4.9;35.0;CAN;06:33.712;5.0;39.0;AUT;06:31.678;5.0;37.0;ITA;06:29.344;5.2;37.0
1945;USA;06:15.421;5.1;40.0;GBR;06:21.749;5.2;36.0;GER;06:40.788;4.9;35.0;CAN;06:34.770;5.0;39.0;AUT;06:32.724;5.0;37.0;ITA;06:30.287;5.2;37.0
1950;USA;06:16.434;5.1;41.0;GBR;06:22.721;5.1;36.0;GER;06:41.851;4.9;35.0;CAN;06:35.801;5.0;39.0;AUT;06:33.709;5.0;37.0;ITA;06:31.252;5.2;37.0
1955;USA;06:17.411;5.1;41.0;GBR;06:23.740;5.1;36.0;GER;06:42.793;4.9;35.0;CAN;06:36.720;5.0;39.0;AUT;06:34.670;5.0;37.0;ITA;06:32.274;5.1;37.0
1960;USA;06:18.318;5.1;41.0;GBR;06:24.628;5.1;36.0;GER;06:43.864;4.9;35.0;CAN;06:37.790;5.0;39.0;AUT;06:35.743;5.0;37.0;ITA;06:33.162;5.1;37.0
1965;USA;06:19.350;5.1;41.0;GBR;06:25.692;5.1;36.0;GER;06:44.895;4.9;35.0;CAN;06:38.825;5.0;39.0;AUT;06:36.680;5.0;37.0;ITA;06:34.222;5.1;37.0
1970;USA;06:20.325;5.2;41.0;GBR;06:26.626;5.1;36.0;GER;06:45.851;4.9;35.0;CAN;06:39.743;5.0;39.0;AUT;06:37.724;5.0;37.0;ITA;06:35.185;5.1;37.0
1975;USA;06:21.227;5.1;41.0;GBR;06:27.618;5.1;36.0;GER;06:46.936;4.9;35.0;CAN;06:40.814;4.9;39.0;AUT;06:38.753;4.9;37.0;ITA;06:36.139;5.1;37.0
1980;USA;06:22.272;5.1;41.0;GBR;06:28.638;5.1;36.0;GER;06:47.864;4.9;35.0;CAN;06:41.830;5.0;39.0;AUT;06:39.689;4.9;37.0;ITA;06:37.174;5.1;37.0
1985;USA;06:23.251;5.1;41.0;GBR;06:29.530;5.1;37.0;GER;06:48.942;4.9;35.0;CAN;06:42.761;5.0;39.0;AUT;06:40.766;5.0;37.0;ITA;06:38.057;5.1;37.0
1990;USA;06:24.181;5.1;41.0;GBR;06:30.583;5.1;37.0;GER;06:49.955;4.9;35.0;CAN;06:43.822;5.0;39.0;AUT;06:41.737;5.0;37.0;ITA;06:39.107;5.1;37.0
1995;USA;06:25.199;5.1;41.0;GBR;06:31.495;5.1;37.0;GER;06:50.917;4.9;35.0;CAN;06:44.825;5.0;39.0;AUT;06:42.731;5.0;37.0;ITA;06:40.066;5.1;37.0
2000;USA;06:26.164;5.1;41.0;GBR;06:32.501;5.1;37.0;GER;06:51.988;4.9;35.0;CAN;06:45.754;5.0;39.0;AUT;06:43.795;5.0;37.0;ITA;06:41.009;5.1;37.0
