Distance;ShortName2;Time2;Speed2;Stroke2;ShortName3;Time3;Speed3;Stroke3;ShortName4;Time4;Speed4;Stroke4;ShortName5;Time5;Speed5;Stroke5;ShortName6;Time6;Speed6;Stroke6;
5;CRO;00:02.894;3.0;0.0;SLO;00:02.811;2.9;0.0;IRL;00:02.752;3.0;0.0;HUN;00:02.742;3.0;0.0;RSA;00:03.011;2.9;0.0
10;CRO;00:04.185;3.5;48.0;SLO;00:04.046;3.4;55.0;IRL;00:04.092;3.5;51.0;HUN;00:04.005;3.4;55.0;RSA;00:04.424;3.3;41.0
15;CRO;00:05.387;3.8;48.0;SLO;00:05.194;3.8;52.0;IRL;00:05.252;3.7;52.0;HUN;00:05.177;3.8;53.0;RSA;00:05.578;3.6;41.0
20;CRO;00:06.482;4.2;47.0;SLO;00:06.297;4.3;50.0;IRL;00:06.392;4.1;52.0;HUN;00:06.348;4.2;52.0;RSA;00:06.626;4.0;40.0
25;CRO;00:07.434;4.6;47.0;SLO;00:07.274;4.7;48.0;IRL;00:07.418;4.5;52.0;HUN;00:07.376;4.5;51.0;RSA;00:07.737;4.5;40.0
30;CRO;00:08.451;4.8;46.0;SLO;00:08.164;4.9;48.0;IRL;00:08.452;4.8;51.0;HUN;00:08.382;4.8;50.0;RSA;00:08.760;4.8;40.0
35;CRO;00:09.490;5.0;46.0;SLO;00:09.167;5.1;47.0;IRL;00:09.430;4.9;51.0;HUN;00:09.338;4.9;48.0;RSA;00:09.757;4.9;39.0
40;CRO;00:10.474;5.1;45.0;SLO;00:10.180;5.3;46.0;IRL;00:10.366;5.0;50.0;HUN;00:10.367;5.0;46.0;RSA;00:10.805;5.0;39.0
45;CRO;00:11.387;5.1;45.0;SLO;00:11.053;5.3;45.0;IRL;00:11.382;5.0;49.0;HUN;00:11.396;5.1;45.0;RSA;00:11.768;5.0;38.0
50;CRO;00:12.431;5.1;44.0;SLO;00:12.019;5.3;44.0;IRL;00:12.423;5.1;49.0;HUN;00:12.330;5.1;44.0;RSA;00:12.760;5.0;38.0
55;CRO;00:13.438;5.1;44.0;SLO;00:13.038;5.3;44.0;IRL;00:13.433;5.1;48.0;HUN;00:13.330;5.0;43.0;RSA;00:13.820;5.0;38.0
60;CRO;00:14.413;5.1;44.0;SLO;00:13.979;5.3;44.0;IRL;00:14.381;5.1;48.0;HUN;00:14.383;5.1;43.0;RSA;00:14.718;5.0;38.0
65;CRO;00:15.332;5.1;44.0;SLO;00:14.871;5.2;43.0;IRL;00:15.325;5.1;47.0;HUN;00:15.333;5.1;43.0;RSA;00:15.806;5.0;38.0
70;CRO;00:16.384;5.1;44.0;SLO;00:15.913;5.2;43.0;IRL;00:16.372;5.1;47.0;HUN;00:16.323;5.0;42.0;RSA;00:16.833;5.0;38.0
75;CRO;00:17.388;5.1;44.0;SLO;00:16.863;5.3;43.0;IRL;00:17.393;5.1;47.0;HUN;00:17.381;5.0;41.0;RSA;00:17.741;5.0;38.0
80;CRO;00:18.331;5.1;44.0;SLO;00:17.761;5.2;43.0;IRL;00:18.353;5.1;46.0;HUN;00:18.326;5.0;41.0;RSA;00:18.821;5.0;38.0
85;CRO;00:19.303;5.1;44.0;SLO;00:18.811;5.2;43.0;IRL;00:19.339;5.0;46.0;HUN;00:19.342;5.0;40.0;RSA;00:19.794;5.0;38.0
90;CRO;00:20.350;5.1;44.0;SLO;00:19.798;5.2;42.0;IRL;00:20.371;5.0;46.0;HUN;00:20.407;5.0;40.0;RSA;00:20.747;5.0;38.0
95;CRO;00:21.359;5.1;44.0;SLO;00:20.705;5.1;42.0;IRL;00:21.385;5.0;46.0;HUN;00:21.342;5.0;40.0;RSA;00:21.808;5.1;38.0
100;CRO;00:22.283;5.0;44.0;SLO;00:21.772;5.0;42.0;IRL;00:22.323;5.0;45.0;HUN;00:22.395;4.9;40.0;RSA;00:22.720;5.1;38.0
105;CRO;00:23.308;5.0;44.0;SLO;00:22.795;5.0;42.0;IRL;00:23.298;5.0;45.0;HUN;00:23.466;4.9;39.0;RSA;00:23.759;5.0;38.0
110;CRO;00:24.350;5.0;44.0;SLO;00:23.704;5.0;42.0;IRL;00:24.369;5.0;45.0;HUN;00:24.401;4.9;39.0;RSA;00:24.796;5.0;38.0
115;CRO;00:25.355;5.0;44.0;SLO;00:24.759;5.0;42.0;IRL;00:25.382;5.0;44.0;HUN;00:25.512;4.9;39.0;RSA;00:25.691;5.0;38.0
120;CRO;00:26.288;5.0;44.0;SLO;00:25.810;5.0;42.0;IRL;00:26.306;5.0;44.0;HUN;00:26.582;4.8;38.0;RSA;00:26.778;5.0;38.0
125;CRO;00:27.355;4.9;44.0;SLO;00:26.747;5.0;41.0;IRL;00:27.363;4.9;44.0;HUN;00:27.523;4.8;38.0;RSA;00:27.784;5.0;38.0
130;CRO;00:28.399;5.0;44.0;SLO;00:27.762;4.9;41.0;IRL;00:28.439;4.9;44.0;HUN;00:28.660;4.8;38.0;RSA;00:28.717;5.0;38.0
135;CRO;00:29.387;4.9;43.0;SLO;00:28.821;5.0;41.0;IRL;00:29.434;4.9;44.0;HUN;00:29.724;4.8;37.0;RSA;00:29.802;5.0;38.0
140;CRO;00:30.369;4.9;43.0;SLO;00:29.795;5.0;41.0;IRL;00:30.399;4.9;43.0;HUN;00:30.703;4.8;37.0;RSA;00:30.776;5.0;38.0
145;CRO;00:31.446;4.9;43.0;SLO;00:30.777;4.9;41.0;IRL;00:31.510;4.9;43.0;HUN;00:31.842;4.7;37.0;RSA;00:31.772;5.0;38.0
150;CRO;00:32.499;4.9;43.0;SLO;00:31.862;4.9;41.0;IRL;00:32.555;4.9;43.0;HUN;00:32.849;4.7;37.0;RSA;00:32.835;4.9;38.0
155;CRO;00:33.488;4.9;43.0;SLO;00:32.878;4.9;41.0;IRL;00:33.510;4.8;43.0;HUN;00:33.923;4.7;36.0;RSA;00:33.744;5.0;38.0
160;CRO;00:34.499;4.8;43.0;SLO;00:33.829;4.9;41.0;IRL;00:34.566;4.8;42.0;HUN;00:35.044;4.7;36.0;RSA;00:34.827;4.9;38.0
165;CRO;00:35.599;4.8;43.0;SLO;00:34.937;4.9;41.0;IRL;00:35.675;4.8;42.0;HUN;00:36.005;4.7;36.0;RSA;00:35.851;5.0;38.0
170;CRO;00:36.652;4.8;43.0;SLO;00:35.986;4.9;41.0;IRL;00:36.711;4.8;42.0;HUN;00:37.164;4.7;36.0;RSA;00:36.757;5.0;38.0
175;CRO;00:37.629;4.8;43.0;SLO;00:36.920;4.8;40.0;IRL;00:37.702;4.8;41.0;HUN;00:38.248;4.7;35.0;RSA;00:37.847;5.0;38.0
180;CRO;00:38.736;4.8;42.0;SLO;00:38.020;4.8;40.0;IRL;00:38.844;4.7;41.0;HUN;00:39.255;4.7;35.0;RSA;00:38.855;5.0;38.0
185;CRO;00:39.851;4.7;42.0;SLO;00:39.096;4.8;40.0;IRL;00:39.945;4.7;40.0;HUN;00:40.422;4.6;35.0;RSA;00:39.805;5.0;38.0
190;CRO;00:40.894;4.7;41.0;SLO;00:40.065;4.8;40.0;IRL;00:40.918;4.7;40.0;HUN;00:41.460;4.6;35.0;RSA;00:40.895;4.9;38.0
195;CRO;00:41.972;4.6;40.0;SLO;00:41.132;4.8;40.0;IRL;00:42.053;4.6;40.0;HUN;00:42.560;4.6;35.0;RSA;00:41.863;4.9;38.0
200;CRO;00:43.136;4.6;39.0;SLO;00:42.233;4.8;40.0;IRL;00:43.190;4.6;40.0;HUN;00:43.709;4.6;35.0;RSA;00:42.881;4.9;38.0
205;CRO;00:44.249;4.5;39.0;SLO;00:43.249;4.8;40.0;IRL;00:44.234;4.6;40.0;HUN;00:44.684;4.6;35.0;RSA;00:43.959;4.9;38.0
210;CRO;00:45.283;4.5;39.0;SLO;00:44.315;4.8;40.0;IRL;00:45.314;4.6;39.0;HUN;00:45.876;4.6;34.0;RSA;00:44.888;4.9;38.0
215;CRO;00:46.467;4.5;38.0;SLO;00:45.417;4.7;40.0;IRL;00:46.431;4.6;39.0;HUN;00:46.971;4.6;34.0;RSA;00:45.975;4.9;38.0
220;CRO;00:47.616;4.4;38.0;SLO;00:46.457;4.7;39.0;IRL;00:47.536;4.6;39.0;HUN;00:48.011;4.6;34.0;RSA;00:47.032;4.9;38.0
225;CRO;00:48.687;4.5;38.0;SLO;00:47.468;4.7;39.0;IRL;00:48.537;4.6;39.0;HUN;00:49.185;4.6;34.0;RSA;00:47.971;4.9;38.0
230;CRO;00:49.810;4.4;38.0;SLO;00:48.629;4.7;39.0;IRL;00:49.680;4.6;39.0;HUN;00:50.197;4.6;34.0;RSA;00:49.096;4.8;37.0
235;CRO;00:50.975;4.4;38.0;SLO;00:49.720;4.6;38.0;IRL;00:50.829;4.6;39.0;HUN;00:51.357;4.5;34.0;RSA;00:50.144;4.8;37.0
240;CRO;00:52.068;4.4;38.0;SLO;00:50.730;4.6;38.0;IRL;00:51.858;4.6;39.0;HUN;00:52.507;4.5;34.0;RSA;00:51.107;4.8;37.0
245;CRO;00:53.135;4.4;38.0;SLO;00:51.901;4.6;38.0;IRL;00:52.911;4.6;39.0;HUN;00:53.499;4.5;34.0;RSA;00:52.233;4.8;37.0
250;CRO;00:54.324;4.4;38.0;SLO;00:52.993;4.6;38.0;IRL;00:54.070;4.6;39.0;HUN;00:54.701;4.5;34.0;RSA;00:53.257;4.8;37.0
255;CRO;00:55.462;4.5;38.0;SLO;00:53.978;4.6;37.0;IRL;00:55.152;4.6;39.0;HUN;00:55.782;4.5;34.0;RSA;00:54.269;4.8;37.0
260;CRO;00:56.490;4.5;38.0;SLO;00:55.134;4.6;37.0;IRL;00:56.144;4.6;39.0;HUN;00:56.863;4.5;34.0;RSA;00:55.394;4.8;37.0
265;CRO;00:57.659;4.5;38.0;SLO;00:56.226;4.6;37.0;IRL;00:57.310;4.6;39.0;HUN;00:58.041;4.5;34.0;RSA;00:56.387;4.8;37.0
270;CRO;00:58.820;4.5;38.0;SLO;00:57.214;4.7;37.0;IRL;00:58.427;4.6;39.0;HUN;00:59.045;4.5;34.0;RSA;00:57.466;4.7;37.0
275;CRO;00:59.898;4.5;37.0;SLO;00:58.373;4.6;37.0;IRL;00:59.431;4.6;39.0;HUN;01:00.246;4.5;34.0;RSA;00:58.581;4.7;37.0
280;CRO;01:01.007;4.4;37.0;SLO;00:59.463;4.6;37.0;IRL;01:00.565;4.6;39.0;HUN;01:01.386;4.5;33.0;RSA;00:59.534;4.7;37.0
285;CRO;01:02.197;4.4;37.0;SLO;01:00.470;4.6;37.0;IRL;01:01.717;4.6;39.0;HUN;01:02.421;4.5;33.0;RSA;01:00.674;4.7;36.0
290;CRO;01:03.327;4.4;37.0;SLO;01:01.631;4.6;37.0;IRL;01:02.773;4.6;39.0;HUN;01:03.623;4.5;33.0;RSA;01:01.770;4.7;36.0
295;CRO;01:04.394;4.4;37.0;SLO;01:02.749;4.6;37.0;IRL;01:03.849;4.5;39.0;HUN;01:04.671;4.4;33.0;RSA;01:02.723;4.7;36.0
300;CRO;01:05.605;4.4;37.0;SLO;01:03.728;4.6;37.0;IRL;01:05.036;4.5;38.0;HUN;01:05.811;4.5;33.0;RSA;01:03.882;4.7;36.0
305;CRO;01:06.765;4.4;37.0;SLO;01:04.907;4.6;37.0;IRL;01:06.150;4.5;38.0;HUN;01:06.980;4.5;33.0;RSA;01:04.951;4.7;36.0
310;CRO;01:07.806;4.4;37.0;SLO;01:06.048;4.6;37.0;IRL;01:07.146;4.5;38.0;HUN;01:07.977;4.5;33.0;RSA;01:05.946;4.7;36.0
315;CRO;01:08.997;4.4;37.0;SLO;01:07.076;4.5;37.0;IRL;01:08.342;4.5;38.0;HUN;01:09.190;4.5;33.0;RSA;01:07.098;4.7;36.0
320;CRO;01:10.154;4.4;37.0;SLO;01:08.228;4.5;37.0;IRL;01:09.490;4.5;38.0;HUN;01:10.311;4.5;33.0;RSA;01:08.134;4.7;36.0
325;CRO;01:11.228;4.4;37.0;SLO;01:09.405;4.5;37.0;IRL;01:10.545;4.5;38.0;HUN;01:11.391;4.5;33.0;RSA;01:09.186;4.7;36.0
330;CRO;01:12.333;4.4;37.0;SLO;01:10.435;4.4;37.0;IRL;01:11.636;4.5;38.0;HUN;01:12.575;4.4;33.0;RSA;01:10.327;4.7;36.0
335;CRO;01:13.512;4.4;37.0;SLO;01:11.604;4.4;37.0;IRL;01:12.811;4.5;38.0;HUN;01:13.588;4.4;33.0;RSA;01:11.332;4.7;36.0
340;CRO;01:14.627;4.5;37.0;SLO;01:12.806;4.4;37.0;IRL;01:13.922;4.5;38.0;HUN;01:14.800;4.5;33.0;RSA;01:12.447;4.6;36.0
345;CRO;01:15.718;4.4;37.0;SLO;01:13.922;4.4;37.0;IRL;01:14.941;4.5;38.0;HUN;01:15.937;4.4;33.0;RSA;01:13.583;4.6;36.0
350;CRO;01:16.887;4.4;37.0;SLO;01:14.990;4.4;37.0;IRL;01:16.142;4.5;38.0;HUN;01:16.968;4.4;33.0;RSA;01:14.560;4.6;36.0
355;CRO;01:18.041;4.4;37.0;SLO;01:16.188;4.4;37.0;IRL;01:17.294;4.5;38.0;HUN;01:18.173;4.5;33.0;RSA;01:15.730;4.6;36.0
360;CRO;01:19.086;4.4;37.0;SLO;01:17.314;4.4;36.0;IRL;01:18.332;4.5;38.0;HUN;01:19.206;4.5;33.0;RSA;01:16.853;4.6;36.0
365;CRO;01:20.289;4.4;37.0;SLO;01:18.350;4.4;36.0;IRL;01:19.505;4.5;38.0;HUN;01:20.374;4.5;33.0;RSA;01:17.837;4.6;36.0
370;CRO;01:21.464;4.4;37.0;SLO;01:19.551;4.4;36.0;IRL;01:20.665;4.4;38.0;HUN;01:21.537;4.5;33.0;RSA;01:19.028;4.6;36.0
375;CRO;01:22.533;4.4;37.0;SLO;01:20.690;4.5;36.0;IRL;01:21.772;4.4;38.0;HUN;01:22.556;4.5;33.0;RSA;01:20.132;4.6;36.0
380;CRO;01:23.695;4.4;37.0;SLO;01:21.706;4.5;36.0;IRL;01:22.828;4.4;38.0;HUN;01:23.780;4.5;33.0;RSA;01:21.124;4.6;36.0
385;CRO;01:24.850;4.4;37.0;SLO;01:22.913;4.4;36.0;IRL;01:24.034;4.4;38.0;HUN;01:24.834;4.4;33.0;RSA;01:22.308;4.6;36.0
390;CRO;01:25.968;4.4;37.0;SLO;01:24.066;4.4;36.0;IRL;01:25.195;4.4;38.0;HUN;01:25.983;4.4;33.0;RSA;01:23.397;4.6;36.0
395;CRO;01:27.035;4.4;37.0;SLO;01:25.086;4.4;37.0;IRL;01:26.233;4.4;38.0;HUN;01:27.177;4.4;33.0;RSA;01:24.421;4.6;36.0
400;CRO;01:28.233;4.4;37.0;SLO;01:26.267;4.4;37.0;IRL;01:27.398;4.4;38.0;HUN;01:28.185;4.4;33.0;RSA;01:25.596;4.6;36.0
405;CRO;01:29.386;4.4;37.0;SLO;01:27.437;4.4;37.0;IRL;01:28.571;4.4;38.0;HUN;01:29.411;4.4;33.0;RSA;01:26.635;4.6;36.0
410;CRO;01:30.432;4.4;37.0;SLO;01:28.484;4.4;37.0;IRL;01:29.677;4.4;38.0;HUN;01:30.529;4.4;33.0;RSA;01:27.723;4.6;36.0
415;CRO;01:31.617;4.4;37.0;SLO;01:29.627;4.4;37.0;IRL;01:30.727;4.4;38.0;HUN;01:31.623;4.4;33.0;RSA;01:28.898;4.6;36.0
420;CRO;01:32.787;4.4;37.0;SLO;01:30.812;4.4;37.0;IRL;01:31.936;4.4;38.0;HUN;01:32.810;4.4;33.0;RSA;01:29.949;4.6;36.0
425;CRO;01:33.867;4.4;37.0;SLO;01:31.897;4.4;37.0;IRL;01:33.083;4.4;38.0;HUN;01:33.836;4.4;33.0;RSA;01:31.047;4.5;36.0
430;CRO;01:34.989;4.4;37.0;SLO;01:32.990;4.4;37.0;IRL;01:34.084;4.5;38.0;HUN;01:35.044;4.4;33.0;RSA;01:32.213;4.5;36.0
435;CRO;01:36.184;4.4;37.0;SLO;01:34.189;4.4;37.0;IRL;01:35.262;4.5;38.0;HUN;01:36.204;4.4;32.0;RSA;01:33.239;4.5;36.0
440;CRO;01:37.327;4.4;37.0;SLO;01:35.274;4.4;37.0;IRL;01:36.433;4.5;38.0;HUN;01:37.245;4.4;32.0;RSA;01:34.368;4.5;36.0
445;CRO;01:38.382;4.4;37.0;SLO;01:36.344;4.4;37.0;IRL;01:37.503;4.5;38.0;HUN;01:38.462;4.4;32.0;RSA;01:35.505;4.6;36.0
450;CRO;01:39.589;4.4;37.0;SLO;01:37.553;4.4;37.0;IRL;01:38.562;4.5;38.0;HUN;01:39.516;4.4;32.0;RSA;01:36.496;4.6;36.0
455;CRO;01:40.751;4.4;37.0;SLO;01:38.704;4.4;37.0;IRL;01:39.749;4.5;38.0;HUN;01:40.702;4.4;32.0;RSA;01:37.653;4.6;36.0
460;CRO;01:41.788;4.4;37.0;SLO;01:39.718;4.4;37.0;IRL;01:40.874;4.5;38.0;HUN;01:41.849;4.4;32.0;RSA;01:38.798;4.6;36.0
465;CRO;01:42.981;4.4;37.0;SLO;01:40.916;4.4;37.0;IRL;01:41.890;4.5;38.0;HUN;01:42.862;4.4;32.0;RSA;01:39.797;4.6;36.0
470;CRO;01:44.158;4.4;37.0;SLO;01:42.076;4.4;37.0;IRL;01:43.095;4.5;38.0;HUN;01:44.086;4.4;33.0;RSA;01:40.984;4.5;36.0
475;CRO;01:45.224;4.4;37.0;SLO;01:43.114;4.4;37.0;IRL;01:44.263;4.4;38.0;HUN;01:45.181;4.4;33.0;RSA;01:42.124;4.5;36.0
480;CRO;01:46.378;4.4;36.0;SLO;01:44.252;4.5;37.0;IRL;01:45.329;4.4;38.0;HUN;01:46.299;4.4;33.0;RSA;01:43.100;4.5;36.0
485;CRO;01:47.560;4.4;36.0;SLO;01:45.431;4.5;37.0;IRL;01:46.457;4.4;38.0;HUN;01:47.496;4.4;33.0;RSA;01:44.295;4.5;36.0
490;CRO;01:48.657;4.4;36.0;SLO;01:46.515;4.5;37.0;IRL;01:47.669;4.4;38.0;HUN;01:48.504;4.4;32.0;RSA;01:45.426;4.6;36.0
495;CRO;01:49.764;4.4;36.0;SLO;01:47.609;4.4;37.0;IRL;01:48.805;4.4;38.0;HUN;01:49.738;4.4;32.0;RSA;01:46.434;4.5;36.0
500;CRO;01:50.962;4.4;36.0;SLO;01:48.812;4.4;37.0;IRL;01:49.843;4.4;38.0;HUN;01:50.846;4.4;32.0;RSA;01:47.638;4.5;36.0
505;CRO;01:52.060;4.4;36.0;SLO;01:49.944;4.4;37.0;IRL;01:51.045;4.4;38.0;HUN;01:51.950;4.4;32.0;RSA;01:48.775;4.5;36.0
510;CRO;01:53.172;4.4;36.0;SLO;01:50.950;4.4;37.0;IRL;01:52.205;4.4;38.0;HUN;01:53.156;4.4;32.0;RSA;01:49.801;4.5;36.0
515;CRO;01:54.387;4.4;36.0;SLO;01:52.136;4.5;37.0;IRL;01:53.247;4.4;38.0;HUN;01:54.170;4.4;32.0;RSA;01:51.011;4.4;36.0
520;CRO;01:55.553;4.4;36.0;SLO;01:53.179;4.6;37.0;IRL;01:54.396;4.4;38.0;HUN;01:55.392;4.4;32.0;RSA;01:52.145;4.4;36.0
525;CRO;01:56.604;4.4;36.0;SLO;01:54.207;4.6;37.0;IRL;01:55.603;4.4;38.0;HUN;01:56.536;4.4;32.0;RSA;01:53.164;4.4;36.0
530;CRO;01:57.811;4.4;36.0;SLO;01:55.367;4.7;36.0;IRL;01:56.723;4.4;38.0;HUN;01:57.596;4.4;32.0;RSA;01:54.368;4.5;36.0
535;CRO;01:58.995;4.4;36.0;SLO;01:56.419;4.6;36.0;IRL;01:57.795;4.4;37.0;HUN;01:58.812;4.4;32.0;RSA;01:55.493;4.5;36.0
540;CRO;02:00.076;4.4;37.0;SLO;01:57.475;4.6;36.0;IRL;01:59.010;4.4;37.0;HUN;01:59.839;4.4;32.0;RSA;01:56.528;4.5;36.0
545;CRO;02:01.209;4.4;37.0;SLO;01:58.641;4.6;36.0;IRL;02:00.171;4.4;37.0;HUN;02:01.036;4.4;32.0;RSA;01:57.743;4.4;36.0
550;CRO;02:02.401;4.4;37.0;SLO;01:59.704;4.6;36.0;IRL;02:01.187;4.4;37.0;HUN;02:02.188;4.4;32.0;RSA;01:58.869;4.4;36.0
555;CRO;02:03.525;4.4;37.0;SLO;02:00.793;4.5;36.0;IRL;02:02.387;4.4;37.0;HUN;02:03.254;4.4;32.0;RSA;01:59.906;4.4;36.0
560;CRO;02:04.602;4.4;37.0;SLO;02:01.979;4.5;36.0;IRL;02:03.570;4.4;37.0;HUN;02:04.437;4.4;32.0;RSA;02:01.133;4.4;36.0
565;CRO;02:05.807;4.4;37.0;SLO;02:03.065;4.5;36.0;IRL;02:04.663;4.4;37.0;HUN;02:05.450;4.4;32.0;RSA;02:02.277;4.4;36.0
570;CRO;02:06.970;4.4;37.0;SLO;02:04.164;4.4;36.0;IRL;02:05.734;4.4;37.0;HUN;02:06.646;4.5;32.0;RSA;02:03.318;4.4;36.0
575;CRO;02:08.019;4.4;37.0;SLO;02:05.372;4.4;36.0;IRL;02:06.930;4.4;38.0;HUN;02:07.778;4.5;32.0;RSA;02:04.552;4.4;35.0
580;CRO;02:09.220;4.4;37.0;SLO;02:06.506;4.4;36.0;IRL;02:08.056;4.5;38.0;HUN;02:08.827;4.5;32.0;RSA;02:05.699;4.4;35.0
585;CRO;02:10.400;4.4;37.0;SLO;02:07.557;4.4;36.0;IRL;02:09.070;4.5;38.0;HUN;02:10.027;4.5;32.0;RSA;02:06.734;4.4;35.0
590;CRO;02:11.485;4.4;37.0;SLO;02:08.767;4.4;36.0;IRL;02:10.257;4.5;38.0;HUN;02:11.033;4.5;32.0;RSA;02:07.952;4.4;35.0
595;CRO;02:12.645;4.4;37.0;SLO;02:09.923;4.4;36.0;IRL;02:11.439;4.4;38.0;HUN;02:12.252;4.5;32.0;RSA;02:09.086;4.4;35.0
600;CRO;02:13.861;4.3;37.0;SLO;02:10.947;4.4;36.0;IRL;02:12.518;4.4;38.0;HUN;02:13.374;4.4;32.0;RSA;02:10.132;4.4;35.0
605;CRO;02:15.012;4.3;37.0;SLO;02:12.155;4.4;37.0;IRL;02:13.628;4.4;38.0;HUN;02:14.482;4.4;32.0;RSA;02:11.365;4.4;35.0
610;CRO;02:16.108;4.3;36.0;SLO;02:13.340;4.4;37.0;IRL;02:14.856;4.4;38.0;HUN;02:15.664;4.4;32.0;RSA;02:12.516;4.4;35.0
615;CRO;02:17.353;4.3;36.0;SLO;02:14.400;4.4;37.0;IRL;02:15.993;4.4;38.0;HUN;02:16.693;4.4;32.0;RSA;02:13.561;4.4;35.0
620;CRO;02:18.551;4.3;36.0;SLO;02:15.561;4.4;37.0;IRL;02:17.031;4.4;38.0;HUN;02:17.930;4.4;32.0;RSA;02:14.790;4.4;35.0
625;CRO;02:19.639;4.3;36.0;SLO;02:16.764;4.4;37.0;IRL;02:18.265;4.4;38.0;HUN;02:19.100;4.3;32.0;RSA;02:15.945;4.4;35.0
630;CRO;02:20.876;4.3;36.0;SLO;02:17.877;4.4;37.0;IRL;02:19.433;4.4;37.0;HUN;02:20.167;4.3;32.0;RSA;02:16.999;4.4;35.0
635;CRO;02:22.109;4.2;36.0;SLO;02:18.978;4.4;36.0;IRL;02:20.469;4.4;37.0;HUN;02:21.404;4.4;32.0;RSA;02:18.235;4.4;35.0
640;CRO;02:23.251;4.2;36.0;SLO;02:20.198;4.4;36.0;IRL;02:21.645;4.4;37.0;HUN;02:22.471;4.3;32.0;RSA;02:19.391;4.3;35.0
645;CRO;02:24.425;4.2;36.0;SLO;02:21.349;4.4;36.0;IRL;02:22.880;4.3;37.0;HUN;02:23.669;4.3;32.0;RSA;02:20.433;4.4;35.0
650;CRO;02:25.678;4.2;35.0;SLO;02:22.403;4.4;36.0;IRL;02:24.028;4.3;37.0;HUN;02:24.852;4.4;32.0;RSA;02:21.669;4.4;35.0
655;CRO;02:26.877;4.2;35.0;SLO;02:23.628;4.4;36.0;IRL;02:25.091;4.3;37.0;HUN;02:25.910;4.3;32.0;RSA;02:22.829;4.4;35.0
660;CRO;02:27.981;4.2;35.0;SLO;02:24.804;4.4;36.0;IRL;02:26.307;4.3;37.0;HUN;02:27.164;4.3;32.0;RSA;02:23.872;4.4;35.0
665;CRO;02:29.241;4.2;35.0;SLO;02:25.857;4.4;36.0;IRL;02:27.495;4.3;37.0;HUN;02:28.261;4.3;32.0;RSA;02:25.121;4.4;35.0
670;CRO;02:30.472;4.2;36.0;SLO;02:27.055;4.4;36.0;IRL;02:28.592;4.4;37.0;HUN;02:29.425;4.3;32.0;RSA;02:26.296;4.3;35.0
675;CRO;02:31.593;4.2;36.0;SLO;02:28.256;4.3;36.0;IRL;02:29.700;4.4;37.0;HUN;02:30.625;4.4;32.0;RSA;02:27.335;4.3;35.0
680;CRO;02:32.779;4.2;36.0;SLO;02:29.347;4.3;36.0;IRL;02:30.934;4.4;37.0;HUN;02:31.658;4.3;32.0;RSA;02:28.596;4.3;35.0
685;CRO;02:34.024;4.2;36.0;SLO;02:30.501;4.3;36.0;IRL;02:32.098;4.3;37.0;HUN;02:32.909;4.4;32.0;RSA;02:29.785;4.3;35.0
690;CRO;02:35.219;4.2;36.0;SLO;02:31.736;4.3;36.0;IRL;02:33.117;4.3;37.0;HUN;02:34.020;4.3;32.0;RSA;02:30.849;4.3;35.0
695;CRO;02:36.326;4.2;36.0;SLO;02:32.853;4.3;36.0;IRL;02:34.333;4.4;37.0;HUN;02:35.176;4.3;32.0;RSA;02:32.104;4.3;35.0
700;CRO;02:37.592;4.2;36.0;SLO;02:33.980;4.3;36.0;IRL;02:35.530;4.4;37.0;HUN;02:36.396;4.3;32.0;RSA;02:33.332;4.2;35.0
705;CRO;02:38.808;4.2;36.0;SLO;02:35.224;4.3;36.0;IRL;02:36.640;4.4;37.0;HUN;02:37.433;4.3;32.0;RSA;02:34.430;4.2;35.0
710;CRO;02:39.909;4.2;36.0;SLO;02:36.406;4.3;36.0;IRL;02:37.751;4.3;37.0;HUN;02:38.702;4.3;32.0;RSA;02:35.650;4.2;35.0
715;CRO;02:41.107;4.2;36.0;SLO;02:37.463;4.3;36.0;IRL;02:38.979;4.3;37.0;HUN;02:39.863;4.3;31.0;RSA;02:36.899;4.2;35.0
720;CRO;02:42.333;4.3;36.0;SLO;02:38.681;4.3;36.0;IRL;02:40.140;4.3;37.0;HUN;02:40.989;4.3;31.0;RSA;02:38.041;4.2;35.0
725;CRO;02:43.487;4.3;36.0;SLO;02:39.886;4.3;36.0;IRL;02:41.169;4.4;37.0;HUN;02:42.210;4.3;31.0;RSA;02:39.210;4.2;35.0
730;CRO;02:44.589;4.3;36.0;SLO;02:40.980;4.3;36.0;IRL;02:42.370;4.4;37.0;HUN;02:43.250;4.3;31.0;RSA;02:40.488;4.2;35.0
735;CRO;02:45.819;4.3;36.0;SLO;02:42.111;4.3;36.0;IRL;02:43.563;4.4;37.0;HUN;02:44.496;4.3;32.0;RSA;02:41.648;4.2;35.0
740;CRO;02:46.990;4.3;36.0;SLO;02:43.335;4.3;36.0;IRL;02:44.663;4.4;37.0;HUN;02:45.644;4.3;32.0;RSA;02:42.754;4.2;35.0
745;CRO;02:48.056;4.3;36.0;SLO;02:44.450;4.3;36.0;IRL;02:45.770;4.4;37.0;HUN;02:46.733;4.3;32.0;RSA;02:44.021;4.2;35.0
750;CRO;02:49.285;4.3;36.0;SLO;02:45.555;4.3;36.0;IRL;02:46.992;4.4;37.0;HUN;02:47.962;4.4;32.0;RSA;02:45.201;4.3;35.0
755;CRO;02:50.479;4.3;36.0;SLO;02:46.763;4.3;36.0;IRL;02:48.160;4.3;37.0;HUN;02:49.004;4.4;32.0;RSA;02:46.283;4.3;35.0
760;CRO;02:51.568;4.3;36.0;SLO;02:47.893;4.4;36.0;IRL;02:49.208;4.3;37.0;HUN;02:50.209;4.4;32.0;RSA;02:47.536;4.3;35.0
765;CRO;02:52.740;4.3;36.0;SLO;02:48.946;4.4;36.0;IRL;02:50.401;4.3;37.0;HUN;02:51.381;4.4;32.0;RSA;02:48.676;4.3;35.0
770;CRO;02:53.950;4.3;36.0;SLO;02:50.091;4.5;36.0;IRL;02:51.592;4.4;37.0;HUN;02:52.423;4.4;32.0;RSA;02:49.751;4.3;35.0
775;CRO;02:55.100;4.3;36.0;SLO;02:51.189;4.6;36.0;IRL;02:52.675;4.4;37.0;HUN;02:53.651;4.4;32.0;RSA;02:50.999;4.3;35.0
780;CRO;02:56.193;4.3;37.0;SLO;02:52.234;4.6;36.0;IRL;02:53.774;4.4;37.0;HUN;02:54.732;4.4;32.0;RSA;02:52.185;4.3;35.0
785;CRO;02:57.420;4.3;37.0;SLO;02:53.429;4.5;36.0;IRL;02:54.991;4.4;37.0;HUN;02:55.880;4.4;32.0;RSA;02:53.244;4.3;35.0
790;CRO;02:58.618;4.3;37.0;SLO;02:54.552;4.5;35.0;IRL;02:56.153;4.4;37.0;HUN;02:57.087;4.4;32.0;RSA;02:54.502;4.3;35.0
795;CRO;02:59.710;4.3;37.0;SLO;02:55.640;4.4;35.0;IRL;02:57.204;4.4;37.0;HUN;02:58.125;4.4;32.0;RSA;02:55.716;4.3;35.0
800;CRO;03:00.938;4.3;37.0;SLO;02:56.879;4.4;35.0;IRL;02:58.414;4.3;37.0;HUN;02:59.346;4.4;32.0;RSA;02:56.799;4.3;35.0
805;CRO;03:02.175;4.2;36.0;SLO;02:58.047;4.3;35.0;IRL;02:59.614;4.3;37.0;HUN;03:00.494;4.4;33.0;RSA;02:58.036;4.2;35.0
810;CRO;03:03.325;4.2;36.0;SLO;02:59.122;4.3;35.0;IRL;03:00.703;4.3;37.0;HUN;03:01.582;4.4;33.0;RSA;02:59.259;4.2;35.0
815;CRO;03:04.491;4.2;36.0;SLO;03:00.389;4.3;35.0;IRL;03:01.815;4.4;37.0;HUN;03:02.814;4.4;33.0;RSA;03:00.355;4.2;35.0
820;CRO;03:05.709;4.2;36.0;SLO;03:01.602;4.2;35.0;IRL;03:03.036;4.4;37.0;HUN;03:03.866;4.3;32.0;RSA;03:01.548;4.3;35.0
825;CRO;03:06.899;4.3;36.0;SLO;03:02.682;4.2;35.0;IRL;03:04.195;4.4;37.0;HUN;03:05.081;4.3;32.0;RSA;03:02.780;4.3;35.0
830;CRO;03:07.988;4.3;36.0;SLO;03:03.920;4.2;35.0;IRL;03:05.252;4.4;37.0;HUN;03:06.264;4.3;32.0;RSA;03:03.847;4.3;35.0
835;CRO;03:09.239;4.2;36.0;SLO;03:05.152;4.2;35.0;IRL;03:06.481;4.3;37.0;HUN;03:07.307;4.3;32.0;RSA;03:05.087;4.3;35.0
840;CRO;03:10.453;4.2;36.0;SLO;03:06.274;4.2;35.0;IRL;03:07.690;4.3;37.0;HUN;03:08.554;4.4;32.0;RSA;03:06.298;4.3;35.0
845;CRO;03:11.551;4.2;36.0;SLO;03:07.453;4.3;35.0;IRL;03:08.793;4.3;37.0;HUN;03:09.647;4.3;32.0;RSA;03:07.431;4.3;35.0
850;CRO;03:12.768;4.2;36.0;SLO;03:08.673;4.3;35.0;IRL;03:09.900;4.3;37.0;HUN;03:10.818;4.4;32.0;RSA;03:08.572;4.3;35.0
855;CRO;03:13.999;4.2;36.0;SLO;03:09.839;4.3;35.0;IRL;03:11.116;4.3;37.0;HUN;03:12.006;4.4;32.0;RSA;03:09.820;4.3;35.0
860;CRO;03:15.153;4.2;36.0;SLO;03:10.919;4.3;35.0;IRL;03:12.265;4.4;37.0;HUN;03:13.035;4.4;32.0;RSA;03:10.991;4.3;35.0
865;CRO;03:16.296;4.2;36.0;SLO;03:12.178;4.3;36.0;IRL;03:13.306;4.4;37.0;HUN;03:14.287;4.4;32.0;RSA;03:12.106;4.2;35.0
870;CRO;03:17.570;4.2;36.0;SLO;03:13.381;4.3;36.0;IRL;03:14.549;4.4;37.0;HUN;03:15.443;4.3;32.0;RSA;03:13.375;4.2;35.0
875;CRO;03:18.784;4.2;36.0;SLO;03:14.456;4.3;36.0;IRL;03:15.760;4.3;37.0;HUN;03:16.544;4.3;32.0;RSA;03:14.553;4.2;35.0
880;CRO;03:19.889;4.1;35.0;SLO;03:15.673;4.3;36.0;IRL;03:16.855;4.3;37.0;HUN;03:17.788;4.3;32.0;RSA;03:15.645;4.2;35.0
885;CRO;03:21.159;4.1;35.0;SLO;03:16.909;4.3;36.0;IRL;03:17.999;4.3;37.0;HUN;03:18.866;4.3;32.0;RSA;03:16.931;4.2;35.0
890;CRO;03:22.393;4.1;35.0;SLO;03:18.052;4.3;36.0;IRL;03:19.215;4.3;37.0;HUN;03:20.092;4.3;32.0;RSA;03:18.159;4.2;35.0
895;CRO;03:23.508;4.2;35.0;SLO;03:19.193;4.2;36.0;IRL;03:20.379;4.3;37.0;HUN;03:21.273;4.3;32.0;RSA;03:19.259;4.2;35.0
900;CRO;03:24.722;4.2;35.0;SLO;03:20.454;4.2;36.0;IRL;03:21.457;4.3;37.0;HUN;03:22.299;4.3;32.0;RSA;03:20.554;4.1;34.0
905;CRO;03:25.978;4.2;35.0;SLO;03:21.648;4.2;36.0;IRL;03:22.698;4.3;37.0;HUN;03:23.552;4.3;33.0;RSA;03:21.822;4.1;34.0
910;CRO;03:27.156;4.2;35.0;SLO;03:22.718;4.2;36.0;IRL;03:23.915;4.3;37.0;HUN;03:24.721;4.3;33.0;RSA;03:22.967;4.1;34.0
915;CRO;03:28.298;4.2;35.0;SLO;03:23.969;4.2;36.0;IRL;03:25.039;4.3;37.0;HUN;03:25.806;4.3;33.0;RSA;03:24.193;4.1;34.0
920;CRO;03:29.571;4.2;35.0;SLO;03:25.193;4.3;36.0;IRL;03:26.156;4.3;37.0;HUN;03:27.054;4.3;33.0;RSA;03:25.457;4.1;34.0
925;CRO;03:30.791;4.2;35.0;SLO;03:26.313;4.3;36.0;IRL;03:27.405;4.3;37.0;HUN;03:28.143;4.3;33.0;RSA;03:26.614;4.1;34.0
930;CRO;03:31.892;4.2;35.0;SLO;03:27.517;4.2;36.0;IRL;03:28.597;4.3;37.0;HUN;03:29.349;4.3;32.0;RSA;03:27.790;4.2;34.0
935;CRO;03:33.168;4.1;35.0;SLO;03:28.723;4.2;36.0;IRL;03:29.645;4.3;37.0;HUN;03:30.580;4.3;32.0;RSA;03:29.081;4.2;34.0
940;CRO;03:34.392;4.2;35.0;SLO;03:29.900;4.3;36.0;IRL;03:30.831;4.3;37.0;HUN;03:31.619;4.3;32.0;RSA;03:30.256;4.1;34.0
945;CRO;03:35.507;4.2;35.0;SLO;03:30.973;4.3;36.0;IRL;03:32.049;4.4;37.0;HUN;03:32.873;4.3;32.0;RSA;03:31.402;4.1;34.0
950;CRO;03:36.738;4.2;35.0;SLO;03:32.220;4.3;36.0;IRL;03:33.168;4.4;37.0;HUN;03:34.042;4.3;32.0;RSA;03:32.707;4.1;34.0
955;CRO;03:37.980;4.2;35.0;SLO;03:33.408;4.3;36.0;IRL;03:34.255;4.3;37.0;HUN;03:35.117;4.3;32.0;RSA;03:33.917;4.1;34.0
960;CRO;03:39.129;4.2;35.0;SLO;03:34.460;4.3;36.0;IRL;03:35.494;4.3;37.0;HUN;03:36.360;4.3;32.0;RSA;03:35.012;4.2;34.0
965;CRO;03:40.277;4.2;35.0;SLO;03:35.691;4.3;36.0;IRL;03:36.673;4.3;37.0;HUN;03:37.428;4.3;32.0;RSA;03:36.309;4.1;34.0
970;CRO;03:41.525;4.2;35.0;SLO;03:36.899;4.3;36.0;IRL;03:37.726;4.3;37.0;HUN;03:38.621;4.3;32.0;RSA;03:37.549;4.1;34.0
975;CRO;03:42.718;4.2;35.0;SLO;03:37.994;4.3;36.0;IRL;03:38.939;4.3;37.0;HUN;03:39.819;4.3;32.0;RSA;03:38.635;4.1;34.0
980;CRO;03:43.813;4.2;35.0;SLO;03:39.180;4.3;36.0;IRL;03:40.166;4.3;37.0;HUN;03:40.859;4.3;32.0;RSA;03:39.869;4.2;34.0
985;CRO;03:45.072;4.2;35.0;SLO;03:40.421;4.3;36.0;IRL;03:41.312;4.3;37.0;HUN;03:42.118;4.4;32.0;RSA;03:41.123;4.2;34.0
990;CRO;03:46.288;4.2;36.0;SLO;03:41.573;4.3;36.0;IRL;03:42.384;4.3;37.0;HUN;03:43.255;4.3;32.0;RSA;03:42.254;4.2;34.0
995;CRO;03:47.379;4.2;36.0;SLO;03:42.689;4.3;36.0;IRL;03:43.621;4.3;37.0;HUN;03:44.383;4.3;32.0;RSA;03:43.460;4.2;34.0
1000;CRO;03:48.588;4.2;36.0;SLO;03:43.955;4.3;36.0;IRL;03:44.810;4.3;37.0;HUN;03:45.615;4.3;32.0;RSA;03:44.722;4.1;34.0
1005;CRO;03:49.813;4.3;36.0;SLO;03:45.151;4.2;36.0;IRL;03:45.874;4.3;37.0;HUN;03:46.656;4.3;32.0;RSA;03:45.872;4.2;34.0
1010;CRO;03:50.950;4.3;35.0;SLO;03:46.200;4.2;36.0;IRL;03:47.043;4.3;37.0;HUN;03:47.877;4.3;32.0;RSA;03:47.043;4.2;34.0
1015;CRO;03:52.092;4.3;35.0;SLO;03:47.429;4.3;36.0;IRL;03:48.265;4.3;37.0;HUN;03:49.069;4.4;32.0;RSA;03:48.332;4.2;34.0
1020;CRO;03:53.332;4.3;35.0;SLO;03:48.566;4.3;36.0;IRL;03:49.420;4.3;37.0;HUN;03:50.155;4.3;32.0;RSA;03:49.522;4.1;34.0
1025;CRO;03:54.506;4.3;35.0;SLO;03:49.552;4.4;36.0;IRL;03:50.482;4.3;37.0;HUN;03:51.369;4.3;32.0;RSA;03:50.648;4.1;34.0
1030;CRO;03:55.610;4.3;35.0;SLO;03:50.746;4.5;36.0;IRL;03:51.719;4.3;37.0;HUN;03:52.498;4.3;32.0;RSA;03:51.931;4.1;34.0
1035;CRO;03:56.864;4.3;35.0;SLO;03:51.880;4.6;36.0;IRL;03:52.914;4.3;37.0;HUN;03:53.620;4.3;32.0;RSA;03:53.124;4.2;34.0
1040;CRO;03:58.062;4.2;35.0;SLO;03:52.884;4.5;35.0;IRL;03:53.996;4.3;37.0;HUN;03:54.842;4.4;32.0;RSA;03:54.236;4.2;34.0
1045;CRO;03:59.151;4.2;35.0;SLO;03:54.090;4.5;35.0;IRL;03:55.144;4.3;37.0;HUN;03:55.868;4.3;32.0;RSA;03:55.504;4.2;34.0
1050;CRO;04:00.412;4.2;35.0;SLO;03:55.235;4.5;36.0;IRL;03:56.366;4.3;37.0;HUN;03:57.107;4.4;32.0;RSA;03:56.680;4.2;34.0
1055;CRO;04:01.627;4.2;35.0;SLO;03:56.280;4.4;36.0;IRL;03:57.525;4.3;37.0;HUN;03:58.278;4.3;32.0;RSA;03:57.746;4.3;34.0
1060;CRO;04:02.722;4.2;35.0;SLO;03:57.500;4.4;36.0;IRL;03:58.583;4.3;37.0;HUN;03:59.347;4.3;32.0;RSA;03:59.003;4.3;34.0
1065;CRO;04:03.946;4.2;35.0;SLO;03:58.689;4.4;36.0;IRL;03:59.814;4.3;37.0;HUN;04:00.593;4.3;32.0;RSA;04:00.191;4.3;35.0
1070;CRO;04:05.186;4.2;35.0;SLO;03:59.735;4.4;36.0;IRL;04:01.010;4.3;37.0;HUN;04:01.677;4.3;32.0;RSA;04:01.245;4.3;35.0
1075;CRO;04:06.333;4.2;35.0;SLO;04:00.968;4.3;36.0;IRL;04:02.086;4.3;37.0;HUN;04:02.889;4.3;32.0;RSA;04:02.506;4.3;35.0
1080;CRO;04:07.506;4.2;35.0;SLO;04:02.185;4.3;36.0;IRL;04:03.246;4.4;37.0;HUN;04:04.080;4.3;32.0;RSA;04:03.728;4.3;35.0
1085;CRO;04:08.779;4.2;35.0;SLO;04:03.299;4.3;36.0;IRL;04:04.446;4.4;37.0;HUN;04:05.114;4.3;32.0;RSA;04:04.800;4.2;35.0
1090;CRO;04:10.000;4.1;35.0;SLO;04:04.449;4.3;36.0;IRL;04:05.612;4.4;37.0;HUN;04:06.381;4.3;32.0;RSA;04:06.110;4.2;35.0
1095;CRO;04:11.121;4.1;35.0;SLO;04:05.697;4.3;36.0;IRL;04:06.686;4.3;37.0;HUN;04:07.547;4.3;32.0;RSA;04:07.327;4.1;35.0
1100;CRO;04:12.432;4.1;35.0;SLO;04:06.867;4.3;36.0;IRL;04:07.914;4.3;37.0;HUN;04:08.641;4.3;32.0;RSA;04:08.450;4.1;35.0
1105;CRO;04:13.678;4.1;35.0;SLO;04:07.961;4.3;36.0;IRL;04:09.115;4.3;37.0;HUN;04:09.890;4.3;32.0;RSA;04:09.629;4.2;35.0
1110;CRO;04:14.818;4.1;35.0;SLO;04:09.233;4.3;36.0;IRL;04:10.226;4.3;37.0;HUN;04:10.958;4.3;32.0;RSA;04:10.884;4.2;35.0
1115;CRO;04:16.070;4.1;35.0;SLO;04:10.419;4.3;36.0;IRL;04:11.358;4.3;37.0;HUN;04:12.152;4.3;32.0;RSA;04:12.040;4.2;35.0
1120;CRO;04:17.354;4.1;35.0;SLO;04:11.492;4.3;36.0;IRL;04:12.597;4.3;37.0;HUN;04:13.356;4.3;32.0;RSA;04:13.162;4.2;35.0
1125;CRO;04:18.551;4.1;35.0;SLO;04:12.726;4.3;36.0;IRL;04:13.777;4.3;37.0;HUN;04:14.395;4.3;32.0;RSA;04:14.451;4.2;35.0
1130;CRO;04:19.723;4.1;34.0;SLO;04:13.954;4.3;36.0;IRL;04:14.843;4.3;37.0;HUN;04:15.655;4.3;32.0;RSA;04:15.655;4.2;35.0
1135;CRO;04:21.012;4.1;34.0;SLO;04:15.080;4.3;36.0;IRL;04:16.070;4.3;37.0;HUN;04:16.811;4.3;32.0;RSA;04:16.769;4.1;35.0
1140;CRO;04:22.238;4.1;34.0;SLO;04:16.224;4.3;36.0;IRL;04:17.293;4.3;37.0;HUN;04:17.959;4.3;32.0;RSA;04:18.063;4.1;35.0
1145;CRO;04:23.351;4.1;34.0;SLO;04:17.465;4.3;36.0;IRL;04:18.430;4.3;37.0;HUN;04:19.157;4.3;32.0;RSA;04:19.322;4.1;35.0
1150;CRO;04:24.627;4.1;34.0;SLO;04:18.643;4.3;36.0;IRL;04:19.541;4.3;37.0;HUN;04:20.222;4.3;32.0;RSA;04:20.474;4.1;35.0
1155;CRO;04:25.857;4.1;34.0;SLO;04:19.713;4.3;36.0;IRL;04:20.790;4.3;37.0;HUN;04:21.434;4.3;32.0;RSA;04:21.721;4.1;35.0
1160;CRO;04:26.962;4.2;34.0;SLO;04:20.967;4.3;36.0;IRL;04:21.975;4.3;37.0;HUN;04:22.642;4.3;32.0;RSA;04:23.007;4.0;35.0
1165;CRO;04:28.199;4.2;35.0;SLO;04:22.174;4.3;36.0;IRL;04:23.040;4.3;37.0;HUN;04:23.681;4.3;32.0;RSA;04:24.176;4.0;35.0
1170;CRO;04:29.454;4.2;35.0;SLO;04:23.269;4.3;36.0;IRL;04:24.248;4.3;37.0;HUN;04:24.941;4.3;32.0;RSA;04:25.345;4.1;35.0
1175;CRO;04:30.626;4.2;35.0;SLO;04:24.453;4.3;36.0;IRL;04:25.432;4.3;37.0;HUN;04:26.087;4.3;32.0;RSA;04:26.594;4.2;35.0
1180;CRO;04:31.761;4.2;35.0;SLO;04:25.686;4.3;36.0;IRL;04:26.557;4.3;37.0;HUN;04:27.194;4.3;32.0;RSA;04:27.820;4.2;35.0
1185;CRO;04:33.021;4.2;35.0;SLO;04:26.811;4.3;36.0;IRL;04:27.638;4.3;37.0;HUN;04:28.426;4.3;32.0;RSA;04:28.906;4.1;35.0
1190;CRO;04:34.240;4.2;35.0;SLO;04:27.920;4.3;36.0;IRL;04:28.862;4.3;37.0;HUN;04:29.473;4.3;32.0;RSA;04:30.205;4.1;35.0
1195;CRO;04:35.352;4.2;35.0;SLO;04:29.149;4.3;36.0;IRL;04:30.028;4.4;37.0;HUN;04:30.705;4.3;32.0;RSA;04:31.455;4.1;35.0
1200;CRO;04:36.635;4.1;35.0;SLO;04:30.326;4.3;36.0;IRL;04:31.075;4.4;37.0;HUN;04:31.890;4.3;32.0;RSA;04:32.559;4.1;35.0
1205;CRO;04:37.902;4.1;35.0;SLO;04:31.379;4.3;36.0;IRL;04:32.282;4.4;37.0;HUN;04:32.939;4.3;32.0;RSA;04:33.776;4.2;35.0
1210;CRO;04:39.074;4.1;35.0;SLO;04:32.602;4.3;36.0;IRL;04:33.488;4.3;37.0;HUN;04:34.191;4.3;32.0;RSA;04:35.033;4.2;35.0
1215;CRO;04:40.259;4.1;35.0;SLO;04:33.815;4.3;36.0;IRL;04:34.592;4.3;37.0;HUN;04:35.302;4.3;32.0;RSA;04:36.195;4.2;35.0
1220;CRO;04:41.499;4.1;35.0;SLO;04:34.919;4.3;37.0;IRL;04:35.688;4.3;37.0;HUN;04:36.456;4.3;32.0;RSA;04:37.324;4.2;35.0
1225;CRO;04:42.715;4.2;35.0;SLO;04:36.064;4.3;36.0;IRL;04:36.922;4.4;37.0;HUN;04:37.690;4.3;32.0;RSA;04:38.603;4.2;35.0
1230;CRO;04:43.819;4.2;35.0;SLO;04:37.298;4.3;36.0;IRL;04:38.094;4.4;37.0;HUN;04:38.736;4.3;32.0;RSA;04:39.814;4.2;35.0
1235;CRO;04:45.069;4.2;35.0;SLO;04:38.454;4.3;36.0;IRL;04:39.139;4.3;37.0;HUN;04:39.996;4.3;32.0;RSA;04:40.920;4.2;35.0
1240;CRO;04:46.308;4.2;35.0;SLO;04:39.531;4.3;36.0;IRL;04:40.366;4.3;37.0;HUN;04:41.202;4.3;32.0;RSA;04:42.241;4.1;35.0
1245;CRO;04:47.455;4.2;36.0;SLO;04:40.788;4.3;36.0;IRL;04:41.559;4.3;37.0;HUN;04:42.263;4.3;32.0;RSA;04:43.514;4.1;35.0
1250;CRO;04:48.633;4.2;36.0;SLO;04:41.959;4.3;36.0;IRL;04:42.667;4.3;37.0;HUN;04:43.535;4.3;32.0;RSA;04:44.664;4.0;34.0
1255;CRO;04:49.864;4.2;36.0;SLO;04:42.955;4.3;36.0;IRL;04:43.778;4.3;37.0;HUN;04:44.690;4.3;32.0;RSA;04:45.932;4.0;34.0
1260;CRO;04:51.031;4.2;36.0;SLO;04:44.135;4.4;36.0;IRL;04:45.025;4.3;37.0;HUN;04:45.817;4.3;32.0;RSA;04:47.226;4.0;34.0
1265;CRO;04:52.107;4.3;36.0;SLO;04:45.238;4.5;36.0;IRL;04:46.206;4.3;37.0;HUN;04:47.069;4.3;32.0;RSA;04:48.426;4.0;34.0
1270;CRO;04:53.358;4.3;36.0;SLO;04:46.239;4.6;36.0;IRL;04:47.274;4.3;37.0;HUN;04:48.104;4.3;32.0;RSA;04:49.542;4.1;34.0
1275;CRO;04:54.557;4.3;36.0;SLO;04:47.377;4.6;36.0;IRL;04:48.485;4.3;37.0;HUN;04:49.356;4.3;32.0;RSA;04:50.834;4.2;34.0
1280;CRO;04:55.628;4.3;36.0;SLO;04:48.458;4.7;36.0;IRL;04:49.706;4.3;37.0;HUN;04:50.554;4.3;32.0;RSA;04:52.034;4.2;34.0
1285;CRO;04:56.842;4.3;36.0;SLO;04:49.456;4.7;36.0;IRL;04:50.845;4.3;37.0;HUN;04:51.599;4.3;32.0;RSA;04:53.113;4.2;34.0
1290;CRO;04:58.044;4.3;36.0;SLO;04:50.630;4.6;36.0;IRL;04:51.923;4.3;37.0;HUN;04:52.855;4.3;32.0;RSA;04:54.382;4.2;35.0
1295;CRO;04:59.121;4.3;36.0;SLO;04:51.662;4.6;36.0;IRL;04:53.159;4.3;37.0;HUN;04:53.980;4.3;32.0;RSA;04:55.592;4.2;35.0
1300;CRO;05:00.318;4.3;35.0;SLO;04:52.721;4.6;36.0;IRL;04:54.346;4.3;37.0;HUN;04:55.128;4.3;32.0;RSA;04:56.674;4.2;35.0
1305;CRO;05:01.529;4.3;35.0;SLO;04:53.892;4.6;36.0;IRL;04:55.411;4.3;37.0;HUN;04:56.369;4.3;32.0;RSA;04:57.943;4.2;35.0
1310;CRO;05:02.631;4.3;35.0;SLO;04:54.977;4.6;36.0;IRL;04:56.593;4.3;37.0;HUN;04:57.414;4.3;32.0;RSA;04:59.207;4.2;35.0
1315;CRO;05:03.809;4.3;35.0;SLO;04:56.014;4.6;36.0;IRL;04:57.818;4.3;37.0;HUN;04:58.660;4.3;32.0;RSA;05:00.384;4.1;35.0
1320;CRO;05:05.037;4.3;35.0;SLO;04:57.206;4.5;36.0;IRL;04:58.963;4.3;37.0;HUN;04:59.820;4.3;32.0;RSA;05:01.552;4.1;35.0
1325;CRO;05:06.180;4.3;35.0;SLO;04:58.324;4.5;36.0;IRL;05:00.023;4.3;37.0;HUN;05:00.902;4.3;32.0;RSA;05:02.833;4.1;35.0
1330;CRO;05:07.332;4.3;35.0;SLO;04:59.359;4.5;36.0;IRL;05:01.252;4.4;37.0;HUN;05:02.148;4.3;32.0;RSA;05:04.032;4.1;35.0
1335;CRO;05:08.582;4.2;35.0;SLO;05:00.556;4.5;36.0;IRL;05:02.406;4.4;37.0;HUN;05:03.230;4.3;32.0;RSA;05:05.149;4.1;35.0
1340;CRO;05:09.757;4.2;35.0;SLO;05:01.684;4.5;36.0;IRL;05:03.422;4.4;37.0;HUN;05:04.415;4.3;32.0;RSA;05:06.441;4.1;35.0
1345;CRO;05:10.869;4.2;35.0;SLO;05:02.713;4.5;36.0;IRL;05:04.614;4.4;37.0;HUN;05:05.627;4.3;32.0;RSA;05:07.668;4.1;35.0
1350;CRO;05:12.139;4.2;35.0;SLO;05:03.939;4.4;36.0;IRL;05:05.818;4.4;37.0;HUN;05:06.666;4.3;32.0;RSA;05:08.742;4.2;35.0
1355;CRO;05:13.352;4.2;35.0;SLO;05:05.106;4.4;36.0;IRL;05:06.935;4.4;37.0;HUN;05:07.924;4.3;32.0;RSA;05:09.988;4.2;35.0
1360;CRO;05:14.443;4.2;35.0;SLO;05:06.132;4.4;36.0;IRL;05:07.993;4.4;37.0;HUN;05:09.076;4.3;32.0;RSA;05:11.219;4.2;35.0
1365;CRO;05:15.717;4.2;35.0;SLO;05:07.347;4.4;36.0;IRL;05:09.204;4.4;37.0;HUN;05:10.174;4.3;32.0;RSA;05:12.346;4.3;35.0
1370;CRO;05:16.956;4.2;35.0;SLO;05:08.523;4.4;36.0;IRL;05:10.376;4.4;37.0;HUN;05:11.400;4.3;32.0;RSA;05:13.551;4.2;35.0
1375;CRO;05:18.075;4.2;35.0;SLO;05:09.532;4.4;36.0;IRL;05:11.396;4.4;37.0;HUN;05:12.450;4.3;32.0;RSA;05:14.803;4.2;35.0
1380;CRO;05:19.318;4.1;35.0;SLO;05:10.717;4.4;36.0;IRL;05:12.594;4.4;37.0;HUN;05:13.646;4.4;32.0;RSA;05:15.948;4.2;35.0
1385;CRO;05:20.583;4.1;35.0;SLO;05:11.884;4.5;36.0;IRL;05:13.791;4.4;37.0;HUN;05:14.832;4.4;32.0;RSA;05:17.134;4.2;35.0
1390;CRO;05:21.771;4.1;35.0;SLO;05:12.915;4.5;36.0;IRL;05:14.889;4.4;37.0;HUN;05:15.857;4.4;32.0;RSA;05:18.357;4.2;35.0
1395;CRO;05:22.945;4.1;35.0;SLO;05:14.119;4.4;36.0;IRL;05:15.940;4.4;37.0;HUN;05:17.090;4.4;33.0;RSA;05:19.529;4.2;35.0
1400;CRO;05:24.236;4.1;35.0;SLO;05:15.318;4.4;36.0;IRL;05:17.146;4.4;37.0;HUN;05:18.194;4.4;33.0;RSA;05:20.642;4.2;35.0
1405;CRO;05:25.474;4.1;35.0;SLO;05:16.386;4.4;36.0;IRL;05:18.284;4.4;38.0;HUN;05:19.296;4.4;33.0;RSA;05:21.925;4.2;35.0
1410;CRO;05:26.583;4.1;35.0;SLO;05:17.579;4.3;36.0;IRL;05:19.360;4.4;38.0;HUN;05:20.511;4.4;33.0;RSA;05:23.136;4.2;35.0
1415;CRO;05:27.861;4.1;34.0;SLO;05:18.818;4.3;36.0;IRL;05:20.567;4.4;38.0;HUN;05:21.566;4.4;33.0;RSA;05:24.218;4.2;35.0
1420;CRO;05:29.087;4.1;34.0;SLO;05:19.975;4.3;36.0;IRL;05:21.791;4.3;38.0;HUN;05:22.806;4.4;33.0;RSA;05:25.506;4.2;35.0
1425;CRO;05:30.179;4.2;34.0;SLO;05:21.064;4.3;36.0;IRL;05:22.927;4.3;38.0;HUN;05:24.000;4.3;33.0;RSA;05:26.772;4.2;35.0
1430;CRO;05:31.417;4.2;34.0;SLO;05:22.321;4.3;36.0;IRL;05:24.011;4.3;37.0;HUN;05:25.078;4.3;33.0;RSA;05:27.937;4.1;35.0
1435;CRO;05:32.631;4.2;35.0;SLO;05:23.525;4.3;36.0;IRL;05:25.243;4.3;37.0;HUN;05:26.334;4.3;33.0;RSA;05:29.138;4.1;35.0
1440;CRO;05:33.757;4.3;35.0;SLO;05:24.592;4.3;36.0;IRL;05:26.427;4.3;37.0;HUN;05:27.481;4.3;33.0;RSA;05:30.430;4.1;35.0
1445;CRO;05:34.934;4.3;35.0;SLO;05:25.825;4.3;36.0;IRL;05:27.505;4.3;37.0;HUN;05:28.574;4.3;33.0;RSA;05:31.623;4.1;34.0
1450;CRO;05:36.180;4.2;35.0;SLO;05:27.046;4.3;36.0;IRL;05:28.654;4.3;37.0;HUN;05:29.805;4.3;33.0;RSA;05:32.767;4.1;34.0
1455;CRO;05:37.358;4.2;35.0;SLO;05:28.145;4.3;36.0;IRL;05:29.870;4.3;37.0;HUN;05:30.884;4.3;33.0;RSA;05:34.064;4.1;35.0
1460;CRO;05:38.456;4.2;35.0;SLO;05:29.284;4.3;36.0;IRL;05:31.033;4.4;37.0;HUN;05:32.067;4.3;33.0;RSA;05:35.251;4.2;35.0
1465;CRO;05:39.704;4.2;36.0;SLO;05:30.514;4.4;36.0;IRL;05:32.091;4.3;37.0;HUN;05:33.265;4.3;33.0;RSA;05:36.330;4.2;35.0
1470;CRO;05:40.903;4.3;36.0;SLO;05:31.631;4.4;36.0;IRL;05:33.319;4.3;37.0;HUN;05:34.301;4.3;33.0;RSA;05:37.599;4.2;35.0
1475;CRO;05:42.013;4.3;36.0;SLO;05:32.766;4.3;35.0;IRL;05:34.506;4.3;37.0;HUN;05:35.559;4.3;33.0;RSA;05:38.842;4.2;35.0
1480;CRO;05:43.226;4.2;36.0;SLO;05:34.019;4.3;35.0;IRL;05:35.607;4.3;37.0;HUN;05:36.749;4.3;33.0;RSA;05:39.953;4.2;35.0
1485;CRO;05:44.454;4.2;36.0;SLO;05:35.200;4.3;35.0;IRL;05:36.711;4.4;38.0;HUN;05:37.825;4.3;33.0;RSA;05:41.186;4.1;35.0
1490;CRO;05:45.612;4.2;36.0;SLO;05:36.304;4.2;35.0;IRL;05:37.951;4.3;38.0;HUN;05:39.097;4.3;33.0;RSA;05:42.464;4.1;35.0
1495;CRO;05:46.760;4.2;36.0;SLO;05:37.578;4.2;35.0;IRL;05:39.134;4.3;38.0;HUN;05:40.254;4.2;33.0;RSA;05:43.667;4.1;35.0
1500;CRO;05:48.020;4.2;36.0;SLO;05:38.809;4.2;35.0;IRL;05:40.189;4.3;38.0;HUN;05:41.386;4.2;33.0;RSA;05:44.845;4.1;35.0
1505;CRO;05:49.227;4.2;36.0;SLO;05:39.929;4.2;35.0;IRL;05:41.383;4.3;38.0;HUN;05:42.642;4.2;33.0;RSA;05:46.195;4.0;34.0
1510;CRO;05:50.336;4.2;35.0;SLO;05:41.131;4.2;36.0;IRL;05:42.597;4.3;38.0;HUN;05:43.755;4.2;33.0;RSA;05:47.468;4.0;34.0
1515;CRO;05:51.634;4.1;35.0;SLO;05:42.289;4.3;36.0;IRL;05:43.739;4.3;38.0;HUN;05:44.959;4.2;33.0;RSA;05:48.614;4.0;34.0
1520;CRO;05:52.853;4.1;35.0;SLO;05:43.352;4.4;36.0;IRL;05:44.836;4.3;37.0;HUN;05:46.214;4.2;33.0;RSA;05:49.893;4.0;34.0
1525;CRO;05:53.947;4.1;35.0;SLO;05:44.533;4.4;35.0;IRL;05:46.094;4.3;37.0;HUN;05:47.296;4.2;33.0;RSA;05:51.164;4.0;34.0
1530;CRO;05:55.161;4.2;35.0;SLO;05:45.719;4.4;35.0;IRL;05:47.306;4.2;37.0;HUN;05:48.563;4.2;33.0;RSA;05:52.328;4.1;35.0
1535;CRO;05:56.386;4.3;35.0;SLO;05:46.834;4.4;35.0;IRL;05:48.423;4.2;37.0;HUN;05:49.785;4.2;33.0;RSA;05:53.495;4.2;35.0
1540;CRO;05:57.528;4.3;35.0;SLO;05:47.953;4.3;35.0;IRL;05:49.571;4.3;37.0;HUN;05:50.842;4.2;33.0;RSA;05:54.759;4.2;35.0
1545;CRO;05:58.671;4.3;35.0;SLO;05:49.202;4.3;36.0;IRL;05:50.823;4.3;37.0;HUN;05:52.108;4.2;33.0;RSA;05:55.998;4.2;35.0
1550;CRO;05:59.913;4.3;35.0;SLO;05:50.372;4.3;36.0;IRL;05:52.018;4.3;37.0;HUN;05:53.316;4.3;33.0;RSA;05:57.106;4.1;35.0
1555;CRO;06:01.088;4.3;35.0;SLO;05:51.449;4.3;36.0;IRL;05:53.096;4.3;37.0;HUN;05:54.371;4.3;33.0;RSA;05:58.401;4.1;35.0
1560;CRO;06:02.177;4.3;35.0;SLO;05:52.703;4.3;36.0;IRL;05:54.313;4.3;37.0;HUN;05:55.645;4.3;33.0;RSA;05:59.665;4.1;35.0
1565;CRO;06:03.430;4.3;35.0;SLO;05:53.914;4.3;36.0;IRL;05:55.545;4.3;37.0;HUN;05:56.835;4.3;33.0;RSA;06:00.838;4.1;35.0
1570;CRO;06:04.641;4.3;35.0;SLO;05:55.001;4.3;36.0;IRL;05:56.715;4.3;37.0;HUN;05:57.906;4.3;33.0;RSA;06:02.106;4.1;35.0
1575;CRO;06:05.724;4.2;35.0;SLO;05:56.179;4.3;36.0;IRL;05:57.789;4.3;37.0;HUN;05:59.182;4.3;33.0;RSA;06:03.401;4.0;35.0
1580;CRO;06:06.968;4.2;35.0;SLO;05:57.410;4.3;36.0;IRL;05:59.027;4.3;37.0;HUN;06:00.373;4.3;33.0;RSA;06:04.660;4.0;35.0
1585;CRO;06:08.187;4.2;35.0;SLO;05:58.565;4.3;36.0;IRL;06:00.237;4.3;37.0;HUN;06:01.471;4.2;33.0;RSA;06:05.801;4.0;35.0
1590;CRO;06:09.306;4.2;35.0;SLO;05:59.652;4.3;36.0;IRL;06:01.362;4.3;37.0;HUN;06:02.744;4.2;33.0;RSA;06:07.102;4.0;35.0
1595;CRO;06:10.485;4.3;35.0;SLO;06:00.912;4.3;36.0;IRL;06:02.481;4.3;37.0;HUN;06:03.913;4.2;33.0;RSA;06:08.379;4.0;35.0
1600;CRO;06:11.723;4.3;35.0;SLO;06:02.131;4.3;36.0;IRL;06:03.729;4.3;37.0;HUN;06:05.087;4.2;33.0;RSA;06:09.547;4.1;35.0
1605;CRO;06:12.872;4.3;35.0;SLO;06:03.220;4.2;36.0;IRL;06:04.933;4.3;37.0;HUN;06:06.329;4.2;33.0;RSA;06:10.761;4.1;35.0
1610;CRO;06:14.001;4.3;35.0;SLO;06:04.446;4.2;36.0;IRL;06:06.018;4.3;37.0;HUN;06:07.471;4.2;33.0;RSA;06:11.989;4.1;35.0
1615;CRO;06:15.243;4.3;35.0;SLO;06:05.691;4.2;36.0;IRL;06:07.183;4.3;37.0;HUN;06:08.683;4.2;33.0;RSA;06:13.185;4.2;35.0
1620;CRO;06:16.427;4.3;35.0;SLO;06:06.836;4.2;36.0;IRL;06:08.411;4.3;38.0;HUN;06:09.912;4.2;33.0;RSA;06:14.273;4.2;35.0
1625;CRO;06:17.495;4.3;35.0;SLO;06:07.977;4.2;36.0;IRL;06:09.583;4.3;38.0;HUN;06:11.012;4.2;33.0;RSA;06:15.558;4.2;35.0
1630;CRO;06:18.732;4.3;36.0;SLO;06:09.264;4.2;36.0;IRL;06:10.649;4.3;38.0;HUN;06:12.215;4.2;33.0;RSA;06:16.819;4.2;35.0
1635;CRO;06:19.933;4.3;36.0;SLO;06:10.463;4.2;36.0;IRL;06:11.861;4.3;38.0;HUN;06:13.462;4.3;33.0;RSA;06:17.933;4.1;35.0
1640;CRO;06:21.030;4.3;36.0;SLO;06:11.585;4.1;36.0;IRL;06:13.089;4.3;38.0;HUN;06:14.532;4.2;33.0;RSA;06:19.213;4.1;35.0
1645;CRO;06:22.219;4.3;36.0;SLO;06:12.876;4.1;36.0;IRL;06:14.205;4.3;38.0;HUN;06:15.791;4.2;33.0;RSA;06:20.460;4.1;35.0
1650;CRO;06:23.456;4.3;36.0;SLO;06:14.113;4.1;36.0;IRL;06:15.333;4.3;38.0;HUN;06:17.035;4.2;33.0;RSA;06:21.618;4.1;35.0
1655;CRO;06:24.618;4.2;36.0;SLO;06:15.279;4.1;36.0;IRL;06:16.531;4.3;38.0;HUN;06:18.104;4.2;33.0;RSA;06:22.793;4.1;35.0
1660;CRO;06:25.761;4.2;36.0;SLO;06:16.433;4.1;36.0;IRL;06:17.718;4.3;38.0;HUN;06:19.387;4.2;33.0;RSA;06:24.077;4.2;35.0
1665;CRO;06:27.021;4.2;36.0;SLO;06:17.701;4.2;36.0;IRL;06:18.808;4.3;38.0;HUN;06:20.612;4.2;33.0;RSA;06:25.312;4.1;35.0
1670;CRO;06:28.244;4.2;36.0;SLO;06:18.945;4.2;36.0;IRL;06:19.934;4.4;38.0;HUN;06:21.699;4.2;33.0;RSA;06:26.431;4.1;35.0
1675;CRO;06:29.367;4.2;36.0;SLO;06:20.075;4.1;36.0;IRL;06:21.168;4.3;38.0;HUN;06:22.999;4.2;33.0;RSA;06:27.717;4.1;35.0
1680;CRO;06:30.573;4.2;36.0;SLO;06:21.286;4.1;36.0;IRL;06:22.349;4.3;38.0;HUN;06:24.215;4.1;33.0;RSA;06:28.978;4.1;35.0
1685;CRO;06:31.843;4.2;36.0;SLO;06:22.554;4.1;36.0;IRL;06:23.422;4.3;38.0;HUN;06:25.294;4.2;33.0;RSA;06:30.115;4.1;35.0
1690;CRO;06:33.070;4.1;36.0;SLO;06:23.765;4.1;36.0;IRL;06:24.617;4.3;38.0;HUN;06:26.568;4.2;33.0;RSA;06:31.363;4.1;35.0
1695;CRO;06:34.196;4.1;36.0;SLO;06:24.873;4.2;36.0;IRL;06:25.848;4.3;38.0;HUN;06:27.751;4.2;33.0;RSA;06:32.642;4.1;35.0
1700;CRO;06:35.472;4.1;36.0;SLO;06:26.144;4.1;36.0;IRL;06:27.013;4.3;38.0;HUN;06:28.899;4.2;33.0;RSA;06:33.857;4.1;35.0
1705;CRO;06:36.726;4.1;36.0;SLO;06:27.411;4.1;36.0;IRL;06:28.070;4.3;38.0;HUN;06:30.160;4.2;33.0;RSA;06:34.974;4.1;35.0
1710;CRO;06:37.891;4.1;36.0;SLO;06:28.599;4.1;36.0;IRL;06:29.289;4.3;38.0;HUN;06:31.339;4.2;33.0;RSA;06:36.242;4.1;35.0
1715;CRO;06:39.059;4.1;36.0;SLO;06:29.688;4.1;36.0;IRL;06:30.492;4.3;38.0;HUN;06:32.499;4.1;33.0;RSA;06:37.440;4.2;35.0
1720;CRO;06:40.327;4.1;36.0;SLO;06:30.947;4.2;37.0;IRL;06:31.632;4.3;38.0;HUN;06:33.810;4.1;33.0;RSA;06:38.525;4.2;35.0
1725;CRO;06:41.530;4.2;36.0;SLO;06:32.160;4.3;37.0;IRL;06:32.694;4.3;38.0;HUN;06:35.010;4.1;33.0;RSA;06:39.812;4.2;35.0
1730;CRO;06:42.616;4.2;36.0;SLO;06:33.267;4.3;37.0;IRL;06:33.923;4.3;38.0;HUN;06:36.178;4.1;33.0;RSA;06:41.064;4.2;35.0
1735;CRO;06:43.868;4.2;36.0;SLO;06:34.449;4.3;37.0;IRL;06:35.115;4.3;38.0;HUN;06:37.472;4.1;33.0;RSA;06:42.194;4.1;35.0
1740;CRO;06:45.103;4.2;36.0;SLO;06:35.711;4.2;37.0;IRL;06:36.224;4.4;38.0;HUN;06:38.628;4.1;33.0;RSA;06:43.392;4.1;35.0
1745;CRO;06:46.232;4.2;36.0;SLO;06:36.921;4.2;37.0;IRL;06:37.326;4.3;38.0;HUN;06:39.752;4.2;33.0;RSA;06:44.638;4.2;35.0
1750;CRO;06:47.427;4.2;35.0;SLO;06:38.014;4.2;36.0;IRL;06:38.510;4.3;38.0;HUN;06:41.004;4.3;33.0;RSA;06:45.801;4.2;35.0
1755;CRO;06:48.678;4.2;35.0;SLO;06:39.229;4.2;36.0;IRL;06:39.669;4.4;38.0;HUN;06:42.134;4.3;33.0;RSA;06:46.917;4.2;35.0
1760;CRO;06:49.840;4.2;35.0;SLO;06:40.439;4.2;37.0;IRL;06:40.677;4.5;38.0;HUN;06:43.317;4.3;33.0;RSA;06:48.166;4.2;35.0
1765;CRO;06:50.961;4.2;35.0;SLO;06:41.556;4.3;37.0;IRL;06:41.834;4.5;39.0;HUN;06:44.582;4.2;33.0;RSA;06:49.336;4.3;35.0
1770;CRO;06:52.183;4.2;36.0;SLO;06:42.633;4.4;37.0;IRL;06:43.011;4.4;39.0;HUN;06:45.700;4.2;33.0;RSA;06:50.412;4.3;35.0
1775;CRO;06:53.353;4.3;36.0;SLO;06:43.841;4.4;37.0;IRL;06:44.134;4.5;39.0;HUN;06:46.903;4.2;33.0;RSA;06:51.658;4.3;35.0
1780;CRO;06:54.445;4.4;37.0;SLO;06:44.993;4.4;38.0;IRL;06:45.147;4.5;39.0;HUN;06:48.151;4.2;33.0;RSA;06:52.856;4.3;35.0
1785;CRO;06:55.519;4.4;38.0;SLO;06:46.044;4.4;38.0;IRL;06:46.313;4.5;39.0;HUN;06:49.255;4.2;33.0;RSA;06:53.898;4.3;35.0
1790;CRO;06:56.698;4.5;38.0;SLO;06:47.208;4.4;38.0;IRL;06:47.475;4.5;39.0;HUN;06:50.476;4.2;33.0;RSA;06:55.138;4.3;35.0
1795;CRO;06:57.838;4.5;39.0;SLO;06:48.380;4.4;38.0;IRL;06:48.568;4.5;39.0;HUN;06:51.691;4.2;33.0;RSA;06:56.333;4.3;35.0
1800;CRO;06:58.899;4.5;39.0;SLO;06:49.524;4.4;38.0;IRL;06:49.601;4.5;39.0;HUN;06:52.769;4.3;34.0;RSA;06:57.372;4.3;35.0
1805;CRO;07:00.036;4.5;39.0;SLO;06:50.575;4.4;38.0;IRL;06:50.783;4.5;39.0;HUN;06:53.918;4.4;34.0;RSA;06:58.572;4.3;35.0
1810;CRO;07:01.219;4.4;39.0;SLO;06:51.776;4.4;39.0;IRL;06:51.950;4.5;40.0;HUN;06:55.067;4.4;35.0;RSA;06:59.753;4.4;35.0
1815;CRO;07:02.360;4.4;39.0;SLO;06:52.994;4.3;39.0;IRL;06:53.030;4.5;40.0;HUN;06:56.135;4.5;35.0;RSA;07:00.823;4.4;35.0
1820;CRO;07:03.396;4.4;39.0;SLO;06:54.154;4.3;39.0;IRL;06:54.104;4.5;40.0;HUN;06:57.210;4.5;36.0;RSA;07:01.988;4.4;35.0
1825;CRO;07:04.575;4.4;39.0;SLO;06:55.255;4.3;38.0;IRL;06:55.241;4.5;40.0;HUN;06:58.379;4.5;36.0;RSA;07:03.199;4.4;35.0
1830;CRO;07:05.729;4.4;39.0;SLO;06:56.498;4.2;38.0;IRL;06:56.370;4.5;40.0;HUN;06:59.431;4.6;36.0;RSA;07:04.314;4.3;36.0
1835;CRO;07:06.828;4.5;39.0;SLO;06:57.712;4.2;38.0;IRL;06:57.385;4.6;40.0;HUN;07:00.505;4.6;36.0;RSA;07:05.440;4.3;36.0
1840;CRO;07:07.914;4.5;39.0;SLO;06:58.856;4.3;38.0;IRL;06:58.512;4.6;40.0;HUN;07:01.654;4.6;36.0;RSA;07:06.656;4.3;36.0
1845;CRO;07:09.040;4.5;39.0;SLO;06:59.923;4.3;38.0;IRL;06:59.633;4.6;40.0;HUN;07:02.668;4.6;36.0;RSA;07:07.763;4.3;36.0
1850;CRO;07:10.166;4.5;39.0;SLO;07:01.145;4.3;38.0;IRL;07:00.728;4.6;40.0;HUN;07:03.765;4.6;36.0;RSA;07:08.823;4.4;36.0
1855;CRO;07:11.188;4.6;39.0;SLO;07:02.311;4.4;38.0;IRL;07:01.708;4.6;40.0;HUN;07:04.886;4.6;36.0;RSA;07:10.038;4.5;36.0
1860;CRO;07:12.306;4.6;39.0;SLO;07:03.383;4.4;38.0;IRL;07:02.864;4.6;40.0;HUN;07:05.878;4.7;36.0;RSA;07:11.160;4.5;36.0
1865;CRO;07:13.473;4.5;39.0;SLO;07:04.521;4.4;38.0;IRL;07:03.975;4.6;40.0;HUN;07:07.016;4.7;36.0;RSA;07:12.210;4.4;36.0
1870;CRO;07:14.587;4.5;39.0;SLO;07:05.739;4.4;38.0;IRL;07:05.019;4.6;40.0;HUN;07:08.147;4.6;36.0;RSA;07:13.421;4.4;36.0
1875;CRO;07:15.633;4.5;39.0;SLO;07:06.891;4.4;38.0;IRL;07:06.063;4.6;40.0;HUN;07:09.137;4.6;36.0;RSA;07:14.555;4.4;36.0
1880;CRO;07:16.821;4.4;39.0;SLO;07:07.913;4.4;38.0;IRL;07:07.222;4.6;40.0;HUN;07:10.337;4.5;36.0;RSA;07:15.612;4.4;36.0
1885;CRO;07:17.991;4.4;39.0;SLO;07:09.080;4.4;38.0;IRL;07:08.362;4.6;40.0;HUN;07:11.498;4.5;36.0;RSA;07:16.844;4.4;36.0
1890;CRO;07:19.080;4.4;39.0;SLO;07:10.252;4.4;38.0;IRL;07:09.428;4.6;40.0;HUN;07:12.526;4.4;36.0;RSA;07:18.014;4.4;36.0
1895;CRO;07:20.174;4.4;39.0;SLO;07:11.355;4.5;39.0;IRL;07:10.483;4.6;40.0;HUN;07:13.743;4.4;36.0;RSA;07:19.052;4.3;36.0
1900;CRO;07:21.358;4.4;39.0;SLO;07:12.409;4.5;39.0;IRL;07:11.621;4.5;41.0;HUN;07:14.932;4.4;36.0;RSA;07:20.277;4.3;36.0
1905;CRO;07:22.501;4.4;39.0;SLO;07:13.613;4.4;39.0;IRL;07:12.760;4.6;41.0;HUN;07:15.974;4.4;35.0;RSA;07:21.445;4.4;36.0
1910;CRO;07:23.526;4.4;39.0;SLO;07:14.787;4.4;39.0;IRL;07:13.833;4.6;41.0;HUN;07:17.175;4.4;35.0;RSA;07:22.446;4.4;36.0
1915;CRO;07:24.713;4.5;39.0;SLO;07:15.866;4.4;39.0;IRL;07:14.909;4.5;41.0;HUN;07:18.348;4.4;35.0;RSA;07:23.627;4.4;36.0
1920;CRO;07:25.841;4.5;39.0;SLO;07:17.002;4.4;38.0;IRL;07:16.079;4.4;41.0;HUN;07:19.381;4.4;35.0;RSA;07:24.745;4.5;36.0
1925;CRO;07:26.933;4.5;39.0;SLO;07:18.216;4.3;38.0;IRL;07:17.227;4.4;41.0;HUN;07:20.513;4.4;36.0;RSA;07:25.743;4.6;36.0
1930;CRO;07:27.983;4.5;39.0;SLO;07:19.361;4.4;38.0;IRL;07:18.254;4.5;41.0;HUN;07:21.678;4.5;36.0;RSA;07:26.901;4.6;36.0
1935;CRO;07:29.150;4.5;39.0;SLO;07:20.380;4.4;38.0;IRL;07:19.324;4.6;41.0;HUN;07:22.723;4.5;36.0;RSA;07:28.026;4.6;36.0
1940;CRO;07:30.283;4.5;39.0;SLO;07:21.549;4.4;38.0;IRL;07:20.498;4.6;40.0;HUN;07:23.891;4.5;36.0;RSA;07:29.018;4.6;36.0
1945;CRO;07:31.333;4.5;39.0;SLO;07:22.697;4.5;38.0;IRL;07:21.633;4.5;40.0;HUN;07:25.042;4.5;36.0;RSA;07:30.167;4.6;36.0
1950;CRO;07:32.460;4.5;39.0;SLO;07:23.763;4.5;38.0;IRL;07:22.693;4.5;40.0;HUN;07:26.094;4.4;36.0;RSA;07:31.293;4.6;37.0
1955;CRO;07:33.624;4.5;39.0;SLO;07:24.884;4.5;38.0;IRL;07:23.771;4.5;40.0;HUN;07:27.241;4.4;36.0;RSA;07:32.264;4.6;37.0
1960;CRO;07:34.748;4.5;39.0;SLO;07:26.108;4.4;38.0;IRL;07:24.970;4.5;40.0;HUN;07:28.456;4.4;36.0;RSA;07:33.413;4.6;37.0
1965;CRO;07:35.788;4.5;39.0;SLO;07:27.268;4.4;38.0;IRL;07:26.141;4.4;40.0;HUN;07:29.587;4.4;36.0;RSA;07:34.527;4.6;37.0
1970;CRO;07:36.969;4.4;39.0;SLO;07:28.325;4.3;38.0;IRL;07:27.228;4.4;40.0;HUN;07:30.710;4.3;36.0;RSA;07:35.494;4.6;37.0
1975;CRO;07:38.129;4.4;39.0;SLO;07:29.543;4.3;38.0;IRL;07:28.364;4.4;40.0;HUN;07:31.938;4.3;36.0;RSA;07:36.648;4.6;37.0
1980;CRO;07:39.230;4.4;39.0;SLO;07:30.765;4.3;38.0;IRL;07:29.518;4.4;40.0;HUN;07:33.083;4.3;36.0;RSA;07:37.769;4.6;37.0
1985;CRO;07:40.307;4.4;39.0;SLO;07:31.921;4.3;38.0;IRL;07:30.704;4.4;40.0;HUN;07:34.169;4.3;35.0;RSA;07:38.755;4.6;37.0
1990;CRO;07:41.498;4.4;39.0;SLO;07:33.014;4.3;38.0;IRL;07:31.819;4.4;40.0;HUN;07:35.409;4.3;35.0;RSA;07:39.964;4.6;37.0
1995;CRO;07:42.643;4.4;39.0;SLO;07:34.263;4.3;38.0;IRL;07:32.867;4.4;40.0;HUN;07:36.571;4.3;35.0;RSA;07:41.133;4.5;37.0
2000;CRO;07:43.675;4.4;39.0;SLO;07:35.503;4.2;37.0;IRL;07:34.040;4.4;41.0;HUN;07:37.634;4.3;36.0;RSA;07:42.196;4.4;37.0
